customer_id,age,gender,location,occupation,income,credit_score,kyc_status
CUST100000,25,Male,Delhi,Salaried - Private,180000.0,540,Verified
CUST100001,58,Female,Ahmedabad,Retired,617000.0,783,Verified
CUST100002,53,Female,Jaipur,Salaried - Government,455000.0,877,Incomplete
CUST100003,42,Female,Bhopal,Retired,953000.0,363,Incomplete
CUST100004,42,Male,Jaipur,Professional,546000.0,428,Verified
CUST100005,63,Male,Bengaluru,Salaried - Government,684000.0,764,Incomplete
CUST100006,25,Female,Pune,Business Owner,697000.0,404,Verified
CUST100007,55,Female,Kolkata,Salaried - Private,878000.0,598,Verified
CUST100008,30,Male,Coimbatore,Retired,662000.0,866,Verified
CUST100009,25,Female,Ahmedabad,Self-Employed,422000.0,885,Verified
CUST100010,46,Male,Lucknow,Business Owner,939000.0,869,Verified
CUST100011,68,Male,Patna,Salaried - Government,1380000.0,380,Verified
CUST100012,57,Male,Pune,Self-Employed,958000.0,389,Verified
CUST100013,58,Male,Coimbatore,Business Owner,626000.0,405,Pending
CUST100014,56,Male,Bhopal,Salaried - Government,845000.0,761,Verified
CUST100015,59,Female,Nagpur,Student,180000.0,407,Verified
CUST100016,46,Male,Patna,Self-Employed,837000.0,557,Verified
CUST100017,27,Male,Lucknow,Salaried - Government,720000.0,791,Verified
CUST100018,62,Male,Mumbai,Professional,480000.0,595,Verified
CUST100019,43,Male,Jaipur,Self-Employed,562000.0,864,Verified
CUST100020,45,Male,Delhi,Business Owner,715000.0,599,Verified
CUST100021,39,Male,Lucknow,Retired,1347000.0,527,Incomplete
CUST100022,29,Male,Bhopal,Salaried - Private,1391000.0,881,Verified
CUST100023,66,Female,Jaipur,Professional,482000.0,628,Verified
CUST100024,59,Female,Hyderabad,Salaried - Private,667000.0,410,Pending
CUST100025,52,Male,Mumbai,Salaried - Private,678000.0,680,Pending
CUST100026,40,Female,Bhopal,Salaried - Private,1264000.0,763,Verified
CUST100027,61,Female,Bhopal,Salaried - Government,,803,Incomplete
CUST100028,47,Female,Ahmedabad,Self-Employed,942000.0,303,Verified
CUST100029,42,Female,Bhopal,Student,1141000.0,365,Verified
CUST100030,43,Female,Patna,Student,,677,Verified
CUST100031,32,Female,Ahmedabad,Salaried - Private,1514000.0,745,Verified
CUST100032,25,Female,Mumbai,Student,899000.0,691,Verified
CUST100033,48,Male,Indore,Retired,515000.0,529,Verified
CUST100034,64,Female,Ahmedabad,Professional,797000.0,752,Verified
CUST100035,24,Female,Bhopal,Homemaker,1454000.0,647,Pending
CUST100036,63,Female,Indore,Business Owner,709000.0,855,Verified
CUST100037,61,Male,Pune,Self-Employed,1327000.0,520,Verified
CUST100038,34,Male,Lucknow,Professional,619000.0,752,Verified
CUST100039,51,Male,Mumbai,Retired,555000.0,386,Pending
CUST100040,29,Male,Indore,Retired,1197000.0,739,Verified
CUST100041,58,Male,Mumbai,Salaried - Government,507000.0,738,Pending
CUST100042,55,Male,Jaipur,Student,1270000.0,452,Verified
CUST100043,38,Male,Pune,Self-Employed,1058000.0,336,Verified
CUST100044,24,Male,Mumbai,Homemaker,507000.0,895,Pending
CUST100045,68,Male,Kolkata,Self-Employed,868000.0,345,Verified
CUST100046,42,Female,Coimbatore,Salaried - Private,653000.0,581,Verified
CUST100047,64,Male,Bengaluru,Student,1057000.0,300,Verified
CUST100048,54,Male,Hyderabad,Professional,1750000.0,550,Pending
CUST100049,59,Male,Bengaluru,Salaried - Government,733000.0,792,Verified
CUST100050,58,Male,Delhi,Salaried - Private,1140000.0,601,Verified
CUST100051,30,Male,Chennai,Salaried - Government,911000.0,443,Verified
CUST100052,38,Female,Jaipur,Salaried - Government,911000.0,536,Verified
CUST100053,43,Female,Patna,Student,826000.0,355,Verified
CUST100054,45,Male,Bhopal,Salaried - Government,514000.0,656,Verified
CUST100055,23,Female,Patna,Salaried - Government,1051000.0,302,Verified
CUST100056,47,Male,Bhopal,Homemaker,770000.0,509,Pending
CUST100057,28,Male,Pune,Student,493000.0,336,Verified
CUST100058,57,Male,Indore,Salaried - Government,1356000.0,443,Verified
CUST100059,54,Male,Bengaluru,Retired,945000.0,340,Verified
CUST100060,66,Female,Bhopal,Professional,797000.0,856,Verified
CUST100061,57,Female,Delhi,Professional,,763,Verified
CUST100062,38,Female,Patna,Self-Employed,180000.0,856,Verified
CUST100063,68,Male,Delhi,Homemaker,1473000.0,709,Verified
CUST100064,41,Female,Chennai,Student,504000.0,597,Pending
CUST100065,36,Male,Pune,Retired,995000.0,404,Verified
CUST100066,65,Male,Bhopal,Student,635000.0,877,Verified
CUST100067,39,Male,Mumbai,Salaried - Private,485000.0,850,Pending
CUST100068,24,Female,Chennai,Retired,1491000.0,549,Verified
CUST100069,44,Female,Pune,Student,1735000.0,435,Verified
CUST100070,59,Male,Bhopal,Professional,800000.0,532,Verified
CUST100071,30,Male,Coimbatore,Student,1051000.0,536,Verified
CUST100072,43,Female,Lucknow,Self-Employed,926000.0,850,Verified
CUST100073,27,Female,Ahmedabad,Student,1679000.0,340,Verified
CUST100074,54,Male,Pune,Student,180000.0,679,Verified
CUST100075,44,Female,Nagpur,Professional,1070000.0,761,Verified
CUST100076,37,Female,Delhi,Retired,573000.0,757,Incomplete
CUST100077,32,Female,Delhi,Professional,180000.0,415,Verified
CUST100078,48,Male,Chennai,Self-Employed,738000.0,547,Verified
CUST100079,53,Female,Hyderabad,Professional,1732000.0,505,Incomplete
CUST100080,67,Male,Kolkata,Student,605000.0,544,Verified
CUST100081,42,Female,Coimbatore,Salaried - Private,1256000.0,352,Pending
CUST100082,28,Male,Lucknow,Salaried - Government,1439000.0,349,Pending
CUST100083,61,Male,Pune,Business Owner,894000.0,314,Verified
CUST100084,51,Male,Chennai,Self-Employed,954000.0,880,Incomplete
CUST100085,55,Male,Lucknow,Professional,,550,Verified
CUST100086,25,Male,Chennai,Self-Employed,578000.0,436,Verified
CUST100087,36,Male,Coimbatore,Retired,1308000.0,778,Verified
CUST100088,58,Male,Ahmedabad,Salaried - Private,927000.0,596,Verified
CUST100089,61,Male,Jaipur,Self-Employed,1065000.0,518,Verified
CUST100090,42,Female,Indore,Retired,960000.0,368,Verified
CUST100091,60,Female,Hyderabad,Business Owner,1886000.0,531,Verified
CUST100092,62,Female,Ahmedabad,Retired,706000.0,688,Verified
CUST100093,39,Male,Ahmedabad,Retired,1622000.0,674,Incomplete
CUST100094,65,Male,Hyderabad,Self-Employed,,534,Incomplete
CUST100095,35,Female,Mumbai,Business Owner,1662000.0,667,Verified
CUST100096,32,Male,Hyderabad,Student,349000.0,760,Verified
CUST100097,54,Male,Delhi,Student,983000.0,858,Verified
CUST100098,52,Female,Bhopal,Salaried - Private,723000.0,617,Verified
CUST100099,27,Female,Mumbai,Retired,963000.0,436,Verified
CUST100100,61,Male,Hyderabad,Business Owner,1450000.0,377,Verified
CUST100101,30,Female,Indore,Salaried - Private,1070000.0,394,Incomplete
CUST100102,60,Male,Jaipur,Retired,1449000.0,306,Verified
CUST100103,21,Female,Bhopal,Salaried - Private,598000.0,634,Pending
CUST100104,60,Male,Bhopal,Self-Employed,530000.0,427,Pending
CUST100105,59,Male,Hyderabad,Retired,907000.0,435,Verified
CUST100106,59,Female,Lucknow,Homemaker,883000.0,734,Verified
CUST100107,53,Male,Chennai,Business Owner,816000.0,491,Verified
CUST100108,44,Female,Lucknow,Homemaker,469000.0,797,Incomplete
CUST100109,55,Male,Bhopal,Homemaker,1439000.0,382,Verified
CUST100110,34,Female,Indore,Business Owner,737000.0,504,Verified
CUST100111,59,Female,Indore,Salaried - Government,1542000.0,330,Incomplete
CUST100112,48,Male,Mumbai,Retired,906000.0,621,Verified
CUST100113,43,Female,Hyderabad,Salaried - Private,1192000.0,374,Verified
CUST100114,45,Male,Jaipur,Student,,444,Verified
CUST100115,48,Male,Hyderabad,Business Owner,529000.0,741,Verified
CUST100116,22,Male,Lucknow,Homemaker,1065000.0,828,Pending
CUST100117,27,Female,Nagpur,Retired,1768000.0,627,Verified
CUST100118,33,Female,Chennai,Business Owner,1013000.0,879,Verified
CUST100119,26,Female,Indore,Student,1306000.0,754,Verified
CUST100120,42,Female,Indore,Homemaker,1212000.0,751,Verified
CUST100121,53,Female,Indore,Student,1038000.0,894,Verified
CUST100122,53,Male,Delhi,Salaried - Private,984000.0,353,Pending
CUST100123,44,Female,Hyderabad,Business Owner,1146000.0,439,Verified
CUST100124,62,Male,Delhi,Student,1243000.0,562,Verified
CUST100125,48,Male,Delhi,Homemaker,292000.0,671,Incomplete
CUST100126,24,Male,Mumbai,Business Owner,1011000.0,894,Incomplete
CUST100127,58,Male,Kolkata,Salaried - Private,817000.0,359,Verified
CUST100128,49,Male,Delhi,Self-Employed,724000.0,437,Incomplete
CUST100129,52,Male,Hyderabad,Professional,1483000.0,478,Verified
CUST100130,48,Male,Coimbatore,Retired,570000.0,702,Verified
CUST100131,48,Male,Indore,Student,272000.0,871,Verified
CUST100132,25,Female,Coimbatore,Salaried - Private,1258000.0,863,Verified
CUST100133,48,Female,Mumbai,Business Owner,261000.0,748,Verified
CUST100134,59,Male,Lucknow,Self-Employed,180000.0,763,Pending
CUST100135,35,Male,Lucknow,Student,1309000.0,549,Verified
CUST100136,50,Male,Delhi,Salaried - Government,971000.0,665,Verified
CUST100137,22,Male,Indore,Salaried - Government,1113000.0,402,Incomplete
CUST100138,38,Female,Kolkata,Self-Employed,701000.0,604,Verified
CUST100139,42,Male,Coimbatore,Salaried - Private,277000.0,475,Verified
CUST100140,69,Female,Delhi,Retired,366000.0,857,Verified
CUST100141,31,Female,Lucknow,Professional,778000.0,520,Verified
CUST100142,34,Male,Delhi,Professional,327000.0,536,Verified
CUST100143,41,Female,Coimbatore,Student,1038000.0,541,Verified
CUST100144,69,Male,Lucknow,Business Owner,692000.0,840,Verified
CUST100145,62,Female,Delhi,Self-Employed,983000.0,859,Verified
CUST100146,22,Female,Chennai,Business Owner,970000.0,558,Verified
CUST100147,32,Female,Pune,Homemaker,1074000.0,897,Verified
CUST100148,61,Female,Mumbai,Professional,1125000.0,753,Verified
CUST100149,23,Female,Mumbai,Salaried - Government,745000.0,807,Verified
CUST100150,62,Female,Indore,Retired,983000.0,849,Pending
CUST100151,34,Male,Coimbatore,Retired,1006000.0,499,Verified
CUST100152,65,Female,Jaipur,Salaried - Government,180000.0,630,Verified
CUST100153,35,Female,Indore,Professional,1191000.0,471,Verified
CUST100154,42,Male,Lucknow,Professional,967000.0,485,Verified
CUST100155,53,Female,Mumbai,Salaried - Government,1154000.0,578,Verified
CUST100156,27,Male,Bhopal,Salaried - Private,,330,Verified
CUST100157,48,Male,Mumbai,Retired,758000.0,429,Incomplete
CUST100158,45,Male,Nagpur,Professional,,785,Verified
CUST100159,59,Male,Pune,Retired,1235000.0,399,Verified
CUST100160,69,Female,Bengaluru,Business Owner,268000.0,673,Verified
CUST100161,53,Male,Chennai,Professional,482000.0,759,Verified
CUST100162,41,Male,Bhopal,Student,1140000.0,457,Verified
CUST100163,40,Male,Nagpur,Salaried - Government,617000.0,574,Verified
CUST100164,41,Male,Jaipur,Retired,482000.0,826,Verified
CUST100165,60,Female,Bengaluru,Salaried - Government,1308000.0,801,Verified
CUST100166,36,Female,Indore,Salaried - Private,1326000.0,852,Verified
CUST100167,29,Male,Patna,Student,1225000.0,677,Verified
CUST100168,37,Male,Kolkata,Salaried - Government,1282000.0,832,Incomplete
CUST100169,22,Male,Jaipur,Retired,796000.0,539,Pending
CUST100170,26,Female,Coimbatore,Professional,808000.0,660,Verified
CUST100171,25,Male,Pune,Homemaker,608000.0,700,Incomplete
CUST100172,58,Male,Mumbai,Professional,975000.0,885,Pending
CUST100173,56,Male,Bengaluru,Retired,662000.0,520,Verified
CUST100174,55,Female,Lucknow,Student,,824,Verified
CUST100175,43,Male,Coimbatore,Homemaker,1170000.0,605,Verified
CUST100176,56,Male,Patna,Retired,1433000.0,362,Verified
CUST100177,28,Female,Lucknow,Salaried - Government,1079000.0,693,Incomplete
CUST100178,65,Female,Hyderabad,Salaried - Government,1707000.0,888,Verified
CUST100179,45,Male,Kolkata,Business Owner,583000.0,572,Verified
CUST100180,66,Female,Mumbai,Retired,180000.0,629,Verified
CUST100181,28,Female,Pune,Retired,1222000.0,856,Verified
CUST100182,45,Male,Lucknow,Homemaker,553000.0,852,Verified
CUST100183,55,Female,Indore,Salaried - Private,777000.0,540,Verified
CUST100184,45,Male,Indore,Salaried - Government,180000.0,756,Verified
CUST100185,42,Female,Nagpur,Salaried - Government,495000.0,678,Verified
CUST100186,29,Male,Mumbai,Professional,224000.0,688,Verified
CUST100187,39,Female,Nagpur,Retired,705000.0,732,Verified
CUST100188,32,Male,Chennai,Salaried - Private,722000.0,496,Verified
CUST100189,35,Male,Lucknow,Homemaker,940000.0,482,Verified
CUST100190,54,Female,Coimbatore,Self-Employed,1458000.0,316,Verified
CUST100191,51,Male,Indore,Retired,,813,Verified
CUST100192,50,Female,Lucknow,Homemaker,180000.0,466,Verified
CUST100193,38,Female,Hyderabad,Salaried - Private,1174000.0,704,Verified
CUST100194,68,Female,Ahmedabad,Homemaker,950000.0,711,Verified
CUST100195,25,Male,Bhopal,Student,856000.0,722,Verified
CUST100196,37,Female,Ahmedabad,Student,890000.0,817,Verified
CUST100197,26,Male,Kolkata,Salaried - Government,992000.0,820,Verified
CUST100198,37,Male,Kolkata,Business Owner,589000.0,301,Verified
CUST100199,68,Female,Jaipur,Salaried - Government,818000.0,804,Verified
CUST100200,38,Female,Mumbai,Business Owner,,424,Verified
CUST100201,65,Male,Coimbatore,Student,583000.0,687,Incomplete
CUST100202,45,Male,Delhi,Homemaker,437000.0,703,Verified
CUST100203,55,Female,Coimbatore,Homemaker,872000.0,332,Verified
CUST100204,43,Female,Mumbai,Business Owner,391000.0,470,Pending
CUST100205,34,Male,Ahmedabad,Student,180000.0,846,Verified
CUST100206,58,Female,Kolkata,Student,745000.0,385,Verified
CUST100207,68,Male,Jaipur,Homemaker,1552000.0,439,Verified
CUST100208,33,Male,Kolkata,Homemaker,883000.0,349,Verified
CUST100209,59,Female,Indore,Retired,,400,Incomplete
CUST100210,33,Female,Mumbai,Salaried - Private,180000.0,682,Verified
CUST100211,56,Male,Coimbatore,Self-Employed,1097000.0,804,Pending
CUST100212,59,Male,Bhopal,Homemaker,942000.0,656,Verified
CUST100213,43,Male,Patna,Self-Employed,601000.0,470,Verified
CUST100214,57,Female,Bengaluru,Salaried - Government,981000.0,815,Verified
CUST100215,34,Male,Mumbai,Student,977000.0,520,Verified
CUST100216,24,Male,Pune,Business Owner,423000.0,488,Verified
CUST100217,25,Female,Hyderabad,Homemaker,1049000.0,603,Incomplete
CUST100218,42,Male,Patna,Self-Employed,1439000.0,382,Verified
CUST100219,65,Male,Indore,Self-Employed,797000.0,513,Pending
CUST100220,27,Male,Kolkata,Self-Employed,510000.0,779,Verified
CUST100221,43,Female,Patna,Self-Employed,820000.0,664,Verified
CUST100222,55,Male,Mumbai,Business Owner,1285000.0,892,Verified
CUST100223,30,Male,Patna,Self-Employed,348000.0,765,Verified
CUST100224,56,Male,Delhi,Homemaker,1160000.0,516,Verified
CUST100225,35,Female,Bhopal,Self-Employed,595000.0,760,Incomplete
CUST100226,60,Female,Pune,Business Owner,1009000.0,819,Pending
CUST100227,49,Male,Kolkata,Homemaker,646000.0,678,Verified
CUST100228,47,Male,Hyderabad,Business Owner,645000.0,757,Verified
CUST100229,29,Female,Kolkata,Salaried - Private,1585000.0,602,Verified
CUST100230,43,Male,Indore,Salaried - Private,266000.0,846,Verified
CUST100231,62,Male,Nagpur,Business Owner,1118000.0,442,Verified
CUST100232,21,Male,Pune,Retired,1679000.0,554,Verified
CUST100233,58,Male,Hyderabad,Student,1208000.0,452,Verified
CUST100234,45,Male,Ahmedabad,Salaried - Government,301000.0,360,Verified
CUST100235,56,Male,Bhopal,Professional,323000.0,669,Incomplete
CUST100236,53,Male,Bengaluru,Self-Employed,,371,Verified
CUST100237,42,Male,Bhopal,Business Owner,971000.0,435,Incomplete
CUST100238,36,Female,Coimbatore,Business Owner,1002000.0,757,Verified
CUST100239,51,Male,Nagpur,Self-Employed,328000.0,444,Verified
CUST100240,27,Male,Jaipur,Salaried - Private,507000.0,817,Verified
CUST100241,49,Female,Hyderabad,Salaried - Private,535000.0,329,Pending
CUST100242,25,Male,Hyderabad,Professional,819000.0,574,Verified
CUST100243,52,Female,Patna,Salaried - Government,1793000.0,340,Verified
CUST100244,51,Male,Kolkata,Self-Employed,480000.0,335,Verified
CUST100245,25,Female,Delhi,Salaried - Private,460000.0,774,Verified
CUST100246,58,Male,Bhopal,Salaried - Private,390000.0,340,Verified
CUST100247,41,Male,Bengaluru,Salaried - Government,1186000.0,835,Verified
CUST100248,59,Male,Coimbatore,Business Owner,881000.0,659,Pending
CUST100249,23,Male,Kolkata,Salaried - Government,497000.0,589,Incomplete
CUST100250,29,Male,Pune,Salaried - Government,737000.0,851,Verified
CUST100251,45,Female,Mumbai,Self-Employed,544000.0,532,Verified
CUST100252,30,Female,Bengaluru,Self-Employed,1033000.0,539,Verified
CUST100253,37,Male,Coimbatore,Salaried - Private,2108000.0,545,Verified
CUST100254,53,Female,Jaipur,Salaried - Private,,690,Verified
CUST100255,28,Female,Indore,Student,,808,Verified
CUST100256,54,Female,Coimbatore,Retired,601000.0,625,Verified
CUST100257,26,Female,Mumbai,Salaried - Private,295000.0,468,Verified
CUST100258,29,Female,Pune,Self-Employed,1230000.0,833,Verified
CUST100259,49,Male,Nagpur,Business Owner,1206000.0,659,Verified
CUST100260,59,Female,Ahmedabad,Student,690000.0,799,Incomplete
CUST100261,29,Female,Ahmedabad,Student,1446000.0,559,Verified
CUST100262,35,Male,Jaipur,Homemaker,909000.0,419,Verified
CUST100263,66,Male,Bhopal,Salaried - Private,1249000.0,866,Verified
CUST100264,69,Male,Coimbatore,Business Owner,1033000.0,706,Verified
CUST100265,49,Female,Indore,Business Owner,820000.0,484,Verified
CUST100266,42,Male,Lucknow,Retired,470000.0,808,Verified
CUST100267,37,Female,Jaipur,Homemaker,835000.0,305,Verified
CUST100268,51,Female,Pune,Self-Employed,1279000.0,858,Verified
CUST100269,49,Female,Delhi,Professional,671000.0,647,Verified
CUST100270,35,Male,Bhopal,Self-Employed,1098000.0,653,Verified
CUST100271,22,Female,Mumbai,Salaried - Government,413000.0,308,Verified
CUST100272,28,Female,Bhopal,Self-Employed,1251000.0,405,Incomplete
CUST100273,67,Male,Ahmedabad,Retired,1041000.0,732,Pending
CUST100274,41,Female,Patna,Business Owner,359000.0,634,Incomplete
CUST100275,44,Male,Coimbatore,Retired,,376,Incomplete
CUST100276,43,Female,Jaipur,Retired,1319000.0,699,Verified
CUST100277,59,Male,Jaipur,Self-Employed,333000.0,747,Verified
CUST100278,24,Male,Ahmedabad,Student,418000.0,463,Verified
CUST100279,25,Male,Pune,Salaried - Private,869000.0,713,Verified
CUST100280,34,Male,Delhi,Student,1860000.0,883,Incomplete
CUST100281,44,Male,Mumbai,Salaried - Private,,589,Verified
CUST100282,53,Female,Bhopal,Business Owner,1123000.0,437,Verified
CUST100283,45,Male,Indore,Homemaker,,877,Verified
CUST100284,42,Male,Mumbai,Retired,635000.0,846,Pending
CUST100285,66,Female,Hyderabad,Self-Employed,973000.0,574,Verified
CUST100286,28,Female,Lucknow,Student,698000.0,555,Verified
CUST100287,49,Male,Bhopal,Salaried - Government,739000.0,800,Verified
CUST100288,47,Female,Patna,Retired,180000.0,300,Verified
CUST100289,44,Male,Bhopal,Professional,889000.0,487,Verified
CUST100290,60,Female,Delhi,Salaried - Government,1305000.0,625,Verified
CUST100291,34,Male,Chennai,Student,926000.0,692,Verified
CUST100292,67,Female,Ahmedabad,Homemaker,1391000.0,676,Verified
CUST100293,37,Female,Mumbai,Salaried - Private,,522,Verified
CUST100294,47,Female,Pune,Salaried - Private,873000.0,821,Incomplete
CUST100295,46,Male,Pune,Salaried - Private,617000.0,689,Verified
CUST100296,62,Female,Coimbatore,Business Owner,681000.0,624,Verified
CUST100297,42,Male,Hyderabad,Business Owner,238000.0,863,Verified
CUST100298,34,Female,Coimbatore,Retired,780000.0,356,Incomplete
CUST100299,22,Female,Bhopal,Retired,966000.0,725,Verified
CUST100300,38,Female,Bhopal,Salaried - Private,1672000.0,856,Verified
CUST100301,61,Male,Nagpur,Business Owner,1138000.0,697,Pending
CUST100302,21,Male,Nagpur,Homemaker,511000.0,639,Verified
CUST100303,64,Female,Chennai,Student,252000.0,518,Verified
CUST100304,47,Male,Kolkata,Self-Employed,807000.0,462,Verified
CUST100305,27,Male,Ahmedabad,Salaried - Private,1265000.0,627,Verified
CUST100306,35,Male,Coimbatore,Salaried - Government,801000.0,839,Incomplete
CUST100307,48,Female,Mumbai,Self-Employed,1144000.0,577,Verified
CUST100308,36,Male,Ahmedabad,Business Owner,818000.0,372,Incomplete
CUST100309,26,Male,Chennai,Self-Employed,1223000.0,590,Incomplete
CUST100310,53,Male,Chennai,Salaried - Private,181000.0,358,Verified
CUST100311,53,Female,Patna,Self-Employed,1622000.0,861,Verified
CUST100312,26,Female,Chennai,Self-Employed,399000.0,621,Verified
CUST100313,34,Male,Patna,Business Owner,1257000.0,428,Pending
CUST100314,32,Male,Coimbatore,Salaried - Private,778000.0,674,Verified
CUST100315,53,Male,Patna,Homemaker,848000.0,622,Verified
CUST100316,56,Male,Bengaluru,Business Owner,792000.0,606,Incomplete
CUST100317,56,Female,Bengaluru,Self-Employed,1015000.0,655,Verified
CUST100318,66,Male,Kolkata,Student,1106000.0,857,Pending
CUST100319,58,Female,Jaipur,Retired,1376000.0,813,Verified
CUST100320,36,Male,Patna,Salaried - Government,1534000.0,457,Verified
CUST100321,26,Female,Kolkata,Salaried - Government,1049000.0,443,Verified
CUST100322,51,Male,Bengaluru,Salaried - Private,1671000.0,894,Verified
CUST100323,65,Female,Coimbatore,Professional,942000.0,686,Verified
CUST100324,68,Female,Indore,Self-Employed,1385000.0,311,Verified
CUST100325,32,Female,Lucknow,Business Owner,1093000.0,617,Verified
CUST100326,32,Male,Bhopal,Professional,653000.0,371,Incomplete
CUST100327,22,Male,Coimbatore,Professional,982000.0,317,Verified
CUST100328,27,Female,Ahmedabad,Salaried - Private,1126000.0,411,Verified
CUST100329,48,Female,Bengaluru,Salaried - Private,886000.0,452,Verified
CUST100330,47,Male,Lucknow,Homemaker,1086000.0,347,Verified
CUST100331,39,Male,Kolkata,Student,1289000.0,801,Verified
CUST100332,36,Male,Patna,Homemaker,889000.0,562,Verified
CUST100333,61,Female,Patna,Student,180000.0,631,Verified
CUST100334,43,Female,Ahmedabad,Business Owner,1655000.0,819,Verified
CUST100335,60,Female,Pune,Homemaker,766000.0,802,Verified
CUST100336,68,Female,Kolkata,Student,530000.0,792,Incomplete
CUST100337,36,Male,Lucknow,Student,394000.0,417,Verified
CUST100338,30,Male,Lucknow,Salaried - Government,749000.0,746,Verified
CUST100339,67,Male,Ahmedabad,Salaried - Government,647000.0,897,Verified
CUST100340,52,Female,Ahmedabad,Business Owner,568000.0,304,Pending
CUST100341,35,Male,Coimbatore,Professional,593000.0,820,Pending
CUST100342,51,Male,Chennai,Student,1138000.0,819,Verified
CUST100343,46,Male,Bengaluru,Self-Employed,1814000.0,804,Verified
CUST100344,65,Male,Patna,Homemaker,1269000.0,537,Verified
CUST100345,33,Female,Coimbatore,Student,1405000.0,419,Verified
CUST100346,69,Male,Lucknow,Student,730000.0,738,Verified
CUST100347,66,Male,Kolkata,Salaried - Government,947000.0,673,Verified
CUST100348,29,Female,Pune,Salaried - Government,1092000.0,736,Verified
CUST100349,29,Male,Ahmedabad,Salaried - Government,603000.0,453,Incomplete
CUST100350,47,Male,Mumbai,Retired,708000.0,406,Verified
CUST100351,23,Male,Ahmedabad,Retired,1285000.0,840,Verified
CUST100352,35,Female,Hyderabad,Business Owner,1391000.0,609,Verified
CUST100353,42,Male,Chennai,Salaried - Private,930000.0,810,Incomplete
CUST100354,68,Female,Jaipur,Professional,362000.0,855,Verified
CUST100355,69,Female,Coimbatore,Retired,767000.0,575,Verified
CUST100356,28,Female,Chennai,Business Owner,251000.0,457,Verified
CUST100357,64,Male,Indore,Self-Employed,934000.0,837,Verified
CUST100358,25,Female,Ahmedabad,Professional,1015000.0,729,Verified
CUST100359,57,Male,Coimbatore,Retired,778000.0,699,Incomplete
CUST100360,62,Male,Pune,Professional,1009000.0,874,Verified
CUST100361,64,Male,Coimbatore,Homemaker,1088000.0,447,Verified
CUST100362,31,Male,Lucknow,Self-Employed,1016000.0,516,Verified
CUST100363,64,Male,Bhopal,Professional,359000.0,323,Verified
CUST100364,26,Male,Jaipur,Homemaker,786000.0,532,Pending
CUST100365,46,Male,Kolkata,Salaried - Government,,567,Verified
CUST100366,44,Male,Ahmedabad,Self-Employed,1610000.0,571,Verified
CUST100367,36,Male,Nagpur,Salaried - Private,778000.0,390,Verified
CUST100368,22,Female,Patna,Self-Employed,1148000.0,785,Verified
CUST100369,58,Male,Mumbai,Salaried - Private,1295000.0,593,Pending
CUST100370,37,Female,Bhopal,Retired,812000.0,563,Verified
CUST100371,53,Male,Nagpur,Salaried - Private,1417000.0,818,Pending
CUST100372,41,Male,Patna,Retired,1441000.0,591,Verified
CUST100373,39,Male,Ahmedabad,Professional,1521000.0,835,Incomplete
CUST100374,64,Male,Pune,Student,1106000.0,433,Pending
CUST100375,25,Male,Bhopal,Self-Employed,1962000.0,810,Verified
CUST100376,57,Male,Lucknow,Self-Employed,623000.0,893,Verified
CUST100377,57,Male,Pune,Salaried - Government,1856000.0,750,Verified
CUST100378,39,Male,Kolkata,Professional,1246000.0,835,Verified
CUST100379,33,Male,Pune,Salaried - Government,1503000.0,744,Verified
CUST100380,21,Male,Mumbai,Salaried - Private,756000.0,660,Verified
CUST100381,66,Male,Mumbai,Student,,758,Pending
CUST100382,67,Male,Delhi,Retired,1542000.0,876,Verified
CUST100383,32,Male,Kolkata,Salaried - Private,411000.0,663,Pending
CUST100384,22,Male,Ahmedabad,Professional,827000.0,712,Verified
CUST100385,27,Male,Kolkata,Self-Employed,180000.0,347,Verified
CUST100386,24,Male,Coimbatore,Salaried - Government,820000.0,875,Verified
CUST100387,61,Female,Chennai,Business Owner,533000.0,766,Verified
CUST100388,64,Male,Pune,Homemaker,802000.0,396,Verified
CUST100389,28,Male,Chennai,Salaried - Private,,473,Verified
CUST100390,57,Male,Hyderabad,Self-Employed,1673000.0,435,Incomplete
CUST100391,29,Female,Jaipur,Student,252000.0,491,Verified
CUST100392,38,Female,Hyderabad,Business Owner,1150000.0,831,Verified
CUST100393,50,Female,Hyderabad,Salaried - Private,1260000.0,578,Verified
CUST100394,56,Female,Bhopal,Business Owner,748000.0,551,Verified
CUST100395,63,Male,Nagpur,Retired,980000.0,767,Verified
CUST100396,23,Female,Chennai,Student,1024000.0,522,Incomplete
CUST100397,30,Male,Delhi,Retired,294000.0,831,Verified
CUST100398,34,Female,Chennai,Salaried - Private,436000.0,752,Verified
CUST100399,36,Male,Jaipur,Homemaker,978000.0,454,Verified
CUST100400,69,Male,Coimbatore,Homemaker,945000.0,678,Pending
CUST100401,59,Female,Bengaluru,Retired,581000.0,589,Verified
CUST100402,36,Male,Mumbai,Student,543000.0,506,Verified
CUST100403,68,Female,Ahmedabad,Homemaker,860000.0,843,Verified
CUST100404,45,Male,Coimbatore,Salaried - Government,1299000.0,538,Verified
CUST100405,45,Female,Jaipur,Business Owner,866000.0,370,Verified
CUST100406,42,Female,Indore,Professional,1630000.0,545,Verified
CUST100407,28,Male,Lucknow,Business Owner,587000.0,610,Verified
CUST100408,66,Female,Mumbai,Retired,987000.0,375,Verified
CUST100409,21,Male,Kolkata,Retired,741000.0,745,Incomplete
CUST100410,29,Female,Patna,Salaried - Private,1165000.0,437,Incomplete
CUST100411,32,Male,Ahmedabad,Professional,548000.0,355,Verified
CUST100412,34,Male,Bengaluru,Salaried - Private,1767000.0,622,Verified
CUST100413,27,Female,Bengaluru,Professional,180000.0,396,Incomplete
CUST100414,21,Male,Lucknow,Business Owner,1672000.0,769,Verified
CUST100415,54,Male,Kolkata,Salaried - Government,940000.0,341,Incomplete
CUST100416,68,Male,Jaipur,Student,1149000.0,551,Verified
CUST100417,26,Female,Pune,Self-Employed,1501000.0,331,Verified
CUST100418,35,Male,Pune,Salaried - Private,1286000.0,530,Verified
CUST100419,45,Female,Lucknow,Self-Employed,571000.0,859,Pending
CUST100420,66,Female,Mumbai,Homemaker,1170000.0,690,Verified
CUST100421,55,Male,Kolkata,Salaried - Private,,621,Verified
CUST100422,58,Male,Pune,Business Owner,501000.0,394,Verified
CUST100423,49,Female,Patna,Business Owner,1853000.0,487,Incomplete
CUST100424,41,Male,Bhopal,Homemaker,1074000.0,528,Verified
CUST100425,30,Female,Kolkata,Salaried - Private,705000.0,647,Incomplete
CUST100426,63,Female,Chennai,Salaried - Private,498000.0,424,Verified
CUST100427,60,Female,Chennai,Professional,800000.0,899,Pending
CUST100428,22,Male,Chennai,Salaried - Government,180000.0,690,Verified
CUST100429,56,Female,Hyderabad,Retired,713000.0,487,Verified
CUST100430,25,Female,Patna,Self-Employed,782000.0,367,Verified
CUST100431,57,Male,Mumbai,Professional,417000.0,657,Verified
CUST100432,61,Male,Mumbai,Salaried - Private,1237000.0,568,Verified
CUST100433,27,Female,Jaipur,Retired,802000.0,704,Verified
CUST100434,42,Female,Chennai,Professional,614000.0,657,Verified
CUST100435,27,Male,Nagpur,Salaried - Private,754000.0,684,Pending
CUST100436,48,Male,Patna,Self-Employed,1060000.0,800,Verified
CUST100437,66,Male,Patna,Salaried - Private,,615,Incomplete
CUST100438,24,Male,Kolkata,Salaried - Private,585000.0,734,Verified
CUST100439,40,Male,Kolkata,Retired,957000.0,515,Verified
CUST100440,68,Female,Kolkata,Business Owner,877000.0,865,Verified
CUST100441,35,Male,Bengaluru,Homemaker,387000.0,544,Verified
CUST100442,27,Female,Jaipur,Self-Employed,770000.0,707,Verified
CUST100443,44,Male,Nagpur,Retired,1161000.0,899,Verified
CUST100444,45,Male,Chennai,Professional,1157000.0,509,Verified
CUST100445,53,Male,Mumbai,Retired,797000.0,360,Verified
CUST100446,36,Male,Jaipur,Homemaker,1205000.0,439,Pending
CUST100447,67,Female,Pune,Retired,459000.0,446,Incomplete
CUST100448,46,Female,Patna,Retired,473000.0,333,Verified
CUST100449,35,Female,Nagpur,Retired,787000.0,626,Verified
CUST100450,68,Male,Coimbatore,Business Owner,1574000.0,466,Verified
CUST100451,66,Female,Pune,Retired,973000.0,358,Verified
CUST100452,45,Male,Indore,Homemaker,776000.0,382,Verified
CUST100453,22,Female,Delhi,Retired,1595000.0,464,Verified
CUST100454,50,Male,Pune,Professional,771000.0,521,Verified
CUST100455,48,Male,Chennai,Salaried - Private,1906000.0,884,Verified
CUST100456,28,Male,Indore,Business Owner,670000.0,721,Verified
CUST100457,52,Male,Lucknow,Salaried - Private,445000.0,728,Verified
CUST100458,62,Male,Pune,Salaried - Private,825000.0,715,Verified
CUST100459,26,Female,Bengaluru,Self-Employed,788000.0,781,Pending
CUST100460,56,Female,Patna,Business Owner,537000.0,490,Verified
CUST100461,27,Female,Lucknow,Professional,2071000.0,359,Verified
CUST100462,57,Male,Nagpur,Student,1043000.0,605,Verified
CUST100463,41,Female,Kolkata,Homemaker,1109000.0,300,Verified
CUST100464,21,Male,Bengaluru,Business Owner,692000.0,430,Verified
CUST100465,68,Male,Pune,Self-Employed,640000.0,751,Verified
CUST100466,29,Male,Lucknow,Retired,1362000.0,601,Verified
CUST100467,50,Male,Chennai,Self-Employed,180000.0,714,Verified
CUST100468,29,Male,Delhi,Student,386000.0,606,Verified
CUST100469,66,Male,Nagpur,Homemaker,789000.0,625,Verified
CUST100470,57,Male,Ahmedabad,Retired,1508000.0,480,Verified
CUST100471,60,Female,Pune,Salaried - Government,731000.0,431,Verified
CUST100472,42,Male,Jaipur,Professional,1087000.0,455,Verified
CUST100473,43,Female,Patna,Homemaker,912000.0,778,Verified
CUST100474,52,Male,Mumbai,Salaried - Private,1483000.0,887,Verified
CUST100475,59,Female,Kolkata,Salaried - Government,187000.0,349,Verified
CUST100476,62,Female,Chennai,Professional,1231000.0,622,Verified
CUST100477,21,Female,Delhi,Self-Employed,810000.0,582,Incomplete
CUST100478,53,Female,Mumbai,Retired,1316000.0,637,Verified
CUST100479,26,Female,Kolkata,Business Owner,531000.0,439,Verified
CUST100480,35,Female,Jaipur,Student,911000.0,304,Verified
CUST100481,61,Male,Ahmedabad,Self-Employed,854000.0,422,Verified
CUST100482,33,Male,Patna,Self-Employed,449000.0,409,Verified
CUST100483,60,Female,Kolkata,Salaried - Private,324000.0,331,Verified
CUST100484,43,Male,Jaipur,Salaried - Government,639000.0,513,Pending
CUST100485,32,Male,Nagpur,Salaried - Government,958000.0,710,Incomplete
CUST100486,37,Male,Lucknow,Homemaker,559000.0,879,Verified
CUST100487,47,Male,Indore,Self-Employed,751000.0,694,Verified
CUST100488,58,Male,Chennai,Salaried - Government,180000.0,405,Verified
CUST100489,50,Female,Patna,Self-Employed,733000.0,517,Verified
CUST100490,66,Female,Bhopal,Professional,1361000.0,481,Verified
CUST100491,63,Female,Jaipur,Homemaker,1217000.0,427,Verified
CUST100492,57,Male,Mumbai,Student,861000.0,894,Verified
CUST100493,50,Male,Jaipur,Salaried - Private,1010000.0,693,Verified
CUST100494,35,Male,Nagpur,Homemaker,527000.0,588,Verified
CUST100495,41,Male,Lucknow,Business Owner,1631000.0,562,Verified
CUST100496,26,Female,Mumbai,Homemaker,1830000.0,491,Verified
CUST100497,39,Male,Hyderabad,Salaried - Private,974000.0,550,Verified
CUST100498,66,Female,Jaipur,Retired,2066000.0,680,Verified
CUST100499,41,Male,Nagpur,Student,594000.0,856,Verified
CUST100500,26,Female,Kolkata,Salaried - Private,337000.0,597,Verified
CUST100501,52,Female,Nagpur,Homemaker,581000.0,410,Pending
CUST100502,68,Male,Patna,Salaried - Private,801000.0,874,Verified
CUST100503,63,Female,Hyderabad,Student,1940000.0,488,Verified
CUST100504,34,Male,Bengaluru,Retired,773000.0,349,Verified
CUST100505,43,Female,Indore,Student,513000.0,626,Verified
CUST100506,47,Female,Jaipur,Student,496000.0,774,Verified
CUST100507,33,Male,Nagpur,Self-Employed,1413000.0,454,Verified
CUST100508,34,Male,Indore,Business Owner,1349000.0,467,Verified
CUST100509,32,Female,Kolkata,Retired,682000.0,473,Verified
CUST100510,69,Male,Mumbai,Salaried - Government,180000.0,784,Verified
CUST100511,57,Female,Indore,Self-Employed,392000.0,874,Verified
CUST100512,62,Female,Jaipur,Salaried - Private,1675000.0,808,Verified
CUST100513,61,Female,Delhi,Student,1210000.0,435,Verified
CUST100514,67,Male,Ahmedabad,Salaried - Government,929000.0,809,Verified
CUST100515,26,Female,Mumbai,Business Owner,1741000.0,485,Pending
CUST100516,64,Female,Hyderabad,Business Owner,1781000.0,820,Verified
CUST100517,24,Male,Pune,Business Owner,884000.0,894,Verified
CUST100518,44,Male,Kolkata,Homemaker,892000.0,730,Verified
CUST100519,50,Male,Jaipur,Student,638000.0,873,Verified
CUST100520,38,Male,Nagpur,Professional,772000.0,385,Verified
CUST100521,28,Female,Pune,Homemaker,231000.0,692,Verified
CUST100522,30,Male,Patna,Salaried - Private,229000.0,331,Verified
CUST100523,61,Male,Coimbatore,Student,180000.0,691,Verified
CUST100524,36,Male,Patna,Salaried - Private,1388000.0,504,Pending
CUST100525,36,Male,Chennai,Salaried - Private,197000.0,881,Verified
CUST100526,66,Male,Bhopal,Salaried - Private,1777000.0,597,Verified
CUST100527,28,Female,Hyderabad,Salaried - Government,571000.0,757,Verified
CUST100528,65,Female,Ahmedabad,Homemaker,1682000.0,481,Verified
CUST100529,66,Male,Lucknow,Self-Employed,736000.0,344,Verified
CUST100530,50,Female,Hyderabad,Homemaker,195000.0,745,Verified
CUST100531,29,Male,Mumbai,Business Owner,,433,Verified
CUST100532,28,Male,Nagpur,Salaried - Private,1531000.0,733,Verified
CUST100533,34,Male,Bhopal,Business Owner,492000.0,578,Pending
CUST100534,49,Female,Delhi,Salaried - Government,751000.0,883,Verified
CUST100535,28,Female,Pune,Self-Employed,492000.0,511,Verified
CUST100536,43,Female,Chennai,Professional,846000.0,540,Verified
CUST100537,26,Male,Coimbatore,Homemaker,949000.0,744,Verified
CUST100538,47,Male,Coimbatore,Professional,742000.0,771,Verified
CUST100539,22,Female,Bhopal,Salaried - Government,180000.0,375,Pending
CUST100540,55,Male,Kolkata,Retired,639000.0,744,Verified
CUST100541,23,Female,Mumbai,Retired,1217000.0,594,Incomplete
CUST100542,30,Female,Chennai,Salaried - Government,806000.0,893,Verified
CUST100543,29,Male,Delhi,Homemaker,753000.0,678,Verified
CUST100544,61,Female,Patna,Homemaker,481000.0,764,Verified
CUST100545,23,Female,Delhi,Professional,625000.0,506,Incomplete
CUST100546,42,Male,Bhopal,Self-Employed,1534000.0,470,Verified
CUST100547,49,Female,Coimbatore,Self-Employed,387000.0,771,Verified
CUST100548,46,Female,Hyderabad,Business Owner,1224000.0,309,Verified
CUST100549,54,Male,Bhopal,Salaried - Government,921000.0,648,Verified
CUST100550,60,Female,Indore,Self-Employed,1010000.0,880,Incomplete
CUST100551,40,Male,Kolkata,Salaried - Government,570000.0,894,Verified
CUST100552,61,Female,Kolkata,Salaried - Government,742000.0,729,Pending
CUST100553,36,Female,Chennai,Retired,897000.0,598,Verified
CUST100554,69,Female,Kolkata,Salaried - Government,666000.0,787,Verified
CUST100555,45,Male,Indore,Business Owner,1049000.0,308,Verified
CUST100556,57,Female,Lucknow,Business Owner,1106000.0,775,Verified
CUST100557,63,Male,Chennai,Salaried - Private,1878000.0,413,Verified
CUST100558,59,Male,Ahmedabad,Homemaker,1025000.0,741,Incomplete
CUST100559,62,Male,Bhopal,Student,180000.0,508,Pending
CUST100560,47,Female,Delhi,Retired,1423000.0,750,Incomplete
CUST100561,23,Male,Patna,Retired,808000.0,661,Verified
CUST100562,45,Male,Chennai,Salaried - Government,1805000.0,857,Verified
CUST100563,29,Female,Hyderabad,Homemaker,1562000.0,772,Pending
CUST100564,64,Male,Kolkata,Homemaker,673000.0,848,Verified
CUST100565,32,Male,Ahmedabad,Business Owner,1225000.0,390,Verified
CUST100566,32,Male,Indore,Retired,633000.0,527,Verified
CUST100567,33,Male,Chennai,Student,901000.0,562,Pending
CUST100568,52,Female,Chennai,Professional,1204000.0,318,Verified
CUST100569,48,Male,Pune,Salaried - Government,1401000.0,313,Verified
CUST100570,67,Male,Nagpur,Self-Employed,1303000.0,323,Verified
CUST100571,41,Female,Coimbatore,Salaried - Government,934000.0,760,Verified
CUST100572,34,Female,Kolkata,Self-Employed,2018000.0,567,Verified
CUST100573,23,Female,Bhopal,Student,736000.0,751,Verified
CUST100574,21,Female,Indore,Salaried - Government,180000.0,800,Verified
CUST100575,39,Female,Nagpur,Student,263000.0,321,Verified
CUST100576,66,Male,Bhopal,Self-Employed,1563000.0,808,Verified
CUST100577,46,Female,Jaipur,Business Owner,866000.0,435,Verified
CUST100578,64,Female,Coimbatore,Professional,,542,Incomplete
CUST100579,25,Male,Chennai,Salaried - Government,656000.0,877,Verified
CUST100580,25,Male,Pune,Salaried - Government,696000.0,480,Verified
CUST100581,61,Male,Bhopal,Self-Employed,546000.0,863,Verified
CUST100582,26,Female,Mumbai,Salaried - Private,1112000.0,603,Incomplete
CUST100583,23,Female,Ahmedabad,Homemaker,856000.0,308,Verified
CUST100584,40,Female,Nagpur,Professional,1096000.0,799,Verified
CUST100585,66,Male,Bengaluru,Homemaker,1053000.0,326,Verified
CUST100586,54,Male,Nagpur,Homemaker,708000.0,681,Verified
CUST100587,25,Male,Kolkata,Self-Employed,244000.0,575,Verified
CUST100588,62,Male,Nagpur,Homemaker,204000.0,383,Incomplete
CUST100589,62,Female,Lucknow,Salaried - Private,2262000.0,608,Verified
CUST100590,60,Female,Bengaluru,Business Owner,1565000.0,517,Pending
CUST100591,65,Female,Patna,Retired,1503000.0,359,Verified
CUST100592,32,Female,Mumbai,Business Owner,596000.0,633,Verified
CUST100593,68,Female,Chennai,Retired,904000.0,326,Verified
CUST100594,36,Male,Indore,Homemaker,533000.0,622,Verified
CUST100595,60,Male,Indore,Business Owner,310000.0,435,Verified
CUST100596,49,Male,Mumbai,Self-Employed,635000.0,798,Verified
CUST100597,59,Male,Pune,Professional,1497000.0,870,Verified
CUST100598,51,Male,Delhi,Homemaker,1278000.0,859,Verified
CUST100599,52,Male,Hyderabad,Student,463000.0,862,Pending
CUST100600,51,Female,Coimbatore,Homemaker,758000.0,360,Verified
CUST100601,59,Male,Bengaluru,Salaried - Government,1237000.0,605,Verified
CUST100602,57,Female,Lucknow,Salaried - Government,643000.0,434,Verified
CUST100603,27,Female,Nagpur,Professional,936000.0,358,Verified
CUST100604,61,Female,Indore,Business Owner,,535,Pending
CUST100605,47,Female,Pune,Professional,1076000.0,557,Verified
CUST100606,36,Male,Bhopal,Student,1014000.0,477,Pending
CUST100607,46,Female,Ahmedabad,Professional,606000.0,368,Verified
CUST100608,68,Male,Delhi,Self-Employed,652000.0,544,Verified
CUST100609,63,Female,Chennai,Homemaker,390000.0,393,Verified
CUST100610,61,Male,Patna,Business Owner,197000.0,324,Verified
CUST100611,43,Male,Bhopal,Professional,848000.0,570,Verified
CUST100612,59,Female,Ahmedabad,Salaried - Government,1267000.0,339,Verified
CUST100613,39,Female,Patna,Professional,279000.0,879,Verified
CUST100614,54,Male,Bhopal,Business Owner,1023000.0,803,Verified
CUST100615,52,Female,Pune,Salaried - Private,1253000.0,855,Incomplete
CUST100616,33,Male,Hyderabad,Salaried - Government,180000.0,361,Verified
CUST100617,34,Female,Coimbatore,Retired,778000.0,578,Verified
CUST100618,23,Male,Coimbatore,Salaried - Government,1641000.0,794,Verified
CUST100619,27,Male,Mumbai,Salaried - Government,1148000.0,645,Incomplete
CUST100620,42,Male,Patna,Salaried - Private,180000.0,483,Pending
CUST100621,44,Male,Delhi,Salaried - Private,1196000.0,798,Verified
CUST100622,29,Male,Nagpur,Business Owner,,485,Pending
CUST100623,41,Male,Jaipur,Business Owner,1211000.0,884,Verified
CUST100624,50,Male,Bhopal,Professional,589000.0,360,Verified
CUST100625,32,Male,Bhopal,Professional,876000.0,723,Pending
CUST100626,37,Male,Lucknow,Professional,658000.0,307,Verified
CUST100627,39,Male,Chennai,Student,901000.0,848,Verified
CUST100628,45,Female,Nagpur,Salaried - Government,645000.0,513,Verified
CUST100629,38,Female,Jaipur,Retired,799000.0,312,Incomplete
CUST100630,57,Male,Jaipur,Salaried - Private,371000.0,801,Verified
CUST100631,37,Female,Hyderabad,Homemaker,1121000.0,880,Verified
CUST100632,42,Male,Mumbai,Self-Employed,979000.0,851,Verified
CUST100633,39,Male,Jaipur,Self-Employed,180000.0,591,Verified
CUST100634,29,Female,Pune,Salaried - Government,1347000.0,336,Verified
CUST100635,54,Female,Lucknow,Professional,821000.0,436,Verified
CUST100636,32,Female,Pune,Business Owner,973000.0,318,Verified
CUST100637,35,Male,Coimbatore,Student,1244000.0,326,Verified
CUST100638,59,Female,Bhopal,Salaried - Government,1048000.0,395,Incomplete
CUST100639,67,Male,Kolkata,Business Owner,1424000.0,637,Verified
CUST100640,53,Male,Bhopal,Student,768000.0,759,Verified
CUST100641,65,Male,Lucknow,Homemaker,1365000.0,650,Verified
CUST100642,62,Female,Lucknow,Homemaker,955000.0,422,Verified
CUST100643,44,Male,Jaipur,Professional,1128000.0,661,Verified
CUST100644,58,Female,Indore,Homemaker,1082000.0,438,Verified
CUST100645,37,Female,Hyderabad,Salaried - Government,1458000.0,576,Verified
CUST100646,43,Female,Kolkata,Homemaker,1225000.0,833,Verified
CUST100647,47,Female,Chennai,Professional,701000.0,380,Verified
CUST100648,68,Female,Jaipur,Self-Employed,611000.0,824,Verified
CUST100649,62,Male,Coimbatore,Salaried - Government,878000.0,462,Verified
CUST100650,44,Male,Lucknow,Professional,558000.0,702,Pending
CUST100651,52,Female,Chennai,Salaried - Private,,456,Verified
CUST100652,30,Male,Indore,Retired,180000.0,398,Verified
CUST100653,60,Male,Patna,Salaried - Government,203000.0,570,Verified
CUST100654,48,Male,Kolkata,Business Owner,1793000.0,528,Verified
CUST100655,47,Male,Bengaluru,Salaried - Government,605000.0,604,Verified
CUST100656,58,Male,Kolkata,Business Owner,1757000.0,441,Verified
CUST100657,52,Male,Nagpur,Self-Employed,1081000.0,886,Verified
CUST100658,24,Female,Jaipur,Salaried - Government,878000.0,703,Verified
CUST100659,35,Male,Bengaluru,Student,225000.0,804,Verified
CUST100660,29,Female,Bengaluru,Homemaker,902000.0,767,Verified
CUST100661,57,Female,Coimbatore,Business Owner,1751000.0,734,Verified
CUST100662,22,Male,Kolkata,Salaried - Private,1601000.0,385,Verified
CUST100663,30,Female,Bhopal,Homemaker,1023000.0,652,Verified
CUST100664,50,Female,Pune,Retired,383000.0,838,Pending
CUST100665,55,Female,Delhi,Professional,,357,Verified
CUST100666,45,Male,Kolkata,Professional,516000.0,577,Verified
CUST100667,63,Male,Bhopal,Salaried - Private,1475000.0,410,Verified
CUST100668,66,Male,Pune,Business Owner,1634000.0,777,Incomplete
CUST100669,27,Female,Lucknow,Salaried - Government,988000.0,858,Verified
CUST100670,67,Female,Kolkata,Retired,764000.0,330,Verified
CUST100671,51,Female,Pune,Student,1597000.0,780,Verified
CUST100672,52,Female,Chennai,Professional,460000.0,516,Verified
CUST100673,25,Female,Chennai,Professional,923000.0,878,Verified
CUST100674,51,Female,Chennai,Retired,1108000.0,308,Verified
CUST100675,56,Male,Bhopal,Student,,414,Verified
CUST100676,49,Female,Pune,Salaried - Private,614000.0,731,Verified
CUST100677,25,Male,Patna,Self-Employed,,767,Verified
CUST100678,46,Male,Hyderabad,Self-Employed,1538000.0,347,Pending
CUST100679,66,Male,Hyderabad,Retired,1761000.0,396,Verified
CUST100680,56,Female,Indore,Business Owner,952000.0,502,Pending
CUST100681,27,Male,Indore,Homemaker,779000.0,320,Verified
CUST100682,68,Male,Kolkata,Business Owner,630000.0,769,Verified
CUST100683,67,Male,Hyderabad,Student,901000.0,701,Verified
CUST100684,29,Male,Bhopal,Homemaker,652000.0,749,Verified
CUST100685,60,Male,Delhi,Salaried - Private,856000.0,581,Verified
CUST100686,40,Female,Kolkata,Student,1086000.0,684,Verified
CUST100687,50,Female,Jaipur,Student,718000.0,643,Verified
CUST100688,42,Male,Bhopal,Salaried - Private,815000.0,716,Verified
CUST100689,59,Male,Delhi,Business Owner,817000.0,570,Verified
CUST100690,69,Male,Mumbai,Student,757000.0,690,Verified
CUST100691,59,Male,Hyderabad,Homemaker,701000.0,687,Pending
CUST100692,66,Male,Delhi,Business Owner,1243000.0,684,Verified
CUST100693,67,Female,Ahmedabad,Professional,180000.0,823,Verified
CUST100694,25,Female,Indore,Salaried - Private,1608000.0,509,Verified
CUST100695,33,Male,Hyderabad,Professional,,827,Verified
CUST100696,56,Male,Kolkata,Retired,1175000.0,316,Incomplete
CUST100697,49,Male,Chennai,Self-Employed,1226000.0,591,Verified
CUST100698,23,Male,Mumbai,Self-Employed,581000.0,565,Pending
CUST100699,25,Female,Bhopal,Homemaker,489000.0,820,Incomplete
CUST100700,46,Female,Chennai,Business Owner,435000.0,327,Verified
CUST100701,51,Female,Jaipur,Self-Employed,789000.0,430,Verified
CUST100702,29,Female,Bhopal,Self-Employed,1215000.0,581,Verified
CUST100703,29,Female,Nagpur,Business Owner,637000.0,789,Verified
CUST100704,27,Female,Bengaluru,Self-Employed,1174000.0,578,Incomplete
CUST100705,48,Male,Jaipur,Professional,180000.0,683,Verified
CUST100706,21,Male,Indore,Homemaker,726000.0,407,Pending
CUST100707,49,Male,Ahmedabad,Retired,1425000.0,865,Verified
CUST100708,44,Male,Mumbai,Salaried - Government,823000.0,770,Verified
CUST100709,43,Male,Chennai,Business Owner,527000.0,325,Verified
CUST100710,54,Male,Patna,Professional,604000.0,722,Verified
CUST100711,46,Female,Patna,Retired,180000.0,377,Verified
CUST100712,56,Female,Hyderabad,Homemaker,445000.0,635,Verified
CUST100713,58,Female,Bengaluru,Business Owner,1376000.0,725,Verified
CUST100714,66,Male,Hyderabad,Self-Employed,638000.0,855,Incomplete
CUST100715,60,Female,Chennai,Retired,691000.0,342,Verified
CUST100716,46,Male,Patna,Salaried - Government,180000.0,472,Verified
CUST100717,45,Male,Nagpur,Retired,180000.0,714,Verified
CUST100718,32,Male,Mumbai,Student,1436000.0,457,Verified
CUST100719,50,Male,Patna,Retired,1178000.0,727,Verified
CUST100720,27,Male,Patna,Business Owner,316000.0,410,Verified
CUST100721,66,Female,Lucknow,Homemaker,616000.0,398,Verified
CUST100722,62,Female,Indore,Professional,887000.0,626,Verified
CUST100723,26,Female,Mumbai,Professional,362000.0,713,Verified
CUST100724,59,Male,Bhopal,Homemaker,180000.0,423,Verified
CUST100725,26,Female,Delhi,Salaried - Government,828000.0,824,Verified
CUST100726,56,Female,Indore,Homemaker,1158000.0,821,Verified
CUST100727,25,Male,Ahmedabad,Retired,1166000.0,348,Verified
CUST100728,44,Female,Delhi,Professional,1294000.0,482,Verified
CUST100729,53,Male,Patna,Salaried - Private,201000.0,633,Verified
CUST100730,56,Male,Patna,Homemaker,926000.0,594,Verified
CUST100731,41,Male,Kolkata,Salaried - Government,779000.0,452,Verified
CUST100732,66,Male,Hyderabad,Student,861000.0,617,Incomplete
CUST100733,58,Male,Mumbai,Homemaker,805000.0,877,Pending
CUST100734,31,Male,Indore,Self-Employed,603000.0,484,Verified
CUST100735,53,Male,Bengaluru,Business Owner,180000.0,431,Verified
CUST100736,56,Female,Nagpur,Salaried - Private,1423000.0,743,Verified
CUST100737,37,Male,Jaipur,Business Owner,1048000.0,642,Verified
CUST100738,57,Male,Bhopal,Salaried - Private,232000.0,715,Pending
CUST100739,65,Male,Bhopal,Student,1113000.0,687,Verified
CUST100740,61,Female,Nagpur,Retired,699000.0,756,Verified
CUST100741,58,Male,Mumbai,Salaried - Government,711000.0,737,Verified
CUST100742,52,Female,Coimbatore,Homemaker,554000.0,663,Verified
CUST100743,34,Male,Mumbai,Salaried - Private,1142000.0,572,Verified
CUST100744,59,Male,Coimbatore,Professional,540000.0,576,Verified
CUST100745,38,Male,Chennai,Salaried - Private,406000.0,459,Incomplete
CUST100746,47,Male,Nagpur,Salaried - Private,1409000.0,569,Verified
CUST100747,36,Female,Delhi,Salaried - Government,820000.0,663,Incomplete
CUST100748,36,Female,Kolkata,Self-Employed,834000.0,729,Verified
CUST100749,28,Male,Jaipur,Retired,1212000.0,763,Incomplete
CUST100750,68,Female,Coimbatore,Student,600000.0,526,Pending
CUST100751,28,Male,Delhi,Homemaker,689000.0,739,Verified
CUST100752,25,Male,Mumbai,Retired,,562,Verified
CUST100753,66,Male,Lucknow,Professional,206000.0,515,Verified
CUST100754,48,Male,Mumbai,Self-Employed,999000.0,398,Verified
CUST100755,42,Female,Patna,Self-Employed,560000.0,459,Verified
CUST100756,57,Male,Mumbai,Student,1285000.0,707,Verified
CUST100757,39,Male,Coimbatore,Professional,1146000.0,429,Verified
CUST100758,27,Male,Ahmedabad,Professional,1087000.0,346,Verified
CUST100759,56,Male,Coimbatore,Salaried - Private,180000.0,463,Incomplete
CUST100760,29,Male,Delhi,Business Owner,853000.0,894,Pending
CUST100761,48,Female,Hyderabad,Retired,370000.0,389,Verified
CUST100762,67,Male,Kolkata,Business Owner,883000.0,386,Verified
CUST100763,66,Male,Mumbai,Professional,180000.0,541,Verified
CUST100764,38,Male,Delhi,Homemaker,207000.0,529,Verified
CUST100765,59,Male,Hyderabad,Salaried - Private,1435000.0,852,Incomplete
CUST100766,51,Male,Patna,Student,1066000.0,442,Incomplete
CUST100767,44,Female,Bhopal,Homemaker,741000.0,550,Verified
CUST100768,27,Female,Delhi,Business Owner,491000.0,474,Verified
CUST100769,39,Male,Mumbai,Homemaker,412000.0,449,Verified
CUST100770,52,Female,Lucknow,Salaried - Private,990000.0,493,Verified
CUST100771,69,Female,Pune,Self-Employed,745000.0,454,Verified
CUST100772,21,Female,Patna,Salaried - Private,1596000.0,731,Verified
CUST100773,56,Female,Hyderabad,Retired,817000.0,774,Verified
CUST100774,62,Female,Pune,Homemaker,,406,Verified
CUST100775,67,Female,Chennai,Professional,275000.0,597,Pending
CUST100776,41,Male,Chennai,Retired,738000.0,458,Verified
CUST100777,26,Male,Bhopal,Salaried - Government,980000.0,820,Verified
CUST100778,34,Male,Ahmedabad,Student,732000.0,360,Verified
CUST100779,62,Male,Lucknow,Salaried - Government,681000.0,545,Pending
CUST100780,64,Female,Delhi,Professional,1047000.0,498,Verified
CUST100781,52,Male,Jaipur,Retired,1582000.0,518,Pending
CUST100782,27,Male,Kolkata,Homemaker,965000.0,864,Verified
CUST100783,26,Male,Indore,Student,1415000.0,624,Incomplete
CUST100784,44,Male,Kolkata,Professional,1180000.0,528,Verified
CUST100785,49,Female,Delhi,Professional,1388000.0,784,Verified
CUST100786,22,Female,Bhopal,Business Owner,626000.0,766,Verified
CUST100787,54,Male,Bengaluru,Professional,807000.0,386,Verified
CUST100788,47,Male,Indore,Retired,809000.0,577,Verified
CUST100789,21,Male,Pune,Retired,1146000.0,547,Verified
CUST100790,25,Male,Patna,Professional,1257000.0,569,Verified
CUST100791,43,Female,Lucknow,Business Owner,956000.0,509,Verified
CUST100792,56,Male,Kolkata,Salaried - Government,1295000.0,794,Verified
CUST100793,61,Male,Jaipur,Salaried - Private,647000.0,897,Verified
CUST100794,42,Male,Bengaluru,Business Owner,1298000.0,316,Verified
CUST100795,35,Female,Delhi,Business Owner,1357000.0,813,Pending
CUST100796,68,Female,Patna,Professional,1205000.0,818,Verified
CUST100797,43,Male,Coimbatore,Student,,519,Verified
CUST100798,36,Male,Nagpur,Retired,1221000.0,591,Pending
CUST100799,42,Male,Hyderabad,Homemaker,498000.0,361,Verified
CUST100800,21,Female,Pune,Professional,989000.0,510,Verified
CUST100801,35,Male,Pune,Student,1035000.0,442,Verified
CUST100802,46,Male,Bhopal,Student,,844,Verified
CUST100803,66,Female,Lucknow,Salaried - Government,1114000.0,364,Verified
CUST100804,57,Female,Patna,Retired,338000.0,503,Verified
CUST100805,59,Male,Coimbatore,Professional,707000.0,588,Verified
CUST100806,47,Male,Pune,Student,918000.0,886,Verified
CUST100807,26,Male,Lucknow,Professional,571000.0,790,Verified
CUST100808,40,Female,Ahmedabad,Salaried - Private,937000.0,861,Verified
CUST100809,69,Male,Coimbatore,Salaried - Government,930000.0,486,Verified
CUST100810,23,Female,Pune,Salaried - Government,531000.0,460,Verified
CUST100811,64,Female,Bengaluru,Salaried - Government,1156000.0,642,Verified
CUST100812,54,Male,Pune,Salaried - Private,556000.0,504,Incomplete
CUST100813,34,Female,Lucknow,Homemaker,1930000.0,309,Verified
CUST100814,59,Male,Coimbatore,Business Owner,851000.0,787,Verified
CUST100815,62,Male,Nagpur,Retired,373000.0,356,Verified
CUST100816,23,Female,Mumbai,Student,457000.0,417,Verified
CUST100817,26,Male,Ahmedabad,Retired,1416000.0,865,Verified
CUST100818,53,Male,Bengaluru,Business Owner,716000.0,739,Verified
CUST100819,69,Male,Pune,Self-Employed,286000.0,685,Verified
CUST100820,22,Male,Coimbatore,Homemaker,1284000.0,377,Verified
CUST100821,53,Male,Coimbatore,Professional,713000.0,450,Verified
CUST100822,27,Female,Bengaluru,Homemaker,1194000.0,423,Verified
CUST100823,52,Female,Bengaluru,Salaried - Private,1321000.0,684,Verified
CUST100824,51,Female,Bhopal,Salaried - Government,1024000.0,600,Verified
CUST100825,25,Female,Kolkata,Salaried - Government,,516,Verified
CUST100826,54,Male,Kolkata,Retired,180000.0,747,Verified
CUST100827,64,Female,Indore,Professional,532000.0,766,Verified
CUST100828,63,Male,Indore,Self-Employed,785000.0,743,Verified
CUST100829,22,Male,Indore,Self-Employed,1918000.0,363,Verified
CUST100830,33,Female,Patna,Professional,1709000.0,665,Verified
CUST100831,32,Male,Coimbatore,Student,1480000.0,426,Incomplete
CUST100832,43,Male,Bhopal,Student,543000.0,463,Verified
CUST100833,28,Male,Indore,Business Owner,595000.0,886,Verified
CUST100834,62,Male,Jaipur,Retired,527000.0,549,Verified
CUST100835,59,Male,Mumbai,Salaried - Private,547000.0,772,Verified
CUST100836,60,Male,Nagpur,Student,1572000.0,447,Verified
CUST100837,30,Female,Indore,Salaried - Private,790000.0,883,Verified
CUST100838,21,Male,Hyderabad,Self-Employed,850000.0,466,Verified
CUST100839,65,Male,Kolkata,Retired,1248000.0,409,Verified
CUST100840,35,Male,Jaipur,Student,180000.0,493,Verified
CUST100841,53,Female,Lucknow,Salaried - Government,924000.0,404,Verified
CUST100842,65,Male,Bhopal,Retired,406000.0,659,Verified
CUST100843,22,Male,Pune,Salaried - Government,768000.0,386,Verified
CUST100844,21,Male,Nagpur,Salaried - Private,636000.0,424,Verified
CUST100845,21,Female,Nagpur,Business Owner,613000.0,721,Verified
CUST100846,28,Female,Coimbatore,Professional,1002000.0,325,Verified
CUST100847,23,Female,Jaipur,Self-Employed,1000000.0,564,Incomplete
CUST100848,61,Female,Delhi,Student,801000.0,715,Verified
CUST100849,50,Male,Nagpur,Professional,1067000.0,567,Verified
CUST100850,69,Male,Delhi,Business Owner,509000.0,313,Verified
CUST100851,60,Male,Bengaluru,Business Owner,1207000.0,394,Verified
CUST100852,68,Male,Hyderabad,Business Owner,807000.0,882,Verified
CUST100853,32,Male,Bengaluru,Salaried - Private,682000.0,763,Verified
CUST100854,35,Male,Bhopal,Professional,542000.0,510,Incomplete
CUST100855,62,Male,Kolkata,Homemaker,,824,Verified
CUST100856,32,Male,Chennai,Business Owner,1742000.0,303,Verified
CUST100857,23,Male,Mumbai,Business Owner,872000.0,328,Verified
CUST100858,53,Female,Chennai,Student,385000.0,830,Verified
CUST100859,60,Female,Bhopal,Professional,1313000.0,704,Verified
CUST100860,68,Male,Patna,Self-Employed,688000.0,659,Pending
CUST100861,66,Male,Hyderabad,Salaried - Private,1028000.0,506,Verified
CUST100862,26,Female,Delhi,Homemaker,627000.0,790,Verified
CUST100863,58,Female,Jaipur,Retired,1476000.0,664,Verified
CUST100864,62,Male,Patna,Retired,634000.0,561,Verified
CUST100865,55,Male,Delhi,Self-Employed,1529000.0,528,Incomplete
CUST100866,61,Female,Patna,Salaried - Government,428000.0,512,Verified
CUST100867,62,Female,Bengaluru,Business Owner,768000.0,645,Verified
CUST100868,42,Male,Chennai,Homemaker,1530000.0,693,Verified
CUST100869,22,Male,Lucknow,Self-Employed,,782,Verified
CUST100870,43,Female,Mumbai,Professional,1922000.0,543,Verified
CUST100871,30,Male,Hyderabad,Student,779000.0,452,Verified
CUST100872,26,Female,Bengaluru,Salaried - Government,1016000.0,633,Verified
CUST100873,27,Male,Chennai,Salaried - Government,1757000.0,650,Verified
CUST100874,55,Male,Patna,Salaried - Government,219000.0,466,Verified
CUST100875,45,Male,Chennai,Student,180000.0,343,Verified
CUST100876,47,Male,Mumbai,Professional,542000.0,499,Incomplete
CUST100877,57,Female,Chennai,Student,,342,Verified
CUST100878,47,Male,Delhi,Student,180000.0,349,Verified
CUST100879,51,Female,Lucknow,Business Owner,1169000.0,879,Incomplete
CUST100880,25,Male,Coimbatore,Salaried - Private,1137000.0,768,Pending
CUST100881,62,Female,Bengaluru,Self-Employed,1806000.0,321,Verified
CUST100882,42,Female,Bhopal,Professional,1370000.0,509,Verified
CUST100883,28,Male,Pune,Business Owner,,452,Pending
CUST100884,60,Male,Delhi,Salaried - Private,1512000.0,884,Verified
CUST100885,56,Female,Bhopal,Student,1143000.0,562,Verified
CUST100886,23,Male,Chennai,Self-Employed,693000.0,455,Verified
CUST100887,30,Female,Ahmedabad,Professional,385000.0,680,Pending
CUST100888,21,Male,Ahmedabad,Student,,585,Verified
CUST100889,34,Male,Jaipur,Professional,882000.0,412,Verified
CUST100890,25,Male,Bengaluru,Retired,979000.0,483,Incomplete
CUST100891,55,Female,Chennai,Salaried - Private,180000.0,376,Verified
CUST100892,46,Female,Patna,Retired,801000.0,716,Verified
CUST100893,69,Male,Indore,Homemaker,,882,Verified
CUST100894,57,Female,Mumbai,Student,1146000.0,785,Verified
CUST100895,50,Female,Kolkata,Salaried - Private,1632000.0,525,Verified
CUST100896,45,Male,Indore,Salaried - Government,984000.0,592,Verified
CUST100897,23,Male,Hyderabad,Salaried - Private,491000.0,336,Verified
CUST100898,24,Female,Kolkata,Student,180000.0,520,Pending
CUST100899,51,Female,Indore,Self-Employed,1209000.0,319,Verified
CUST100900,21,Male,Coimbatore,Professional,509000.0,746,Verified
CUST100901,23,Female,Lucknow,Business Owner,1290000.0,845,Verified
CUST100902,31,Male,Bhopal,Retired,1529000.0,414,Verified
CUST100903,64,Female,Lucknow,Student,205000.0,704,Verified
CUST100904,43,Female,Hyderabad,Self-Employed,,659,Verified
CUST100905,55,Female,Indore,Homemaker,1482000.0,550,Verified
CUST100906,41,Male,Mumbai,Self-Employed,1359000.0,740,Verified
CUST100907,29,Male,Mumbai,Salaried - Government,180000.0,707,Verified
CUST100908,39,Male,Lucknow,Salaried - Private,516000.0,461,Verified
CUST100909,25,Male,Nagpur,Self-Employed,324000.0,779,Verified
CUST100910,58,Female,Nagpur,Professional,1136000.0,693,Verified
CUST100911,29,Male,Bhopal,Homemaker,1086000.0,487,Incomplete
CUST100912,39,Male,Pune,Homemaker,180000.0,741,Verified
CUST100913,69,Male,Pune,Professional,765000.0,684,Verified
CUST100914,50,Male,Kolkata,Business Owner,1260000.0,370,Pending
CUST100915,43,Male,Chennai,Salaried - Government,967000.0,399,Verified
CUST100916,47,Female,Kolkata,Student,966000.0,494,Incomplete
CUST100917,59,Female,Delhi,Business Owner,736000.0,326,Verified
CUST100918,33,Male,Hyderabad,Homemaker,423000.0,543,Pending
CUST100919,52,Female,Coimbatore,Retired,892000.0,576,Pending
CUST100920,63,Female,Bhopal,Student,923000.0,765,Pending
CUST100921,49,Male,Bengaluru,Student,1177000.0,402,Verified
CUST100922,42,Female,Hyderabad,Retired,1213000.0,640,Pending
CUST100923,28,Male,Chennai,Retired,939000.0,698,Verified
CUST100924,33,Male,Hyderabad,Salaried - Government,1393000.0,569,Verified
CUST100925,67,Male,Bhopal,Salaried - Private,731000.0,844,Verified
CUST100926,47,Male,Indore,Professional,250000.0,491,Verified
CUST100927,35,Female,Bhopal,Retired,1115000.0,544,Incomplete
CUST100928,41,Female,Ahmedabad,Retired,957000.0,302,Verified
CUST100929,49,Female,Bengaluru,Self-Employed,1124000.0,546,Verified
CUST100930,47,Male,Bengaluru,Professional,331000.0,312,Verified
CUST100931,55,Male,Nagpur,Homemaker,1706000.0,890,Verified
CUST100932,33,Female,Bhopal,Salaried - Private,1220000.0,444,Verified
CUST100933,52,Male,Ahmedabad,Business Owner,770000.0,787,Verified
CUST100934,42,Male,Jaipur,Student,479000.0,370,Verified
CUST100935,67,Male,Nagpur,Salaried - Government,1385000.0,464,Verified
CUST100936,28,Male,Nagpur,Self-Employed,404000.0,371,Verified
CUST100937,28,Male,Delhi,Business Owner,,521,Verified
CUST100938,43,Male,Pune,Retired,624000.0,661,Verified
CUST100939,45,Female,Mumbai,Self-Employed,1674000.0,551,Verified
CUST100940,54,Male,Pune,Homemaker,817000.0,663,Incomplete
CUST100941,40,Male,Lucknow,Salaried - Government,1611000.0,783,Incomplete
CUST100942,65,Male,Chennai,Self-Employed,569000.0,326,Pending
CUST100943,44,Male,Bengaluru,Professional,908000.0,554,Pending
CUST100944,27,Female,Ahmedabad,Salaried - Private,1262000.0,656,Verified
CUST100945,26,Male,Ahmedabad,Homemaker,1198000.0,614,Verified
CUST100946,68,Female,Bhopal,Retired,1395000.0,387,Pending
CUST100947,27,Female,Mumbai,Homemaker,681000.0,423,Verified
CUST100948,67,Male,Chennai,Self-Employed,938000.0,526,Pending
CUST100949,34,Female,Patna,Business Owner,1462000.0,690,Verified
CUST100950,25,Female,Bhopal,Student,,893,Pending
CUST100951,35,Male,Indore,Salaried - Private,1158000.0,521,Verified
CUST100952,51,Male,Nagpur,Business Owner,801000.0,613,Pending
CUST100953,41,Male,Nagpur,Business Owner,993000.0,483,Verified
CUST100954,59,Female,Ahmedabad,Business Owner,938000.0,320,Verified
CUST100955,50,Female,Coimbatore,Business Owner,545000.0,539,Incomplete
CUST100956,40,Female,Kolkata,Retired,783000.0,508,Verified
CUST100957,52,Female,Indore,Salaried - Government,965000.0,390,Verified
CUST100958,68,Male,Pune,Student,854000.0,702,Verified
CUST100959,41,Female,Kolkata,Student,1608000.0,455,Verified
CUST100960,28,Male,Bhopal,Salaried - Government,,434,Verified
CUST100961,41,Female,Pune,Student,1030000.0,533,Verified
CUST100962,62,Male,Bengaluru,Self-Employed,557000.0,878,Verified
CUST100963,31,Male,Indore,Salaried - Private,529000.0,681,Verified
CUST100964,67,Female,Kolkata,Business Owner,,555,Pending
CUST100965,49,Female,Indore,Homemaker,446000.0,792,Verified
CUST100966,50,Female,Pune,Homemaker,951000.0,312,Verified
CUST100967,36,Male,Coimbatore,Retired,1062000.0,502,Verified
CUST100968,66,Male,Lucknow,Homemaker,760000.0,624,Verified
CUST100969,22,Female,Patna,Self-Employed,449000.0,593,Verified
CUST100970,35,Male,Patna,Student,547000.0,705,Verified
CUST100971,41,Male,Chennai,Retired,654000.0,721,Verified
CUST100972,44,Male,Nagpur,Salaried - Government,581000.0,573,Verified
CUST100973,44,Male,Coimbatore,Salaried - Government,1497000.0,857,Pending
CUST100974,28,Male,Lucknow,Self-Employed,896000.0,856,Verified
CUST100975,32,Male,Coimbatore,Salaried - Private,664000.0,585,Verified
CUST100976,25,Female,Nagpur,Self-Employed,948000.0,841,Verified
CUST100977,49,Female,Lucknow,Student,,684,Incomplete
CUST100978,38,Female,Ahmedabad,Salaried - Government,745000.0,383,Verified
CUST100979,48,Male,Nagpur,Retired,1306000.0,371,Verified
CUST100980,49,Male,Bengaluru,Student,328000.0,347,Verified
CUST100981,55,Female,Jaipur,Self-Employed,1427000.0,427,Verified
CUST100982,47,Female,Nagpur,Retired,896000.0,487,Verified
CUST100983,52,Male,Coimbatore,Business Owner,878000.0,341,Verified
CUST100984,49,Female,Hyderabad,Self-Employed,588000.0,664,Incomplete
CUST100985,52,Female,Delhi,Student,347000.0,546,Verified
CUST100986,51,Female,Pune,Retired,180000.0,660,Verified
CUST100987,36,Female,Nagpur,Business Owner,557000.0,601,Pending
CUST100988,33,Male,Ahmedabad,Homemaker,1164000.0,462,Verified
CUST100989,59,Male,Mumbai,Student,,668,Verified
CUST100990,37,Female,Delhi,Homemaker,203000.0,870,Verified
CUST100991,47,Male,Pune,Homemaker,491000.0,490,Verified
CUST100992,30,Female,Pune,Self-Employed,727000.0,484,Verified
CUST100993,42,Female,Bengaluru,Self-Employed,745000.0,609,Verified
CUST100994,46,Male,Ahmedabad,Salaried - Government,842000.0,782,Verified
CUST100995,51,Female,Ahmedabad,Retired,1365000.0,618,Verified
CUST100996,46,Female,Bengaluru,Homemaker,1462000.0,799,Pending
CUST100997,38,Female,Chennai,Retired,1802000.0,344,Verified
CUST100998,68,Male,Lucknow,Professional,180000.0,359,Verified
CUST100999,46,Female,Coimbatore,Homemaker,515000.0,543,Verified
CUST101000,60,Male,Coimbatore,Salaried - Government,1214000.0,439,Verified
CUST101001,57,Male,Jaipur,Self-Employed,696000.0,313,Verified
CUST101002,48,Male,Mumbai,Retired,1287000.0,429,Verified
CUST101003,64,Female,Indore,Salaried - Private,993000.0,462,Verified
CUST101004,27,Female,Coimbatore,Student,1611000.0,851,Verified
CUST101005,66,Male,Hyderabad,Salaried - Government,,769,Verified
CUST101006,62,Male,Kolkata,Homemaker,1377000.0,510,Pending
CUST101007,45,Female,Mumbai,Professional,715000.0,874,Verified
CUST101008,56,Female,Nagpur,Homemaker,856000.0,801,Verified
CUST101009,46,Male,Patna,Homemaker,763000.0,450,Verified
CUST101010,34,Female,Mumbai,Professional,222000.0,586,Verified
CUST101011,60,Female,Bhopal,Homemaker,1562000.0,853,Verified
CUST101012,33,Female,Kolkata,Self-Employed,1235000.0,574,Verified
CUST101013,36,Female,Jaipur,Professional,745000.0,522,Verified
CUST101014,46,Female,Chennai,Student,1487000.0,842,Verified
CUST101015,62,Female,Nagpur,Salaried - Private,616000.0,696,Incomplete
CUST101016,39,Female,Kolkata,Self-Employed,180000.0,564,Verified
CUST101017,45,Male,Nagpur,Salaried - Private,1353000.0,821,Verified
CUST101018,23,Male,Bengaluru,Professional,325000.0,746,Incomplete
CUST101019,26,Female,Jaipur,Homemaker,,508,Verified
CUST101020,23,Male,Hyderabad,Salaried - Private,993000.0,554,Verified
CUST101021,24,Female,Coimbatore,Professional,1073000.0,328,Verified
CUST101022,63,Male,Jaipur,Business Owner,1282000.0,361,Pending
CUST101023,62,Male,Bhopal,Homemaker,1161000.0,872,Verified
CUST101024,61,Male,Delhi,Salaried - Government,1147000.0,331,Verified
CUST101025,23,Male,Bhopal,Salaried - Government,544000.0,802,Verified
CUST101026,24,Male,Delhi,Salaried - Private,1032000.0,424,Verified
CUST101027,34,Male,Pune,Business Owner,,624,Incomplete
CUST101028,48,Female,Chennai,Business Owner,1603000.0,733,Incomplete
CUST101029,37,Male,Mumbai,Student,269000.0,894,Verified
CUST101030,44,Male,Jaipur,Business Owner,744000.0,524,Verified
CUST101031,29,Male,Chennai,Salaried - Government,307000.0,855,Verified
CUST101032,56,Male,Ahmedabad,Retired,571000.0,572,Verified
CUST101033,36,Male,Patna,Salaried - Private,906000.0,820,Verified
CUST101034,24,Female,Bengaluru,Self-Employed,662000.0,361,Verified
CUST101035,57,Female,Bhopal,Retired,1415000.0,460,Verified
CUST101036,65,Male,Hyderabad,Self-Employed,1002000.0,673,Incomplete
CUST101037,21,Female,Hyderabad,Professional,692000.0,723,Verified
CUST101038,42,Male,Jaipur,Business Owner,840000.0,782,Verified
CUST101039,61,Male,Lucknow,Student,1449000.0,514,Pending
CUST101040,55,Female,Lucknow,Self-Employed,1309000.0,674,Verified
CUST101041,62,Male,Bengaluru,Student,388000.0,672,Verified
CUST101042,41,Female,Jaipur,Retired,594000.0,890,Verified
CUST101043,39,Male,Chennai,Retired,1114000.0,370,Pending
CUST101044,55,Male,Hyderabad,Salaried - Government,1059000.0,309,Verified
CUST101045,28,Male,Coimbatore,Salaried - Private,427000.0,644,Verified
CUST101046,32,Male,Delhi,Retired,1237000.0,309,Verified
CUST101047,50,Female,Kolkata,Business Owner,499000.0,417,Verified
CUST101048,53,Male,Kolkata,Self-Employed,1487000.0,600,Verified
CUST101049,26,Female,Chennai,Student,1138000.0,460,Verified
CUST101050,45,Female,Patna,Self-Employed,391000.0,459,Verified
CUST101051,38,Male,Ahmedabad,Business Owner,662000.0,507,Verified
CUST101052,45,Male,Bhopal,Retired,654000.0,711,Verified
CUST101053,67,Male,Pune,Student,972000.0,519,Pending
CUST101054,24,Male,Indore,Student,808000.0,775,Verified
CUST101055,69,Female,Bhopal,Retired,385000.0,395,Verified
CUST101056,43,Male,Hyderabad,Salaried - Private,273000.0,361,Verified
CUST101057,58,Female,Coimbatore,Salaried - Private,,399,Verified
CUST101058,41,Female,Nagpur,Retired,1029000.0,850,Verified
CUST101059,36,Male,Jaipur,Professional,947000.0,466,Verified
CUST101060,58,Female,Mumbai,Salaried - Government,1022000.0,317,Verified
CUST101061,54,Male,Jaipur,Retired,621000.0,489,Verified
CUST101062,28,Female,Bhopal,Student,983000.0,713,Incomplete
CUST101063,55,Male,Pune,Salaried - Private,2042000.0,517,Pending
CUST101064,57,Female,Bengaluru,Homemaker,1429000.0,530,Verified
CUST101065,40,Female,Jaipur,Self-Employed,770000.0,351,Incomplete
CUST101066,66,Female,Nagpur,Business Owner,664000.0,700,Verified
CUST101067,52,Male,Hyderabad,Retired,180000.0,432,Verified
CUST101068,37,Female,Kolkata,Salaried - Government,1381000.0,358,Verified
CUST101069,21,Male,Mumbai,Salaried - Government,1254000.0,728,Verified
CUST101070,54,Female,Bhopal,Student,,862,Verified
CUST101071,31,Male,Nagpur,Self-Employed,256000.0,666,Incomplete
CUST101072,58,Male,Patna,Salaried - Government,380000.0,862,Verified
CUST101073,46,Male,Kolkata,Retired,1100000.0,541,Verified
CUST101074,43,Male,Mumbai,Salaried - Government,860000.0,611,Verified
CUST101075,29,Male,Ahmedabad,Homemaker,1211000.0,514,Pending
CUST101076,55,Female,Coimbatore,Salaried - Private,939000.0,605,Pending
CUST101077,29,Male,Delhi,Professional,1335000.0,835,Verified
CUST101078,41,Female,Chennai,Business Owner,1066000.0,680,Verified
CUST101079,61,Male,Nagpur,Student,1273000.0,316,Verified
CUST101080,66,Female,Jaipur,Professional,180000.0,648,Pending
CUST101081,69,Female,Bengaluru,Student,345000.0,526,Verified
CUST101082,67,Male,Mumbai,Salaried - Government,736000.0,626,Verified
CUST101083,48,Female,Kolkata,Business Owner,1386000.0,634,Verified
CUST101084,30,Female,Jaipur,Homemaker,1746000.0,653,Verified
CUST101085,62,Female,Nagpur,Salaried - Government,826000.0,819,Verified
CUST101086,60,Male,Indore,Student,,815,Incomplete
CUST101087,69,Male,Kolkata,Homemaker,180000.0,882,Verified
CUST101088,52,Female,Kolkata,Retired,1289000.0,666,Verified
CUST101089,27,Male,Indore,Salaried - Government,652000.0,471,Verified
CUST101090,45,Female,Patna,Homemaker,2231000.0,417,Verified
CUST101091,42,Male,Chennai,Homemaker,567000.0,809,Verified
CUST101092,62,Female,Bhopal,Self-Employed,1847000.0,848,Verified
CUST101093,40,Male,Bhopal,Professional,1237000.0,322,Verified
CUST101094,37,Male,Chennai,Salaried - Private,437000.0,429,Verified
CUST101095,24,Female,Coimbatore,Business Owner,,707,Verified
CUST101096,61,Female,Hyderabad,Salaried - Government,1247000.0,399,Verified
CUST101097,58,Female,Jaipur,Professional,799000.0,330,Incomplete
CUST101098,23,Female,Ahmedabad,Professional,1277000.0,898,Verified
CUST101099,42,Male,Bhopal,Professional,1267000.0,357,Verified
CUST101100,44,Male,Indore,Retired,1168000.0,428,Incomplete
CUST101101,43,Male,Pune,Student,893000.0,893,Pending
CUST101102,66,Male,Pune,Salaried - Government,371000.0,360,Verified
CUST101103,28,Male,Patna,Salaried - Government,,779,Verified
CUST101104,36,Female,Coimbatore,Salaried - Government,979000.0,637,Verified
CUST101105,29,Male,Indore,Student,180000.0,623,Verified
CUST101106,32,Male,Patna,Salaried - Private,976000.0,796,Verified
CUST101107,65,Male,Bhopal,Salaried - Private,856000.0,312,Verified
CUST101108,67,Male,Patna,Salaried - Government,317000.0,336,Verified
CUST101109,23,Male,Coimbatore,Homemaker,750000.0,417,Verified
CUST101110,51,Female,Mumbai,Professional,760000.0,594,Verified
CUST101111,32,Male,Jaipur,Student,1769000.0,877,Verified
CUST101112,30,Female,Mumbai,Salaried - Government,999000.0,341,Verified
CUST101113,35,Female,Jaipur,Business Owner,1366000.0,552,Verified
CUST101114,30,Female,Pune,Professional,847000.0,557,Verified
CUST101115,45,Female,Hyderabad,Salaried - Private,180000.0,417,Verified
CUST101116,69,Male,Indore,Student,1203000.0,506,Verified
CUST101117,49,Male,Bhopal,Homemaker,604000.0,420,Pending
CUST101118,56,Male,Jaipur,Salaried - Government,749000.0,382,Incomplete
CUST101119,45,Female,Indore,Homemaker,426000.0,612,Verified
CUST101120,21,Female,Delhi,Business Owner,933000.0,858,Pending
CUST101121,25,Male,Lucknow,Self-Employed,1379000.0,542,Verified
CUST101122,34,Male,Bengaluru,Student,1320000.0,680,Verified
CUST101123,32,Female,Chennai,Professional,1614000.0,702,Verified
CUST101124,62,Female,Bengaluru,Salaried - Government,1678000.0,805,Verified
CUST101125,62,Male,Jaipur,Homemaker,180000.0,794,Verified
CUST101126,62,Female,Lucknow,Retired,363000.0,843,Verified
CUST101127,52,Female,Patna,Salaried - Government,180000.0,788,Pending
CUST101128,48,Female,Kolkata,Retired,1184000.0,858,Pending
CUST101129,52,Male,Coimbatore,Retired,588000.0,879,Incomplete
CUST101130,40,Male,Pune,Self-Employed,680000.0,748,Verified
CUST101131,53,Female,Bengaluru,Business Owner,803000.0,595,Incomplete
CUST101132,59,Female,Mumbai,Homemaker,1072000.0,484,Verified
CUST101133,58,Male,Delhi,Salaried - Government,232000.0,642,Verified
CUST101134,51,Female,Kolkata,Retired,334000.0,797,Verified
CUST101135,23,Male,Kolkata,Homemaker,901000.0,752,Pending
CUST101136,56,Female,Nagpur,Student,1439000.0,612,Verified
CUST101137,38,Male,Delhi,Self-Employed,889000.0,345,Verified
CUST101138,57,Female,Chennai,Self-Employed,544000.0,462,Incomplete
CUST101139,47,Male,Coimbatore,Student,180000.0,646,Verified
CUST101140,64,Male,Mumbai,Business Owner,1329000.0,531,Verified
CUST101141,37,Male,Kolkata,Professional,569000.0,573,Verified
CUST101142,66,Female,Bengaluru,Professional,384000.0,480,Verified
CUST101143,62,Male,Jaipur,Professional,180000.0,345,Verified
CUST101144,37,Male,Coimbatore,Professional,252000.0,579,Verified
CUST101145,44,Female,Chennai,Business Owner,467000.0,566,Verified
CUST101146,47,Male,Pune,Business Owner,793000.0,768,Verified
CUST101147,58,Male,Kolkata,Business Owner,356000.0,367,Verified
CUST101148,54,Male,Patna,Retired,984000.0,590,Verified
CUST101149,62,Female,Coimbatore,Homemaker,789000.0,812,Verified
CUST101150,39,Male,Delhi,Professional,1900000.0,460,Verified
CUST101151,45,Male,Ahmedabad,Retired,180000.0,489,Verified
CUST101152,42,Male,Patna,Business Owner,973000.0,352,Verified
CUST101153,65,Male,Mumbai,Homemaker,978000.0,644,Verified
CUST101154,35,Male,Nagpur,Business Owner,436000.0,813,Incomplete
CUST101155,49,Male,Chennai,Business Owner,943000.0,588,Verified
CUST101156,26,Male,Ahmedabad,Salaried - Private,1246000.0,550,Verified
CUST101157,62,Male,Coimbatore,Self-Employed,943000.0,749,Verified
CUST101158,39,Female,Lucknow,Retired,1523000.0,565,Verified
CUST101159,37,Male,Coimbatore,Salaried - Private,180000.0,539,Verified
CUST101160,49,Male,Lucknow,Salaried - Government,521000.0,758,Incomplete
CUST101161,45,Female,Chennai,Homemaker,1564000.0,470,Verified
CUST101162,62,Female,Bhopal,Homemaker,1310000.0,809,Verified
CUST101163,47,Female,Lucknow,Business Owner,1143000.0,460,Verified
CUST101164,46,Male,Hyderabad,Business Owner,1455000.0,606,Verified
CUST101165,26,Male,Delhi,Professional,180000.0,450,Verified
CUST101166,22,Male,Lucknow,Homemaker,1258000.0,679,Verified
CUST101167,40,Male,Jaipur,Business Owner,1379000.0,560,Verified
CUST101168,69,Male,Patna,Salaried - Government,604000.0,443,Verified
CUST101169,65,Male,Delhi,Business Owner,2083000.0,746,Pending
CUST101170,51,Male,Jaipur,Self-Employed,988000.0,861,Verified
CUST101171,51,Female,Nagpur,Retired,180000.0,316,Verified
CUST101172,40,Male,Indore,Salaried - Government,1072000.0,640,Verified
CUST101173,29,Male,Coimbatore,Professional,576000.0,731,Verified
CUST101174,21,Female,Chennai,Salaried - Government,1424000.0,731,Verified
CUST101175,37,Female,Bengaluru,Student,1147000.0,432,Verified
CUST101176,36,Male,Jaipur,Retired,631000.0,368,Verified
CUST101177,30,Male,Kolkata,Salaried - Government,1576000.0,608,Pending
CUST101178,33,Male,Chennai,Student,1323000.0,682,Verified
CUST101179,22,Male,Delhi,Professional,527000.0,473,Verified
CUST101180,50,Female,Bengaluru,Professional,832000.0,521,Verified
CUST101181,66,Male,Pune,Salaried - Private,1133000.0,619,Verified
CUST101182,54,Male,Patna,Salaried - Government,736000.0,570,Verified
CUST101183,42,Male,Mumbai,Homemaker,750000.0,590,Verified
CUST101184,41,Male,Delhi,Business Owner,917000.0,709,Verified
CUST101185,36,Male,Chennai,Professional,420000.0,890,Verified
CUST101186,27,Male,Indore,Student,,777,Verified
CUST101187,50,Female,Coimbatore,Business Owner,1008000.0,304,Verified
CUST101188,48,Female,Kolkata,Business Owner,180000.0,509,Verified
CUST101189,21,Male,Mumbai,Homemaker,453000.0,305,Verified
CUST101190,41,Male,Mumbai,Salaried - Private,180000.0,823,Incomplete
CUST101191,34,Female,Nagpur,Business Owner,180000.0,686,Verified
CUST101192,29,Male,Kolkata,Homemaker,1092000.0,431,Verified
CUST101193,55,Male,Delhi,Salaried - Government,800000.0,803,Verified
CUST101194,46,Female,Nagpur,Self-Employed,784000.0,637,Verified
CUST101195,52,Male,Ahmedabad,Business Owner,308000.0,330,Verified
CUST101196,55,Male,Pune,Salaried - Private,605000.0,390,Pending
CUST101197,69,Male,Kolkata,Salaried - Private,1069000.0,785,Verified
CUST101198,60,Male,Chennai,Self-Employed,877000.0,473,Verified
CUST101199,51,Male,Indore,Student,1270000.0,614,Verified
CUST101200,64,Female,Patna,Salaried - Government,1334000.0,837,Verified
CUST101201,44,Male,Bengaluru,Retired,787000.0,473,Verified
CUST101202,69,Male,Patna,Business Owner,180000.0,306,Verified
CUST101203,58,Female,Bengaluru,Homemaker,,350,Verified
CUST101204,52,Male,Kolkata,Self-Employed,856000.0,849,Verified
CUST101205,65,Male,Patna,Homemaker,551000.0,659,Verified
CUST101206,46,Male,Mumbai,Self-Employed,425000.0,497,Verified
CUST101207,56,Female,Bhopal,Homemaker,931000.0,347,Pending
CUST101208,34,Male,Chennai,Homemaker,1994000.0,717,Verified
CUST101209,68,Female,Bhopal,Business Owner,680000.0,323,Verified
CUST101210,51,Female,Ahmedabad,Retired,899000.0,355,Pending
CUST101211,59,Female,Mumbai,Salaried - Private,,656,Verified
CUST101212,43,Female,Patna,Business Owner,1460000.0,684,Verified
CUST101213,63,Female,Chennai,Self-Employed,1294000.0,641,Verified
CUST101214,24,Female,Coimbatore,Student,1263000.0,845,Verified
CUST101215,26,Female,Nagpur,Student,1512000.0,461,Incomplete
CUST101216,45,Female,Bengaluru,Homemaker,708000.0,633,Verified
CUST101217,56,Female,Lucknow,Student,764000.0,483,Verified
CUST101218,60,Female,Pune,Student,1669000.0,517,Verified
CUST101219,42,Male,Lucknow,Homemaker,1185000.0,390,Verified
CUST101220,52,Female,Jaipur,Professional,180000.0,776,Verified
CUST101221,48,Male,Hyderabad,Salaried - Government,1105000.0,722,Verified
CUST101222,68,Female,Lucknow,Homemaker,638000.0,727,Verified
CUST101223,53,Male,Chennai,Salaried - Government,1304000.0,385,Verified
CUST101224,41,Female,Indore,Salaried - Government,1084000.0,370,Verified
CUST101225,68,Female,Coimbatore,Student,180000.0,769,Verified
CUST101226,26,Female,Bengaluru,Salaried - Private,1021000.0,699,Verified
CUST101227,69,Male,Bhopal,Salaried - Government,,317,Verified
CUST101228,28,Female,Indore,Professional,1064000.0,698,Verified
CUST101229,35,Female,Delhi,Professional,1159000.0,888,Verified
CUST101230,61,Female,Patna,Salaried - Private,1573000.0,751,Verified
CUST101231,56,Female,Coimbatore,Business Owner,1086000.0,466,Incomplete
CUST101232,68,Male,Chennai,Salaried - Government,910000.0,489,Incomplete
CUST101233,57,Male,Jaipur,Self-Employed,1417000.0,751,Verified
CUST101234,52,Male,Patna,Salaried - Government,1909000.0,540,Verified
CUST101235,37,Female,Pune,Retired,1312000.0,742,Pending
CUST101236,21,Male,Chennai,Business Owner,993000.0,876,Verified
CUST101237,27,Female,Pune,Student,1095000.0,543,Verified
CUST101238,35,Female,Pune,Salaried - Private,1015000.0,644,Verified
CUST101239,23,Male,Bhopal,Homemaker,908000.0,593,Verified
CUST101240,45,Male,Pune,Student,1874000.0,605,Verified
CUST101241,59,Male,Pune,Business Owner,563000.0,345,Verified
CUST101242,68,Female,Coimbatore,Retired,1420000.0,892,Verified
CUST101243,44,Male,Jaipur,Business Owner,843000.0,624,Verified
CUST101244,63,Male,Indore,Professional,234000.0,437,Verified
CUST101245,69,Female,Bhopal,Student,815000.0,644,Verified
CUST101246,63,Male,Indore,Professional,654000.0,538,Pending
CUST101247,43,Female,Bengaluru,Professional,1160000.0,793,Verified
CUST101248,36,Male,Coimbatore,Student,941000.0,755,Verified
CUST101249,68,Male,Coimbatore,Business Owner,440000.0,529,Verified
CUST101250,32,Male,Mumbai,Salaried - Government,1562000.0,727,Verified
CUST101251,41,Male,Pune,Retired,1391000.0,319,Verified
CUST101252,24,Male,Kolkata,Retired,1614000.0,880,Verified
CUST101253,59,Female,Kolkata,Salaried - Government,1007000.0,606,Verified
CUST101254,52,Male,Patna,Retired,884000.0,692,Pending
CUST101255,25,Male,Bhopal,Salaried - Private,1217000.0,687,Verified
CUST101256,31,Male,Chennai,Self-Employed,640000.0,487,Verified
CUST101257,48,Male,Lucknow,Homemaker,,713,Pending
CUST101258,47,Female,Coimbatore,Professional,821000.0,538,Verified
CUST101259,60,Male,Kolkata,Professional,243000.0,708,Verified
CUST101260,34,Female,Indore,Professional,957000.0,353,Verified
CUST101261,66,Male,Lucknow,Salaried - Government,,387,Pending
CUST101262,42,Male,Indore,Student,791000.0,854,Verified
CUST101263,61,Male,Indore,Self-Employed,1064000.0,741,Verified
CUST101264,32,Male,Mumbai,Homemaker,1473000.0,377,Verified
CUST101265,22,Female,Nagpur,Student,518000.0,428,Verified
CUST101266,23,Male,Bengaluru,Salaried - Government,749000.0,627,Verified
CUST101267,39,Male,Nagpur,Retired,556000.0,303,Pending
CUST101268,67,Female,Nagpur,Salaried - Private,,540,Verified
CUST101269,23,Female,Chennai,Retired,632000.0,495,Incomplete
CUST101270,39,Female,Mumbai,Business Owner,812000.0,380,Verified
CUST101271,26,Female,Kolkata,Salaried - Private,1164000.0,479,Verified
CUST101272,66,Female,Hyderabad,Retired,1044000.0,475,Verified
CUST101273,54,Female,Jaipur,Student,424000.0,340,Verified
CUST101274,58,Female,Delhi,Salaried - Private,1482000.0,680,Verified
CUST101275,55,Male,Mumbai,Student,1325000.0,463,Verified
CUST101276,53,Female,Kolkata,Homemaker,494000.0,318,Verified
CUST101277,58,Male,Patna,Professional,1451000.0,313,Verified
CUST101278,21,Female,Hyderabad,Student,1047000.0,879,Verified
CUST101279,63,Female,Hyderabad,Self-Employed,,370,Verified
CUST101280,57,Male,Bengaluru,Retired,1061000.0,845,Verified
CUST101281,57,Female,Hyderabad,Retired,888000.0,399,Verified
CUST101282,40,Female,Hyderabad,Professional,1145000.0,350,Verified
CUST101283,60,Male,Chennai,Homemaker,984000.0,627,Pending
CUST101284,39,Male,Pune,Student,748000.0,821,Verified
CUST101285,23,Female,Hyderabad,Homemaker,180000.0,342,Verified
CUST101286,65,Female,Bhopal,Professional,1137000.0,497,Verified
CUST101287,32,Male,Pune,Student,732000.0,751,Verified
CUST101288,25,Male,Patna,Professional,1250000.0,340,Verified
CUST101289,51,Female,Lucknow,Retired,1117000.0,401,Pending
CUST101290,32,Male,Lucknow,Salaried - Government,744000.0,483,Verified
CUST101291,63,Male,Jaipur,Self-Employed,1360000.0,783,Pending
CUST101292,42,Male,Indore,Student,992000.0,785,Verified
CUST101293,21,Male,Chennai,Business Owner,974000.0,725,Incomplete
CUST101294,67,Male,Coimbatore,Professional,838000.0,699,Verified
CUST101295,46,Female,Chennai,Homemaker,1658000.0,315,Verified
CUST101296,33,Female,Bengaluru,Self-Employed,579000.0,443,Incomplete
CUST101297,54,Female,Nagpur,Self-Employed,755000.0,853,Verified
CUST101298,46,Male,Indore,Salaried - Private,343000.0,731,Verified
CUST101299,22,Male,Delhi,Salaried - Government,1227000.0,444,Verified
CUST101300,58,Male,Jaipur,Professional,638000.0,724,Verified
CUST101301,40,Male,Ahmedabad,Retired,688000.0,734,Pending
CUST101302,55,Male,Chennai,Self-Employed,667000.0,745,Verified
CUST101303,64,Male,Ahmedabad,Business Owner,928000.0,888,Verified
CUST101304,50,Male,Bhopal,Salaried - Government,337000.0,624,Verified
CUST101305,53,Male,Jaipur,Homemaker,180000.0,335,Verified
CUST101306,33,Female,Ahmedabad,Professional,1106000.0,791,Verified
CUST101307,32,Female,Indore,Salaried - Government,180000.0,308,Verified
CUST101308,41,Female,Chennai,Professional,1284000.0,684,Verified
CUST101309,62,Female,Lucknow,Self-Employed,,777,Verified
CUST101310,46,Male,Hyderabad,Homemaker,826000.0,375,Verified
CUST101311,38,Male,Coimbatore,Self-Employed,1485000.0,778,Verified
CUST101312,59,Male,Chennai,Homemaker,889000.0,786,Verified
CUST101313,62,Male,Indore,Retired,1620000.0,692,Verified
CUST101314,65,Male,Lucknow,Salaried - Government,695000.0,494,Verified
CUST101315,35,Male,Chennai,Homemaker,180000.0,421,Pending
CUST101316,55,Male,Patna,Retired,864000.0,723,Verified
CUST101317,49,Male,Chennai,Business Owner,1669000.0,394,Verified
CUST101318,42,Female,Chennai,Salaried - Government,1141000.0,705,Verified
CUST101319,40,Female,Pune,Business Owner,668000.0,401,Verified
CUST101320,26,Female,Bhopal,Professional,1048000.0,501,Verified
CUST101321,34,Female,Pune,Salaried - Government,1337000.0,603,Verified
CUST101322,47,Male,Jaipur,Self-Employed,861000.0,397,Verified
CUST101323,64,Male,Jaipur,Retired,2082000.0,776,Verified
CUST101324,63,Female,Bengaluru,Professional,667000.0,716,Verified
CUST101325,30,Male,Chennai,Student,1351000.0,309,Verified
CUST101326,54,Male,Hyderabad,Salaried - Government,1243000.0,809,Verified
CUST101327,25,Male,Chennai,Homemaker,585000.0,730,Verified
CUST101328,54,Female,Indore,Business Owner,709000.0,802,Pending
CUST101329,37,Female,Pune,Salaried - Government,1358000.0,661,Verified
CUST101330,43,Male,Kolkata,Student,965000.0,675,Verified
CUST101331,56,Female,Bhopal,Professional,1052000.0,530,Incomplete
CUST101332,41,Male,Patna,Professional,180000.0,436,Verified
CUST101333,60,Male,Bhopal,Self-Employed,1195000.0,441,Verified
CUST101334,47,Male,Jaipur,Student,1029000.0,489,Pending
CUST101335,69,Male,Coimbatore,Salaried - Private,871000.0,474,Incomplete
CUST101336,52,Female,Indore,Salaried - Private,,752,Verified
CUST101337,35,Male,Chennai,Salaried - Government,716000.0,614,Verified
CUST101338,58,Female,Bengaluru,Retired,634000.0,546,Verified
CUST101339,40,Male,Pune,Salaried - Private,791000.0,735,Pending
CUST101340,47,Female,Nagpur,Homemaker,691000.0,739,Pending
CUST101341,27,Female,Coimbatore,Salaried - Government,1881000.0,860,Verified
CUST101342,26,Female,Bhopal,Retired,1310000.0,485,Pending
CUST101343,49,Female,Bhopal,Homemaker,464000.0,445,Verified
CUST101344,30,Female,Chennai,Student,1816000.0,303,Verified
CUST101345,69,Male,Jaipur,Self-Employed,705000.0,395,Verified
CUST101346,62,Female,Bengaluru,Salaried - Private,913000.0,662,Verified
CUST101347,55,Female,Jaipur,Homemaker,1304000.0,785,Incomplete
CUST101348,57,Male,Bengaluru,Business Owner,180000.0,660,Verified
CUST101349,50,Male,Delhi,Student,793000.0,895,Verified
CUST101350,23,Male,Coimbatore,Salaried - Government,642000.0,676,Verified
CUST101351,40,Male,Indore,Professional,992000.0,829,Verified
CUST101352,45,Male,Bhopal,Salaried - Private,1067000.0,460,Verified
CUST101353,65,Male,Lucknow,Business Owner,865000.0,494,Incomplete
CUST101354,31,Female,Chennai,Salaried - Private,,786,Verified
CUST101355,45,Male,Jaipur,Homemaker,1379000.0,696,Verified
CUST101356,37,Female,Patna,Professional,1036000.0,592,Verified
CUST101357,27,Male,Jaipur,Salaried - Private,919000.0,873,Verified
CUST101358,26,Female,Hyderabad,Business Owner,967000.0,757,Incomplete
CUST101359,38,Male,Pune,Business Owner,1726000.0,477,Verified
CUST101360,25,Male,Nagpur,Retired,978000.0,666,Pending
CUST101361,24,Male,Chennai,Business Owner,668000.0,537,Verified
CUST101362,38,Female,Coimbatore,Business Owner,180000.0,549,Verified
CUST101363,30,Male,Patna,Homemaker,255000.0,783,Pending
CUST101364,48,Female,Indore,Professional,690000.0,707,Pending
CUST101365,21,Male,Ahmedabad,Homemaker,851000.0,307,Verified
CUST101366,35,Male,Chennai,Student,650000.0,644,Verified
CUST101367,43,Male,Mumbai,Homemaker,1058000.0,688,Verified
CUST101368,68,Female,Jaipur,Student,644000.0,606,Verified
CUST101369,52,Male,Pune,Retired,488000.0,479,Incomplete
CUST101370,64,Male,Delhi,Professional,1176000.0,689,Verified
CUST101371,37,Male,Indore,Professional,1516000.0,868,Verified
CUST101372,43,Male,Coimbatore,Salaried - Government,402000.0,351,Verified
CUST101373,41,Male,Pune,Homemaker,1010000.0,661,Verified
CUST101374,64,Female,Bhopal,Retired,180000.0,846,Verified
CUST101375,68,Male,Kolkata,Homemaker,236000.0,540,Verified
CUST101376,68,Male,Ahmedabad,Retired,635000.0,501,Incomplete
CUST101377,57,Female,Lucknow,Business Owner,1411000.0,448,Verified
CUST101378,45,Male,Kolkata,Self-Employed,550000.0,434,Incomplete
CUST101379,47,Male,Nagpur,Student,533000.0,534,Verified
CUST101380,69,Female,Bengaluru,Retired,916000.0,763,Verified
CUST101381,34,Female,Bhopal,Homemaker,917000.0,409,Verified
CUST101382,37,Female,Coimbatore,Professional,547000.0,438,Verified
CUST101383,64,Male,Nagpur,Professional,1794000.0,899,Verified
CUST101384,39,Female,Mumbai,Salaried - Private,781000.0,897,Verified
CUST101385,32,Male,Delhi,Salaried - Private,951000.0,436,Verified
CUST101386,48,Female,Lucknow,Retired,719000.0,552,Verified
CUST101387,36,Female,Indore,Salaried - Government,1098000.0,542,Verified
CUST101388,64,Female,Nagpur,Salaried - Private,1456000.0,477,Verified
CUST101389,65,Male,Indore,Homemaker,1649000.0,391,Verified
CUST101390,35,Male,Bengaluru,Professional,557000.0,337,Verified
CUST101391,46,Female,Ahmedabad,Salaried - Private,1395000.0,668,Verified
CUST101392,69,Male,Bhopal,Business Owner,1147000.0,325,Verified
CUST101393,57,Male,Lucknow,Business Owner,1339000.0,672,Pending
CUST101394,31,Female,Patna,Salaried - Private,859000.0,357,Verified
CUST101395,49,Female,Chennai,Professional,816000.0,392,Verified
CUST101396,51,Male,Kolkata,Business Owner,1321000.0,303,Pending
CUST101397,53,Male,Kolkata,Student,1330000.0,538,Incomplete
CUST101398,22,Male,Coimbatore,Salaried - Private,1605000.0,496,Verified
CUST101399,35,Male,Chennai,Homemaker,989000.0,499,Verified
CUST101400,62,Male,Hyderabad,Salaried - Private,852000.0,486,Verified
CUST101401,32,Female,Mumbai,Homemaker,180000.0,862,Incomplete
CUST101402,35,Female,Bengaluru,Homemaker,180000.0,558,Verified
CUST101403,36,Male,Coimbatore,Business Owner,723000.0,785,Verified
CUST101404,29,Male,Nagpur,Self-Employed,405000.0,439,Pending
CUST101405,28,Female,Chennai,Salaried - Government,1266000.0,589,Verified
CUST101406,38,Female,Bhopal,Self-Employed,310000.0,337,Verified
CUST101407,63,Female,Jaipur,Retired,674000.0,455,Verified
CUST101408,21,Male,Indore,Retired,692000.0,342,Verified
CUST101409,34,Female,Hyderabad,Salaried - Government,1442000.0,312,Verified
CUST101410,23,Male,Coimbatore,Salaried - Private,626000.0,409,Verified
CUST101411,48,Male,Pune,Professional,1104000.0,395,Verified
CUST101412,33,Female,Bhopal,Professional,988000.0,489,Verified
CUST101413,59,Male,Pune,Student,1306000.0,746,Verified
CUST101414,49,Male,Bhopal,Homemaker,1283000.0,388,Verified
CUST101415,59,Male,Pune,Professional,885000.0,666,Verified
CUST101416,52,Male,Nagpur,Professional,180000.0,519,Verified
CUST101417,42,Male,Lucknow,Retired,796000.0,541,Verified
CUST101418,63,Female,Hyderabad,Business Owner,891000.0,853,Verified
CUST101419,44,Male,Coimbatore,Retired,1029000.0,578,Verified
CUST101420,67,Male,Bhopal,Salaried - Government,568000.0,456,Verified
CUST101421,69,Female,Kolkata,Homemaker,1413000.0,442,Verified
CUST101422,49,Male,Bengaluru,Homemaker,906000.0,401,Verified
CUST101423,54,Female,Coimbatore,Business Owner,486000.0,781,Pending
CUST101424,33,Male,Patna,Business Owner,694000.0,698,Verified
CUST101425,60,Male,Bhopal,Business Owner,1768000.0,460,Verified
CUST101426,53,Male,Nagpur,Homemaker,1199000.0,594,Verified
CUST101427,65,Female,Lucknow,Salaried - Government,1372000.0,603,Incomplete
CUST101428,34,Male,Chennai,Self-Employed,431000.0,328,Verified
CUST101429,59,Female,Chennai,Professional,590000.0,845,Verified
CUST101430,44,Male,Delhi,Retired,593000.0,772,Verified
CUST101431,30,Female,Mumbai,Self-Employed,983000.0,621,Verified
CUST101432,29,Male,Bhopal,Salaried - Private,822000.0,729,Verified
CUST101433,48,Male,Nagpur,Professional,680000.0,365,Verified
CUST101434,36,Male,Bengaluru,Retired,736000.0,886,Verified
CUST101435,25,Male,Jaipur,Homemaker,543000.0,684,Verified
CUST101436,41,Male,Delhi,Salaried - Private,819000.0,862,Verified
CUST101437,52,Female,Kolkata,Salaried - Private,1401000.0,818,Verified
CUST101438,36,Male,Patna,Business Owner,219000.0,650,Verified
CUST101439,67,Male,Nagpur,Professional,1056000.0,473,Incomplete
CUST101440,59,Male,Coimbatore,Salaried - Private,1521000.0,711,Verified
CUST101441,46,Male,Hyderabad,Salaried - Government,818000.0,607,Verified
CUST101442,66,Male,Coimbatore,Business Owner,662000.0,545,Verified
CUST101443,42,Female,Patna,Self-Employed,1316000.0,726,Verified
CUST101444,27,Male,Pune,Retired,457000.0,833,Verified
CUST101445,22,Female,Hyderabad,Salaried - Private,890000.0,402,Pending
CUST101446,66,Male,Delhi,Student,432000.0,631,Verified
CUST101447,68,Male,Indore,Salaried - Government,180000.0,767,Incomplete
CUST101448,57,Female,Chennai,Business Owner,832000.0,495,Verified
CUST101449,26,Male,Hyderabad,Student,331000.0,505,Incomplete
CUST101450,35,Male,Kolkata,Retired,895000.0,305,Verified
CUST101451,23,Female,Bengaluru,Student,1402000.0,493,Verified
CUST101452,23,Female,Nagpur,Salaried - Private,1734000.0,651,Verified
CUST101453,33,Female,Bhopal,Retired,942000.0,882,Verified
CUST101454,49,Male,Bengaluru,Salaried - Private,1359000.0,615,Verified
CUST101455,24,Female,Bengaluru,Professional,1080000.0,474,Verified
CUST101456,69,Female,Mumbai,Self-Employed,728000.0,787,Verified
CUST101457,43,Female,Coimbatore,Homemaker,,412,Verified
CUST101458,33,Male,Kolkata,Salaried - Private,1632000.0,412,Pending
CUST101459,46,Male,Lucknow,Student,428000.0,612,Verified
CUST101460,59,Male,Bengaluru,Business Owner,1522000.0,789,Verified
CUST101461,36,Male,Chennai,Professional,1142000.0,427,Verified
CUST101462,23,Female,Jaipur,Professional,461000.0,309,Verified
CUST101463,23,Male,Chennai,Salaried - Private,1040000.0,734,Pending
CUST101464,62,Male,Lucknow,Self-Employed,1860000.0,652,Pending
CUST101465,26,Male,Indore,Retired,1591000.0,711,Verified
CUST101466,52,Male,Hyderabad,Student,669000.0,538,Verified
CUST101467,39,Male,Lucknow,Student,580000.0,371,Incomplete
CUST101468,59,Male,Indore,Professional,945000.0,498,Verified
CUST101469,23,Male,Indore,Self-Employed,,581,Pending
CUST101470,64,Female,Mumbai,Business Owner,1440000.0,559,Verified
CUST101471,55,Male,Delhi,Business Owner,1233000.0,833,Verified
CUST101472,43,Male,Coimbatore,Business Owner,180000.0,434,Verified
CUST101473,31,Male,Indore,Self-Employed,1106000.0,487,Verified
CUST101474,68,Male,Hyderabad,Homemaker,819000.0,410,Pending
CUST101475,35,Male,Ahmedabad,Business Owner,917000.0,642,Verified
CUST101476,45,Male,Jaipur,Salaried - Private,1012000.0,783,Verified
CUST101477,40,Male,Bhopal,Retired,1439000.0,829,Verified
CUST101478,32,Male,Patna,Retired,1340000.0,436,Verified
CUST101479,41,Female,Pune,Business Owner,563000.0,557,Incomplete
CUST101480,28,Male,Indore,Retired,874000.0,742,Verified
CUST101481,21,Male,Mumbai,Student,698000.0,327,Verified
CUST101482,35,Female,Mumbai,Student,180000.0,726,Verified
CUST101483,26,Male,Coimbatore,Homemaker,851000.0,380,Pending
CUST101484,41,Male,Bengaluru,Professional,1730000.0,320,Verified
CUST101485,63,Male,Coimbatore,Salaried - Private,180000.0,367,Verified
CUST101486,28,Male,Hyderabad,Professional,889000.0,828,Verified
CUST101487,21,Male,Pune,Homemaker,875000.0,708,Verified
CUST101488,26,Female,Mumbai,Homemaker,1029000.0,773,Verified
CUST101489,45,Female,Coimbatore,Homemaker,467000.0,714,Verified
CUST101490,34,Female,Pune,Student,259000.0,777,Verified
CUST101491,44,Male,Bengaluru,Professional,280000.0,597,Pending
CUST101492,22,Male,Ahmedabad,Salaried - Private,,785,Verified
CUST101493,37,Male,Bengaluru,Business Owner,,333,Verified
CUST101494,41,Male,Patna,Self-Employed,675000.0,649,Pending
CUST101495,42,Male,Delhi,Homemaker,1847000.0,753,Verified
CUST101496,48,Male,Ahmedabad,Homemaker,570000.0,896,Verified
CUST101497,59,Male,Pune,Business Owner,1054000.0,515,Pending
CUST101498,43,Male,Mumbai,Business Owner,1379000.0,407,Verified
CUST101499,62,Male,Mumbai,Salaried - Government,1357000.0,732,Verified
CUST101500,46,Female,Ahmedabad,Salaried - Private,301000.0,343,Verified
CUST101501,33,Male,Pune,Self-Employed,579000.0,765,Verified
CUST101502,32,Female,Delhi,Salaried - Government,1036000.0,722,Incomplete
CUST101503,36,Male,Bengaluru,Self-Employed,1768000.0,714,Verified
CUST101504,50,Male,Nagpur,Student,557000.0,476,Verified
CUST101505,32,Male,Bhopal,Retired,678000.0,372,Incomplete
CUST101506,65,Male,Lucknow,Professional,1089000.0,664,Incomplete
CUST101507,44,Male,Nagpur,Salaried - Government,1179000.0,517,Verified
CUST101508,63,Male,Delhi,Homemaker,1206000.0,535,Verified
CUST101509,54,Female,Bhopal,Retired,519000.0,412,Verified
CUST101510,37,Male,Patna,Professional,661000.0,500,Verified
CUST101511,32,Male,Chennai,Business Owner,997000.0,799,Pending
CUST101512,57,Female,Jaipur,Professional,1468000.0,835,Verified
CUST101513,37,Male,Patna,Homemaker,793000.0,509,Verified
CUST101514,33,Male,Lucknow,Retired,890000.0,385,Verified
CUST101515,66,Male,Chennai,Business Owner,438000.0,320,Verified
CUST101516,44,Male,Lucknow,Retired,1738000.0,413,Verified
CUST101517,23,Male,Patna,Student,969000.0,305,Verified
CUST101518,45,Male,Mumbai,Self-Employed,,700,Verified
CUST101519,43,Female,Jaipur,Student,913000.0,685,Verified
CUST101520,63,Male,Ahmedabad,Professional,938000.0,769,Verified
CUST101521,55,Male,Pune,Salaried - Government,225000.0,499,Pending
CUST101522,30,Male,Mumbai,Student,180000.0,799,Verified
CUST101523,28,Female,Delhi,Retired,1463000.0,401,Verified
CUST101524,50,Female,Patna,Business Owner,935000.0,438,Verified
CUST101525,23,Female,Nagpur,Salaried - Government,993000.0,849,Verified
CUST101526,36,Female,Kolkata,Student,338000.0,829,Verified
CUST101527,27,Female,Coimbatore,Homemaker,494000.0,659,Incomplete
CUST101528,22,Male,Indore,Salaried - Private,1378000.0,665,Verified
CUST101529,66,Female,Lucknow,Retired,,720,Verified
CUST101530,25,Male,Jaipur,Salaried - Private,620000.0,793,Verified
CUST101531,21,Male,Coimbatore,Self-Employed,1202000.0,438,Incomplete
CUST101532,66,Female,Lucknow,Professional,986000.0,341,Verified
CUST101533,30,Male,Coimbatore,Salaried - Government,846000.0,411,Verified
CUST101534,61,Male,Coimbatore,Professional,1733000.0,514,Verified
CUST101535,22,Male,Bengaluru,Business Owner,696000.0,441,Verified
CUST101536,28,Male,Lucknow,Professional,1458000.0,614,Verified
CUST101537,26,Female,Bhopal,Homemaker,1072000.0,382,Verified
CUST101538,55,Male,Nagpur,Salaried - Government,892000.0,646,Verified
CUST101539,51,Female,Pune,Homemaker,1517000.0,726,Verified
CUST101540,44,Male,Nagpur,Salaried - Government,1031000.0,359,Verified
CUST101541,32,Female,Ahmedabad,Salaried - Private,857000.0,472,Verified
CUST101542,25,Male,Pune,Business Owner,1521000.0,623,Verified
CUST101543,48,Female,Bengaluru,Self-Employed,1462000.0,339,Verified
CUST101544,32,Male,Hyderabad,Salaried - Government,1441000.0,699,Verified
CUST101545,49,Male,Coimbatore,Business Owner,180000.0,752,Verified
CUST101546,54,Male,Bhopal,Homemaker,1098000.0,516,Verified
CUST101547,62,Male,Bhopal,Professional,995000.0,305,Verified
CUST101548,45,Male,Indore,Retired,884000.0,600,Verified
CUST101549,21,Female,Hyderabad,Salaried - Government,1174000.0,821,Verified
CUST101550,34,Female,Lucknow,Salaried - Private,1017000.0,475,Verified
CUST101551,62,Female,Pune,Self-Employed,1205000.0,809,Verified
CUST101552,47,Male,Nagpur,Homemaker,779000.0,822,Verified
CUST101553,51,Male,Kolkata,Student,1574000.0,468,Pending
CUST101554,43,Female,Nagpur,Salaried - Private,1251000.0,659,Incomplete
CUST101555,28,Female,Patna,Business Owner,1144000.0,325,Verified
CUST101556,64,Male,Patna,Business Owner,1122000.0,630,Verified
CUST101557,58,Female,Indore,Retired,1421000.0,827,Verified
CUST101558,69,Male,Patna,Salaried - Government,1360000.0,866,Verified
CUST101559,62,Female,Hyderabad,Business Owner,849000.0,419,Verified
CUST101560,35,Female,Ahmedabad,Homemaker,1346000.0,698,Incomplete
CUST101561,33,Female,Ahmedabad,Business Owner,978000.0,339,Verified
CUST101562,33,Male,Mumbai,Homemaker,1763000.0,467,Verified
CUST101563,66,Female,Jaipur,Professional,1394000.0,801,Verified
CUST101564,48,Male,Kolkata,Professional,618000.0,685,Verified
CUST101565,43,Female,Pune,Self-Employed,1949000.0,535,Verified
CUST101566,68,Male,Delhi,Student,180000.0,876,Verified
CUST101567,50,Female,Ahmedabad,Salaried - Government,1187000.0,755,Verified
CUST101568,65,Female,Jaipur,Student,587000.0,314,Verified
CUST101569,69,Male,Delhi,Student,,347,Incomplete
CUST101570,24,Male,Lucknow,Professional,1014000.0,675,Verified
CUST101571,38,Female,Bengaluru,Homemaker,543000.0,826,Verified
CUST101572,56,Male,Bengaluru,Retired,780000.0,394,Verified
CUST101573,60,Male,Kolkata,Retired,579000.0,622,Verified
CUST101574,28,Male,Pune,Salaried - Private,762000.0,789,Verified
CUST101575,36,Male,Indore,Salaried - Government,752000.0,817,Verified
CUST101576,47,Female,Delhi,Salaried - Private,,684,Verified
CUST101577,60,Male,Pune,Salaried - Private,1022000.0,899,Verified
CUST101578,26,Male,Patna,Homemaker,1076000.0,862,Verified
CUST101579,50,Male,Chennai,Salaried - Government,452000.0,800,Verified
CUST101580,35,Male,Coimbatore,Salaried - Private,180000.0,701,Verified
CUST101581,31,Male,Patna,Student,1040000.0,891,Verified
CUST101582,46,Female,Coimbatore,Self-Employed,1139000.0,310,Verified
CUST101583,41,Male,Coimbatore,Homemaker,,353,Verified
CUST101584,52,Male,Delhi,Student,1148000.0,606,Verified
CUST101585,36,Female,Kolkata,Professional,1608000.0,702,Verified
CUST101586,61,Male,Patna,Student,1349000.0,842,Verified
CUST101587,24,Female,Mumbai,Student,2106000.0,707,Verified
CUST101588,63,Male,Kolkata,Salaried - Government,2295000.0,439,Verified
CUST101589,22,Male,Bhopal,Salaried - Government,180000.0,845,Verified
CUST101590,57,Male,Patna,Self-Employed,180000.0,349,Incomplete
CUST101591,37,Female,Kolkata,Professional,897000.0,356,Verified
CUST101592,39,Female,Nagpur,Homemaker,1127000.0,731,Verified
CUST101593,21,Male,Bhopal,Salaried - Government,866000.0,878,Verified
CUST101594,55,Male,Mumbai,Salaried - Government,1217000.0,601,Verified
CUST101595,29,Male,Hyderabad,Self-Employed,778000.0,380,Verified
CUST101596,53,Female,Coimbatore,Self-Employed,588000.0,328,Verified
CUST101597,56,Female,Mumbai,Student,656000.0,887,Verified
CUST101598,62,Female,Delhi,Business Owner,810000.0,467,Verified
CUST101599,55,Female,Pune,Homemaker,1280000.0,683,Verified
CUST101600,35,Male,Coimbatore,Salaried - Private,681000.0,496,Verified
CUST101601,57,Female,Bhopal,Salaried - Private,770000.0,428,Verified
CUST101602,61,Male,Bengaluru,Homemaker,1157000.0,700,Incomplete
CUST101603,36,Male,Pune,Salaried - Government,811000.0,743,Verified
CUST101604,27,Female,Coimbatore,Salaried - Private,1403000.0,582,Verified
CUST101605,64,Male,Chennai,Professional,486000.0,604,Verified
CUST101606,28,Female,Jaipur,Salaried - Government,389000.0,592,Verified
CUST101607,50,Female,Kolkata,Salaried - Private,1037000.0,654,Verified
CUST101608,32,Female,Patna,Business Owner,1082000.0,783,Verified
CUST101609,27,Male,Patna,Professional,511000.0,726,Verified
CUST101610,59,Male,Nagpur,Professional,1505000.0,467,Verified
CUST101611,28,Female,Delhi,Professional,1766000.0,448,Verified
CUST101612,53,Female,Kolkata,Salaried - Private,617000.0,703,Verified
CUST101613,54,Male,Bhopal,Self-Employed,1569000.0,687,Verified
CUST101614,23,Female,Kolkata,Self-Employed,180000.0,520,Verified
CUST101615,29,Male,Bhopal,Self-Employed,1384000.0,803,Incomplete
CUST101616,59,Female,Lucknow,Professional,514000.0,551,Verified
CUST101617,45,Female,Pune,Salaried - Government,1339000.0,501,Pending
CUST101618,26,Male,Delhi,Retired,467000.0,633,Verified
CUST101619,69,Male,Coimbatore,Student,869000.0,415,Verified
CUST101620,33,Female,Nagpur,Retired,535000.0,717,Verified
CUST101621,21,Female,Indore,Business Owner,804000.0,838,Verified
CUST101622,66,Female,Hyderabad,Business Owner,1723000.0,867,Verified
CUST101623,21,Male,Hyderabad,Professional,851000.0,568,Verified
CUST101624,48,Female,Hyderabad,Retired,1850000.0,461,Verified
CUST101625,69,Male,Mumbai,Self-Employed,726000.0,587,Verified
CUST101626,49,Male,Bengaluru,Salaried - Private,1571000.0,362,Verified
CUST101627,49,Male,Hyderabad,Retired,180000.0,700,Verified
CUST101628,40,Female,Coimbatore,Retired,771000.0,557,Verified
CUST101629,27,Female,Chennai,Salaried - Private,659000.0,373,Verified
CUST101630,49,Female,Ahmedabad,Retired,1592000.0,628,Pending
CUST101631,64,Female,Jaipur,Salaried - Private,983000.0,731,Incomplete
CUST101632,25,Male,Pune,Retired,180000.0,436,Verified
CUST101633,64,Male,Indore,Retired,310000.0,542,Verified
CUST101634,41,Male,Delhi,Salaried - Private,,834,Verified
CUST101635,47,Male,Indore,Retired,1320000.0,725,Verified
CUST101636,29,Male,Patna,Salaried - Private,1262000.0,779,Verified
CUST101637,51,Female,Hyderabad,Self-Employed,765000.0,569,Verified
CUST101638,29,Female,Patna,Retired,653000.0,596,Verified
CUST101639,34,Female,Kolkata,Self-Employed,1222000.0,598,Verified
CUST101640,56,Male,Coimbatore,Student,392000.0,570,Pending
CUST101641,23,Male,Mumbai,Student,1106000.0,386,Verified
CUST101642,42,Male,Mumbai,Student,1068000.0,324,Verified
CUST101643,50,Male,Jaipur,Salaried - Private,776000.0,799,Verified
CUST101644,27,Male,Indore,Salaried - Government,1079000.0,622,Verified
CUST101645,35,Male,Mumbai,Salaried - Government,946000.0,619,Pending
CUST101646,37,Male,Patna,Professional,1124000.0,657,Verified
CUST101647,53,Female,Coimbatore,Business Owner,300000.0,547,Incomplete
CUST101648,68,Male,Ahmedabad,Retired,,834,Verified
CUST101649,61,Male,Indore,Self-Employed,1362000.0,581,Verified
CUST101650,30,Male,Patna,Salaried - Government,1044000.0,600,Verified
CUST101651,21,Male,Chennai,Retired,1171000.0,618,Verified
CUST101652,23,Male,Nagpur,Professional,851000.0,394,Pending
CUST101653,50,Male,Bhopal,Retired,1301000.0,404,Verified
CUST101654,28,Female,Mumbai,Self-Employed,929000.0,408,Verified
CUST101655,32,Male,Jaipur,Professional,383000.0,452,Verified
CUST101656,62,Female,Lucknow,Student,1269000.0,395,Verified
CUST101657,63,Male,Nagpur,Professional,180000.0,434,Incomplete
CUST101658,62,Male,Patna,Student,1027000.0,863,Verified
CUST101659,33,Male,Ahmedabad,Business Owner,727000.0,516,Verified
CUST101660,51,Male,Hyderabad,Salaried - Private,698000.0,776,Verified
CUST101661,50,Male,Bengaluru,Homemaker,977000.0,535,Verified
CUST101662,30,Female,Delhi,Business Owner,581000.0,794,Incomplete
CUST101663,48,Male,Lucknow,Salaried - Private,1130000.0,751,Verified
CUST101664,46,Female,Coimbatore,Salaried - Government,926000.0,804,Incomplete
CUST101665,40,Male,Delhi,Self-Employed,,473,Verified
CUST101666,57,Male,Bhopal,Salaried - Government,1502000.0,357,Verified
CUST101667,54,Male,Jaipur,Retired,992000.0,484,Verified
CUST101668,47,Male,Bengaluru,Professional,1184000.0,721,Verified
CUST101669,56,Male,Chennai,Self-Employed,1537000.0,692,Verified
CUST101670,58,Female,Hyderabad,Salaried - Private,1530000.0,722,Verified
CUST101671,48,Female,Bhopal,Salaried - Private,1161000.0,896,Verified
CUST101672,34,Female,Hyderabad,Student,764000.0,434,Verified
CUST101673,58,Male,Nagpur,Self-Employed,257000.0,566,Verified
CUST101674,56,Female,Pune,Salaried - Private,,594,Pending
CUST101675,69,Male,Delhi,Retired,,389,Pending
CUST101676,28,Female,Delhi,Homemaker,1059000.0,697,Verified
CUST101677,41,Female,Kolkata,Salaried - Private,180000.0,329,Verified
CUST101678,66,Female,Kolkata,Student,1292000.0,838,Verified
CUST101679,46,Female,Patna,Retired,1319000.0,353,Verified
CUST101680,67,Female,Ahmedabad,Self-Employed,764000.0,366,Verified
CUST101681,21,Male,Bengaluru,Homemaker,1345000.0,404,Verified
CUST101682,22,Female,Chennai,Business Owner,1183000.0,835,Verified
CUST101683,60,Male,Jaipur,Retired,592000.0,816,Verified
CUST101684,38,Female,Pune,Salaried - Government,1472000.0,853,Pending
CUST101685,46,Female,Bhopal,Salaried - Government,330000.0,799,Verified
CUST101686,41,Male,Indore,Homemaker,874000.0,854,Incomplete
CUST101687,40,Male,Pune,Homemaker,829000.0,582,Verified
CUST101688,67,Male,Jaipur,Salaried - Private,529000.0,302,Verified
CUST101689,25,Male,Nagpur,Salaried - Government,1037000.0,562,Verified
CUST101690,58,Male,Chennai,Professional,1490000.0,432,Pending
CUST101691,64,Female,Ahmedabad,Student,,446,Verified
CUST101692,53,Male,Hyderabad,Retired,1226000.0,714,Verified
CUST101693,40,Female,Lucknow,Retired,180000.0,400,Verified
CUST101694,28,Male,Patna,Business Owner,299000.0,493,Verified
CUST101695,54,Male,Bengaluru,Salaried - Private,975000.0,535,Verified
CUST101696,43,Male,Bengaluru,Homemaker,885000.0,336,Verified
CUST101697,28,Female,Mumbai,Homemaker,,720,Verified
CUST101698,38,Male,Mumbai,Business Owner,,757,Verified
CUST101699,68,Male,Mumbai,Professional,948000.0,635,Incomplete
CUST101700,34,Male,Bhopal,Salaried - Government,1144000.0,317,Pending
CUST101701,29,Female,Indore,Business Owner,1345000.0,772,Verified
CUST101702,54,Male,Kolkata,Salaried - Government,925000.0,567,Verified
CUST101703,30,Female,Indore,Business Owner,2066000.0,459,Verified
CUST101704,66,Female,Bhopal,Salaried - Government,477000.0,868,Verified
CUST101705,63,Female,Nagpur,Professional,627000.0,815,Incomplete
CUST101706,69,Male,Patna,Salaried - Government,476000.0,564,Incomplete
CUST101707,65,Male,Bengaluru,Retired,1603000.0,565,Verified
CUST101708,32,Male,Ahmedabad,Professional,1261000.0,847,Pending
CUST101709,31,Male,Ahmedabad,Student,,414,Verified
CUST101710,37,Female,Lucknow,Salaried - Government,511000.0,545,Incomplete
CUST101711,44,Male,Patna,Self-Employed,1523000.0,642,Verified
CUST101712,64,Male,Delhi,Salaried - Government,1063000.0,508,Verified
CUST101713,56,Male,Bhopal,Retired,1535000.0,489,Verified
CUST101714,52,Male,Nagpur,Salaried - Private,873000.0,364,Verified
CUST101715,64,Male,Delhi,Retired,,460,Verified
CUST101716,52,Female,Kolkata,Homemaker,1035000.0,514,Verified
CUST101717,39,Male,Indore,Retired,619000.0,802,Verified
CUST101718,41,Female,Mumbai,Salaried - Government,835000.0,502,Verified
CUST101719,46,Female,Bengaluru,Business Owner,367000.0,396,Verified
CUST101720,25,Male,Nagpur,Professional,1122000.0,807,Verified
CUST101721,57,Male,Bengaluru,Business Owner,1243000.0,511,Verified
CUST101722,52,Male,Bhopal,Business Owner,1346000.0,851,Verified
CUST101723,56,Male,Indore,Homemaker,1200000.0,365,Verified
CUST101724,47,Male,Ahmedabad,Homemaker,842000.0,313,Verified
CUST101725,59,Female,Ahmedabad,Self-Employed,1598000.0,853,Incomplete
CUST101726,67,Female,Kolkata,Self-Employed,1302000.0,358,Pending
CUST101727,48,Male,Pune,Salaried - Government,1525000.0,305,Verified
CUST101728,42,Male,Pune,Business Owner,1553000.0,685,Verified
CUST101729,26,Male,Jaipur,Professional,843000.0,490,Pending
CUST101730,59,Female,Indore,Retired,1075000.0,590,Pending
CUST101731,65,Male,Coimbatore,Self-Employed,1249000.0,545,Verified
CUST101732,55,Female,Nagpur,Salaried - Government,383000.0,478,Verified
CUST101733,63,Female,Delhi,Salaried - Private,393000.0,588,Verified
CUST101734,63,Male,Hyderabad,Salaried - Private,315000.0,455,Verified
CUST101735,60,Male,Patna,Salaried - Private,851000.0,434,Verified
CUST101736,45,Male,Jaipur,Salaried - Government,750000.0,434,Verified
CUST101737,25,Female,Pune,Retired,254000.0,371,Verified
CUST101738,21,Male,Hyderabad,Homemaker,967000.0,615,Pending
CUST101739,31,Female,Delhi,Student,857000.0,629,Verified
CUST101740,42,Female,Hyderabad,Professional,1432000.0,310,Verified
CUST101741,57,Female,Kolkata,Business Owner,1806000.0,575,Verified
CUST101742,43,Male,Kolkata,Student,1105000.0,743,Verified
CUST101743,22,Male,Jaipur,Salaried - Government,587000.0,300,Verified
CUST101744,31,Female,Hyderabad,Retired,1191000.0,480,Incomplete
CUST101745,68,Male,Chennai,Homemaker,904000.0,876,Verified
CUST101746,69,Female,Indore,Professional,792000.0,556,Verified
CUST101747,39,Male,Kolkata,Self-Employed,512000.0,309,Verified
CUST101748,60,Male,Chennai,Professional,691000.0,616,Verified
CUST101749,56,Female,Lucknow,Student,820000.0,546,Pending
CUST101750,66,Male,Jaipur,Salaried - Government,1262000.0,426,Incomplete
CUST101751,64,Male,Jaipur,Professional,1130000.0,344,Verified
CUST101752,51,Male,Chennai,Salaried - Private,1722000.0,830,Pending
CUST101753,40,Male,Bhopal,Salaried - Government,1203000.0,787,Verified
CUST101754,51,Female,Bengaluru,Homemaker,1091000.0,709,Verified
CUST101755,36,Male,Nagpur,Business Owner,762000.0,310,Verified
CUST101756,38,Male,Kolkata,Salaried - Government,433000.0,822,Verified
CUST101757,50,Male,Kolkata,Self-Employed,644000.0,583,Verified
CUST101758,48,Female,Pune,Salaried - Private,585000.0,585,Pending
CUST101759,49,Male,Kolkata,Homemaker,180000.0,826,Pending
CUST101760,39,Female,Lucknow,Student,446000.0,559,Verified
CUST101761,41,Female,Ahmedabad,Salaried - Private,1621000.0,441,Pending
CUST101762,21,Male,Delhi,Salaried - Government,1066000.0,442,Verified
CUST101763,50,Female,Jaipur,Homemaker,731000.0,856,Verified
CUST101764,49,Female,Hyderabad,Student,1079000.0,626,Verified
CUST101765,66,Male,Delhi,Homemaker,180000.0,647,Verified
CUST101766,45,Male,Nagpur,Retired,1027000.0,655,Verified
CUST101767,43,Female,Hyderabad,Homemaker,1475000.0,432,Verified
CUST101768,24,Female,Jaipur,Self-Employed,845000.0,551,Verified
CUST101769,30,Female,Bengaluru,Student,180000.0,870,Verified
CUST101770,37,Female,Pune,Student,714000.0,387,Verified
CUST101771,39,Male,Pune,Salaried - Government,1476000.0,870,Verified
CUST101772,38,Female,Bengaluru,Salaried - Private,1016000.0,463,Verified
CUST101773,40,Female,Coimbatore,Professional,262000.0,477,Verified
CUST101774,58,Male,Hyderabad,Homemaker,1965000.0,308,Verified
CUST101775,27,Male,Jaipur,Homemaker,336000.0,698,Incomplete
CUST101776,37,Male,Jaipur,Salaried - Government,791000.0,491,Incomplete
CUST101777,28,Female,Kolkata,Business Owner,,575,Verified
CUST101778,36,Male,Jaipur,Homemaker,434000.0,648,Incomplete
CUST101779,54,Female,Jaipur,Salaried - Private,697000.0,680,Verified
CUST101780,23,Male,Delhi,Retired,1186000.0,873,Pending
CUST101781,37,Male,Bhopal,Self-Employed,1481000.0,633,Verified
CUST101782,22,Female,Delhi,Salaried - Private,726000.0,406,Verified
CUST101783,67,Male,Kolkata,Salaried - Government,445000.0,722,Verified
CUST101784,56,Female,Pune,Retired,1115000.0,333,Verified
CUST101785,32,Male,Kolkata,Homemaker,1129000.0,806,Verified
CUST101786,30,Female,Delhi,Salaried - Private,1008000.0,477,Verified
CUST101787,25,Male,Bhopal,Business Owner,1024000.0,733,Verified
CUST101788,44,Female,Kolkata,Salaried - Government,849000.0,394,Incomplete
CUST101789,57,Female,Mumbai,Retired,944000.0,544,Verified
CUST101790,49,Male,Mumbai,Homemaker,818000.0,717,Verified
CUST101791,64,Male,Jaipur,Student,1382000.0,672,Verified
CUST101792,37,Male,Lucknow,Self-Employed,1903000.0,303,Pending
CUST101793,34,Female,Jaipur,Self-Employed,981000.0,320,Verified
CUST101794,44,Female,Bhopal,Self-Employed,897000.0,888,Verified
CUST101795,30,Male,Patna,Homemaker,1015000.0,617,Verified
CUST101796,68,Male,Indore,Business Owner,604000.0,813,Verified
CUST101797,30,Female,Coimbatore,Salaried - Private,1244000.0,343,Verified
CUST101798,44,Male,Indore,Student,1099000.0,594,Verified
CUST101799,46,Female,Patna,Salaried - Private,711000.0,645,Verified
CUST101800,23,Male,Kolkata,Student,1306000.0,852,Verified
CUST101801,43,Female,Ahmedabad,Salaried - Government,909000.0,726,Verified
CUST101802,43,Female,Lucknow,Professional,463000.0,676,Verified
CUST101803,33,Male,Bengaluru,Self-Employed,1058000.0,476,Pending
CUST101804,27,Male,Bhopal,Retired,1007000.0,896,Verified
CUST101805,23,Male,Jaipur,Business Owner,1332000.0,496,Verified
CUST101806,21,Male,Ahmedabad,Self-Employed,1274000.0,466,Verified
CUST101807,44,Male,Nagpur,Business Owner,851000.0,734,Verified
CUST101808,25,Female,Bhopal,Student,688000.0,898,Verified
CUST101809,68,Female,Indore,Salaried - Government,901000.0,814,Incomplete
CUST101810,32,Male,Coimbatore,Salaried - Government,1063000.0,408,Verified
CUST101811,52,Female,Nagpur,Salaried - Private,1118000.0,789,Verified
CUST101812,54,Male,Hyderabad,Retired,1036000.0,512,Verified
CUST101813,45,Female,Bengaluru,Retired,,433,Verified
CUST101814,64,Male,Hyderabad,Professional,,861,Verified
CUST101815,26,Female,Bhopal,Salaried - Private,597000.0,869,Verified
CUST101816,32,Female,Nagpur,Homemaker,2016000.0,522,Verified
CUST101817,33,Female,Indore,Homemaker,1243000.0,315,Verified
CUST101818,27,Female,Bhopal,Student,393000.0,425,Verified
CUST101819,35,Male,Bhopal,Student,983000.0,624,Pending
CUST101820,36,Female,Coimbatore,Self-Employed,1248000.0,335,Verified
CUST101821,58,Male,Bhopal,Retired,743000.0,436,Verified
CUST101822,35,Female,Bengaluru,Business Owner,227000.0,389,Verified
CUST101823,63,Male,Ahmedabad,Professional,432000.0,871,Verified
CUST101824,58,Male,Pune,Self-Employed,1144000.0,513,Verified
CUST101825,65,Male,Lucknow,Retired,180000.0,528,Verified
CUST101826,26,Male,Lucknow,Student,248000.0,552,Verified
CUST101827,69,Female,Hyderabad,Retired,1142000.0,307,Verified
CUST101828,51,Female,Hyderabad,Student,800000.0,625,Verified
CUST101829,69,Female,Delhi,Student,587000.0,847,Verified
CUST101830,38,Male,Hyderabad,Salaried - Private,677000.0,788,Verified
CUST101831,67,Female,Nagpur,Student,238000.0,450,Verified
CUST101832,49,Male,Lucknow,Homemaker,1118000.0,308,Verified
CUST101833,24,Male,Coimbatore,Business Owner,537000.0,764,Verified
CUST101834,41,Female,Indore,Professional,659000.0,804,Verified
CUST101835,27,Male,Nagpur,Professional,1056000.0,853,Verified
CUST101836,67,Male,Bengaluru,Homemaker,785000.0,646,Verified
CUST101837,35,Male,Pune,Homemaker,583000.0,584,Incomplete
CUST101838,31,Male,Mumbai,Salaried - Private,180000.0,753,Verified
CUST101839,48,Female,Delhi,Salaried - Private,1065000.0,714,Verified
CUST101840,41,Male,Chennai,Salaried - Government,936000.0,754,Pending
CUST101841,25,Male,Hyderabad,Professional,667000.0,470,Verified
CUST101842,61,Male,Mumbai,Homemaker,433000.0,841,Verified
CUST101843,62,Male,Nagpur,Retired,906000.0,322,Verified
CUST101844,57,Female,Ahmedabad,Salaried - Government,,356,Verified
CUST101845,51,Female,Lucknow,Retired,944000.0,692,Verified
CUST101846,40,Female,Lucknow,Business Owner,1637000.0,642,Verified
CUST101847,47,Female,Coimbatore,Self-Employed,1217000.0,632,Verified
CUST101848,46,Male,Bengaluru,Homemaker,852000.0,845,Verified
CUST101849,29,Female,Pune,Self-Employed,1232000.0,822,Verified
CUST101850,25,Male,Hyderabad,Professional,922000.0,731,Verified
CUST101851,33,Male,Jaipur,Salaried - Government,920000.0,398,Verified
CUST101852,43,Female,Ahmedabad,Business Owner,1483000.0,357,Verified
CUST101853,28,Male,Patna,Professional,496000.0,383,Verified
CUST101854,26,Female,Jaipur,Professional,910000.0,668,Verified
CUST101855,62,Female,Chennai,Student,1435000.0,727,Verified
CUST101856,39,Female,Jaipur,Self-Employed,1039000.0,779,Incomplete
CUST101857,49,Male,Coimbatore,Student,734000.0,361,Verified
CUST101858,46,Male,Jaipur,Homemaker,180000.0,464,Verified
CUST101859,57,Female,Jaipur,Self-Employed,180000.0,502,Pending
CUST101860,57,Male,Bengaluru,Salaried - Government,1834000.0,679,Verified
CUST101861,35,Male,Mumbai,Self-Employed,1039000.0,327,Verified
CUST101862,62,Female,Chennai,Retired,637000.0,804,Verified
CUST101863,39,Female,Mumbai,Homemaker,1057000.0,348,Pending
CUST101864,61,Female,Kolkata,Professional,474000.0,614,Verified
CUST101865,40,Male,Indore,Retired,751000.0,859,Verified
CUST101866,26,Male,Kolkata,Salaried - Private,477000.0,416,Verified
CUST101867,58,Female,Lucknow,Professional,264000.0,712,Verified
CUST101868,22,Male,Nagpur,Homemaker,180000.0,629,Verified
CUST101869,58,Male,Patna,Business Owner,181000.0,791,Incomplete
CUST101870,23,Male,Lucknow,Student,1360000.0,652,Verified
CUST101871,31,Male,Patna,Salaried - Private,456000.0,808,Verified
CUST101872,50,Male,Hyderabad,Student,1141000.0,541,Verified
CUST101873,67,Male,Kolkata,Homemaker,1330000.0,398,Pending
CUST101874,41,Female,Pune,Retired,907000.0,707,Verified
CUST101875,26,Male,Patna,Professional,766000.0,880,Verified
CUST101876,32,Female,Kolkata,Student,960000.0,559,Verified
CUST101877,64,Male,Coimbatore,Business Owner,713000.0,791,Verified
CUST101878,56,Female,Bengaluru,Salaried - Government,1442000.0,826,Verified
CUST101879,25,Male,Bengaluru,Student,1744000.0,687,Verified
CUST101880,39,Male,Bhopal,Salaried - Private,1552000.0,774,Verified
CUST101881,33,Male,Patna,Retired,180000.0,637,Verified
CUST101882,29,Male,Bhopal,Self-Employed,703000.0,782,Verified
CUST101883,62,Male,Hyderabad,Student,902000.0,501,Pending
CUST101884,51,Female,Mumbai,Student,1108000.0,615,Verified
CUST101885,29,Female,Hyderabad,Business Owner,180000.0,346,Pending
CUST101886,52,Male,Kolkata,Professional,180000.0,417,Verified
CUST101887,41,Male,Kolkata,Business Owner,1488000.0,647,Incomplete
CUST101888,24,Female,Indore,Business Owner,648000.0,734,Verified
CUST101889,43,Female,Nagpur,Student,231000.0,317,Pending
CUST101890,30,Male,Patna,Self-Employed,403000.0,341,Verified
CUST101891,33,Female,Mumbai,Student,1076000.0,303,Verified
CUST101892,64,Male,Delhi,Retired,530000.0,610,Verified
CUST101893,55,Female,Kolkata,Student,1009000.0,501,Verified
CUST101894,27,Male,Lucknow,Professional,460000.0,331,Verified
CUST101895,62,Male,Bhopal,Homemaker,,776,Verified
CUST101896,49,Male,Hyderabad,Business Owner,1541000.0,617,Verified
CUST101897,63,Female,Delhi,Business Owner,1079000.0,306,Pending
CUST101898,57,Male,Hyderabad,Self-Employed,750000.0,711,Verified
CUST101899,37,Female,Patna,Salaried - Government,665000.0,846,Verified
CUST101900,47,Female,Coimbatore,Salaried - Private,1559000.0,551,Verified
CUST101901,47,Female,Coimbatore,Business Owner,1166000.0,869,Verified
CUST101902,56,Male,Jaipur,Student,1416000.0,550,Verified
CUST101903,33,Male,Delhi,Student,637000.0,346,Verified
CUST101904,37,Male,Coimbatore,Retired,923000.0,373,Pending
CUST101905,32,Female,Bengaluru,Self-Employed,1081000.0,340,Pending
CUST101906,35,Female,Hyderabad,Professional,652000.0,481,Verified
CUST101907,28,Male,Coimbatore,Homemaker,857000.0,530,Verified
CUST101908,22,Female,Ahmedabad,Salaried - Private,637000.0,566,Pending
CUST101909,67,Male,Bengaluru,Student,1080000.0,588,Verified
CUST101910,24,Male,Ahmedabad,Homemaker,305000.0,818,Verified
CUST101911,64,Male,Delhi,Student,1157000.0,306,Verified
CUST101912,21,Female,Hyderabad,Salaried - Private,1040000.0,838,Verified
CUST101913,59,Male,Coimbatore,Student,809000.0,443,Verified
CUST101914,37,Male,Hyderabad,Professional,1102000.0,872,Verified
CUST101915,46,Female,Indore,Professional,736000.0,381,Incomplete
CUST101916,34,Male,Jaipur,Salaried - Government,598000.0,360,Incomplete
CUST101917,45,Male,Lucknow,Business Owner,1145000.0,372,Verified
CUST101918,43,Male,Bhopal,Self-Employed,1164000.0,477,Verified
CUST101919,46,Male,Jaipur,Student,672000.0,864,Incomplete
CUST101920,40,Male,Mumbai,Self-Employed,633000.0,577,Verified
CUST101921,47,Male,Indore,Salaried - Government,818000.0,399,Verified
CUST101922,61,Female,Ahmedabad,Student,652000.0,685,Verified
CUST101923,42,Male,Lucknow,Salaried - Government,1586000.0,604,Verified
CUST101924,38,Female,Jaipur,Student,1042000.0,721,Pending
CUST101925,27,Male,Lucknow,Student,907000.0,744,Verified
CUST101926,38,Male,Pune,Self-Employed,480000.0,771,Verified
CUST101927,27,Male,Nagpur,Retired,1233000.0,390,Verified
CUST101928,29,Male,Chennai,Homemaker,625000.0,597,Verified
CUST101929,67,Male,Lucknow,Professional,606000.0,678,Verified
CUST101930,25,Male,Jaipur,Retired,,633,Verified
CUST101931,44,Female,Ahmedabad,Salaried - Government,1074000.0,883,Verified
CUST101932,61,Female,Mumbai,Professional,180000.0,876,Verified
CUST101933,67,Male,Pune,Professional,829000.0,787,Incomplete
CUST101934,28,Male,Mumbai,Professional,956000.0,444,Pending
CUST101935,29,Male,Ahmedabad,Student,747000.0,617,Pending
CUST101936,39,Female,Bhopal,Homemaker,972000.0,782,Verified
CUST101937,48,Male,Ahmedabad,Professional,180000.0,460,Verified
CUST101938,68,Male,Patna,Business Owner,180000.0,727,Verified
CUST101939,31,Male,Pune,Business Owner,461000.0,449,Verified
CUST101940,29,Male,Hyderabad,Salaried - Private,1027000.0,384,Verified
CUST101941,33,Male,Kolkata,Professional,180000.0,443,Verified
CUST101942,63,Female,Chennai,Self-Employed,520000.0,855,Verified
CUST101943,22,Female,Nagpur,Student,180000.0,897,Verified
CUST101944,39,Male,Nagpur,Homemaker,791000.0,813,Verified
CUST101945,26,Male,Kolkata,Student,1781000.0,462,Verified
CUST101946,28,Male,Patna,Student,802000.0,767,Verified
CUST101947,65,Male,Mumbai,Business Owner,852000.0,430,Verified
CUST101948,21,Male,Bengaluru,Business Owner,1278000.0,376,Verified
CUST101949,36,Male,Hyderabad,Professional,910000.0,455,Pending
CUST101950,65,Female,Pune,Business Owner,803000.0,383,Verified
CUST101951,50,Female,Chennai,Self-Employed,1317000.0,684,Pending
CUST101952,24,Female,Ahmedabad,Retired,1112000.0,709,Verified
CUST101953,43,Female,Patna,Business Owner,1030000.0,321,Pending
CUST101954,68,Male,Kolkata,Student,838000.0,364,Verified
CUST101955,40,Male,Kolkata,Salaried - Government,744000.0,587,Incomplete
CUST101956,46,Male,Mumbai,Business Owner,1313000.0,367,Pending
CUST101957,47,Female,Hyderabad,Professional,749000.0,796,Verified
CUST101958,53,Male,Nagpur,Student,1454000.0,540,Verified
CUST101959,30,Female,Nagpur,Professional,429000.0,547,Verified
CUST101960,62,Male,Delhi,Salaried - Private,1545000.0,303,Verified
CUST101961,69,Male,Mumbai,Self-Employed,1112000.0,720,Pending
CUST101962,27,Male,Nagpur,Student,464000.0,732,Pending
CUST101963,61,Female,Bengaluru,Self-Employed,1129000.0,753,Verified
CUST101964,61,Male,Jaipur,Self-Employed,607000.0,624,Verified
CUST101965,57,Male,Nagpur,Salaried - Government,915000.0,461,Verified
CUST101966,39,Male,Patna,Retired,,346,Verified
CUST101967,43,Female,Jaipur,Salaried - Government,840000.0,489,Verified
CUST101968,62,Female,Pune,Self-Employed,,626,Verified
CUST101969,28,Male,Patna,Retired,1133000.0,369,Pending
CUST101970,61,Female,Bhopal,Student,394000.0,332,Verified
CUST101971,66,Male,Nagpur,Salaried - Government,419000.0,430,Verified
CUST101972,54,Female,Ahmedabad,Self-Employed,1022000.0,342,Verified
CUST101973,37,Male,Coimbatore,Salaried - Private,1054000.0,308,Verified
CUST101974,48,Male,Patna,Business Owner,596000.0,591,Verified
CUST101975,23,Female,Mumbai,Student,1616000.0,747,Verified
CUST101976,66,Male,Hyderabad,Self-Employed,1266000.0,599,Verified
CUST101977,37,Male,Patna,Self-Employed,618000.0,354,Pending
CUST101978,23,Female,Delhi,Business Owner,,503,Verified
CUST101979,59,Female,Bhopal,Student,797000.0,321,Verified
CUST101980,53,Male,Pune,Professional,751000.0,673,Verified
CUST101981,51,Female,Chennai,Professional,1465000.0,439,Verified
CUST101982,23,Female,Jaipur,Homemaker,1343000.0,532,Verified
CUST101983,57,Male,Indore,Retired,916000.0,841,Verified
CUST101984,52,Female,Indore,Professional,1205000.0,652,Verified
CUST101985,59,Male,Kolkata,Professional,1270000.0,758,Pending
CUST101986,61,Female,Mumbai,Professional,926000.0,509,Verified
CUST101987,31,Male,Indore,Salaried - Government,1081000.0,858,Verified
CUST101988,31,Male,Indore,Business Owner,1167000.0,728,Verified
CUST101989,66,Male,Lucknow,Homemaker,1119000.0,609,Verified
CUST101990,47,Male,Lucknow,Salaried - Private,550000.0,647,Verified
CUST101991,42,Female,Ahmedabad,Homemaker,595000.0,673,Verified
CUST101992,35,Female,Mumbai,Professional,770000.0,396,Incomplete
CUST101993,52,Male,Bengaluru,Self-Employed,582000.0,451,Verified
CUST101994,57,Male,Bengaluru,Salaried - Private,,711,Verified
CUST101995,21,Male,Indore,Homemaker,1204000.0,564,Verified
CUST101996,48,Male,Mumbai,Salaried - Private,1056000.0,770,Verified
CUST101997,69,Male,Jaipur,Professional,297000.0,615,Pending
CUST101998,34,Female,Pune,Salaried - Government,792000.0,339,Verified
CUST101999,34,Female,Mumbai,Student,,698,Pending
CUST102000,64,Male,Indore,Salaried - Government,982000.0,665,Verified
CUST102001,24,Male,Mumbai,Homemaker,413000.0,518,Verified
CUST102002,40,Female,Nagpur,Professional,291000.0,774,Verified
CUST102003,43,Male,Patna,Salaried - Private,1134000.0,510,Verified
CUST102004,60,Male,Patna,Retired,210000.0,368,Verified
CUST102005,27,Male,Bengaluru,Student,795000.0,372,Verified
CUST102006,42,Male,Indore,Salaried - Government,753000.0,840,Verified
CUST102007,28,Male,Jaipur,Student,845000.0,525,Verified
CUST102008,59,Female,Kolkata,Homemaker,1014000.0,548,Verified
CUST102009,51,Male,Bhopal,Retired,1619000.0,483,Verified
CUST102010,45,Female,Pune,Self-Employed,180000.0,742,Verified
CUST102011,40,Male,Hyderabad,Salaried - Private,1294000.0,663,Verified
CUST102012,28,Female,Hyderabad,Business Owner,180000.0,839,Verified
CUST102013,66,Male,Jaipur,Homemaker,1527000.0,836,Verified
CUST102014,52,Male,Lucknow,Professional,180000.0,893,Verified
CUST102015,36,Male,Chennai,Retired,1996000.0,497,Verified
CUST102016,41,Male,Chennai,Homemaker,725000.0,650,Verified
CUST102017,56,Male,Coimbatore,Self-Employed,1481000.0,507,Verified
CUST102018,56,Female,Ahmedabad,Salaried - Private,1388000.0,722,Verified
CUST102019,43,Male,Nagpur,Student,704000.0,748,Verified
CUST102020,35,Male,Hyderabad,Professional,738000.0,451,Verified
CUST102021,53,Male,Hyderabad,Professional,523000.0,815,Pending
CUST102022,53,Female,Hyderabad,Professional,1254000.0,474,Verified
CUST102023,50,Female,Ahmedabad,Homemaker,709000.0,889,Verified
CUST102024,24,Female,Patna,Homemaker,531000.0,810,Pending
CUST102025,44,Male,Ahmedabad,Retired,1142000.0,310,Verified
CUST102026,51,Female,Hyderabad,Homemaker,496000.0,538,Verified
CUST102027,67,Female,Coimbatore,Self-Employed,752000.0,533,Verified
CUST102028,46,Male,Jaipur,Retired,948000.0,793,Verified
CUST102029,37,Male,Pune,Student,611000.0,734,Verified
CUST102030,48,Female,Mumbai,Salaried - Government,679000.0,330,Verified
CUST102031,29,Male,Jaipur,Professional,1591000.0,804,Verified
CUST102032,25,Female,Lucknow,Retired,808000.0,430,Verified
CUST102033,54,Male,Indore,Professional,738000.0,521,Pending
CUST102034,69,Male,Chennai,Student,821000.0,402,Verified
CUST102035,62,Male,Bengaluru,Business Owner,1105000.0,394,Pending
CUST102036,49,Female,Coimbatore,Salaried - Government,,616,Verified
CUST102037,22,Female,Jaipur,Salaried - Government,1092000.0,350,Pending
CUST102038,69,Male,Mumbai,Homemaker,1015000.0,348,Verified
CUST102039,43,Male,Delhi,Retired,180000.0,771,Pending
CUST102040,35,Male,Ahmedabad,Professional,1707000.0,506,Pending
CUST102041,64,Male,Lucknow,Business Owner,1557000.0,688,Verified
CUST102042,57,Female,Chennai,Business Owner,540000.0,891,Verified
CUST102043,57,Male,Pune,Student,395000.0,330,Verified
CUST102044,34,Male,Patna,Retired,1003000.0,776,Verified
CUST102045,69,Male,Coimbatore,Student,258000.0,365,Verified
CUST102046,43,Female,Ahmedabad,Homemaker,1514000.0,756,Verified
CUST102047,47,Male,Kolkata,Homemaker,689000.0,483,Verified
CUST102048,57,Female,Pune,Professional,1630000.0,381,Verified
CUST102049,53,Male,Bengaluru,Salaried - Government,529000.0,437,Pending
CUST102050,29,Male,Mumbai,Retired,850000.0,518,Verified
CUST102051,35,Female,Nagpur,Retired,1470000.0,737,Pending
CUST102052,38,Male,Mumbai,Professional,755000.0,708,Verified
CUST102053,67,Female,Nagpur,Salaried - Private,1022000.0,737,Verified
CUST102054,56,Male,Chennai,Student,1392000.0,312,Verified
CUST102055,38,Female,Bhopal,Homemaker,650000.0,885,Pending
CUST102056,57,Female,Coimbatore,Self-Employed,332000.0,560,Verified
CUST102057,57,Female,Patna,Business Owner,244000.0,366,Verified
CUST102058,40,Male,Bhopal,Salaried - Private,1163000.0,857,Verified
CUST102059,40,Female,Chennai,Student,1075000.0,775,Verified
CUST102060,64,Female,Jaipur,Salaried - Government,,349,Verified
CUST102061,48,Male,Lucknow,Business Owner,777000.0,562,Verified
CUST102062,28,Male,Kolkata,Business Owner,256000.0,843,Verified
CUST102063,56,Female,Mumbai,Self-Employed,,709,Pending
CUST102064,49,Male,Indore,Retired,2191000.0,416,Verified
CUST102065,45,Female,Bengaluru,Student,1137000.0,720,Verified
CUST102066,56,Female,Coimbatore,Homemaker,962000.0,413,Verified
CUST102067,65,Male,Indore,Professional,1025000.0,511,Incomplete
CUST102068,37,Male,Mumbai,Salaried - Government,256000.0,417,Verified
CUST102069,41,Male,Patna,Homemaker,542000.0,716,Verified
CUST102070,30,Male,Lucknow,Self-Employed,1684000.0,858,Verified
CUST102071,52,Female,Chennai,Student,1196000.0,326,Pending
CUST102072,40,Male,Nagpur,Business Owner,556000.0,662,Verified
CUST102073,37,Male,Delhi,Professional,348000.0,449,Verified
CUST102074,55,Female,Chennai,Business Owner,668000.0,750,Verified
CUST102075,40,Male,Coimbatore,Business Owner,758000.0,383,Verified
CUST102076,43,Female,Patna,Salaried - Government,1822000.0,519,Verified
CUST102077,42,Male,Delhi,Professional,815000.0,423,Verified
CUST102078,33,Male,Bengaluru,Business Owner,365000.0,823,Verified
CUST102079,27,Male,Chennai,Homemaker,874000.0,349,Verified
CUST102080,61,Female,Delhi,Business Owner,1019000.0,649,Verified
CUST102081,25,Female,Bengaluru,Student,324000.0,372,Verified
CUST102082,36,Female,Jaipur,Self-Employed,1081000.0,659,Verified
CUST102083,53,Female,Mumbai,Self-Employed,1444000.0,760,Verified
CUST102084,27,Female,Hyderabad,Salaried - Private,962000.0,751,Verified
CUST102085,53,Female,Hyderabad,Retired,541000.0,320,Verified
CUST102086,56,Male,Coimbatore,Salaried - Private,662000.0,764,Verified
CUST102087,53,Female,Coimbatore,Self-Employed,180000.0,478,Verified
CUST102088,35,Female,Nagpur,Student,840000.0,709,Pending
CUST102089,21,Female,Pune,Professional,1040000.0,878,Verified
CUST102090,64,Male,Ahmedabad,Professional,497000.0,371,Verified
CUST102091,37,Male,Ahmedabad,Homemaker,1773000.0,517,Pending
CUST102092,60,Female,Nagpur,Homemaker,1257000.0,820,Verified
CUST102093,30,Male,Patna,Student,180000.0,384,Verified
CUST102094,28,Male,Indore,Retired,180000.0,456,Verified
CUST102095,59,Female,Jaipur,Business Owner,457000.0,629,Verified
CUST102096,67,Male,Indore,Salaried - Government,1608000.0,897,Verified
CUST102097,63,Male,Patna,Self-Employed,1301000.0,476,Verified
CUST102098,57,Male,Patna,Retired,,531,Verified
CUST102099,33,Male,Lucknow,Self-Employed,905000.0,777,Verified
CUST102100,65,Female,Pune,Retired,806000.0,371,Verified
CUST102101,53,Female,Lucknow,Salaried - Government,339000.0,496,Verified
CUST102102,29,Female,Pune,Salaried - Private,1057000.0,489,Incomplete
CUST102103,27,Female,Lucknow,Self-Employed,812000.0,540,Verified
CUST102104,63,Female,Chennai,Salaried - Government,794000.0,644,Verified
CUST102105,34,Male,Patna,Homemaker,1628000.0,432,Verified
CUST102106,58,Female,Jaipur,Business Owner,843000.0,534,Verified
CUST102107,27,Male,Bhopal,Business Owner,1499000.0,850,Verified
CUST102108,34,Male,Chennai,Business Owner,185000.0,797,Verified
CUST102109,34,Female,Patna,Self-Employed,,873,Verified
CUST102110,34,Female,Nagpur,Student,732000.0,709,Verified
CUST102111,54,Male,Bengaluru,Retired,1218000.0,649,Verified
CUST102112,65,Female,Pune,Salaried - Government,1290000.0,428,Verified
CUST102113,65,Male,Bhopal,Salaried - Government,,395,Verified
CUST102114,57,Male,Indore,Salaried - Private,,623,Verified
CUST102115,30,Male,Patna,Self-Employed,1292000.0,542,Verified
CUST102116,68,Male,Ahmedabad,Retired,579000.0,772,Verified
CUST102117,47,Male,Hyderabad,Student,584000.0,305,Verified
CUST102118,47,Male,Indore,Business Owner,920000.0,834,Verified
CUST102119,55,Male,Indore,Salaried - Private,848000.0,402,Incomplete
CUST102120,58,Male,Indore,Salaried - Private,1527000.0,536,Verified
CUST102121,67,Female,Hyderabad,Business Owner,1216000.0,513,Verified
CUST102122,49,Female,Kolkata,Self-Employed,868000.0,854,Verified
CUST102123,50,Female,Chennai,Professional,1173000.0,732,Verified
CUST102124,57,Male,Coimbatore,Salaried - Private,180000.0,321,Verified
CUST102125,33,Female,Indore,Salaried - Government,623000.0,811,Verified
CUST102126,36,Female,Bengaluru,Professional,1030000.0,706,Verified
CUST102127,51,Male,Chennai,Self-Employed,1402000.0,340,Verified
CUST102128,24,Male,Jaipur,Self-Employed,990000.0,769,Verified
CUST102129,36,Male,Kolkata,Salaried - Government,1556000.0,320,Incomplete
CUST102130,56,Male,Kolkata,Salaried - Private,1291000.0,555,Verified
CUST102131,68,Male,Pune,Self-Employed,680000.0,397,Verified
CUST102132,46,Male,Bhopal,Self-Employed,837000.0,306,Verified
CUST102133,40,Male,Indore,Student,1084000.0,635,Verified
CUST102134,42,Female,Indore,Student,698000.0,712,Verified
CUST102135,54,Male,Kolkata,Business Owner,1589000.0,587,Verified
CUST102136,47,Male,Nagpur,Self-Employed,401000.0,505,Verified
CUST102137,22,Female,Bhopal,Business Owner,1042000.0,608,Verified
CUST102138,47,Male,Bengaluru,Professional,1231000.0,391,Verified
CUST102139,40,Male,Patna,Business Owner,759000.0,329,Verified
CUST102140,55,Male,Pune,Homemaker,,394,Verified
CUST102141,63,Male,Lucknow,Student,866000.0,332,Verified
CUST102142,68,Male,Bhopal,Business Owner,1265000.0,761,Verified
CUST102143,50,Male,Coimbatore,Salaried - Private,675000.0,665,Verified
CUST102144,38,Male,Coimbatore,Salaried - Private,419000.0,412,Verified
CUST102145,42,Female,Nagpur,Homemaker,1418000.0,641,Verified
CUST102146,29,Female,Ahmedabad,Business Owner,1080000.0,590,Verified
CUST102147,66,Male,Kolkata,Self-Employed,1354000.0,366,Incomplete
CUST102148,62,Male,Kolkata,Professional,1242000.0,882,Verified
CUST102149,62,Male,Coimbatore,Student,1881000.0,862,Verified
CUST102150,37,Female,Chennai,Business Owner,1402000.0,755,Verified
CUST102151,36,Female,Ahmedabad,Self-Employed,,785,Verified
CUST102152,62,Male,Bhopal,Homemaker,1112000.0,628,Verified
CUST102153,47,Male,Mumbai,Salaried - Private,649000.0,782,Verified
CUST102154,55,Male,Lucknow,Homemaker,696000.0,616,Verified
CUST102155,45,Female,Chennai,Professional,264000.0,399,Verified
CUST102156,42,Female,Hyderabad,Salaried - Private,771000.0,400,Pending
CUST102157,51,Male,Lucknow,Salaried - Government,1145000.0,812,Verified
CUST102158,60,Male,Mumbai,Retired,870000.0,567,Verified
CUST102159,37,Male,Bengaluru,Homemaker,405000.0,737,Verified
CUST102160,60,Female,Kolkata,Salaried - Government,,386,Verified
CUST102161,32,Female,Jaipur,Retired,1850000.0,568,Verified
CUST102162,40,Male,Delhi,Student,1046000.0,350,Verified
CUST102163,65,Male,Pune,Retired,529000.0,432,Verified
CUST102164,67,Male,Hyderabad,Retired,1108000.0,365,Verified
CUST102165,66,Male,Jaipur,Salaried - Government,1885000.0,424,Incomplete
CUST102166,36,Female,Hyderabad,Retired,1179000.0,663,Verified
CUST102167,62,Male,Mumbai,Retired,180000.0,303,Incomplete
CUST102168,66,Female,Ahmedabad,Salaried - Private,2094000.0,416,Verified
CUST102169,68,Male,Nagpur,Self-Employed,180000.0,714,Verified
CUST102170,22,Male,Jaipur,Student,807000.0,389,Verified
CUST102171,57,Male,Pune,Student,390000.0,633,Verified
CUST102172,69,Male,Ahmedabad,Salaried - Government,,820,Verified
CUST102173,58,Male,Bengaluru,Retired,,768,Verified
CUST102174,32,Female,Chennai,Professional,180000.0,373,Verified
CUST102175,58,Male,Kolkata,Professional,859000.0,388,Verified
CUST102176,26,Male,Jaipur,Professional,1416000.0,723,Incomplete
CUST102177,44,Male,Ahmedabad,Homemaker,521000.0,507,Verified
CUST102178,51,Male,Coimbatore,Business Owner,274000.0,550,Verified
CUST102179,43,Female,Lucknow,Professional,837000.0,586,Verified
CUST102180,55,Female,Mumbai,Retired,748000.0,647,Verified
CUST102181,32,Male,Ahmedabad,Professional,632000.0,569,Verified
CUST102182,50,Female,Jaipur,Student,365000.0,314,Verified
CUST102183,52,Female,Mumbai,Salaried - Government,1134000.0,356,Verified
CUST102184,52,Female,Pune,Student,1168000.0,300,Verified
CUST102185,35,Male,Indore,Retired,420000.0,458,Pending
CUST102186,35,Male,Pune,Student,483000.0,790,Verified
CUST102187,33,Male,Kolkata,Self-Employed,961000.0,883,Pending
CUST102188,43,Female,Chennai,Business Owner,466000.0,585,Verified
CUST102189,49,Female,Delhi,Salaried - Private,980000.0,316,Pending
CUST102190,38,Male,Hyderabad,Student,1561000.0,342,Incomplete
CUST102191,41,Male,Patna,Homemaker,873000.0,789,Verified
CUST102192,35,Female,Coimbatore,Self-Employed,354000.0,506,Verified
CUST102193,31,Female,Lucknow,Salaried - Private,1076000.0,828,Verified
CUST102194,53,Male,Nagpur,Retired,820000.0,603,Pending
CUST102195,60,Female,Lucknow,Retired,832000.0,827,Verified
CUST102196,35,Male,Lucknow,Professional,1114000.0,381,Verified
CUST102197,63,Male,Kolkata,Salaried - Government,1211000.0,814,Verified
CUST102198,48,Male,Mumbai,Student,916000.0,627,Verified
CUST102199,29,Female,Kolkata,Business Owner,873000.0,562,Verified
CUST102200,38,Female,Nagpur,Retired,1829000.0,617,Verified
CUST102201,21,Male,Jaipur,Homemaker,1440000.0,496,Verified
CUST102202,22,Male,Patna,Professional,1275000.0,661,Verified
CUST102203,37,Male,Mumbai,Salaried - Private,959000.0,762,Verified
CUST102204,43,Male,Chennai,Student,447000.0,786,Verified
CUST102205,60,Male,Hyderabad,Retired,1407000.0,886,Incomplete
CUST102206,27,Male,Pune,Student,965000.0,547,Verified
CUST102207,62,Male,Coimbatore,Professional,640000.0,761,Verified
CUST102208,32,Male,Kolkata,Student,791000.0,833,Verified
CUST102209,27,Male,Lucknow,Homemaker,465000.0,310,Verified
CUST102210,55,Female,Lucknow,Salaried - Government,1376000.0,584,Verified
CUST102211,58,Male,Kolkata,Salaried - Government,1207000.0,720,Verified
CUST102212,50,Female,Coimbatore,Salaried - Government,982000.0,574,Verified
CUST102213,26,Female,Chennai,Homemaker,881000.0,360,Verified
CUST102214,26,Male,Mumbai,Salaried - Government,594000.0,693,Verified
CUST102215,40,Male,Patna,Business Owner,180000.0,543,Pending
CUST102216,43,Male,Lucknow,Homemaker,264000.0,670,Verified
CUST102217,69,Female,Chennai,Business Owner,566000.0,300,Verified
CUST102218,35,Male,Indore,Salaried - Private,498000.0,306,Verified
CUST102219,30,Male,Bengaluru,Self-Employed,1030000.0,661,Verified
CUST102220,67,Male,Chennai,Salaried - Private,1265000.0,889,Verified
CUST102221,28,Male,Bengaluru,Business Owner,,683,Pending
CUST102222,22,Male,Bengaluru,Retired,,865,Verified
CUST102223,41,Female,Bhopal,Professional,548000.0,808,Verified
CUST102224,40,Male,Bhopal,Retired,839000.0,468,Verified
CUST102225,51,Male,Lucknow,Salaried - Private,877000.0,361,Verified
CUST102226,64,Female,Nagpur,Homemaker,1391000.0,635,Verified
CUST102227,66,Male,Delhi,Business Owner,948000.0,672,Verified
CUST102228,35,Female,Lucknow,Self-Employed,960000.0,762,Verified
CUST102229,69,Male,Delhi,Retired,180000.0,612,Verified
CUST102230,52,Male,Coimbatore,Salaried - Government,495000.0,852,Verified
CUST102231,24,Female,Lucknow,Business Owner,1393000.0,806,Verified
CUST102232,66,Male,Patna,Business Owner,180000.0,651,Verified
CUST102233,27,Male,Jaipur,Salaried - Government,1504000.0,630,Verified
CUST102234,49,Female,Pune,Student,1125000.0,311,Verified
CUST102235,59,Female,Bhopal,Self-Employed,564000.0,768,Verified
CUST102236,33,Female,Nagpur,Salaried - Private,526000.0,708,Verified
CUST102237,34,Male,Bengaluru,Business Owner,1753000.0,837,Verified
CUST102238,44,Male,Indore,Student,1535000.0,355,Verified
CUST102239,64,Female,Bhopal,Retired,846000.0,387,Verified
CUST102240,31,Male,Delhi,Retired,961000.0,702,Verified
CUST102241,53,Male,Coimbatore,Student,609000.0,593,Verified
CUST102242,43,Female,Bengaluru,Salaried - Private,961000.0,652,Verified
CUST102243,26,Male,Lucknow,Professional,597000.0,560,Verified
CUST102244,55,Male,Delhi,Self-Employed,865000.0,684,Verified
CUST102245,61,Male,Bengaluru,Retired,1715000.0,695,Verified
CUST102246,49,Male,Lucknow,Homemaker,857000.0,413,Verified
CUST102247,29,Female,Bhopal,Salaried - Private,428000.0,756,Verified
CUST102248,28,Female,Bhopal,Salaried - Government,285000.0,596,Pending
CUST102249,41,Male,Pune,Student,,645,Verified
CUST102250,45,Male,Nagpur,Business Owner,558000.0,670,Verified
CUST102251,48,Male,Mumbai,Self-Employed,1011000.0,746,Incomplete
CUST102252,32,Male,Nagpur,Salaried - Government,180000.0,480,Verified
CUST102253,45,Male,Hyderabad,Self-Employed,,304,Incomplete
CUST102254,35,Female,Lucknow,Salaried - Private,423000.0,408,Verified
CUST102255,54,Male,Indore,Salaried - Government,921000.0,879,Verified
CUST102256,60,Male,Chennai,Salaried - Government,,433,Verified
CUST102257,52,Female,Kolkata,Salaried - Private,1673000.0,449,Verified
CUST102258,21,Male,Nagpur,Student,977000.0,814,Verified
CUST102259,69,Female,Nagpur,Homemaker,1775000.0,441,Verified
CUST102260,22,Male,Chennai,Student,1152000.0,578,Verified
CUST102261,69,Male,Ahmedabad,Salaried - Government,1541000.0,522,Verified
CUST102262,22,Female,Hyderabad,Self-Employed,806000.0,696,Pending
CUST102263,46,Male,Ahmedabad,Self-Employed,1055000.0,656,Verified
CUST102264,26,Male,Pune,Professional,1448000.0,608,Verified
CUST102265,25,Male,Mumbai,Salaried - Government,1307000.0,600,Verified
CUST102266,54,Female,Indore,Salaried - Government,1139000.0,800,Verified
CUST102267,56,Male,Lucknow,Student,752000.0,648,Verified
CUST102268,26,Male,Kolkata,Self-Employed,829000.0,605,Verified
CUST102269,68,Female,Delhi,Homemaker,1412000.0,832,Verified
CUST102270,36,Female,Delhi,Salaried - Government,1506000.0,355,Verified
CUST102271,36,Male,Ahmedabad,Student,633000.0,800,Verified
CUST102272,35,Male,Lucknow,Retired,565000.0,418,Verified
CUST102273,43,Male,Chennai,Homemaker,493000.0,499,Pending
CUST102274,29,Male,Patna,Professional,1273000.0,307,Verified
CUST102275,41,Male,Pune,Student,482000.0,642,Verified
CUST102276,31,Male,Mumbai,Self-Employed,1268000.0,798,Verified
CUST102277,23,Male,Jaipur,Business Owner,1146000.0,529,Verified
CUST102278,39,Male,Bengaluru,Salaried - Private,655000.0,697,Verified
CUST102279,53,Female,Mumbai,Salaried - Government,1604000.0,535,Verified
CUST102280,58,Male,Delhi,Homemaker,,755,Verified
CUST102281,38,Female,Hyderabad,Self-Employed,1647000.0,899,Verified
CUST102282,36,Female,Ahmedabad,Salaried - Private,1043000.0,729,Verified
CUST102283,59,Female,Coimbatore,Self-Employed,180000.0,504,Verified
CUST102284,54,Female,Chennai,Self-Employed,1616000.0,794,Verified
CUST102285,61,Female,Mumbai,Retired,1337000.0,322,Verified
CUST102286,65,Male,Bengaluru,Salaried - Private,707000.0,892,Verified
CUST102287,61,Female,Hyderabad,Salaried - Private,466000.0,803,Verified
CUST102288,66,Male,Chennai,Retired,194000.0,692,Verified
CUST102289,41,Female,Hyderabad,Salaried - Government,1987000.0,672,Verified
CUST102290,40,Male,Coimbatore,Business Owner,484000.0,451,Verified
CUST102291,36,Male,Pune,Retired,331000.0,558,Verified
CUST102292,32,Male,Lucknow,Professional,1021000.0,360,Verified
CUST102293,57,Female,Bhopal,Salaried - Private,180000.0,503,Pending
CUST102294,56,Male,Delhi,Retired,458000.0,653,Verified
CUST102295,60,Male,Chennai,Salaried - Private,,517,Incomplete
CUST102296,29,Male,Kolkata,Salaried - Government,1109000.0,762,Verified
CUST102297,45,Male,Kolkata,Salaried - Private,726000.0,811,Verified
CUST102298,31,Female,Mumbai,Professional,908000.0,636,Verified
CUST102299,64,Female,Lucknow,Retired,701000.0,504,Verified
CUST102300,34,Male,Hyderabad,Retired,872000.0,482,Verified
CUST102301,28,Male,Hyderabad,Salaried - Government,557000.0,628,Verified
CUST102302,48,Male,Lucknow,Self-Employed,,731,Verified
CUST102303,64,Male,Coimbatore,Salaried - Government,,376,Verified
CUST102304,65,Female,Nagpur,Self-Employed,573000.0,568,Verified
CUST102305,25,Female,Coimbatore,Salaried - Government,1370000.0,564,Verified
CUST102306,36,Male,Kolkata,Retired,1247000.0,471,Verified
CUST102307,28,Female,Delhi,Homemaker,480000.0,442,Pending
CUST102308,36,Male,Chennai,Homemaker,363000.0,804,Verified
CUST102309,47,Male,Pune,Salaried - Government,,559,Verified
CUST102310,34,Male,Hyderabad,Salaried - Private,1870000.0,645,Verified
CUST102311,24,Female,Chennai,Salaried - Private,438000.0,322,Verified
CUST102312,45,Male,Bengaluru,Homemaker,827000.0,470,Verified
CUST102313,23,Female,Bengaluru,Student,940000.0,434,Incomplete
CUST102314,32,Male,Lucknow,Salaried - Government,851000.0,497,Verified
CUST102315,21,Male,Ahmedabad,Student,694000.0,804,Verified
CUST102316,25,Male,Mumbai,Professional,,642,Verified
CUST102317,42,Male,Jaipur,Salaried - Government,1105000.0,841,Verified
CUST102318,62,Male,Nagpur,Self-Employed,1281000.0,553,Verified
CUST102319,58,Male,Kolkata,Self-Employed,1165000.0,762,Incomplete
CUST102320,25,Female,Hyderabad,Homemaker,1302000.0,396,Verified
CUST102321,22,Male,Hyderabad,Salaried - Government,,789,Verified
CUST102322,37,Female,Pune,Salaried - Government,1499000.0,666,Verified
CUST102323,52,Female,Hyderabad,Retired,,323,Verified
CUST102324,57,Male,Indore,Self-Employed,1448000.0,713,Verified
CUST102325,61,Male,Coimbatore,Self-Employed,599000.0,587,Verified
CUST102326,37,Male,Pune,Homemaker,1281000.0,300,Verified
CUST102327,29,Male,Indore,Student,1220000.0,808,Verified
CUST102328,22,Female,Nagpur,Professional,1764000.0,622,Verified
CUST102329,28,Female,Delhi,Homemaker,465000.0,663,Verified
CUST102330,24,Female,Ahmedabad,Homemaker,1151000.0,646,Verified
CUST102331,63,Male,Lucknow,Professional,,354,Verified
CUST102332,34,Female,Kolkata,Homemaker,1131000.0,499,Incomplete
CUST102333,61,Female,Kolkata,Salaried - Private,803000.0,721,Verified
CUST102334,48,Male,Ahmedabad,Salaried - Private,1116000.0,503,Verified
CUST102335,47,Female,Bhopal,Student,265000.0,833,Incomplete
CUST102336,43,Male,Hyderabad,Salaried - Government,1257000.0,490,Verified
CUST102337,61,Male,Jaipur,Retired,993000.0,575,Verified
CUST102338,23,Male,Chennai,Business Owner,968000.0,567,Verified
CUST102339,25,Male,Indore,Homemaker,1778000.0,311,Pending
CUST102340,41,Female,Delhi,Retired,728000.0,787,Verified
CUST102341,40,Male,Delhi,Salaried - Private,1054000.0,381,Verified
CUST102342,47,Male,Mumbai,Self-Employed,945000.0,581,Incomplete
CUST102343,57,Male,Pune,Retired,989000.0,844,Verified
CUST102344,49,Male,Lucknow,Student,1900000.0,896,Verified
CUST102345,33,Male,Coimbatore,Homemaker,929000.0,438,Verified
CUST102346,37,Male,Kolkata,Student,645000.0,525,Verified
CUST102347,57,Female,Bengaluru,Student,1742000.0,639,Verified
CUST102348,30,Male,Pune,Student,762000.0,719,Verified
CUST102349,45,Female,Delhi,Professional,180000.0,450,Verified
CUST102350,47,Male,Ahmedabad,Self-Employed,567000.0,629,Incomplete
CUST102351,57,Female,Bhopal,Professional,339000.0,800,Verified
CUST102352,56,Female,Mumbai,Homemaker,180000.0,757,Incomplete
CUST102353,43,Male,Patna,Business Owner,737000.0,793,Verified
CUST102354,36,Male,Chennai,Homemaker,,833,Verified
CUST102355,39,Female,Bhopal,Retired,1431000.0,816,Verified
CUST102356,41,Male,Nagpur,Salaried - Government,1183000.0,607,Verified
CUST102357,31,Female,Patna,Student,1163000.0,884,Verified
CUST102358,51,Male,Bhopal,Homemaker,498000.0,596,Pending
CUST102359,31,Male,Bhopal,Professional,1298000.0,725,Verified
CUST102360,52,Male,Bengaluru,Salaried - Government,1526000.0,865,Verified
CUST102361,57,Female,Bengaluru,Salaried - Government,1078000.0,325,Verified
CUST102362,68,Male,Pune,Homemaker,1090000.0,860,Verified
CUST102363,26,Female,Lucknow,Salaried - Private,331000.0,793,Verified
CUST102364,58,Female,Lucknow,Business Owner,1374000.0,898,Verified
CUST102365,25,Male,Patna,Professional,1701000.0,763,Pending
CUST102366,37,Male,Hyderabad,Salaried - Government,1045000.0,393,Verified
CUST102367,29,Male,Nagpur,Homemaker,633000.0,481,Verified
CUST102368,28,Male,Kolkata,Professional,827000.0,302,Verified
CUST102369,29,Female,Chennai,Salaried - Private,711000.0,664,Pending
CUST102370,23,Male,Patna,Self-Employed,738000.0,562,Verified
CUST102371,61,Male,Delhi,Business Owner,1192000.0,584,Verified
CUST102372,23,Female,Kolkata,Salaried - Government,1026000.0,740,Verified
CUST102373,40,Female,Patna,Student,,792,Verified
CUST102374,55,Male,Patna,Self-Employed,,343,Verified
CUST102375,69,Male,Chennai,Professional,511000.0,850,Incomplete
CUST102376,62,Male,Bengaluru,Professional,675000.0,524,Verified
CUST102377,27,Female,Mumbai,Salaried - Government,647000.0,751,Verified
CUST102378,69,Male,Delhi,Professional,816000.0,648,Verified
CUST102379,53,Male,Nagpur,Self-Employed,1708000.0,566,Verified
CUST102380,29,Male,Patna,Salaried - Private,1780000.0,427,Verified
CUST102381,42,Female,Ahmedabad,Business Owner,1276000.0,413,Verified
CUST102382,65,Female,Jaipur,Professional,953000.0,738,Verified
CUST102383,40,Male,Hyderabad,Salaried - Private,287000.0,492,Verified
CUST102384,29,Female,Bengaluru,Homemaker,999000.0,437,Verified
CUST102385,63,Female,Mumbai,Retired,,303,Verified
CUST102386,67,Male,Bhopal,Self-Employed,1634000.0,804,Verified
CUST102387,68,Female,Mumbai,Professional,180000.0,537,Verified
CUST102388,67,Male,Delhi,Self-Employed,1073000.0,508,Verified
CUST102389,63,Female,Patna,Retired,507000.0,523,Verified
CUST102390,43,Male,Jaipur,Salaried - Government,896000.0,659,Incomplete
CUST102391,30,Male,Ahmedabad,Professional,1200000.0,589,Verified
CUST102392,51,Male,Chennai,Salaried - Private,,626,Verified
CUST102393,31,Male,Bengaluru,Salaried - Private,873000.0,466,Verified
CUST102394,44,Female,Kolkata,Self-Employed,1243000.0,477,Verified
CUST102395,53,Male,Pune,Salaried - Government,602000.0,817,Verified
CUST102396,67,Male,Jaipur,Business Owner,1010000.0,563,Verified
CUST102397,35,Male,Bengaluru,Salaried - Government,1351000.0,883,Verified
CUST102398,33,Female,Chennai,Salaried - Government,1049000.0,807,Verified
CUST102399,57,Female,Delhi,Salaried - Private,,727,Pending
CUST102400,21,Male,Kolkata,Student,774000.0,629,Verified
CUST102401,48,Male,Hyderabad,Retired,1357000.0,802,Verified
CUST102402,57,Male,Chennai,Salaried - Government,409000.0,333,Verified
CUST102403,47,Female,Jaipur,Salaried - Private,475000.0,599,Verified
CUST102404,39,Female,Ahmedabad,Homemaker,1171000.0,727,Incomplete
CUST102405,61,Male,Chennai,Retired,702000.0,364,Verified
CUST102406,39,Female,Bhopal,Student,246000.0,409,Verified
CUST102407,55,Male,Pune,Salaried - Government,1508000.0,339,Verified
CUST102408,43,Female,Pune,Self-Employed,405000.0,591,Verified
CUST102409,22,Male,Ahmedabad,Salaried - Private,810000.0,624,Verified
CUST102410,46,Male,Bengaluru,Business Owner,621000.0,581,Verified
CUST102411,23,Male,Kolkata,Salaried - Government,766000.0,332,Pending
CUST102412,66,Male,Jaipur,Salaried - Private,502000.0,591,Verified
CUST102413,50,Female,Delhi,Professional,1221000.0,832,Verified
CUST102414,39,Male,Jaipur,Student,950000.0,318,Incomplete
CUST102415,44,Female,Mumbai,Retired,1343000.0,765,Pending
CUST102416,51,Female,Lucknow,Homemaker,626000.0,463,Verified
CUST102417,33,Female,Mumbai,Homemaker,1860000.0,344,Verified
CUST102418,35,Female,Bengaluru,Student,180000.0,330,Pending
CUST102419,41,Male,Pune,Salaried - Government,187000.0,307,Verified
CUST102420,33,Male,Lucknow,Self-Employed,1689000.0,548,Verified
CUST102421,58,Male,Bhopal,Professional,1113000.0,598,Verified
CUST102422,26,Male,Ahmedabad,Homemaker,1054000.0,672,Incomplete
CUST102423,61,Female,Delhi,Homemaker,1094000.0,348,Verified
CUST102424,38,Male,Pune,Retired,1157000.0,692,Verified
CUST102425,48,Male,Patna,Self-Employed,1035000.0,743,Verified
CUST102426,28,Male,Delhi,Self-Employed,465000.0,338,Verified
CUST102427,39,Male,Bhopal,Salaried - Private,1268000.0,705,Verified
CUST102428,57,Female,Pune,Self-Employed,1197000.0,371,Verified
CUST102429,34,Male,Mumbai,Salaried - Government,1543000.0,563,Verified
CUST102430,27,Female,Bhopal,Student,1694000.0,696,Verified
CUST102431,46,Female,Mumbai,Salaried - Private,1049000.0,822,Incomplete
CUST102432,28,Female,Pune,Self-Employed,348000.0,618,Verified
CUST102433,36,Male,Bengaluru,Student,1698000.0,561,Verified
CUST102434,43,Female,Jaipur,Student,442000.0,800,Verified
CUST102435,48,Male,Mumbai,Business Owner,1052000.0,429,Verified
CUST102436,52,Male,Delhi,Business Owner,784000.0,423,Verified
CUST102437,54,Female,Ahmedabad,Professional,706000.0,579,Verified
CUST102438,62,Female,Coimbatore,Homemaker,,372,Verified
CUST102439,24,Male,Mumbai,Homemaker,1010000.0,313,Verified
CUST102440,38,Female,Kolkata,Professional,,517,Verified
CUST102441,21,Male,Nagpur,Self-Employed,533000.0,391,Verified
CUST102442,21,Female,Hyderabad,Self-Employed,822000.0,682,Incomplete
CUST102443,31,Female,Ahmedabad,Retired,554000.0,629,Verified
CUST102444,50,Male,Nagpur,Homemaker,810000.0,591,Pending
CUST102445,64,Female,Bhopal,Salaried - Private,847000.0,597,Verified
CUST102446,58,Female,Hyderabad,Homemaker,1730000.0,359,Verified
CUST102447,52,Female,Patna,Business Owner,783000.0,541,Verified
CUST102448,59,Female,Bhopal,Salaried - Government,180000.0,342,Verified
CUST102449,29,Female,Ahmedabad,Salaried - Private,1528000.0,512,Pending
CUST102450,62,Male,Kolkata,Self-Employed,1102000.0,706,Verified
CUST102451,64,Female,Indore,Salaried - Government,841000.0,891,Verified
CUST102452,25,Male,Indore,Salaried - Private,703000.0,478,Verified
CUST102453,44,Female,Coimbatore,Self-Employed,,458,Verified
CUST102454,61,Male,Bhopal,Homemaker,1772000.0,701,Verified
CUST102455,44,Male,Pune,Retired,,850,Verified
CUST102456,62,Female,Delhi,Salaried - Government,180000.0,476,Pending
CUST102457,66,Male,Delhi,Retired,1047000.0,802,Verified
CUST102458,44,Male,Coimbatore,Business Owner,1443000.0,488,Verified
CUST102459,23,Female,Pune,Retired,970000.0,683,Verified
CUST102460,37,Male,Delhi,Salaried - Government,494000.0,425,Verified
CUST102461,31,Male,Chennai,Salaried - Private,454000.0,457,Verified
CUST102462,44,Male,Mumbai,Self-Employed,487000.0,890,Verified
CUST102463,49,Male,Ahmedabad,Student,1585000.0,533,Verified
CUST102464,43,Male,Jaipur,Professional,868000.0,309,Verified
CUST102465,30,Male,Pune,Salaried - Private,180000.0,763,Pending
CUST102466,35,Male,Patna,Student,1073000.0,376,Verified
CUST102467,54,Male,Ahmedabad,Homemaker,,366,Verified
CUST102468,22,Male,Coimbatore,Professional,698000.0,801,Incomplete
CUST102469,31,Female,Patna,Retired,441000.0,509,Incomplete
CUST102470,64,Female,Delhi,Salaried - Government,421000.0,382,Pending
CUST102471,25,Male,Hyderabad,Professional,1389000.0,885,Verified
CUST102472,41,Male,Patna,Student,1011000.0,468,Verified
CUST102473,31,Female,Jaipur,Business Owner,1115000.0,679,Verified
CUST102474,26,Female,Patna,Salaried - Private,1010000.0,457,Verified
CUST102475,41,Male,Pune,Homemaker,1047000.0,648,Verified
CUST102476,46,Male,Mumbai,Retired,689000.0,718,Verified
CUST102477,29,Male,Patna,Retired,,754,Verified
CUST102478,24,Female,Patna,Retired,1424000.0,546,Incomplete
CUST102479,27,Female,Lucknow,Salaried - Government,1537000.0,669,Verified
CUST102480,52,Female,Kolkata,Salaried - Private,350000.0,804,Pending
CUST102481,63,Male,Mumbai,Homemaker,806000.0,804,Verified
CUST102482,29,Male,Bhopal,Homemaker,1278000.0,748,Verified
CUST102483,36,Male,Lucknow,Salaried - Private,,539,Verified
CUST102484,37,Male,Bhopal,Professional,1702000.0,618,Verified
CUST102485,38,Male,Bengaluru,Professional,542000.0,880,Verified
CUST102486,32,Female,Bhopal,Self-Employed,1474000.0,449,Incomplete
CUST102487,23,Male,Bhopal,Retired,926000.0,715,Verified
CUST102488,46,Female,Nagpur,Student,1370000.0,775,Verified
CUST102489,38,Male,Jaipur,Homemaker,1255000.0,588,Incomplete
CUST102490,37,Male,Bhopal,Salaried - Government,331000.0,819,Verified
CUST102491,33,Female,Kolkata,Business Owner,1147000.0,556,Verified
CUST102492,66,Female,Bhopal,Student,1353000.0,801,Verified
CUST102493,50,Male,Bhopal,Salaried - Government,891000.0,686,Verified
CUST102494,41,Female,Patna,Homemaker,789000.0,331,Verified
CUST102495,31,Male,Nagpur,Business Owner,193000.0,794,Verified
CUST102496,60,Male,Mumbai,Professional,1208000.0,718,Verified
CUST102497,64,Male,Patna,Self-Employed,994000.0,433,Verified
CUST102498,22,Male,Patna,Student,485000.0,722,Verified
CUST102499,66,Female,Jaipur,Professional,753000.0,606,Verified
CUST102500,55,Male,Ahmedabad,Professional,,865,Verified
CUST102501,25,Female,Bhopal,Business Owner,649000.0,482,Verified
CUST102502,57,Female,Kolkata,Salaried - Private,901000.0,458,Verified
CUST102503,26,Male,Kolkata,Homemaker,180000.0,335,Verified
CUST102504,23,Male,Nagpur,Self-Employed,1507000.0,771,Verified
CUST102505,26,Male,Patna,Salaried - Government,907000.0,891,Verified
CUST102506,43,Female,Chennai,Homemaker,405000.0,713,Verified
CUST102507,51,Female,Nagpur,Salaried - Government,180000.0,521,Verified
CUST102508,40,Female,Hyderabad,Retired,1363000.0,827,Verified
CUST102509,26,Male,Bengaluru,Business Owner,1151000.0,452,Verified
CUST102510,30,Male,Indore,Homemaker,995000.0,715,Verified
CUST102511,62,Male,Chennai,Salaried - Private,1289000.0,658,Verified
CUST102512,68,Male,Chennai,Homemaker,1287000.0,811,Verified
CUST102513,57,Female,Hyderabad,Salaried - Government,987000.0,883,Verified
CUST102514,26,Male,Ahmedabad,Homemaker,786000.0,515,Verified
CUST102515,61,Male,Bengaluru,Self-Employed,712000.0,357,Verified
CUST102516,54,Male,Bengaluru,Salaried - Private,1089000.0,394,Verified
CUST102517,46,Male,Pune,Business Owner,1529000.0,743,Verified
CUST102518,28,Female,Chennai,Salaried - Private,854000.0,518,Verified
CUST102519,69,Male,Bengaluru,Self-Employed,1564000.0,383,Verified
CUST102520,42,Female,Indore,Retired,1068000.0,789,Verified
CUST102521,23,Female,Jaipur,Professional,1071000.0,689,Pending
CUST102522,31,Female,Mumbai,Retired,1982000.0,378,Verified
CUST102523,40,Female,Delhi,Student,1644000.0,727,Verified
CUST102524,24,Female,Nagpur,Business Owner,1655000.0,682,Pending
CUST102525,36,Female,Hyderabad,Professional,541000.0,890,Verified
CUST102526,43,Male,Bengaluru,Salaried - Private,1886000.0,892,Verified
CUST102527,67,Male,Lucknow,Self-Employed,863000.0,885,Verified
CUST102528,25,Female,Nagpur,Retired,798000.0,837,Incomplete
CUST102529,49,Male,Pune,Salaried - Private,180000.0,775,Verified
CUST102530,65,Male,Patna,Self-Employed,1047000.0,702,Verified
CUST102531,60,Female,Kolkata,Salaried - Government,412000.0,626,Verified
CUST102532,66,Male,Delhi,Homemaker,1084000.0,775,Verified
CUST102533,29,Male,Patna,Professional,377000.0,879,Verified
CUST102534,60,Female,Indore,Retired,1709000.0,369,Verified
CUST102535,68,Male,Coimbatore,Retired,1148000.0,381,Verified
CUST102536,36,Female,Delhi,Salaried - Government,,599,Verified
CUST102537,45,Male,Jaipur,Salaried - Private,440000.0,476,Verified
CUST102538,47,Female,Lucknow,Business Owner,1597000.0,619,Verified
CUST102539,45,Female,Delhi,Salaried - Government,180000.0,486,Verified
CUST102540,35,Male,Coimbatore,Self-Employed,994000.0,769,Verified
CUST102541,68,Male,Delhi,Self-Employed,616000.0,839,Verified
CUST102542,67,Male,Hyderabad,Homemaker,698000.0,469,Verified
CUST102543,39,Male,Coimbatore,Self-Employed,,763,Verified
CUST102544,60,Male,Jaipur,Salaried - Government,488000.0,363,Verified
CUST102545,40,Female,Bhopal,Student,333000.0,778,Verified
CUST102546,59,Male,Ahmedabad,Salaried - Private,701000.0,718,Verified
CUST102547,49,Female,Patna,Salaried - Government,952000.0,726,Verified
CUST102548,44,Male,Delhi,Self-Employed,1424000.0,595,Verified
CUST102549,27,Female,Bhopal,Salaried - Private,1033000.0,364,Verified
CUST102550,53,Male,Mumbai,Student,1425000.0,805,Verified
CUST102551,36,Male,Bengaluru,Self-Employed,235000.0,365,Verified
CUST102552,31,Male,Ahmedabad,Homemaker,705000.0,588,Verified
CUST102553,30,Male,Kolkata,Salaried - Government,1220000.0,404,Verified
CUST102554,69,Female,Bengaluru,Professional,1054000.0,807,Verified
CUST102555,26,Male,Patna,Salaried - Government,512000.0,644,Verified
CUST102556,60,Male,Hyderabad,Salaried - Government,1320000.0,604,Verified
CUST102557,63,Male,Nagpur,Business Owner,661000.0,490,Pending
CUST102558,22,Female,Mumbai,Homemaker,550000.0,769,Verified
CUST102559,49,Male,Chennai,Self-Employed,,426,Pending
CUST102560,49,Male,Hyderabad,Homemaker,903000.0,732,Pending
CUST102561,38,Male,Jaipur,Salaried - Private,665000.0,881,Pending
CUST102562,53,Male,Kolkata,Self-Employed,649000.0,459,Verified
CUST102563,41,Male,Bengaluru,Professional,419000.0,711,Verified
CUST102564,42,Female,Jaipur,Business Owner,722000.0,485,Verified
CUST102565,42,Male,Coimbatore,Professional,1395000.0,857,Verified
CUST102566,60,Female,Bengaluru,Retired,1010000.0,839,Verified
CUST102567,52,Male,Chennai,Salaried - Private,1331000.0,488,Pending
CUST102568,39,Male,Ahmedabad,Retired,1132000.0,438,Verified
CUST102569,66,Male,Bhopal,Homemaker,624000.0,349,Verified
CUST102570,60,Male,Bengaluru,Homemaker,180000.0,718,Verified
CUST102571,66,Male,Chennai,Self-Employed,483000.0,851,Verified
CUST102572,56,Male,Chennai,Self-Employed,598000.0,387,Verified
CUST102573,40,Male,Lucknow,Student,563000.0,789,Verified
CUST102574,58,Female,Delhi,Homemaker,1341000.0,753,Verified
CUST102575,37,Male,Lucknow,Student,1337000.0,583,Verified
CUST102576,34,Male,Kolkata,Student,1895000.0,433,Verified
CUST102577,43,Male,Hyderabad,Business Owner,556000.0,691,Verified
CUST102578,68,Male,Nagpur,Salaried - Government,1619000.0,656,Verified
CUST102579,48,Female,Nagpur,Salaried - Government,1616000.0,786,Verified
CUST102580,39,Male,Nagpur,Self-Employed,795000.0,638,Verified
CUST102581,43,Female,Indore,Homemaker,1113000.0,329,Verified
CUST102582,35,Male,Chennai,Self-Employed,1458000.0,422,Pending
CUST102583,53,Male,Nagpur,Self-Employed,873000.0,528,Verified
CUST102584,38,Female,Bengaluru,Homemaker,839000.0,594,Verified
CUST102585,48,Male,Hyderabad,Salaried - Government,618000.0,509,Verified
CUST102586,39,Female,Jaipur,Retired,180000.0,827,Verified
CUST102587,36,Male,Patna,Professional,932000.0,468,Verified
CUST102588,68,Female,Jaipur,Student,581000.0,708,Pending
CUST102589,37,Male,Jaipur,Business Owner,416000.0,516,Verified
CUST102590,24,Male,Pune,Professional,1090000.0,895,Verified
CUST102591,39,Female,Jaipur,Homemaker,247000.0,849,Verified
CUST102592,47,Male,Ahmedabad,Student,1263000.0,770,Pending
CUST102593,25,Male,Ahmedabad,Retired,1118000.0,758,Pending
CUST102594,35,Female,Jaipur,Retired,720000.0,686,Verified
CUST102595,29,Male,Lucknow,Student,872000.0,652,Verified
CUST102596,45,Female,Hyderabad,Student,364000.0,637,Verified
CUST102597,56,Female,Bengaluru,Retired,1238000.0,316,Verified
CUST102598,68,Female,Hyderabad,Self-Employed,984000.0,862,Verified
CUST102599,40,Female,Kolkata,Retired,1018000.0,888,Verified
CUST102600,63,Male,Bengaluru,Salaried - Government,1126000.0,616,Verified
CUST102601,31,Male,Bengaluru,Professional,611000.0,822,Verified
CUST102602,59,Male,Coimbatore,Business Owner,216000.0,541,Verified
CUST102603,48,Female,Hyderabad,Student,1331000.0,367,Verified
CUST102604,58,Female,Patna,Professional,1210000.0,800,Verified
CUST102605,58,Male,Delhi,Student,659000.0,605,Pending
CUST102606,47,Male,Coimbatore,Homemaker,1084000.0,864,Verified
CUST102607,33,Male,Chennai,Homemaker,1466000.0,427,Verified
CUST102608,46,Male,Pune,Salaried - Government,1412000.0,587,Pending
CUST102609,61,Female,Patna,Homemaker,646000.0,700,Verified
CUST102610,68,Male,Chennai,Self-Employed,230000.0,382,Verified
CUST102611,66,Female,Jaipur,Professional,307000.0,897,Verified
CUST102612,29,Female,Patna,Business Owner,760000.0,665,Verified
CUST102613,50,Female,Mumbai,Self-Employed,1558000.0,403,Incomplete
CUST102614,26,Male,Mumbai,Student,572000.0,744,Verified
CUST102615,53,Female,Patna,Student,632000.0,827,Verified
CUST102616,69,Female,Chennai,Professional,622000.0,524,Verified
CUST102617,23,Female,Indore,Salaried - Private,661000.0,665,Pending
CUST102618,53,Male,Indore,Salaried - Government,895000.0,748,Verified
CUST102619,67,Male,Indore,Salaried - Government,324000.0,387,Verified
CUST102620,62,Female,Coimbatore,Student,1388000.0,618,Pending
CUST102621,40,Male,Nagpur,Business Owner,835000.0,635,Verified
CUST102622,26,Male,Pune,Salaried - Private,,480,Verified
CUST102623,66,Male,Coimbatore,Professional,372000.0,479,Verified
CUST102624,66,Male,Pune,Student,1615000.0,677,Verified
CUST102625,49,Male,Jaipur,Professional,1526000.0,751,Verified
CUST102626,68,Male,Mumbai,Business Owner,715000.0,533,Verified
CUST102627,21,Male,Coimbatore,Salaried - Government,722000.0,387,Verified
CUST102628,51,Female,Jaipur,Student,485000.0,772,Verified
CUST102629,22,Female,Coimbatore,Salaried - Private,491000.0,404,Verified
CUST102630,66,Male,Pune,Student,900000.0,301,Verified
CUST102631,54,Male,Hyderabad,Salaried - Government,909000.0,493,Verified
CUST102632,65,Male,Ahmedabad,Salaried - Government,180000.0,790,Verified
CUST102633,48,Male,Nagpur,Self-Employed,1932000.0,754,Verified
CUST102634,25,Female,Jaipur,Salaried - Private,783000.0,483,Verified
CUST102635,22,Male,Patna,Salaried - Private,930000.0,611,Verified
CUST102636,37,Male,Chennai,Salaried - Government,618000.0,875,Verified
CUST102637,57,Male,Patna,Retired,780000.0,731,Verified
CUST102638,28,Male,Bhopal,Homemaker,739000.0,755,Incomplete
CUST102639,62,Female,Indore,Salaried - Government,899000.0,352,Verified
CUST102640,32,Female,Mumbai,Retired,893000.0,444,Verified
CUST102641,45,Male,Pune,Self-Employed,1262000.0,362,Verified
CUST102642,30,Male,Delhi,Business Owner,1002000.0,887,Verified
CUST102643,43,Female,Kolkata,Self-Employed,1217000.0,505,Verified
CUST102644,43,Male,Patna,Student,896000.0,599,Incomplete
CUST102645,21,Female,Lucknow,Professional,1004000.0,630,Verified
CUST102646,48,Female,Patna,Professional,791000.0,613,Verified
CUST102647,59,Male,Patna,Homemaker,1351000.0,331,Verified
CUST102648,66,Female,Coimbatore,Retired,1045000.0,845,Verified
CUST102649,37,Male,Indore,Salaried - Government,829000.0,528,Verified
CUST102650,64,Female,Jaipur,Salaried - Government,815000.0,851,Verified
CUST102651,64,Male,Indore,Self-Employed,851000.0,759,Pending
CUST102652,69,Male,Mumbai,Salaried - Private,914000.0,718,Verified
CUST102653,39,Male,Bhopal,Retired,875000.0,721,Pending
CUST102654,62,Male,Ahmedabad,Business Owner,649000.0,887,Verified
CUST102655,48,Male,Coimbatore,Salaried - Private,1244000.0,482,Verified
CUST102656,23,Male,Ahmedabad,Business Owner,,497,Verified
CUST102657,34,Female,Bengaluru,Homemaker,1703000.0,702,Verified
CUST102658,53,Male,Bhopal,Student,,439,Verified
CUST102659,28,Male,Coimbatore,Student,1200000.0,782,Incomplete
CUST102660,42,Female,Mumbai,Student,180000.0,317,Verified
CUST102661,58,Female,Mumbai,Professional,1273000.0,838,Pending
CUST102662,28,Male,Lucknow,Student,245000.0,507,Verified
CUST102663,45,Male,Jaipur,Student,457000.0,302,Verified
CUST102664,31,Female,Jaipur,Retired,1050000.0,661,Verified
CUST102665,47,Female,Delhi,Business Owner,620000.0,465,Verified
CUST102666,32,Male,Jaipur,Student,559000.0,483,Verified
CUST102667,68,Female,Jaipur,Business Owner,682000.0,588,Pending
CUST102668,24,Male,Nagpur,Salaried - Government,1228000.0,647,Verified
CUST102669,68,Male,Pune,Salaried - Private,480000.0,381,Verified
CUST102670,59,Female,Pune,Professional,876000.0,329,Pending
CUST102671,62,Female,Delhi,Salaried - Private,730000.0,576,Verified
CUST102672,62,Female,Jaipur,Salaried - Private,1269000.0,512,Verified
CUST102673,30,Male,Lucknow,Salaried - Government,1282000.0,649,Verified
CUST102674,66,Male,Hyderabad,Professional,180000.0,748,Verified
CUST102675,50,Male,Bhopal,Business Owner,1370000.0,668,Verified
CUST102676,68,Male,Coimbatore,Professional,,362,Verified
CUST102677,64,Male,Bengaluru,Professional,1006000.0,897,Verified
CUST102678,49,Male,Jaipur,Student,477000.0,728,Verified
CUST102679,39,Male,Bhopal,Salaried - Government,1067000.0,329,Incomplete
CUST102680,26,Female,Mumbai,Business Owner,2048000.0,757,Verified
CUST102681,25,Male,Bengaluru,Professional,957000.0,828,Verified
CUST102682,40,Male,Pune,Self-Employed,693000.0,641,Verified
CUST102683,60,Female,Bengaluru,Salaried - Government,796000.0,799,Incomplete
CUST102684,45,Male,Pune,Salaried - Private,,831,Pending
CUST102685,44,Female,Bengaluru,Self-Employed,1552000.0,878,Incomplete
CUST102686,32,Male,Indore,Self-Employed,1041000.0,872,Verified
CUST102687,48,Male,Jaipur,Salaried - Government,428000.0,416,Verified
CUST102688,52,Female,Hyderabad,Self-Employed,443000.0,320,Verified
CUST102689,69,Male,Patna,Retired,907000.0,691,Verified
CUST102690,56,Female,Mumbai,Homemaker,1319000.0,707,Verified
CUST102691,50,Female,Jaipur,Professional,382000.0,641,Verified
CUST102692,65,Male,Bhopal,Salaried - Private,1401000.0,442,Verified
CUST102693,41,Female,Nagpur,Retired,,869,Verified
CUST102694,66,Female,Chennai,Salaried - Government,481000.0,544,Incomplete
CUST102695,39,Female,Jaipur,Salaried - Private,690000.0,744,Verified
CUST102696,27,Male,Patna,Professional,1687000.0,673,Verified
CUST102697,41,Male,Patna,Business Owner,275000.0,837,Verified
CUST102698,27,Female,Bengaluru,Self-Employed,571000.0,727,Verified
CUST102699,26,Male,Coimbatore,Student,1329000.0,680,Verified
CUST102700,64,Male,Hyderabad,Salaried - Private,997000.0,804,Verified
CUST102701,59,Male,Pune,Salaried - Private,544000.0,332,Verified
CUST102702,31,Male,Bengaluru,Professional,1334000.0,723,Verified
CUST102703,62,Male,Bengaluru,Business Owner,1356000.0,651,Pending
CUST102704,24,Male,Chennai,Homemaker,1049000.0,766,Pending
CUST102705,34,Male,Bengaluru,Salaried - Private,624000.0,434,Verified
CUST102706,55,Male,Bhopal,Business Owner,694000.0,659,Verified
CUST102707,35,Female,Jaipur,Salaried - Government,1028000.0,470,Verified
CUST102708,56,Male,Pune,Salaried - Private,310000.0,370,Verified
CUST102709,63,Male,Jaipur,Business Owner,1498000.0,645,Verified
CUST102710,24,Male,Lucknow,Retired,1665000.0,312,Verified
CUST102711,22,Male,Bengaluru,Salaried - Government,794000.0,355,Verified
CUST102712,67,Female,Hyderabad,Homemaker,1060000.0,617,Verified
CUST102713,46,Female,Indore,Professional,1434000.0,839,Verified
CUST102714,45,Male,Mumbai,Business Owner,1780000.0,729,Verified
CUST102715,43,Male,Coimbatore,Student,1601000.0,309,Verified
CUST102716,42,Male,Coimbatore,Self-Employed,180000.0,365,Verified
CUST102717,54,Male,Chennai,Salaried - Government,,558,Verified
CUST102718,49,Male,Hyderabad,Homemaker,1125000.0,557,Verified
CUST102719,29,Male,Chennai,Salaried - Private,678000.0,323,Verified
CUST102720,51,Male,Jaipur,Homemaker,1702000.0,453,Verified
CUST102721,53,Male,Chennai,Homemaker,1633000.0,376,Verified
CUST102722,26,Male,Patna,Student,533000.0,640,Verified
CUST102723,39,Male,Pune,Business Owner,827000.0,694,Incomplete
CUST102724,59,Male,Coimbatore,Professional,563000.0,534,Pending
CUST102725,51,Male,Nagpur,Student,812000.0,642,Verified
CUST102726,27,Male,Kolkata,Salaried - Government,799000.0,420,Verified
CUST102727,22,Male,Jaipur,Self-Employed,1329000.0,810,Verified
CUST102728,49,Male,Mumbai,Business Owner,500000.0,302,Incomplete
CUST102729,43,Male,Delhi,Retired,180000.0,602,Verified
CUST102730,68,Female,Ahmedabad,Retired,180000.0,492,Verified
CUST102731,46,Female,Ahmedabad,Student,437000.0,570,Verified
CUST102732,66,Male,Pune,Business Owner,,609,Verified
CUST102733,31,Male,Delhi,Salaried - Government,984000.0,687,Verified
CUST102734,42,Female,Nagpur,Salaried - Government,414000.0,857,Verified
CUST102735,27,Female,Kolkata,Homemaker,355000.0,636,Verified
CUST102736,49,Male,Ahmedabad,Business Owner,482000.0,436,Verified
CUST102737,30,Male,Kolkata,Retired,398000.0,614,Verified
CUST102738,45,Male,Ahmedabad,Professional,650000.0,607,Verified
CUST102739,37,Male,Lucknow,Homemaker,631000.0,818,Verified
CUST102740,30,Male,Patna,Salaried - Government,1210000.0,639,Verified
CUST102741,25,Male,Jaipur,Salaried - Government,455000.0,820,Verified
CUST102742,46,Male,Bengaluru,Retired,739000.0,689,Verified
CUST102743,67,Male,Indore,Business Owner,655000.0,643,Verified
CUST102744,30,Male,Hyderabad,Homemaker,1264000.0,497,Verified
CUST102745,40,Female,Mumbai,Salaried - Government,,453,Verified
CUST102746,32,Male,Mumbai,Self-Employed,1373000.0,359,Verified
CUST102747,60,Male,Patna,Student,381000.0,628,Verified
CUST102748,41,Male,Pune,Homemaker,878000.0,852,Verified
CUST102749,68,Female,Mumbai,Salaried - Private,641000.0,307,Verified
CUST102750,33,Male,Nagpur,Homemaker,348000.0,871,Verified
CUST102751,24,Male,Hyderabad,Salaried - Private,870000.0,815,Verified
CUST102752,49,Male,Coimbatore,Salaried - Private,1680000.0,562,Pending
CUST102753,52,Female,Indore,Student,516000.0,488,Verified
CUST102754,69,Female,Mumbai,Salaried - Government,843000.0,648,Verified
CUST102755,63,Female,Bhopal,Self-Employed,309000.0,813,Verified
CUST102756,64,Female,Lucknow,Salaried - Government,243000.0,317,Verified
CUST102757,52,Male,Bengaluru,Professional,546000.0,569,Verified
CUST102758,38,Male,Pune,Salaried - Private,,328,Verified
CUST102759,42,Male,Ahmedabad,Self-Employed,717000.0,686,Incomplete
CUST102760,27,Female,Bengaluru,Self-Employed,798000.0,346,Verified
CUST102761,42,Female,Bhopal,Retired,180000.0,489,Pending
CUST102762,38,Male,Hyderabad,Business Owner,618000.0,743,Verified
CUST102763,22,Female,Coimbatore,Salaried - Government,1126000.0,751,Pending
CUST102764,31,Male,Nagpur,Business Owner,289000.0,436,Verified
CUST102765,47,Male,Lucknow,Business Owner,740000.0,607,Verified
CUST102766,39,Male,Delhi,Self-Employed,1032000.0,410,Verified
CUST102767,69,Female,Mumbai,Professional,548000.0,654,Verified
CUST102768,44,Female,Bengaluru,Self-Employed,,305,Verified
CUST102769,67,Male,Ahmedabad,Self-Employed,215000.0,788,Verified
CUST102770,53,Female,Patna,Homemaker,1300000.0,313,Verified
CUST102771,22,Female,Bengaluru,Self-Employed,1065000.0,665,Verified
CUST102772,30,Female,Bhopal,Self-Employed,925000.0,543,Verified
CUST102773,55,Female,Mumbai,Salaried - Government,1406000.0,434,Verified
CUST102774,47,Male,Chennai,Retired,752000.0,625,Verified
CUST102775,35,Female,Jaipur,Retired,622000.0,385,Verified
CUST102776,46,Male,Nagpur,Retired,1518000.0,647,Verified
CUST102777,65,Female,Patna,Salaried - Government,1728000.0,686,Verified
CUST102778,40,Male,Ahmedabad,Business Owner,588000.0,574,Verified
CUST102779,23,Female,Mumbai,Self-Employed,849000.0,516,Verified
CUST102780,36,Female,Hyderabad,Homemaker,1370000.0,575,Verified
CUST102781,66,Male,Patna,Self-Employed,865000.0,873,Verified
CUST102782,58,Female,Delhi,Business Owner,1168000.0,751,Verified
CUST102783,62,Male,Bhopal,Business Owner,1251000.0,303,Pending
CUST102784,65,Male,Bhopal,Homemaker,647000.0,473,Verified
CUST102785,26,Male,Patna,Retired,,314,Verified
CUST102786,34,Female,Chennai,Homemaker,897000.0,442,Incomplete
CUST102787,23,Male,Chennai,Business Owner,352000.0,767,Pending
CUST102788,21,Male,Bengaluru,Homemaker,455000.0,812,Verified
CUST102789,61,Female,Pune,Homemaker,606000.0,574,Verified
CUST102790,66,Male,Ahmedabad,Professional,1318000.0,713,Verified
CUST102791,28,Male,Delhi,Retired,1333000.0,522,Pending
CUST102792,56,Female,Jaipur,Student,1237000.0,586,Verified
CUST102793,47,Female,Chennai,Homemaker,1098000.0,797,Verified
CUST102794,24,Female,Jaipur,Self-Employed,1086000.0,465,Verified
CUST102795,65,Female,Hyderabad,Retired,1025000.0,491,Verified
CUST102796,63,Female,Coimbatore,Business Owner,1083000.0,381,Verified
CUST102797,48,Male,Hyderabad,Salaried - Government,1114000.0,430,Incomplete
CUST102798,55,Male,Indore,Self-Employed,268000.0,322,Verified
CUST102799,40,Male,Bengaluru,Student,544000.0,789,Verified
CUST102800,59,Male,Delhi,Student,437000.0,811,Verified
CUST102801,42,Female,Bengaluru,Homemaker,1398000.0,552,Verified
CUST102802,69,Female,Kolkata,Student,1644000.0,656,Verified
CUST102803,24,Male,Indore,Professional,180000.0,449,Verified
CUST102804,29,Male,Bengaluru,Homemaker,1604000.0,327,Verified
CUST102805,68,Female,Patna,Salaried - Government,939000.0,609,Verified
CUST102806,35,Female,Bhopal,Self-Employed,1356000.0,395,Verified
CUST102807,36,Male,Pune,Salaried - Government,1128000.0,808,Verified
CUST102808,59,Male,Pune,Student,1548000.0,467,Verified
CUST102809,30,Male,Coimbatore,Professional,994000.0,742,Verified
CUST102810,46,Male,Bhopal,Student,286000.0,457,Verified
CUST102811,35,Male,Chennai,Business Owner,852000.0,375,Verified
CUST102812,30,Male,Indore,Business Owner,1132000.0,629,Pending
CUST102813,68,Female,Kolkata,Retired,803000.0,409,Verified
CUST102814,30,Male,Delhi,Professional,1196000.0,539,Verified
CUST102815,25,Male,Nagpur,Self-Employed,870000.0,475,Pending
CUST102816,54,Male,Indore,Self-Employed,632000.0,829,Incomplete
CUST102817,63,Female,Kolkata,Professional,411000.0,601,Pending
CUST102818,27,Male,Bhopal,Salaried - Private,724000.0,731,Verified
CUST102819,55,Male,Chennai,Salaried - Government,992000.0,653,Verified
CUST102820,47,Male,Nagpur,Salaried - Private,180000.0,846,Verified
CUST102821,61,Female,Pune,Salaried - Government,549000.0,563,Verified
CUST102822,27,Female,Hyderabad,Salaried - Government,180000.0,817,Verified
CUST102823,68,Male,Ahmedabad,Salaried - Private,622000.0,838,Pending
CUST102824,51,Male,Hyderabad,Salaried - Private,1439000.0,852,Verified
CUST102825,62,Male,Lucknow,Homemaker,366000.0,717,Pending
CUST102826,38,Female,Patna,Salaried - Government,,888,Incomplete
CUST102827,67,Female,Kolkata,Professional,2182000.0,747,Verified
CUST102828,51,Male,Patna,Salaried - Private,1554000.0,487,Verified
CUST102829,27,Male,Kolkata,Student,,394,Incomplete
CUST102830,66,Female,Coimbatore,Salaried - Government,1286000.0,425,Verified
CUST102831,59,Female,Chennai,Retired,284000.0,644,Verified
CUST102832,35,Male,Bhopal,Retired,,399,Verified
CUST102833,47,Male,Jaipur,Homemaker,913000.0,442,Verified
CUST102834,40,Male,Coimbatore,Retired,1079000.0,676,Verified
CUST102835,47,Female,Chennai,Professional,1392000.0,499,Verified
CUST102836,68,Female,Bengaluru,Homemaker,644000.0,708,Pending
CUST102837,65,Female,Indore,Homemaker,987000.0,898,Verified
CUST102838,31,Female,Indore,Business Owner,972000.0,352,Verified
CUST102839,68,Male,Patna,Student,841000.0,684,Verified
CUST102840,42,Male,Ahmedabad,Student,867000.0,792,Incomplete
CUST102841,55,Male,Kolkata,Retired,515000.0,384,Verified
CUST102842,58,Female,Lucknow,Student,1026000.0,769,Verified
CUST102843,44,Female,Patna,Salaried - Private,988000.0,604,Verified
CUST102844,43,Male,Hyderabad,Professional,702000.0,677,Pending
CUST102845,43,Male,Mumbai,Retired,1200000.0,330,Verified
CUST102846,63,Female,Delhi,Student,1363000.0,561,Pending
CUST102847,39,Female,Pune,Salaried - Private,1205000.0,520,Verified
CUST102848,34,Female,Bhopal,Homemaker,431000.0,392,Incomplete
CUST102849,38,Male,Kolkata,Salaried - Private,945000.0,757,Verified
CUST102850,30,Female,Lucknow,Self-Employed,490000.0,603,Verified
CUST102851,40,Female,Ahmedabad,Retired,943000.0,826,Verified
CUST102852,26,Female,Chennai,Self-Employed,492000.0,395,Verified
CUST102853,25,Female,Patna,Homemaker,1475000.0,738,Incomplete
CUST102854,56,Female,Bhopal,Student,1252000.0,662,Verified
CUST102855,24,Female,Coimbatore,Salaried - Government,1419000.0,690,Pending
CUST102856,48,Female,Nagpur,Self-Employed,1373000.0,485,Verified
CUST102857,59,Male,Pune,Salaried - Private,778000.0,714,Pending
CUST102858,56,Male,Bhopal,Retired,708000.0,448,Verified
CUST102859,42,Female,Pune,Student,1684000.0,757,Incomplete
CUST102860,30,Female,Indore,Professional,826000.0,564,Verified
CUST102861,66,Male,Lucknow,Salaried - Government,290000.0,587,Verified
CUST102862,61,Male,Nagpur,Salaried - Government,1353000.0,648,Verified
CUST102863,50,Female,Hyderabad,Salaried - Private,965000.0,350,Verified
CUST102864,25,Female,Mumbai,Business Owner,1578000.0,520,Verified
CUST102865,22,Female,Bengaluru,Retired,1009000.0,421,Pending
CUST102866,36,Male,Ahmedabad,Salaried - Government,891000.0,878,Pending
CUST102867,28,Female,Coimbatore,Homemaker,1587000.0,553,Verified
CUST102868,63,Female,Lucknow,Self-Employed,208000.0,303,Verified
CUST102869,31,Male,Nagpur,Professional,637000.0,315,Verified
CUST102870,34,Male,Ahmedabad,Retired,501000.0,847,Verified
CUST102871,68,Female,Coimbatore,Professional,180000.0,394,Verified
CUST102872,61,Male,Coimbatore,Business Owner,1293000.0,300,Verified
CUST102873,31,Female,Chennai,Self-Employed,649000.0,427,Verified
CUST102874,39,Female,Nagpur,Business Owner,1307000.0,430,Verified
CUST102875,46,Female,Mumbai,Salaried - Government,1075000.0,347,Verified
CUST102876,53,Male,Jaipur,Self-Employed,1173000.0,897,Verified
CUST102877,66,Female,Kolkata,Homemaker,695000.0,335,Incomplete
CUST102878,63,Male,Hyderabad,Student,556000.0,736,Verified
CUST102879,68,Female,Coimbatore,Homemaker,940000.0,802,Pending
CUST102880,22,Male,Lucknow,Self-Employed,1314000.0,686,Verified
CUST102881,32,Female,Bengaluru,Self-Employed,877000.0,379,Verified
CUST102882,48,Female,Bengaluru,Salaried - Private,584000.0,735,Verified
CUST102883,23,Male,Delhi,Self-Employed,360000.0,497,Verified
CUST102884,38,Male,Hyderabad,Professional,992000.0,544,Pending
CUST102885,28,Female,Delhi,Self-Employed,651000.0,450,Verified
CUST102886,66,Male,Chennai,Retired,868000.0,770,Pending
CUST102887,24,Male,Patna,Salaried - Private,793000.0,647,Verified
CUST102888,28,Male,Indore,Business Owner,700000.0,392,Verified
CUST102889,30,Female,Patna,Self-Employed,1032000.0,544,Verified
CUST102890,28,Male,Ahmedabad,Business Owner,1150000.0,776,Verified
CUST102891,48,Male,Bhopal,Salaried - Private,1784000.0,862,Verified
CUST102892,38,Female,Coimbatore,Business Owner,1241000.0,863,Verified
CUST102893,65,Male,Mumbai,Homemaker,1617000.0,380,Verified
CUST102894,33,Male,Indore,Homemaker,532000.0,814,Verified
CUST102895,47,Male,Bhopal,Self-Employed,180000.0,639,Verified
CUST102896,53,Male,Pune,Business Owner,894000.0,743,Verified
CUST102897,51,Male,Kolkata,Retired,1286000.0,531,Verified
CUST102898,60,Female,Kolkata,Business Owner,1216000.0,690,Verified
CUST102899,30,Male,Bengaluru,Professional,1445000.0,454,Verified
CUST102900,45,Female,Chennai,Self-Employed,180000.0,612,Verified
CUST102901,60,Male,Hyderabad,Homemaker,1464000.0,435,Verified
CUST102902,63,Male,Mumbai,Retired,1051000.0,537,Verified
CUST102903,51,Male,Ahmedabad,Student,205000.0,544,Verified
CUST102904,52,Male,Ahmedabad,Homemaker,1226000.0,819,Verified
CUST102905,63,Female,Hyderabad,Self-Employed,976000.0,676,Verified
CUST102906,51,Male,Bengaluru,Self-Employed,1072000.0,688,Verified
CUST102907,67,Male,Coimbatore,Salaried - Private,1350000.0,470,Incomplete
CUST102908,27,Male,Bhopal,Professional,1094000.0,560,Verified
CUST102909,38,Female,Ahmedabad,Retired,237000.0,583,Incomplete
CUST102910,26,Male,Bhopal,Self-Employed,836000.0,770,Verified
CUST102911,25,Female,Pune,Salaried - Private,180000.0,411,Verified
CUST102912,44,Male,Chennai,Homemaker,1192000.0,332,Verified
CUST102913,32,Male,Bhopal,Salaried - Government,1529000.0,603,Verified
CUST102914,40,Female,Patna,Professional,341000.0,787,Verified
CUST102915,42,Male,Lucknow,Salaried - Private,598000.0,740,Verified
CUST102916,51,Male,Jaipur,Salaried - Private,503000.0,786,Incomplete
CUST102917,67,Female,Mumbai,Student,696000.0,536,Verified
CUST102918,62,Male,Lucknow,Retired,1086000.0,437,Verified
CUST102919,39,Male,Lucknow,Salaried - Private,701000.0,695,Verified
CUST102920,36,Male,Kolkata,Salaried - Private,,322,Verified
CUST102921,58,Male,Chennai,Business Owner,1379000.0,837,Verified
CUST102922,27,Female,Coimbatore,Retired,1396000.0,728,Pending
CUST102923,47,Male,Pune,Business Owner,397000.0,602,Verified
CUST102924,41,Female,Hyderabad,Homemaker,1524000.0,419,Verified
CUST102925,29,Female,Bhopal,Retired,,450,Verified
CUST102926,51,Female,Ahmedabad,Professional,1599000.0,897,Verified
CUST102927,36,Female,Jaipur,Self-Employed,829000.0,308,Verified
CUST102928,30,Female,Lucknow,Retired,562000.0,305,Verified
CUST102929,53,Female,Pune,Homemaker,457000.0,508,Verified
CUST102930,29,Male,Bengaluru,Salaried - Private,,437,Verified
CUST102931,53,Male,Bengaluru,Retired,905000.0,706,Verified
CUST102932,28,Female,Coimbatore,Student,1282000.0,325,Verified
CUST102933,42,Male,Ahmedabad,Business Owner,1488000.0,771,Verified
CUST102934,60,Female,Kolkata,Homemaker,681000.0,769,Incomplete
CUST102935,32,Male,Hyderabad,Self-Employed,883000.0,437,Verified
CUST102936,58,Female,Bhopal,Salaried - Government,853000.0,647,Verified
CUST102937,56,Male,Indore,Homemaker,614000.0,703,Pending
CUST102938,65,Female,Patna,Self-Employed,1231000.0,809,Verified
CUST102939,29,Male,Jaipur,Homemaker,1063000.0,739,Pending
CUST102940,56,Male,Ahmedabad,Self-Employed,964000.0,877,Verified
CUST102941,66,Female,Nagpur,Business Owner,1061000.0,369,Verified
CUST102942,58,Female,Nagpur,Retired,1177000.0,666,Verified
CUST102943,30,Female,Pune,Self-Employed,1172000.0,763,Verified
CUST102944,61,Female,Coimbatore,Homemaker,523000.0,439,Pending
CUST102945,26,Male,Nagpur,Salaried - Private,1303000.0,431,Verified
CUST102946,49,Female,Nagpur,Salaried - Private,1015000.0,355,Verified
CUST102947,45,Male,Mumbai,Salaried - Private,704000.0,891,Pending
CUST102948,47,Male,Delhi,Self-Employed,1005000.0,819,Verified
CUST102949,46,Male,Hyderabad,Salaried - Private,1055000.0,372,Verified
CUST102950,22,Male,Patna,Business Owner,1387000.0,447,Verified
CUST102951,45,Male,Delhi,Salaried - Private,429000.0,574,Verified
CUST102952,66,Female,Delhi,Homemaker,1496000.0,836,Verified
CUST102953,42,Male,Mumbai,Salaried - Government,910000.0,795,Pending
CUST102954,34,Female,Bengaluru,Student,672000.0,826,Verified
CUST102955,69,Male,Indore,Homemaker,658000.0,796,Incomplete
CUST102956,25,Male,Bhopal,Retired,449000.0,676,Verified
CUST102957,44,Female,Bhopal,Homemaker,180000.0,474,Verified
CUST102958,46,Male,Hyderabad,Homemaker,1205000.0,662,Verified
CUST102959,44,Male,Lucknow,Homemaker,1791000.0,596,Verified
CUST102960,66,Female,Patna,Professional,180000.0,870,Verified
CUST102961,41,Male,Ahmedabad,Professional,472000.0,569,Verified
CUST102962,68,Male,Nagpur,Business Owner,,753,Pending
CUST102963,24,Female,Jaipur,Professional,879000.0,404,Verified
CUST102964,56,Male,Hyderabad,Business Owner,1275000.0,709,Verified
CUST102965,50,Female,Lucknow,Salaried - Private,854000.0,572,Verified
CUST102966,32,Female,Coimbatore,Student,639000.0,561,Verified
CUST102967,32,Male,Nagpur,Retired,798000.0,752,Verified
CUST102968,56,Male,Ahmedabad,Retired,180000.0,590,Verified
CUST102969,52,Male,Jaipur,Self-Employed,385000.0,335,Incomplete
CUST102970,50,Female,Coimbatore,Homemaker,1327000.0,533,Verified
CUST102971,23,Male,Patna,Professional,1436000.0,877,Incomplete
CUST102972,50,Female,Ahmedabad,Salaried - Private,1533000.0,867,Verified
CUST102973,69,Male,Hyderabad,Student,1098000.0,668,Pending
CUST102974,21,Female,Indore,Student,180000.0,682,Incomplete
CUST102975,43,Male,Coimbatore,Homemaker,614000.0,457,Verified
CUST102976,45,Male,Delhi,Business Owner,1496000.0,768,Pending
CUST102977,64,Male,Mumbai,Salaried - Government,1630000.0,659,Verified
CUST102978,34,Male,Delhi,Salaried - Private,1513000.0,322,Verified
CUST102979,44,Female,Pune,Retired,794000.0,869,Verified
CUST102980,56,Male,Bengaluru,Student,312000.0,811,Verified
CUST102981,23,Male,Indore,Salaried - Private,882000.0,348,Verified
CUST102982,60,Male,Indore,Retired,907000.0,550,Verified
CUST102983,61,Male,Bengaluru,Salaried - Private,1605000.0,745,Verified
CUST102984,56,Female,Nagpur,Homemaker,1003000.0,742,Pending
CUST102985,52,Female,Bengaluru,Salaried - Private,908000.0,400,Verified
CUST102986,57,Female,Patna,Student,933000.0,324,Verified
CUST102987,59,Male,Pune,Salaried - Government,1080000.0,890,Verified
CUST102988,65,Male,Mumbai,Business Owner,1182000.0,836,Verified
CUST102989,41,Female,Kolkata,Retired,574000.0,743,Pending
CUST102990,43,Male,Nagpur,Homemaker,424000.0,695,Verified
CUST102991,52,Female,Coimbatore,Self-Employed,1517000.0,711,Verified
CUST102992,30,Male,Delhi,Student,180000.0,574,Incomplete
CUST102993,62,Male,Nagpur,Salaried - Private,1637000.0,710,Verified
CUST102994,58,Female,Hyderabad,Business Owner,180000.0,482,Verified
CUST102995,51,Male,Kolkata,Student,637000.0,350,Verified
CUST102996,35,Female,Delhi,Self-Employed,1337000.0,486,Verified
CUST102997,38,Male,Coimbatore,Professional,900000.0,476,Pending
CUST102998,42,Male,Patna,Business Owner,308000.0,482,Verified
CUST102999,53,Male,Lucknow,Business Owner,1092000.0,582,Verified
CUST103000,59,Male,Bhopal,Homemaker,930000.0,378,Verified
CUST103001,53,Male,Indore,Professional,803000.0,544,Verified
CUST103002,66,Male,Bengaluru,Retired,619000.0,578,Verified
CUST103003,68,Female,Chennai,Professional,884000.0,412,Verified
CUST103004,55,Female,Mumbai,Student,638000.0,572,Verified
CUST103005,39,Male,Ahmedabad,Business Owner,1996000.0,704,Verified
CUST103006,50,Male,Ahmedabad,Homemaker,792000.0,547,Verified
CUST103007,41,Male,Mumbai,Professional,732000.0,301,Verified
CUST103008,51,Female,Lucknow,Homemaker,656000.0,721,Verified
CUST103009,60,Female,Mumbai,Student,1700000.0,647,Pending
CUST103010,39,Male,Patna,Salaried - Government,180000.0,551,Verified
CUST103011,45,Male,Bhopal,Self-Employed,1062000.0,313,Incomplete
CUST103012,23,Male,Nagpur,Self-Employed,792000.0,353,Verified
CUST103013,57,Male,Delhi,Business Owner,,347,Verified
CUST103014,45,Male,Indore,Business Owner,531000.0,811,Verified
CUST103015,43,Female,Jaipur,Salaried - Private,1043000.0,485,Verified
CUST103016,47,Male,Nagpur,Student,511000.0,555,Verified
CUST103017,31,Male,Bhopal,Homemaker,1017000.0,717,Pending
CUST103018,50,Male,Lucknow,Professional,1678000.0,693,Pending
CUST103019,57,Male,Mumbai,Self-Employed,977000.0,338,Verified
CUST103020,38,Male,Bhopal,Homemaker,246000.0,857,Verified
CUST103021,27,Male,Kolkata,Self-Employed,519000.0,459,Verified
CUST103022,39,Male,Nagpur,Self-Employed,772000.0,760,Verified
CUST103023,30,Female,Bhopal,Student,741000.0,799,Verified
CUST103024,39,Male,Delhi,Student,968000.0,623,Verified
CUST103025,51,Female,Indore,Professional,1041000.0,397,Verified
CUST103026,26,Male,Mumbai,Salaried - Government,1679000.0,627,Verified
CUST103027,57,Male,Hyderabad,Salaried - Private,898000.0,446,Verified
CUST103028,32,Female,Chennai,Student,382000.0,809,Verified
CUST103029,64,Female,Coimbatore,Self-Employed,1419000.0,752,Verified
CUST103030,56,Male,Bengaluru,Retired,1468000.0,794,Verified
CUST103031,34,Female,Nagpur,Self-Employed,1005000.0,797,Verified
CUST103032,48,Male,Chennai,Business Owner,789000.0,407,Incomplete
CUST103033,26,Male,Lucknow,Student,1180000.0,318,Verified
CUST103034,25,Female,Delhi,Professional,805000.0,675,Verified
CUST103035,67,Female,Pune,Business Owner,180000.0,668,Verified
CUST103036,60,Male,Lucknow,Business Owner,1154000.0,819,Verified
CUST103037,28,Female,Bhopal,Salaried - Government,1302000.0,682,Verified
CUST103038,34,Male,Indore,Professional,1548000.0,781,Verified
CUST103039,30,Male,Nagpur,Professional,571000.0,509,Verified
CUST103040,40,Female,Ahmedabad,Salaried - Private,1002000.0,374,Incomplete
CUST103041,35,Male,Hyderabad,Business Owner,1012000.0,322,Verified
CUST103042,37,Female,Chennai,Retired,,561,Verified
CUST103043,46,Female,Coimbatore,Salaried - Private,952000.0,301,Verified
CUST103044,30,Male,Lucknow,Student,917000.0,610,Verified
CUST103045,64,Male,Indore,Homemaker,995000.0,540,Verified
CUST103046,56,Female,Kolkata,Retired,1233000.0,454,Verified
CUST103047,58,Female,Ahmedabad,Salaried - Private,1449000.0,654,Verified
CUST103048,29,Female,Nagpur,Professional,560000.0,707,Verified
CUST103049,55,Male,Bhopal,Student,822000.0,323,Verified
CUST103050,61,Male,Chennai,Salaried - Private,710000.0,585,Incomplete
CUST103051,29,Male,Ahmedabad,Homemaker,645000.0,863,Verified
CUST103052,57,Male,Chennai,Homemaker,180000.0,478,Verified
CUST103053,38,Male,Patna,Salaried - Private,911000.0,768,Verified
CUST103054,59,Female,Mumbai,Salaried - Government,1116000.0,502,Verified
CUST103055,44,Female,Nagpur,Retired,830000.0,462,Verified
CUST103056,60,Male,Indore,Student,896000.0,814,Verified
CUST103057,28,Male,Mumbai,Homemaker,1088000.0,513,Verified
CUST103058,40,Female,Lucknow,Professional,,819,Verified
CUST103059,34,Male,Delhi,Professional,711000.0,692,Verified
CUST103060,33,Female,Pune,Professional,373000.0,787,Verified
CUST103061,36,Male,Pune,Professional,859000.0,788,Verified
CUST103062,39,Male,Ahmedabad,Homemaker,1748000.0,848,Verified
CUST103063,27,Male,Indore,Salaried - Private,378000.0,632,Verified
CUST103064,55,Female,Kolkata,Salaried - Government,1193000.0,871,Verified
CUST103065,47,Male,Pune,Salaried - Private,1421000.0,335,Verified
CUST103066,61,Female,Delhi,Homemaker,180000.0,595,Verified
CUST103067,55,Male,Indore,Retired,1085000.0,537,Pending
CUST103068,28,Male,Hyderabad,Salaried - Private,1172000.0,358,Verified
CUST103069,24,Female,Kolkata,Salaried - Private,780000.0,823,Incomplete
CUST103070,41,Male,Delhi,Self-Employed,609000.0,780,Verified
CUST103071,44,Male,Hyderabad,Salaried - Government,634000.0,749,Verified
CUST103072,32,Male,Jaipur,Professional,752000.0,680,Verified
CUST103073,59,Female,Indore,Business Owner,764000.0,661,Pending
CUST103074,49,Male,Hyderabad,Self-Employed,679000.0,528,Verified
CUST103075,57,Male,Jaipur,Salaried - Government,745000.0,710,Pending
CUST103076,26,Female,Indore,Retired,1436000.0,885,Verified
CUST103077,60,Female,Pune,Homemaker,354000.0,450,Verified
CUST103078,31,Female,Hyderabad,Retired,180000.0,503,Verified
CUST103079,42,Female,Mumbai,Homemaker,1443000.0,365,Verified
CUST103080,42,Female,Indore,Student,814000.0,844,Incomplete
CUST103081,61,Male,Delhi,Homemaker,725000.0,618,Incomplete
CUST103082,34,Male,Chennai,Retired,850000.0,655,Verified
CUST103083,32,Female,Bengaluru,Salaried - Private,994000.0,459,Verified
CUST103084,37,Female,Bhopal,Self-Employed,664000.0,321,Verified
CUST103085,38,Female,Pune,Business Owner,1128000.0,782,Verified
CUST103086,29,Male,Bhopal,Retired,467000.0,816,Verified
CUST103087,29,Male,Lucknow,Homemaker,764000.0,504,Pending
CUST103088,32,Male,Mumbai,Retired,180000.0,757,Verified
CUST103089,43,Female,Hyderabad,Self-Employed,1428000.0,643,Pending
CUST103090,37,Male,Mumbai,Homemaker,821000.0,685,Incomplete
CUST103091,40,Female,Mumbai,Retired,1202000.0,403,Verified
CUST103092,56,Female,Ahmedabad,Homemaker,1114000.0,668,Verified
CUST103093,32,Male,Chennai,Professional,1147000.0,396,Verified
CUST103094,65,Male,Delhi,Retired,897000.0,431,Verified
CUST103095,57,Female,Kolkata,Self-Employed,1075000.0,514,Verified
CUST103096,29,Female,Kolkata,Business Owner,467000.0,428,Verified
CUST103097,36,Male,Coimbatore,Self-Employed,373000.0,845,Verified
CUST103098,29,Male,Lucknow,Self-Employed,855000.0,317,Pending
CUST103099,34,Male,Pune,Retired,594000.0,842,Verified
CUST103100,38,Male,Ahmedabad,Business Owner,1541000.0,392,Verified
CUST103101,27,Male,Delhi,Salaried - Government,,822,Incomplete
CUST103102,21,Female,Pune,Salaried - Private,578000.0,501,Verified
CUST103103,42,Female,Jaipur,Homemaker,778000.0,852,Verified
CUST103104,55,Male,Mumbai,Business Owner,,624,Verified
CUST103105,35,Male,Indore,Professional,869000.0,593,Verified
CUST103106,63,Male,Ahmedabad,Student,1022000.0,378,Verified
CUST103107,39,Female,Patna,Salaried - Private,931000.0,560,Verified
CUST103108,65,Male,Hyderabad,Student,274000.0,634,Verified
CUST103109,32,Female,Nagpur,Retired,180000.0,890,Verified
CUST103110,47,Male,Pune,Retired,732000.0,457,Verified
CUST103111,58,Female,Indore,Business Owner,1152000.0,349,Verified
CUST103112,23,Male,Ahmedabad,Retired,737000.0,452,Incomplete
CUST103113,66,Female,Lucknow,Salaried - Government,1456000.0,445,Verified
CUST103114,38,Female,Chennai,Self-Employed,879000.0,868,Verified
CUST103115,45,Male,Coimbatore,Student,1511000.0,390,Verified
CUST103116,51,Male,Bengaluru,Self-Employed,1418000.0,895,Verified
CUST103117,52,Female,Mumbai,Retired,1373000.0,367,Pending
CUST103118,22,Female,Kolkata,Student,358000.0,786,Pending
CUST103119,63,Male,Nagpur,Professional,908000.0,548,Verified
CUST103120,51,Male,Indore,Self-Employed,1450000.0,332,Verified
CUST103121,69,Male,Nagpur,Homemaker,1023000.0,668,Verified
CUST103122,44,Female,Jaipur,Homemaker,1149000.0,737,Verified
CUST103123,51,Female,Indore,Professional,275000.0,803,Verified
CUST103124,42,Male,Ahmedabad,Salaried - Private,1763000.0,407,Verified
CUST103125,64,Female,Ahmedabad,Business Owner,544000.0,670,Verified
CUST103126,61,Female,Bengaluru,Business Owner,180000.0,641,Verified
CUST103127,65,Female,Patna,Salaried - Government,742000.0,565,Verified
CUST103128,45,Male,Hyderabad,Business Owner,180000.0,836,Verified
CUST103129,59,Male,Bengaluru,Salaried - Government,412000.0,553,Verified
CUST103130,38,Male,Pune,Retired,2051000.0,528,Verified
CUST103131,43,Male,Lucknow,Business Owner,729000.0,615,Verified
CUST103132,58,Male,Hyderabad,Retired,257000.0,857,Incomplete
CUST103133,24,Male,Pune,Business Owner,,820,Verified
CUST103134,55,Male,Hyderabad,Retired,496000.0,725,Pending
CUST103135,21,Female,Jaipur,Retired,1289000.0,348,Verified
CUST103136,49,Male,Bhopal,Salaried - Government,,480,Verified
CUST103137,44,Female,Bhopal,Business Owner,1022000.0,309,Verified
CUST103138,43,Male,Bengaluru,Retired,384000.0,356,Verified
CUST103139,45,Male,Pune,Professional,2070000.0,799,Pending
CUST103140,45,Male,Lucknow,Salaried - Government,1127000.0,789,Verified
CUST103141,40,Female,Chennai,Homemaker,835000.0,361,Verified
CUST103142,43,Female,Delhi,Salaried - Government,768000.0,574,Pending
CUST103143,48,Male,Hyderabad,Student,651000.0,467,Verified
CUST103144,58,Female,Bhopal,Retired,558000.0,343,Verified
CUST103145,48,Male,Lucknow,Self-Employed,545000.0,528,Verified
CUST103146,52,Female,Delhi,Salaried - Government,1655000.0,361,Pending
CUST103147,61,Male,Bhopal,Student,,741,Verified
CUST103148,69,Male,Bengaluru,Professional,180000.0,880,Incomplete
CUST103149,26,Male,Patna,Homemaker,,553,Verified
CUST103150,55,Female,Jaipur,Homemaker,1317000.0,445,Verified
CUST103151,32,Male,Delhi,Salaried - Private,786000.0,599,Verified
CUST103152,30,Female,Pune,Retired,840000.0,879,Pending
CUST103153,59,Male,Nagpur,Self-Employed,1426000.0,395,Verified
CUST103154,24,Male,Kolkata,Student,550000.0,708,Verified
CUST103155,62,Male,Bhopal,Salaried - Government,1185000.0,355,Verified
CUST103156,58,Female,Patna,Salaried - Private,599000.0,480,Verified
CUST103157,69,Female,Mumbai,Retired,1159000.0,563,Verified
CUST103158,53,Male,Indore,Professional,724000.0,530,Verified
CUST103159,63,Female,Pune,Professional,791000.0,407,Pending
CUST103160,26,Male,Patna,Self-Employed,1269000.0,766,Verified
CUST103161,64,Male,Ahmedabad,Business Owner,1237000.0,703,Verified
CUST103162,28,Male,Jaipur,Student,826000.0,561,Verified
CUST103163,36,Male,Pune,Homemaker,688000.0,551,Incomplete
CUST103164,27,Male,Nagpur,Student,1620000.0,344,Verified
CUST103165,40,Female,Delhi,Self-Employed,1165000.0,696,Verified
CUST103166,57,Male,Indore,Homemaker,724000.0,437,Verified
CUST103167,34,Female,Chennai,Business Owner,606000.0,480,Verified
CUST103168,61,Female,Indore,Student,1361000.0,816,Verified
CUST103169,50,Female,Mumbai,Homemaker,952000.0,685,Verified
CUST103170,51,Female,Mumbai,Salaried - Government,826000.0,717,Verified
CUST103171,67,Female,Delhi,Student,952000.0,458,Verified
CUST103172,42,Male,Jaipur,Professional,1052000.0,600,Pending
CUST103173,37,Male,Chennai,Homemaker,874000.0,308,Verified
CUST103174,69,Male,Jaipur,Professional,1442000.0,447,Verified
CUST103175,48,Female,Nagpur,Salaried - Government,1467000.0,780,Verified
CUST103176,51,Male,Mumbai,Student,1139000.0,584,Verified
CUST103177,35,Male,Ahmedabad,Salaried - Private,1519000.0,680,Verified
CUST103178,31,Female,Patna,Homemaker,904000.0,773,Incomplete
CUST103179,29,Male,Kolkata,Salaried - Government,1211000.0,862,Pending
CUST103180,31,Female,Indore,Homemaker,1352000.0,348,Verified
CUST103181,30,Male,Lucknow,Business Owner,1359000.0,648,Verified
CUST103182,57,Male,Mumbai,Salaried - Government,,896,Verified
CUST103183,23,Female,Jaipur,Salaried - Government,1184000.0,419,Pending
CUST103184,51,Male,Pune,Self-Employed,1781000.0,815,Verified
CUST103185,67,Male,Delhi,Student,657000.0,648,Verified
CUST103186,58,Male,Coimbatore,Homemaker,,490,Verified
CUST103187,40,Male,Chennai,Retired,803000.0,769,Verified
CUST103188,23,Female,Delhi,Retired,734000.0,822,Verified
CUST103189,61,Female,Chennai,Business Owner,180000.0,385,Verified
CUST103190,21,Male,Nagpur,Student,1519000.0,709,Verified
CUST103191,54,Male,Jaipur,Self-Employed,438000.0,861,Verified
CUST103192,53,Male,Nagpur,Student,976000.0,699,Verified
CUST103193,30,Female,Kolkata,Business Owner,,628,Verified
CUST103194,57,Female,Delhi,Self-Employed,1179000.0,383,Verified
CUST103195,29,Male,Pune,Business Owner,547000.0,570,Verified
CUST103196,32,Male,Bengaluru,Retired,389000.0,843,Verified
CUST103197,60,Female,Jaipur,Retired,987000.0,779,Verified
CUST103198,68,Female,Hyderabad,Homemaker,585000.0,570,Verified
CUST103199,33,Male,Coimbatore,Salaried - Private,642000.0,485,Verified
CUST103200,66,Female,Pune,Salaried - Government,977000.0,781,Verified
CUST103201,65,Male,Hyderabad,Homemaker,1260000.0,880,Verified
CUST103202,58,Male,Coimbatore,Student,532000.0,479,Verified
CUST103203,27,Female,Ahmedabad,Salaried - Government,454000.0,786,Verified
CUST103204,35,Male,Bengaluru,Student,911000.0,484,Verified
CUST103205,54,Male,Ahmedabad,Self-Employed,1143000.0,796,Verified
CUST103206,69,Female,Chennai,Student,1558000.0,878,Pending
CUST103207,60,Female,Bhopal,Student,418000.0,697,Verified
CUST103208,41,Male,Jaipur,Retired,757000.0,597,Incomplete
CUST103209,32,Female,Bhopal,Salaried - Government,1429000.0,488,Verified
CUST103210,68,Female,Coimbatore,Homemaker,1788000.0,335,Verified
CUST103211,34,Male,Bhopal,Salaried - Private,453000.0,331,Verified
CUST103212,37,Female,Pune,Self-Employed,568000.0,801,Verified
CUST103213,68,Female,Chennai,Retired,1071000.0,696,Verified
CUST103214,48,Male,Ahmedabad,Salaried - Private,640000.0,436,Verified
CUST103215,33,Male,Kolkata,Business Owner,558000.0,631,Verified
CUST103216,21,Female,Hyderabad,Homemaker,1010000.0,827,Verified
CUST103217,42,Female,Nagpur,Salaried - Private,1597000.0,688,Verified
CUST103218,69,Male,Indore,Self-Employed,311000.0,849,Incomplete
CUST103219,42,Male,Pune,Salaried - Private,1574000.0,370,Verified
CUST103220,55,Female,Bhopal,Retired,641000.0,343,Pending
CUST103221,33,Male,Coimbatore,Salaried - Private,1056000.0,699,Pending
CUST103222,59,Male,Mumbai,Self-Employed,1616000.0,649,Pending
CUST103223,59,Female,Pune,Professional,1046000.0,712,Verified
CUST103224,50,Female,Patna,Salaried - Government,766000.0,888,Verified
CUST103225,58,Female,Ahmedabad,Salaried - Government,1223000.0,365,Pending
CUST103226,49,Female,Patna,Homemaker,822000.0,858,Verified
CUST103227,39,Male,Ahmedabad,Homemaker,1135000.0,336,Verified
CUST103228,57,Female,Mumbai,Salaried - Private,808000.0,615,Verified
CUST103229,61,Male,Kolkata,Homemaker,1288000.0,799,Verified
CUST103230,62,Male,Kolkata,Business Owner,273000.0,708,Verified
CUST103231,31,Female,Nagpur,Salaried - Government,444000.0,433,Verified
CUST103232,54,Female,Bengaluru,Student,266000.0,662,Verified
CUST103233,21,Female,Bengaluru,Self-Employed,875000.0,841,Pending
CUST103234,49,Male,Bengaluru,Self-Employed,212000.0,421,Verified
CUST103235,48,Female,Jaipur,Salaried - Government,589000.0,862,Verified
CUST103236,38,Female,Coimbatore,Student,402000.0,691,Verified
CUST103237,69,Female,Lucknow,Self-Employed,1566000.0,352,Verified
CUST103238,64,Female,Nagpur,Professional,454000.0,499,Verified
CUST103239,22,Male,Nagpur,Salaried - Government,321000.0,817,Verified
CUST103240,31,Female,Lucknow,Student,1012000.0,502,Incomplete
CUST103241,31,Female,Lucknow,Homemaker,1659000.0,868,Verified
CUST103242,64,Female,Chennai,Professional,848000.0,551,Verified
CUST103243,46,Female,Coimbatore,Self-Employed,883000.0,505,Verified
CUST103244,56,Female,Patna,Retired,1481000.0,811,Verified
CUST103245,60,Male,Indore,Business Owner,1295000.0,771,Verified
CUST103246,58,Male,Coimbatore,Student,1091000.0,443,Verified
CUST103247,25,Female,Pune,Retired,638000.0,768,Pending
CUST103248,27,Female,Bengaluru,Salaried - Private,,450,Verified
CUST103249,40,Female,Nagpur,Homemaker,288000.0,837,Incomplete
CUST103250,37,Male,Ahmedabad,Salaried - Government,619000.0,304,Incomplete
CUST103251,57,Male,Coimbatore,Self-Employed,1544000.0,697,Verified
CUST103252,28,Female,Bhopal,Business Owner,1486000.0,393,Verified
CUST103253,39,Female,Chennai,Salaried - Government,1097000.0,706,Verified
CUST103254,32,Male,Pune,Student,180000.0,887,Verified
CUST103255,30,Female,Lucknow,Student,356000.0,700,Incomplete
CUST103256,29,Male,Pune,Salaried - Government,594000.0,560,Verified
CUST103257,30,Male,Hyderabad,Self-Employed,823000.0,793,Verified
CUST103258,48,Male,Chennai,Self-Employed,337000.0,417,Verified
CUST103259,41,Male,Lucknow,Retired,789000.0,625,Verified
CUST103260,42,Male,Mumbai,Professional,1695000.0,879,Pending
CUST103261,44,Female,Delhi,Retired,1080000.0,513,Verified
CUST103262,57,Female,Mumbai,Salaried - Private,998000.0,316,Verified
CUST103263,63,Female,Patna,Professional,442000.0,564,Verified
CUST103264,46,Male,Mumbai,Salaried - Government,180000.0,590,Verified
CUST103265,52,Male,Kolkata,Salaried - Government,347000.0,787,Verified
CUST103266,57,Male,Delhi,Homemaker,180000.0,782,Verified
CUST103267,54,Female,Jaipur,Salaried - Government,934000.0,504,Verified
CUST103268,27,Male,Mumbai,Salaried - Private,1073000.0,763,Incomplete
CUST103269,69,Female,Mumbai,Business Owner,466000.0,385,Verified
CUST103270,29,Female,Kolkata,Retired,967000.0,413,Verified
CUST103271,41,Female,Bhopal,Professional,1561000.0,662,Verified
CUST103272,52,Male,Delhi,Salaried - Government,1781000.0,724,Verified
CUST103273,40,Male,Ahmedabad,Homemaker,1247000.0,784,Verified
CUST103274,32,Male,Nagpur,Business Owner,821000.0,673,Verified
CUST103275,66,Male,Lucknow,Retired,1232000.0,376,Verified
CUST103276,24,Female,Patna,Salaried - Government,1508000.0,705,Verified
CUST103277,33,Male,Hyderabad,Student,180000.0,557,Verified
CUST103278,69,Female,Coimbatore,Self-Employed,1567000.0,459,Verified
CUST103279,56,Male,Bengaluru,Student,655000.0,503,Verified
CUST103280,25,Female,Lucknow,Business Owner,659000.0,786,Verified
CUST103281,57,Female,Kolkata,Retired,740000.0,406,Incomplete
CUST103282,68,Male,Mumbai,Professional,1044000.0,635,Verified
CUST103283,25,Female,Coimbatore,Salaried - Private,400000.0,349,Verified
CUST103284,41,Male,Bhopal,Salaried - Private,772000.0,735,Verified
CUST103285,43,Female,Chennai,Business Owner,1136000.0,389,Verified
CUST103286,27,Female,Mumbai,Salaried - Government,998000.0,863,Verified
CUST103287,30,Female,Bhopal,Professional,1071000.0,829,Verified
CUST103288,29,Female,Jaipur,Salaried - Government,754000.0,813,Incomplete
CUST103289,30,Male,Mumbai,Professional,1212000.0,509,Verified
CUST103290,40,Female,Coimbatore,Salaried - Government,1375000.0,769,Verified
CUST103291,43,Female,Bhopal,Salaried - Government,1348000.0,380,Verified
CUST103292,32,Male,Kolkata,Self-Employed,1092000.0,473,Verified
CUST103293,35,Male,Chennai,Professional,1323000.0,379,Verified
CUST103294,30,Female,Hyderabad,Business Owner,1292000.0,332,Incomplete
CUST103295,60,Female,Kolkata,Self-Employed,2104000.0,520,Verified
CUST103296,31,Male,Mumbai,Self-Employed,1448000.0,644,Incomplete
CUST103297,65,Female,Pune,Self-Employed,860000.0,817,Verified
CUST103298,47,Female,Chennai,Business Owner,490000.0,320,Verified
CUST103299,60,Male,Delhi,Homemaker,782000.0,544,Verified
CUST103300,52,Male,Delhi,Professional,751000.0,728,Verified
CUST103301,34,Female,Pune,Business Owner,,420,Verified
CUST103302,50,Female,Pune,Retired,585000.0,742,Verified
CUST103303,34,Male,Pune,Professional,1436000.0,642,Verified
CUST103304,26,Male,Bhopal,Student,275000.0,637,Verified
CUST103305,33,Female,Ahmedabad,Professional,180000.0,374,Verified
CUST103306,34,Female,Bengaluru,Salaried - Government,839000.0,400,Verified
CUST103307,27,Female,Coimbatore,Professional,521000.0,826,Verified
CUST103308,22,Male,Bhopal,Homemaker,334000.0,825,Verified
CUST103309,67,Female,Ahmedabad,Salaried - Government,613000.0,571,Verified
CUST103310,46,Male,Mumbai,Salaried - Government,557000.0,657,Verified
CUST103311,40,Male,Indore,Professional,905000.0,625,Verified
CUST103312,66,Female,Patna,Student,621000.0,608,Verified
CUST103313,32,Female,Kolkata,Self-Employed,657000.0,727,Verified
CUST103314,40,Male,Bengaluru,Professional,898000.0,640,Verified
CUST103315,62,Female,Delhi,Retired,1356000.0,375,Verified
CUST103316,51,Male,Hyderabad,Retired,1562000.0,349,Pending
CUST103317,40,Male,Chennai,Salaried - Government,966000.0,810,Verified
CUST103318,33,Male,Chennai,Business Owner,1001000.0,744,Verified
CUST103319,22,Male,Kolkata,Student,818000.0,419,Verified
CUST103320,25,Female,Mumbai,Student,1117000.0,336,Verified
CUST103321,28,Female,Hyderabad,Homemaker,1076000.0,431,Incomplete
CUST103322,59,Female,Indore,Salaried - Private,1497000.0,647,Verified
CUST103323,52,Male,Nagpur,Business Owner,180000.0,650,Verified
CUST103324,42,Male,Mumbai,Salaried - Private,794000.0,401,Verified
CUST103325,59,Male,Bhopal,Self-Employed,1053000.0,405,Pending
CUST103326,28,Female,Coimbatore,Homemaker,888000.0,424,Verified
CUST103327,31,Male,Jaipur,Business Owner,477000.0,565,Verified
CUST103328,40,Male,Pune,Salaried - Government,315000.0,439,Verified
CUST103329,65,Female,Ahmedabad,Retired,1263000.0,573,Incomplete
CUST103330,51,Female,Chennai,Homemaker,559000.0,308,Verified
CUST103331,62,Male,Pune,Retired,180000.0,861,Verified
CUST103332,33,Male,Coimbatore,Homemaker,1285000.0,835,Incomplete
CUST103333,62,Female,Lucknow,Retired,1107000.0,503,Verified
CUST103334,24,Male,Kolkata,Retired,848000.0,782,Verified
CUST103335,32,Male,Delhi,Student,488000.0,621,Verified
CUST103336,46,Female,Indore,Self-Employed,849000.0,318,Verified
CUST103337,23,Male,Bengaluru,Business Owner,1447000.0,470,Verified
CUST103338,63,Male,Bhopal,Professional,180000.0,334,Verified
CUST103339,63,Male,Hyderabad,Retired,196000.0,724,Verified
CUST103340,47,Male,Hyderabad,Business Owner,618000.0,769,Verified
CUST103341,35,Male,Bengaluru,Business Owner,888000.0,670,Verified
CUST103342,25,Male,Pune,Salaried - Government,677000.0,304,Verified
CUST103343,51,Male,Bhopal,Retired,1189000.0,441,Verified
CUST103344,47,Male,Kolkata,Salaried - Private,1390000.0,581,Incomplete
CUST103345,58,Female,Mumbai,Business Owner,1025000.0,386,Verified
CUST103346,50,Female,Chennai,Business Owner,1152000.0,364,Verified
CUST103347,27,Male,Bengaluru,Homemaker,1022000.0,482,Verified
CUST103348,26,Male,Kolkata,Business Owner,904000.0,654,Pending
CUST103349,59,Female,Indore,Salaried - Private,318000.0,353,Pending
CUST103350,28,Female,Coimbatore,Professional,,899,Verified
CUST103351,66,Female,Coimbatore,Salaried - Government,292000.0,575,Verified
CUST103352,26,Male,Delhi,Business Owner,833000.0,403,Verified
CUST103353,56,Male,Ahmedabad,Self-Employed,1005000.0,312,Verified
CUST103354,68,Male,Mumbai,Salaried - Government,248000.0,874,Verified
CUST103355,42,Female,Ahmedabad,Student,933000.0,656,Verified
CUST103356,23,Female,Jaipur,Self-Employed,,819,Verified
CUST103357,63,Male,Patna,Professional,419000.0,765,Verified
CUST103358,30,Male,Pune,Homemaker,619000.0,891,Incomplete
CUST103359,46,Male,Mumbai,Self-Employed,396000.0,833,Verified
CUST103360,69,Female,Kolkata,Student,1173000.0,759,Pending
CUST103361,57,Male,Kolkata,Business Owner,824000.0,810,Verified
CUST103362,23,Female,Lucknow,Student,1267000.0,814,Verified
CUST103363,61,Female,Delhi,Business Owner,700000.0,452,Pending
CUST103364,28,Female,Lucknow,Salaried - Private,717000.0,656,Verified
CUST103365,57,Male,Kolkata,Homemaker,1743000.0,891,Verified
CUST103366,51,Female,Patna,Homemaker,180000.0,820,Verified
CUST103367,35,Female,Coimbatore,Student,1478000.0,363,Verified
CUST103368,41,Male,Chennai,Salaried - Private,1645000.0,366,Verified
CUST103369,26,Male,Patna,Homemaker,1245000.0,420,Verified
CUST103370,69,Female,Delhi,Self-Employed,751000.0,744,Verified
CUST103371,32,Male,Coimbatore,Homemaker,1542000.0,536,Verified
CUST103372,36,Male,Ahmedabad,Student,755000.0,677,Verified
CUST103373,45,Male,Patna,Salaried - Government,582000.0,383,Pending
CUST103374,53,Male,Patna,Self-Employed,725000.0,335,Verified
CUST103375,45,Male,Lucknow,Self-Employed,,762,Verified
CUST103376,45,Female,Pune,Self-Employed,474000.0,474,Verified
CUST103377,49,Male,Patna,Professional,1400000.0,325,Incomplete
CUST103378,63,Female,Ahmedabad,Business Owner,552000.0,429,Verified
CUST103379,40,Male,Lucknow,Retired,887000.0,493,Verified
CUST103380,61,Male,Lucknow,Retired,250000.0,543,Verified
CUST103381,59,Male,Kolkata,Salaried - Government,914000.0,838,Verified
CUST103382,68,Female,Delhi,Salaried - Private,380000.0,419,Verified
CUST103383,65,Female,Hyderabad,Retired,369000.0,662,Verified
CUST103384,60,Male,Coimbatore,Salaried - Government,851000.0,464,Verified
CUST103385,33,Male,Ahmedabad,Salaried - Government,1376000.0,599,Verified
CUST103386,58,Male,Lucknow,Professional,1098000.0,477,Verified
CUST103387,57,Male,Chennai,Self-Employed,1129000.0,506,Verified
CUST103388,35,Female,Bhopal,Salaried - Government,842000.0,659,Verified
CUST103389,54,Male,Ahmedabad,Self-Employed,749000.0,653,Verified
CUST103390,33,Female,Chennai,Professional,1256000.0,380,Verified
CUST103391,46,Female,Bengaluru,Homemaker,647000.0,394,Incomplete
CUST103392,60,Male,Pune,Student,1275000.0,444,Verified
CUST103393,30,Female,Jaipur,Retired,1456000.0,839,Verified
CUST103394,37,Male,Hyderabad,Student,521000.0,490,Verified
CUST103395,59,Female,Chennai,Professional,587000.0,646,Incomplete
CUST103396,43,Male,Hyderabad,Business Owner,654000.0,569,Verified
CUST103397,68,Female,Hyderabad,Homemaker,240000.0,512,Verified
CUST103398,21,Male,Patna,Self-Employed,689000.0,322,Verified
CUST103399,56,Male,Ahmedabad,Homemaker,1486000.0,564,Verified
CUST103400,60,Female,Ahmedabad,Student,429000.0,899,Verified
CUST103401,65,Male,Bengaluru,Business Owner,1496000.0,864,Verified
CUST103402,28,Male,Jaipur,Retired,705000.0,480,Verified
CUST103403,69,Female,Coimbatore,Homemaker,1851000.0,619,Verified
CUST103404,40,Male,Patna,Homemaker,593000.0,472,Verified
CUST103405,38,Female,Kolkata,Salaried - Government,835000.0,852,Verified
CUST103406,38,Female,Hyderabad,Student,490000.0,632,Verified
CUST103407,52,Female,Pune,Professional,591000.0,852,Verified
CUST103408,53,Male,Mumbai,Salaried - Private,1502000.0,812,Verified
CUST103409,44,Male,Mumbai,Salaried - Private,1114000.0,496,Verified
CUST103410,24,Female,Patna,Retired,,574,Verified
CUST103411,69,Male,Nagpur,Business Owner,308000.0,641,Verified
CUST103412,31,Male,Coimbatore,Salaried - Private,1195000.0,449,Verified
CUST103413,25,Male,Lucknow,Professional,463000.0,798,Verified
CUST103414,50,Male,Indore,Professional,298000.0,639,Verified
CUST103415,41,Female,Kolkata,Salaried - Private,1007000.0,424,Verified
CUST103416,51,Female,Chennai,Self-Employed,1003000.0,589,Verified
CUST103417,63,Female,Chennai,Business Owner,924000.0,792,Incomplete
CUST103418,25,Female,Chennai,Homemaker,1223000.0,553,Verified
CUST103419,34,Male,Patna,Retired,,726,Verified
CUST103420,46,Male,Mumbai,Salaried - Private,1561000.0,890,Verified
CUST103421,59,Male,Coimbatore,Professional,364000.0,501,Verified
CUST103422,50,Female,Patna,Student,1576000.0,897,Verified
CUST103423,39,Male,Pune,Salaried - Private,1747000.0,548,Verified
CUST103424,50,Male,Bhopal,Student,735000.0,637,Verified
CUST103425,69,Male,Bengaluru,Salaried - Private,180000.0,763,Verified
CUST103426,44,Female,Kolkata,Professional,277000.0,340,Verified
CUST103427,64,Female,Delhi,Self-Employed,692000.0,720,Verified
CUST103428,59,Female,Delhi,Retired,1806000.0,640,Verified
CUST103429,35,Male,Mumbai,Homemaker,908000.0,693,Verified
CUST103430,33,Female,Patna,Homemaker,622000.0,871,Verified
CUST103431,58,Male,Patna,Homemaker,592000.0,591,Verified
CUST103432,31,Male,Indore,Homemaker,305000.0,855,Pending
CUST103433,37,Male,Coimbatore,Self-Employed,1294000.0,640,Verified
CUST103434,32,Male,Coimbatore,Business Owner,859000.0,429,Verified
CUST103435,50,Male,Coimbatore,Retired,1845000.0,691,Verified
CUST103436,35,Male,Mumbai,Salaried - Government,1183000.0,414,Verified
CUST103437,53,Male,Patna,Professional,1273000.0,839,Verified
CUST103438,66,Female,Bhopal,Professional,,391,Verified
CUST103439,61,Female,Bengaluru,Student,409000.0,599,Verified
CUST103440,67,Female,Bengaluru,Salaried - Private,,791,Verified
CUST103441,22,Female,Coimbatore,Salaried - Private,284000.0,305,Verified
CUST103442,43,Male,Indore,Salaried - Private,1310000.0,594,Verified
CUST103443,31,Female,Hyderabad,Professional,727000.0,603,Verified
CUST103444,65,Male,Delhi,Professional,1329000.0,502,Verified
CUST103445,55,Male,Pune,Professional,,703,Verified
CUST103446,36,Male,Mumbai,Salaried - Government,768000.0,494,Verified
CUST103447,48,Female,Bhopal,Self-Employed,374000.0,524,Verified
CUST103448,50,Male,Pune,Business Owner,1036000.0,465,Verified
CUST103449,45,Female,Mumbai,Salaried - Private,802000.0,674,Verified
CUST103450,44,Male,Coimbatore,Homemaker,1306000.0,829,Verified
CUST103451,23,Male,Nagpur,Salaried - Private,578000.0,406,Pending
CUST103452,43,Male,Indore,Retired,1177000.0,545,Verified
CUST103453,38,Male,Coimbatore,Business Owner,1638000.0,435,Verified
CUST103454,61,Male,Mumbai,Student,1023000.0,446,Verified
CUST103455,63,Female,Patna,Retired,1253000.0,882,Verified
CUST103456,57,Male,Patna,Business Owner,1157000.0,726,Verified
CUST103457,22,Male,Patna,Retired,1754000.0,866,Verified
CUST103458,62,Female,Chennai,Salaried - Private,1067000.0,681,Verified
CUST103459,40,Male,Pune,Salaried - Government,1215000.0,699,Verified
CUST103460,41,Male,Indore,Business Owner,884000.0,729,Verified
CUST103461,67,Male,Mumbai,Homemaker,552000.0,691,Verified
CUST103462,63,Male,Lucknow,Homemaker,356000.0,793,Verified
CUST103463,23,Male,Patna,Business Owner,1470000.0,495,Verified
CUST103464,38,Female,Patna,Self-Employed,446000.0,360,Verified
CUST103465,57,Male,Jaipur,Student,1236000.0,593,Verified
CUST103466,47,Female,Patna,Professional,1087000.0,301,Verified
CUST103467,33,Male,Indore,Salaried - Private,1313000.0,328,Incomplete
CUST103468,46,Female,Patna,Salaried - Government,668000.0,330,Verified
CUST103469,63,Female,Delhi,Homemaker,544000.0,346,Verified
CUST103470,31,Male,Chennai,Student,1070000.0,724,Pending
CUST103471,57,Male,Hyderabad,Student,768000.0,658,Verified
CUST103472,57,Male,Pune,Salaried - Private,346000.0,860,Incomplete
CUST103473,64,Female,Pune,Homemaker,1772000.0,473,Verified
CUST103474,35,Female,Chennai,Salaried - Private,544000.0,498,Verified
CUST103475,31,Male,Bhopal,Homemaker,453000.0,594,Verified
CUST103476,47,Female,Delhi,Student,791000.0,768,Verified
CUST103477,47,Male,Patna,Self-Employed,1464000.0,858,Verified
CUST103478,41,Male,Lucknow,Salaried - Government,180000.0,737,Verified
CUST103479,59,Female,Coimbatore,Retired,1426000.0,604,Verified
CUST103480,60,Male,Mumbai,Salaried - Private,490000.0,886,Incomplete
CUST103481,33,Male,Hyderabad,Professional,1019000.0,408,Verified
CUST103482,59,Female,Indore,Self-Employed,596000.0,582,Verified
CUST103483,32,Male,Ahmedabad,Business Owner,1796000.0,448,Pending
CUST103484,40,Female,Jaipur,Homemaker,956000.0,399,Pending
CUST103485,22,Male,Mumbai,Student,581000.0,537,Verified
CUST103486,37,Male,Patna,Business Owner,765000.0,759,Verified
CUST103487,67,Male,Chennai,Self-Employed,940000.0,491,Incomplete
CUST103488,42,Female,Coimbatore,Homemaker,980000.0,791,Verified
CUST103489,55,Male,Pune,Business Owner,1097000.0,666,Verified
CUST103490,26,Male,Bengaluru,Salaried - Government,899000.0,724,Verified
CUST103491,52,Female,Jaipur,Student,280000.0,445,Verified
CUST103492,39,Female,Ahmedabad,Student,747000.0,817,Verified
CUST103493,57,Female,Ahmedabad,Self-Employed,1173000.0,422,Verified
CUST103494,66,Male,Coimbatore,Salaried - Government,599000.0,522,Verified
CUST103495,47,Male,Pune,Salaried - Government,1203000.0,769,Verified
CUST103496,26,Female,Pune,Professional,914000.0,714,Verified
CUST103497,44,Female,Lucknow,Self-Employed,802000.0,479,Verified
CUST103498,27,Female,Bengaluru,Professional,1437000.0,458,Verified
CUST103499,43,Female,Nagpur,Homemaker,180000.0,559,Verified
CUST103500,23,Male,Chennai,Salaried - Private,596000.0,567,Verified
CUST103501,52,Male,Chennai,Homemaker,1455000.0,335,Verified
CUST103502,36,Male,Mumbai,Salaried - Private,1724000.0,445,Verified
CUST103503,30,Male,Pune,Salaried - Private,1929000.0,392,Verified
CUST103504,21,Male,Jaipur,Retired,923000.0,392,Incomplete
CUST103505,64,Male,Bhopal,Professional,1106000.0,512,Pending
CUST103506,62,Female,Indore,Student,1268000.0,321,Verified
CUST103507,60,Female,Patna,Professional,1474000.0,706,Verified
CUST103508,23,Female,Hyderabad,Business Owner,1041000.0,702,Verified
CUST103509,38,Female,Nagpur,Retired,1317000.0,432,Verified
CUST103510,68,Female,Bengaluru,Homemaker,,825,Verified
CUST103511,49,Female,Chennai,Retired,,656,Pending
CUST103512,27,Male,Pune,Self-Employed,487000.0,488,Incomplete
CUST103513,27,Female,Jaipur,Student,752000.0,416,Verified
CUST103514,33,Male,Chennai,Self-Employed,665000.0,557,Verified
CUST103515,68,Male,Indore,Self-Employed,365000.0,876,Pending
CUST103516,29,Male,Hyderabad,Self-Employed,180000.0,302,Verified
CUST103517,65,Female,Pune,Self-Employed,709000.0,312,Pending
CUST103518,54,Female,Lucknow,Salaried - Government,781000.0,547,Incomplete
CUST103519,66,Female,Kolkata,Professional,947000.0,851,Incomplete
CUST103520,61,Female,Kolkata,Retired,1150000.0,468,Verified
CUST103521,37,Female,Coimbatore,Business Owner,985000.0,748,Verified
CUST103522,61,Male,Kolkata,Student,784000.0,644,Verified
CUST103523,29,Female,Delhi,Business Owner,,419,Incomplete
CUST103524,35,Female,Bhopal,Business Owner,1295000.0,845,Verified
CUST103525,31,Female,Bhopal,Salaried - Private,854000.0,397,Verified
CUST103526,27,Male,Chennai,Student,705000.0,603,Verified
CUST103527,25,Male,Nagpur,Salaried - Government,816000.0,697,Verified
CUST103528,30,Female,Pune,Salaried - Government,570000.0,705,Verified
CUST103529,26,Male,Bengaluru,Student,661000.0,812,Verified
CUST103530,39,Male,Bengaluru,Professional,647000.0,723,Verified
CUST103531,24,Male,Bhopal,Salaried - Private,771000.0,694,Verified
CUST103532,24,Male,Chennai,Business Owner,1195000.0,391,Verified
CUST103533,69,Male,Ahmedabad,Professional,1083000.0,483,Verified
CUST103534,25,Female,Patna,Salaried - Private,1596000.0,507,Verified
CUST103535,24,Female,Nagpur,Homemaker,1445000.0,522,Pending
CUST103536,22,Female,Ahmedabad,Retired,1780000.0,367,Pending
CUST103537,27,Male,Indore,Salaried - Private,1152000.0,357,Verified
CUST103538,46,Male,Hyderabad,Professional,1144000.0,564,Pending
CUST103539,61,Male,Indore,Salaried - Government,681000.0,733,Verified
CUST103540,57,Male,Chennai,Retired,,832,Verified
CUST103541,49,Male,Mumbai,Business Owner,605000.0,864,Verified
CUST103542,25,Female,Bhopal,Salaried - Government,238000.0,588,Verified
CUST103543,58,Female,Patna,Professional,1587000.0,838,Verified
CUST103544,22,Male,Indore,Business Owner,338000.0,573,Verified
CUST103545,51,Male,Indore,Self-Employed,1097000.0,584,Verified
CUST103546,41,Male,Delhi,Student,504000.0,425,Verified
CUST103547,64,Male,Lucknow,Retired,1407000.0,676,Verified
CUST103548,36,Male,Bhopal,Business Owner,1468000.0,486,Verified
CUST103549,52,Male,Lucknow,Salaried - Government,1138000.0,591,Pending
CUST103550,42,Male,Mumbai,Professional,1461000.0,861,Verified
CUST103551,46,Male,Mumbai,Salaried - Private,903000.0,627,Verified
CUST103552,67,Female,Bhopal,Student,1905000.0,481,Verified
CUST103553,55,Male,Nagpur,Salaried - Private,1236000.0,702,Verified
CUST103554,41,Male,Bengaluru,Retired,495000.0,738,Verified
CUST103555,42,Male,Mumbai,Self-Employed,931000.0,663,Verified
CUST103556,55,Male,Kolkata,Retired,831000.0,325,Verified
CUST103557,37,Male,Hyderabad,Self-Employed,787000.0,435,Verified
CUST103558,29,Female,Coimbatore,Salaried - Private,180000.0,376,Verified
CUST103559,43,Female,Indore,Student,1074000.0,873,Verified
CUST103560,24,Female,Jaipur,Homemaker,276000.0,486,Verified
CUST103561,29,Male,Coimbatore,Salaried - Private,180000.0,584,Incomplete
CUST103562,41,Male,Chennai,Salaried - Private,,840,Verified
CUST103563,60,Male,Coimbatore,Professional,560000.0,894,Verified
CUST103564,59,Male,Kolkata,Student,512000.0,431,Verified
CUST103565,33,Female,Ahmedabad,Professional,180000.0,815,Verified
CUST103566,41,Male,Mumbai,Salaried - Private,,736,Verified
CUST103567,28,Male,Bengaluru,Retired,822000.0,668,Verified
CUST103568,58,Male,Bengaluru,Business Owner,615000.0,400,Verified
CUST103569,33,Male,Ahmedabad,Retired,1074000.0,714,Verified
CUST103570,60,Female,Bengaluru,Self-Employed,1527000.0,667,Verified
CUST103571,62,Male,Delhi,Salaried - Private,1132000.0,567,Verified
CUST103572,54,Male,Lucknow,Salaried - Private,1362000.0,652,Verified
CUST103573,37,Male,Indore,Retired,1399000.0,426,Verified
CUST103574,67,Female,Delhi,Retired,442000.0,673,Verified
CUST103575,54,Male,Jaipur,Self-Employed,1098000.0,391,Verified
CUST103576,52,Female,Coimbatore,Salaried - Private,1348000.0,471,Verified
CUST103577,62,Male,Kolkata,Homemaker,704000.0,596,Verified
CUST103578,64,Male,Bengaluru,Salaried - Government,544000.0,397,Incomplete
CUST103579,24,Female,Delhi,Salaried - Government,1139000.0,848,Verified
CUST103580,64,Male,Coimbatore,Business Owner,233000.0,831,Verified
CUST103581,58,Male,Kolkata,Retired,,584,Verified
CUST103582,31,Male,Delhi,Student,600000.0,641,Pending
CUST103583,36,Male,Nagpur,Retired,1103000.0,474,Verified
CUST103584,57,Male,Nagpur,Student,999000.0,427,Pending
CUST103585,31,Female,Bhopal,Retired,1365000.0,876,Verified
CUST103586,43,Male,Delhi,Homemaker,485000.0,547,Verified
CUST103587,54,Male,Delhi,Salaried - Government,461000.0,872,Pending
CUST103588,52,Male,Chennai,Salaried - Private,1136000.0,340,Verified
CUST103589,65,Female,Bengaluru,Retired,541000.0,364,Verified
CUST103590,26,Male,Ahmedabad,Student,628000.0,585,Verified
CUST103591,35,Male,Pune,Retired,180000.0,769,Incomplete
CUST103592,69,Female,Patna,Self-Employed,1031000.0,554,Verified
CUST103593,48,Female,Delhi,Business Owner,1594000.0,803,Verified
CUST103594,33,Female,Bhopal,Salaried - Private,437000.0,379,Verified
CUST103595,35,Male,Coimbatore,Self-Employed,1360000.0,813,Verified
CUST103596,37,Male,Delhi,Retired,873000.0,566,Verified
CUST103597,48,Male,Lucknow,Salaried - Government,180000.0,471,Verified
CUST103598,34,Female,Ahmedabad,Business Owner,497000.0,683,Verified
CUST103599,51,Male,Delhi,Self-Employed,470000.0,767,Verified
CUST103600,42,Male,Hyderabad,Business Owner,758000.0,857,Pending
CUST103601,50,Male,Patna,Homemaker,1089000.0,352,Verified
CUST103602,28,Female,Indore,Student,1732000.0,721,Incomplete
CUST103603,51,Female,Pune,Business Owner,256000.0,488,Verified
CUST103604,66,Male,Delhi,Homemaker,682000.0,601,Verified
CUST103605,27,Female,Chennai,Retired,497000.0,577,Verified
CUST103606,37,Female,Nagpur,Student,329000.0,762,Verified
CUST103607,54,Male,Jaipur,Retired,943000.0,539,Verified
CUST103608,51,Male,Kolkata,Professional,901000.0,467,Verified
CUST103609,54,Female,Mumbai,Retired,,592,Verified
CUST103610,48,Male,Patna,Self-Employed,908000.0,701,Verified
CUST103611,54,Male,Kolkata,Retired,358000.0,807,Verified
CUST103612,50,Male,Jaipur,Retired,905000.0,303,Verified
CUST103613,24,Female,Nagpur,Professional,1471000.0,641,Verified
CUST103614,57,Male,Jaipur,Salaried - Private,1108000.0,343,Verified
CUST103615,42,Female,Indore,Professional,980000.0,671,Pending
CUST103616,23,Male,Jaipur,Retired,662000.0,674,Verified
CUST103617,41,Male,Pune,Salaried - Government,930000.0,813,Verified
CUST103618,42,Female,Indore,Homemaker,1153000.0,415,Incomplete
CUST103619,25,Male,Lucknow,Homemaker,1109000.0,776,Verified
CUST103620,69,Male,Patna,Professional,855000.0,713,Incomplete
CUST103621,31,Male,Chennai,Student,998000.0,699,Verified
CUST103622,37,Female,Bhopal,Homemaker,308000.0,682,Verified
CUST103623,42,Male,Jaipur,Business Owner,570000.0,629,Incomplete
CUST103624,61,Male,Delhi,Student,1218000.0,338,Verified
CUST103625,57,Male,Chennai,Student,1279000.0,787,Verified
CUST103626,58,Male,Indore,Salaried - Private,942000.0,535,Verified
CUST103627,32,Male,Jaipur,Student,1566000.0,362,Verified
CUST103628,62,Male,Patna,Salaried - Private,1129000.0,667,Incomplete
CUST103629,61,Male,Bengaluru,Business Owner,795000.0,868,Verified
CUST103630,43,Male,Chennai,Student,351000.0,728,Verified
CUST103631,47,Female,Coimbatore,Retired,1547000.0,447,Verified
CUST103632,22,Female,Kolkata,Self-Employed,1247000.0,789,Verified
CUST103633,58,Male,Indore,Retired,1709000.0,807,Verified
CUST103634,68,Male,Nagpur,Salaried - Government,1875000.0,498,Verified
CUST103635,44,Male,Pune,Salaried - Government,321000.0,613,Verified
CUST103636,47,Female,Coimbatore,Student,322000.0,802,Verified
CUST103637,45,Male,Patna,Salaried - Private,180000.0,394,Verified
CUST103638,25,Male,Delhi,Student,1313000.0,512,Verified
CUST103639,51,Male,Delhi,Business Owner,1195000.0,573,Verified
CUST103640,56,Male,Delhi,Salaried - Private,944000.0,304,Verified
CUST103641,66,Male,Patna,Homemaker,348000.0,400,Verified
CUST103642,66,Male,Bengaluru,Salaried - Private,860000.0,666,Verified
CUST103643,45,Female,Hyderabad,Self-Employed,983000.0,458,Verified
CUST103644,67,Female,Kolkata,Salaried - Government,1252000.0,445,Verified
CUST103645,46,Female,Bengaluru,Homemaker,1023000.0,477,Verified
CUST103646,52,Female,Hyderabad,Business Owner,1199000.0,374,Pending
CUST103647,50,Male,Bhopal,Retired,844000.0,682,Verified
CUST103648,69,Female,Coimbatore,Salaried - Private,1432000.0,455,Verified
CUST103649,57,Female,Ahmedabad,Retired,1184000.0,690,Verified
CUST103650,26,Female,Patna,Retired,366000.0,796,Verified
CUST103651,24,Female,Ahmedabad,Self-Employed,1525000.0,587,Verified
CUST103652,41,Male,Kolkata,Student,1452000.0,848,Incomplete
CUST103653,46,Male,Ahmedabad,Business Owner,1109000.0,417,Verified
CUST103654,53,Male,Coimbatore,Retired,1026000.0,877,Incomplete
CUST103655,44,Male,Mumbai,Salaried - Government,1646000.0,493,Verified
CUST103656,46,Male,Ahmedabad,Student,180000.0,481,Verified
CUST103657,66,Male,Mumbai,Salaried - Government,1459000.0,887,Verified
CUST103658,37,Male,Indore,Retired,686000.0,573,Verified
CUST103659,45,Female,Lucknow,Salaried - Private,1393000.0,748,Incomplete
CUST103660,48,Female,Mumbai,Salaried - Private,954000.0,781,Verified
CUST103661,43,Male,Lucknow,Salaried - Government,,568,Verified
CUST103662,68,Male,Kolkata,Student,677000.0,490,Incomplete
CUST103663,68,Male,Mumbai,Salaried - Government,1360000.0,594,Verified
CUST103664,46,Female,Coimbatore,Student,805000.0,531,Verified
CUST103665,43,Female,Pune,Professional,620000.0,549,Verified
CUST103666,49,Female,Mumbai,Salaried - Private,617000.0,442,Verified
CUST103667,29,Male,Lucknow,Business Owner,1189000.0,848,Pending
CUST103668,41,Male,Pune,Business Owner,1688000.0,643,Verified
CUST103669,31,Female,Lucknow,Self-Employed,180000.0,777,Verified
CUST103670,28,Female,Bengaluru,Professional,2160000.0,695,Verified
CUST103671,25,Male,Nagpur,Homemaker,992000.0,511,Verified
CUST103672,49,Male,Kolkata,Student,1161000.0,491,Verified
CUST103673,21,Male,Kolkata,Professional,704000.0,889,Verified
CUST103674,52,Male,Nagpur,Student,898000.0,314,Verified
CUST103675,42,Female,Jaipur,Student,987000.0,476,Verified
CUST103676,38,Female,Mumbai,Salaried - Private,428000.0,741,Verified
CUST103677,58,Male,Jaipur,Retired,537000.0,627,Verified
CUST103678,47,Male,Lucknow,Homemaker,1433000.0,669,Verified
CUST103679,56,Male,Hyderabad,Salaried - Private,201000.0,312,Verified
CUST103680,55,Male,Bengaluru,Professional,1098000.0,431,Verified
CUST103681,22,Male,Mumbai,Student,733000.0,659,Verified
CUST103682,31,Female,Nagpur,Self-Employed,468000.0,488,Verified
CUST103683,48,Female,Mumbai,Homemaker,1787000.0,582,Verified
CUST103684,68,Male,Jaipur,Student,470000.0,874,Verified
CUST103685,28,Female,Nagpur,Retired,391000.0,682,Verified
CUST103686,26,Female,Pune,Retired,816000.0,678,Verified
CUST103687,67,Male,Chennai,Professional,554000.0,417,Verified
CUST103688,68,Female,Bhopal,Business Owner,,657,Verified
CUST103689,29,Female,Lucknow,Business Owner,970000.0,876,Pending
CUST103690,40,Female,Mumbai,Professional,1006000.0,683,Verified
CUST103691,51,Male,Jaipur,Business Owner,844000.0,771,Verified
CUST103692,30,Male,Mumbai,Homemaker,584000.0,872,Verified
CUST103693,36,Male,Pune,Homemaker,1190000.0,840,Verified
CUST103694,40,Male,Hyderabad,Self-Employed,850000.0,503,Verified
CUST103695,52,Male,Nagpur,Professional,677000.0,477,Verified
CUST103696,36,Female,Coimbatore,Salaried - Government,1566000.0,468,Verified
CUST103697,41,Male,Bhopal,Salaried - Government,845000.0,762,Verified
CUST103698,35,Male,Patna,Self-Employed,1391000.0,526,Verified
CUST103699,58,Female,Mumbai,Salaried - Private,1452000.0,793,Pending
CUST103700,28,Male,Mumbai,Homemaker,1479000.0,780,Verified
CUST103701,32,Male,Patna,Salaried - Government,1211000.0,699,Verified
CUST103702,33,Male,Kolkata,Self-Employed,900000.0,372,Verified
CUST103703,65,Male,Ahmedabad,Self-Employed,871000.0,727,Pending
CUST103704,67,Male,Bhopal,Salaried - Government,790000.0,424,Pending
CUST103705,45,Female,Pune,Self-Employed,180000.0,631,Verified
CUST103706,28,Male,Bhopal,Retired,1223000.0,436,Verified
CUST103707,58,Male,Bhopal,Student,1010000.0,337,Pending
CUST103708,45,Male,Chennai,Salaried - Government,1271000.0,681,Verified
CUST103709,62,Female,Bhopal,Salaried - Government,847000.0,570,Verified
CUST103710,38,Male,Bengaluru,Business Owner,1199000.0,684,Verified
CUST103711,69,Female,Hyderabad,Self-Employed,280000.0,594,Verified
CUST103712,60,Male,Patna,Homemaker,374000.0,523,Verified
CUST103713,31,Female,Coimbatore,Salaried - Government,180000.0,309,Verified
CUST103714,56,Male,Mumbai,Business Owner,840000.0,465,Verified
CUST103715,35,Male,Lucknow,Professional,552000.0,828,Verified
CUST103716,38,Male,Jaipur,Business Owner,493000.0,752,Verified
CUST103717,33,Female,Lucknow,Professional,1051000.0,578,Verified
CUST103718,54,Male,Patna,Homemaker,709000.0,319,Verified
CUST103719,33,Male,Delhi,Professional,255000.0,890,Verified
CUST103720,52,Male,Patna,Business Owner,2045000.0,743,Pending
CUST103721,49,Male,Hyderabad,Student,883000.0,313,Verified
CUST103722,57,Male,Bengaluru,Student,413000.0,426,Verified
CUST103723,69,Male,Kolkata,Student,599000.0,402,Verified
CUST103724,21,Male,Mumbai,Salaried - Private,822000.0,841,Verified
CUST103725,69,Male,Lucknow,Homemaker,821000.0,872,Verified
CUST103726,26,Male,Jaipur,Student,1486000.0,548,Verified
CUST103727,46,Male,Ahmedabad,Homemaker,864000.0,406,Pending
CUST103728,37,Male,Mumbai,Retired,1735000.0,685,Verified
CUST103729,52,Male,Patna,Self-Employed,705000.0,463,Verified
CUST103730,56,Female,Mumbai,Retired,1092000.0,372,Verified
CUST103731,63,Male,Chennai,Professional,1360000.0,455,Incomplete
CUST103732,40,Female,Pune,Homemaker,1438000.0,452,Pending
CUST103733,66,Male,Bhopal,Self-Employed,1490000.0,332,Verified
CUST103734,36,Male,Kolkata,Retired,778000.0,720,Verified
CUST103735,30,Male,Nagpur,Homemaker,898000.0,511,Verified
CUST103736,39,Male,Coimbatore,Homemaker,180000.0,630,Verified
CUST103737,46,Female,Patna,Salaried - Government,812000.0,630,Verified
CUST103738,53,Female,Mumbai,Homemaker,1391000.0,762,Pending
CUST103739,61,Male,Patna,Salaried - Government,1304000.0,757,Verified
CUST103740,32,Female,Chennai,Student,861000.0,638,Pending
CUST103741,35,Male,Indore,Salaried - Private,1665000.0,802,Verified
CUST103742,66,Male,Coimbatore,Salaried - Government,,641,Pending
CUST103743,42,Female,Delhi,Professional,578000.0,315,Verified
CUST103744,32,Male,Delhi,Professional,689000.0,814,Verified
CUST103745,69,Male,Bhopal,Retired,395000.0,761,Verified
CUST103746,42,Female,Bengaluru,Business Owner,1180000.0,554,Verified
CUST103747,69,Female,Coimbatore,Salaried - Private,1030000.0,531,Pending
CUST103748,66,Female,Jaipur,Professional,1174000.0,837,Verified
CUST103749,65,Male,Jaipur,Professional,714000.0,555,Incomplete
CUST103750,49,Female,Nagpur,Professional,874000.0,523,Pending
CUST103751,60,Male,Chennai,Business Owner,180000.0,739,Verified
CUST103752,68,Male,Jaipur,Student,1069000.0,497,Verified
CUST103753,34,Male,Coimbatore,Homemaker,944000.0,542,Verified
CUST103754,22,Female,Mumbai,Salaried - Government,405000.0,767,Verified
CUST103755,36,Female,Bengaluru,Salaried - Private,853000.0,433,Verified
CUST103756,52,Female,Bengaluru,Salaried - Government,784000.0,306,Verified
CUST103757,47,Male,Pune,Salaried - Private,1694000.0,501,Verified
CUST103758,24,Male,Delhi,Retired,422000.0,403,Verified
CUST103759,48,Male,Bengaluru,Professional,1049000.0,517,Verified
CUST103760,29,Female,Nagpur,Business Owner,,343,Incomplete
CUST103761,45,Male,Kolkata,Professional,649000.0,653,Pending
CUST103762,49,Male,Pune,Homemaker,1025000.0,607,Verified
CUST103763,52,Female,Kolkata,Homemaker,805000.0,463,Verified
CUST103764,41,Male,Coimbatore,Business Owner,897000.0,676,Verified
CUST103765,41,Female,Ahmedabad,Professional,1050000.0,386,Verified
CUST103766,54,Male,Ahmedabad,Professional,678000.0,306,Verified
CUST103767,57,Female,Indore,Student,1298000.0,586,Verified
CUST103768,60,Male,Mumbai,Homemaker,763000.0,396,Verified
CUST103769,37,Male,Ahmedabad,Self-Employed,856000.0,813,Verified
CUST103770,41,Male,Patna,Student,,481,Verified
CUST103771,37,Male,Ahmedabad,Business Owner,1002000.0,557,Verified
CUST103772,46,Female,Indore,Homemaker,1190000.0,476,Verified
CUST103773,27,Male,Indore,Student,1043000.0,560,Verified
CUST103774,42,Male,Pune,Homemaker,1111000.0,358,Incomplete
CUST103775,30,Female,Nagpur,Salaried - Private,754000.0,860,Verified
CUST103776,47,Male,Chennai,Salaried - Government,419000.0,403,Verified
CUST103777,62,Female,Chennai,Homemaker,258000.0,537,Verified
CUST103778,69,Female,Coimbatore,Salaried - Private,180000.0,808,Verified
CUST103779,42,Male,Mumbai,Salaried - Private,1693000.0,555,Verified
CUST103780,23,Female,Pune,Self-Employed,180000.0,720,Verified
CUST103781,32,Male,Lucknow,Business Owner,1437000.0,341,Verified
CUST103782,26,Male,Kolkata,Salaried - Government,531000.0,477,Verified
CUST103783,58,Male,Nagpur,Salaried - Government,1434000.0,755,Verified
CUST103784,69,Female,Chennai,Self-Employed,180000.0,458,Verified
CUST103785,48,Male,Jaipur,Professional,794000.0,548,Verified
CUST103786,29,Male,Delhi,Professional,1554000.0,348,Incomplete
CUST103787,22,Female,Chennai,Homemaker,1221000.0,602,Verified
CUST103788,68,Male,Bengaluru,Student,748000.0,509,Incomplete
CUST103789,36,Female,Patna,Salaried - Private,180000.0,816,Verified
CUST103790,26,Female,Chennai,Retired,305000.0,538,Verified
CUST103791,29,Female,Bhopal,Salaried - Government,1525000.0,796,Pending
CUST103792,33,Female,Pune,Self-Employed,743000.0,842,Verified
CUST103793,53,Female,Jaipur,Self-Employed,868000.0,803,Verified
CUST103794,64,Male,Indore,Retired,1028000.0,745,Incomplete
CUST103795,34,Female,Nagpur,Self-Employed,314000.0,650,Verified
CUST103796,54,Female,Mumbai,Student,1083000.0,587,Incomplete
CUST103797,24,Female,Patna,Business Owner,711000.0,348,Verified
CUST103798,21,Male,Coimbatore,Homemaker,1032000.0,380,Verified
CUST103799,23,Female,Bhopal,Student,640000.0,528,Verified
CUST103800,66,Male,Bengaluru,Professional,192000.0,693,Verified
CUST103801,49,Male,Lucknow,Salaried - Private,708000.0,302,Pending
CUST103802,60,Male,Lucknow,Retired,1188000.0,861,Verified
CUST103803,22,Male,Lucknow,Business Owner,1077000.0,895,Verified
CUST103804,22,Female,Kolkata,Self-Employed,,346,Pending
CUST103805,62,Male,Ahmedabad,Business Owner,1304000.0,357,Pending
CUST103806,26,Female,Lucknow,Self-Employed,808000.0,809,Verified
CUST103807,28,Female,Kolkata,Self-Employed,925000.0,419,Verified
CUST103808,46,Male,Patna,Student,684000.0,408,Pending
CUST103809,50,Female,Bhopal,Self-Employed,1330000.0,412,Verified
CUST103810,32,Male,Hyderabad,Business Owner,1031000.0,720,Verified
CUST103811,42,Female,Lucknow,Retired,649000.0,379,Verified
CUST103812,54,Female,Patna,Salaried - Government,230000.0,410,Verified
CUST103813,42,Male,Ahmedabad,Professional,1397000.0,538,Incomplete
CUST103814,39,Female,Bhopal,Student,565000.0,660,Verified
CUST103815,24,Male,Delhi,Homemaker,932000.0,894,Verified
CUST103816,43,Male,Pune,Salaried - Private,1959000.0,442,Verified
CUST103817,60,Female,Bhopal,Business Owner,1261000.0,452,Verified
CUST103818,51,Male,Indore,Salaried - Private,1625000.0,625,Verified
CUST103819,64,Female,Lucknow,Professional,658000.0,550,Pending
CUST103820,27,Male,Lucknow,Self-Employed,1382000.0,660,Verified
CUST103821,21,Male,Pune,Student,912000.0,447,Verified
CUST103822,47,Female,Bhopal,Salaried - Government,1065000.0,671,Verified
CUST103823,29,Male,Pune,Homemaker,1809000.0,855,Verified
CUST103824,50,Female,Mumbai,Self-Employed,775000.0,709,Verified
CUST103825,65,Male,Chennai,Student,909000.0,741,Verified
CUST103826,37,Female,Lucknow,Salaried - Government,494000.0,341,Verified
CUST103827,47,Male,Coimbatore,Self-Employed,1300000.0,841,Verified
CUST103828,54,Male,Ahmedabad,Self-Employed,648000.0,722,Verified
CUST103829,28,Male,Nagpur,Student,1360000.0,676,Verified
CUST103830,64,Male,Patna,Retired,180000.0,392,Verified
CUST103831,30,Female,Jaipur,Homemaker,1147000.0,632,Pending
CUST103832,60,Male,Nagpur,Professional,610000.0,706,Verified
CUST103833,53,Male,Kolkata,Homemaker,1229000.0,674,Verified
CUST103834,27,Female,Kolkata,Retired,894000.0,374,Verified
CUST103835,56,Male,Patna,Retired,659000.0,324,Verified
CUST103836,30,Male,Lucknow,Homemaker,726000.0,587,Verified
CUST103837,50,Male,Ahmedabad,Student,517000.0,730,Verified
CUST103838,68,Male,Kolkata,Professional,,532,Verified
CUST103839,67,Female,Coimbatore,Business Owner,428000.0,712,Verified
CUST103840,63,Female,Mumbai,Retired,780000.0,880,Verified
CUST103841,45,Female,Mumbai,Retired,1055000.0,833,Verified
CUST103842,48,Female,Ahmedabad,Student,1626000.0,678,Verified
CUST103843,35,Male,Mumbai,Retired,896000.0,736,Verified
CUST103844,66,Male,Pune,Student,791000.0,352,Verified
CUST103845,44,Female,Jaipur,Retired,1023000.0,351,Incomplete
CUST103846,58,Female,Kolkata,Student,180000.0,720,Verified
CUST103847,38,Female,Chennai,Homemaker,361000.0,780,Verified
CUST103848,57,Male,Hyderabad,Student,731000.0,416,Pending
CUST103849,31,Female,Lucknow,Salaried - Government,579000.0,655,Verified
CUST103850,56,Female,Coimbatore,Student,180000.0,471,Verified
CUST103851,23,Female,Patna,Self-Employed,1286000.0,365,Verified
CUST103852,26,Female,Jaipur,Homemaker,1017000.0,527,Verified
CUST103853,38,Male,Bengaluru,Business Owner,963000.0,568,Verified
CUST103854,44,Male,Chennai,Business Owner,588000.0,765,Verified
CUST103855,55,Male,Kolkata,Retired,936000.0,818,Verified
CUST103856,38,Male,Chennai,Professional,1132000.0,866,Verified
CUST103857,21,Female,Bhopal,Retired,781000.0,362,Verified
CUST103858,36,Male,Pune,Salaried - Private,1100000.0,854,Verified
CUST103859,42,Male,Nagpur,Homemaker,542000.0,610,Verified
CUST103860,47,Male,Hyderabad,Business Owner,944000.0,402,Verified
CUST103861,52,Female,Ahmedabad,Homemaker,1414000.0,688,Verified
CUST103862,33,Male,Bhopal,Self-Employed,1454000.0,336,Verified
CUST103863,50,Male,Chennai,Professional,1497000.0,576,Verified
CUST103864,51,Female,Patna,Professional,1029000.0,797,Verified
CUST103865,59,Male,Jaipur,Salaried - Government,,882,Pending
CUST103866,46,Male,Lucknow,Business Owner,698000.0,472,Verified
CUST103867,60,Male,Kolkata,Retired,180000.0,404,Verified
CUST103868,31,Male,Coimbatore,Homemaker,295000.0,649,Verified
CUST103869,55,Female,Patna,Student,824000.0,394,Pending
CUST103870,23,Female,Bengaluru,Business Owner,851000.0,887,Verified
CUST103871,26,Male,Jaipur,Retired,1536000.0,496,Verified
CUST103872,63,Female,Indore,Salaried - Government,1492000.0,411,Incomplete
CUST103873,44,Female,Hyderabad,Student,,442,Verified
CUST103874,51,Male,Jaipur,Homemaker,1268000.0,524,Verified
CUST103875,50,Male,Patna,Student,685000.0,744,Verified
CUST103876,55,Male,Hyderabad,Business Owner,1207000.0,820,Verified
CUST103877,33,Female,Ahmedabad,Self-Employed,1263000.0,741,Verified
CUST103878,29,Male,Jaipur,Homemaker,,689,Incomplete
CUST103879,23,Male,Bengaluru,Retired,678000.0,462,Verified
CUST103880,63,Female,Bengaluru,Salaried - Government,1356000.0,862,Verified
CUST103881,31,Female,Jaipur,Professional,180000.0,899,Verified
CUST103882,49,Female,Bengaluru,Retired,,679,Verified
CUST103883,43,Female,Coimbatore,Business Owner,889000.0,769,Verified
CUST103884,28,Male,Ahmedabad,Self-Employed,898000.0,482,Incomplete
CUST103885,41,Female,Bhopal,Salaried - Government,180000.0,568,Verified
CUST103886,25,Male,Pune,Business Owner,725000.0,783,Incomplete
CUST103887,29,Male,Hyderabad,Salaried - Government,1510000.0,554,Verified
CUST103888,27,Female,Ahmedabad,Self-Employed,708000.0,755,Verified
CUST103889,61,Male,Bhopal,Salaried - Government,1221000.0,815,Verified
CUST103890,48,Male,Pune,Business Owner,916000.0,860,Verified
CUST103891,66,Female,Hyderabad,Retired,1378000.0,474,Verified
CUST103892,42,Male,Bengaluru,Business Owner,986000.0,585,Verified
CUST103893,30,Male,Jaipur,Salaried - Government,481000.0,531,Verified
CUST103894,50,Female,Bhopal,Homemaker,925000.0,601,Verified
CUST103895,66,Female,Ahmedabad,Business Owner,1621000.0,745,Verified
CUST103896,47,Female,Chennai,Professional,1124000.0,494,Pending
CUST103897,21,Male,Chennai,Professional,848000.0,439,Verified
CUST103898,35,Male,Pune,Professional,1915000.0,461,Verified
CUST103899,66,Female,Pune,Business Owner,1422000.0,759,Verified
CUST103900,46,Male,Chennai,Homemaker,1268000.0,897,Verified
CUST103901,67,Male,Coimbatore,Homemaker,1043000.0,361,Verified
CUST103902,45,Male,Hyderabad,Student,1229000.0,886,Verified
CUST103903,21,Male,Chennai,Business Owner,1243000.0,319,Verified
CUST103904,63,Male,Lucknow,Self-Employed,180000.0,617,Verified
CUST103905,58,Female,Nagpur,Salaried - Private,1078000.0,380,Verified
CUST103906,56,Female,Kolkata,Business Owner,828000.0,873,Verified
CUST103907,68,Male,Bhopal,Student,675000.0,757,Verified
CUST103908,30,Female,Delhi,Self-Employed,812000.0,513,Verified
CUST103909,65,Male,Ahmedabad,Homemaker,200000.0,711,Verified
CUST103910,32,Male,Mumbai,Homemaker,180000.0,809,Verified
CUST103911,68,Female,Bengaluru,Retired,1461000.0,430,Verified
CUST103912,30,Male,Jaipur,Professional,1108000.0,680,Verified
CUST103913,47,Female,Chennai,Homemaker,180000.0,479,Verified
CUST103914,59,Male,Mumbai,Salaried - Private,641000.0,730,Verified
CUST103915,24,Male,Bengaluru,Salaried - Government,1296000.0,640,Pending
CUST103916,24,Male,Patna,Salaried - Government,774000.0,730,Pending
CUST103917,62,Male,Jaipur,Homemaker,1460000.0,682,Verified
CUST103918,23,Female,Pune,Business Owner,1372000.0,681,Verified
CUST103919,51,Female,Coimbatore,Salaried - Government,289000.0,350,Incomplete
CUST103920,66,Male,Pune,Salaried - Private,836000.0,811,Verified
CUST103921,51,Male,Indore,Business Owner,698000.0,402,Verified
CUST103922,44,Female,Pune,Business Owner,275000.0,535,Verified
CUST103923,41,Female,Mumbai,Salaried - Government,246000.0,606,Incomplete
CUST103924,52,Male,Delhi,Salaried - Private,537000.0,809,Verified
CUST103925,49,Male,Hyderabad,Homemaker,612000.0,677,Verified
CUST103926,45,Male,Bengaluru,Homemaker,1027000.0,410,Verified
CUST103927,28,Male,Bengaluru,Salaried - Government,1370000.0,471,Verified
CUST103928,53,Male,Pune,Business Owner,1131000.0,419,Verified
CUST103929,57,Male,Coimbatore,Self-Employed,1238000.0,654,Verified
CUST103930,55,Male,Chennai,Business Owner,780000.0,730,Verified
CUST103931,24,Male,Chennai,Salaried - Private,1171000.0,725,Verified
CUST103932,55,Male,Coimbatore,Student,833000.0,750,Verified
CUST103933,56,Female,Chennai,Retired,701000.0,721,Verified
CUST103934,29,Female,Nagpur,Student,1754000.0,841,Verified
CUST103935,62,Male,Lucknow,Self-Employed,180000.0,843,Pending
CUST103936,46,Male,Indore,Homemaker,180000.0,464,Verified
CUST103937,44,Male,Jaipur,Professional,1072000.0,482,Verified
CUST103938,56,Female,Jaipur,Salaried - Government,781000.0,333,Verified
CUST103939,45,Male,Chennai,Self-Employed,253000.0,460,Incomplete
CUST103940,47,Male,Jaipur,Homemaker,425000.0,604,Pending
CUST103941,36,Female,Bhopal,Homemaker,484000.0,695,Verified
CUST103942,66,Female,Coimbatore,Retired,1302000.0,825,Verified
CUST103943,68,Female,Delhi,Salaried - Government,1446000.0,656,Verified
CUST103944,27,Male,Bengaluru,Retired,1638000.0,882,Verified
CUST103945,56,Male,Mumbai,Student,185000.0,631,Verified
CUST103946,22,Female,Patna,Salaried - Private,285000.0,814,Pending
CUST103947,39,Male,Delhi,Self-Employed,254000.0,784,Verified
CUST103948,68,Female,Indore,Salaried - Private,1480000.0,593,Incomplete
CUST103949,29,Female,Pune,Salaried - Private,1088000.0,823,Verified
CUST103950,39,Male,Hyderabad,Student,936000.0,818,Pending
CUST103951,31,Male,Coimbatore,Salaried - Government,1003000.0,487,Incomplete
CUST103952,56,Male,Bhopal,Salaried - Government,874000.0,428,Verified
CUST103953,43,Male,Jaipur,Salaried - Private,395000.0,372,Verified
CUST103954,50,Female,Indore,Student,,852,Verified
CUST103955,67,Female,Patna,Business Owner,816000.0,565,Pending
CUST103956,46,Male,Lucknow,Homemaker,360000.0,640,Verified
CUST103957,56,Female,Hyderabad,Self-Employed,1158000.0,463,Verified
CUST103958,25,Male,Coimbatore,Retired,,533,Verified
CUST103959,31,Female,Bhopal,Student,1002000.0,541,Verified
CUST103960,67,Male,Coimbatore,Retired,844000.0,648,Verified
CUST103961,63,Female,Coimbatore,Professional,1301000.0,405,Verified
CUST103962,53,Female,Jaipur,Salaried - Government,999000.0,770,Incomplete
CUST103963,39,Male,Pune,Salaried - Government,502000.0,534,Verified
CUST103964,30,Male,Coimbatore,Professional,1045000.0,444,Incomplete
CUST103965,62,Female,Coimbatore,Business Owner,1060000.0,308,Verified
CUST103966,59,Male,Delhi,Salaried - Private,1130000.0,361,Pending
CUST103967,32,Female,Lucknow,Salaried - Government,1366000.0,461,Verified
CUST103968,49,Female,Lucknow,Business Owner,623000.0,739,Verified
CUST103969,51,Female,Patna,Salaried - Government,1201000.0,812,Pending
CUST103970,44,Male,Coimbatore,Professional,180000.0,871,Verified
CUST103971,66,Female,Chennai,Self-Employed,846000.0,478,Verified
CUST103972,27,Female,Coimbatore,Self-Employed,776000.0,682,Verified
CUST103973,33,Male,Lucknow,Salaried - Private,1552000.0,460,Verified
CUST103974,25,Male,Delhi,Professional,830000.0,385,Verified
CUST103975,54,Male,Ahmedabad,Salaried - Government,1174000.0,625,Verified
CUST103976,52,Female,Bengaluru,Retired,180000.0,686,Incomplete
CUST103977,69,Male,Coimbatore,Student,742000.0,756,Verified
CUST103978,47,Male,Patna,Student,519000.0,369,Verified
CUST103979,28,Male,Indore,Retired,2014000.0,748,Verified
CUST103980,43,Female,Lucknow,Homemaker,600000.0,482,Verified
CUST103981,25,Male,Pune,Student,933000.0,467,Verified
CUST103982,53,Female,Kolkata,Retired,957000.0,318,Pending
CUST103983,54,Female,Coimbatore,Self-Employed,185000.0,422,Verified
CUST103984,63,Female,Bengaluru,Professional,663000.0,592,Verified
CUST103985,37,Female,Indore,Homemaker,1082000.0,413,Verified
CUST103986,36,Male,Kolkata,Retired,939000.0,492,Verified
CUST103987,24,Female,Jaipur,Self-Employed,180000.0,618,Verified
CUST103988,41,Male,Bhopal,Salaried - Government,645000.0,358,Verified
CUST103989,44,Female,Delhi,Salaried - Government,1359000.0,825,Verified
CUST103990,57,Male,Bengaluru,Business Owner,1165000.0,485,Verified
CUST103991,57,Female,Bengaluru,Homemaker,1448000.0,755,Verified
CUST103992,27,Female,Patna,Professional,456000.0,688,Verified
CUST103993,34,Male,Delhi,Salaried - Private,1476000.0,750,Verified
CUST103994,46,Female,Lucknow,Student,880000.0,473,Verified
CUST103995,37,Male,Delhi,Business Owner,1617000.0,403,Verified
CUST103996,22,Male,Patna,Business Owner,901000.0,385,Verified
CUST103997,62,Male,Coimbatore,Homemaker,180000.0,437,Verified
CUST103998,56,Male,Kolkata,Business Owner,1282000.0,626,Verified
CUST103999,46,Female,Chennai,Professional,700000.0,674,Verified
CUST104000,36,Female,Kolkata,Student,,751,Verified
CUST104001,62,Male,Bhopal,Professional,246000.0,878,Incomplete
CUST104002,22,Male,Bhopal,Professional,1630000.0,798,Verified
CUST104003,42,Female,Lucknow,Self-Employed,666000.0,514,Verified
CUST104004,60,Female,Jaipur,Student,1609000.0,583,Verified
CUST104005,67,Male,Lucknow,Salaried - Private,,872,Verified
CUST104006,33,Female,Chennai,Self-Employed,483000.0,726,Verified
CUST104007,52,Male,Chennai,Student,1494000.0,550,Verified
CUST104008,30,Female,Indore,Business Owner,867000.0,799,Incomplete
CUST104009,26,Male,Jaipur,Salaried - Government,871000.0,381,Verified
CUST104010,38,Female,Nagpur,Business Owner,323000.0,703,Verified
CUST104011,64,Male,Lucknow,Self-Employed,694000.0,869,Verified
CUST104012,54,Male,Kolkata,Professional,1093000.0,616,Verified
CUST104013,44,Female,Jaipur,Salaried - Government,315000.0,667,Verified
CUST104014,34,Male,Bhopal,Business Owner,657000.0,335,Verified
CUST104015,27,Male,Bengaluru,Student,711000.0,662,Verified
CUST104016,34,Female,Kolkata,Salaried - Private,930000.0,474,Pending
CUST104017,28,Female,Bhopal,Homemaker,1566000.0,896,Pending
CUST104018,30,Male,Delhi,Salaried - Private,765000.0,491,Verified
CUST104019,54,Male,Delhi,Business Owner,589000.0,488,Verified
CUST104020,27,Female,Bengaluru,Retired,2136000.0,537,Verified
CUST104021,23,Male,Jaipur,Student,705000.0,718,Verified
CUST104022,47,Male,Chennai,Self-Employed,814000.0,870,Verified
CUST104023,35,Male,Kolkata,Salaried - Private,739000.0,507,Verified
CUST104024,43,Male,Bengaluru,Homemaker,775000.0,425,Incomplete
CUST104025,27,Female,Chennai,Student,935000.0,758,Verified
CUST104026,31,Male,Mumbai,Professional,1314000.0,624,Verified
CUST104027,42,Male,Nagpur,Salaried - Private,1082000.0,572,Verified
CUST104028,54,Male,Kolkata,Professional,1385000.0,894,Pending
CUST104029,41,Male,Bengaluru,Business Owner,1370000.0,597,Incomplete
CUST104030,47,Male,Ahmedabad,Business Owner,994000.0,671,Verified
CUST104031,46,Female,Indore,Salaried - Private,1069000.0,888,Verified
CUST104032,34,Female,Nagpur,Self-Employed,1399000.0,425,Verified
CUST104033,34,Male,Indore,Student,400000.0,841,Verified
CUST104034,41,Male,Kolkata,Salaried - Private,2024000.0,876,Verified
CUST104035,22,Male,Pune,Student,669000.0,582,Verified
CUST104036,54,Male,Hyderabad,Professional,742000.0,501,Incomplete
CUST104037,51,Female,Hyderabad,Professional,355000.0,397,Verified
CUST104038,36,Male,Indore,Student,368000.0,328,Verified
CUST104039,39,Female,Bengaluru,Salaried - Government,1338000.0,890,Verified
CUST104040,37,Female,Nagpur,Student,1922000.0,558,Verified
CUST104041,52,Male,Indore,Self-Employed,645000.0,700,Verified
CUST104042,58,Female,Nagpur,Self-Employed,1056000.0,444,Verified
CUST104043,26,Male,Lucknow,Business Owner,999000.0,494,Pending
CUST104044,41,Male,Nagpur,Professional,1350000.0,791,Verified
CUST104045,21,Female,Mumbai,Self-Employed,,693,Verified
CUST104046,43,Male,Nagpur,Homemaker,1584000.0,431,Verified
CUST104047,33,Male,Ahmedabad,Salaried - Private,793000.0,303,Verified
CUST104048,37,Female,Coimbatore,Retired,1138000.0,791,Verified
CUST104049,43,Male,Delhi,Retired,1183000.0,348,Verified
CUST104050,36,Female,Indore,Professional,891000.0,321,Verified
CUST104051,40,Male,Jaipur,Professional,407000.0,480,Verified
CUST104052,58,Female,Delhi,Retired,541000.0,857,Verified
CUST104053,60,Male,Ahmedabad,Student,,686,Verified
CUST104054,21,Male,Mumbai,Salaried - Government,1463000.0,325,Pending
CUST104055,39,Male,Delhi,Business Owner,807000.0,850,Pending
CUST104056,62,Female,Ahmedabad,Professional,1017000.0,863,Verified
CUST104057,46,Male,Nagpur,Self-Employed,1439000.0,718,Incomplete
CUST104058,31,Female,Delhi,Student,180000.0,344,Incomplete
CUST104059,50,Male,Chennai,Professional,699000.0,308,Pending
CUST104060,28,Male,Pune,Professional,1808000.0,823,Verified
CUST104061,22,Male,Jaipur,Salaried - Government,1035000.0,793,Verified
CUST104062,51,Male,Mumbai,Business Owner,392000.0,798,Verified
CUST104063,46,Female,Lucknow,Retired,953000.0,591,Pending
CUST104064,58,Male,Ahmedabad,Business Owner,1360000.0,656,Pending
CUST104065,37,Female,Coimbatore,Homemaker,180000.0,403,Verified
CUST104066,62,Male,Hyderabad,Salaried - Government,979000.0,321,Pending
CUST104067,41,Male,Ahmedabad,Salaried - Government,732000.0,432,Verified
CUST104068,57,Female,Delhi,Self-Employed,180000.0,672,Verified
CUST104069,25,Female,Indore,Self-Employed,937000.0,541,Verified
CUST104070,25,Female,Nagpur,Homemaker,839000.0,670,Verified
CUST104071,59,Male,Pune,Homemaker,889000.0,564,Verified
CUST104072,61,Female,Kolkata,Business Owner,743000.0,634,Verified
CUST104073,67,Female,Nagpur,Professional,440000.0,870,Verified
CUST104074,36,Male,Hyderabad,Self-Employed,245000.0,678,Verified
CUST104075,22,Female,Chennai,Professional,589000.0,872,Pending
CUST104076,69,Male,Chennai,Retired,1287000.0,880,Verified
CUST104077,50,Female,Bhopal,Retired,1005000.0,670,Verified
CUST104078,33,Female,Chennai,Student,,897,Verified
CUST104079,58,Female,Delhi,Professional,432000.0,449,Pending
CUST104080,65,Female,Bengaluru,Self-Employed,732000.0,612,Verified
CUST104081,34,Female,Coimbatore,Salaried - Private,1232000.0,344,Verified
CUST104082,58,Female,Indore,Retired,1127000.0,355,Verified
CUST104083,59,Male,Coimbatore,Homemaker,685000.0,379,Verified
CUST104084,45,Male,Hyderabad,Professional,180000.0,380,Verified
CUST104085,51,Male,Kolkata,Student,596000.0,546,Verified
CUST104086,34,Male,Ahmedabad,Self-Employed,683000.0,732,Verified
CUST104087,66,Female,Ahmedabad,Salaried - Private,492000.0,891,Verified
CUST104088,69,Female,Mumbai,Retired,714000.0,889,Incomplete
CUST104089,69,Male,Jaipur,Salaried - Private,1267000.0,407,Verified
CUST104090,57,Male,Mumbai,Salaried - Private,883000.0,561,Verified
CUST104091,23,Female,Hyderabad,Retired,1345000.0,558,Verified
CUST104092,38,Male,Hyderabad,Business Owner,221000.0,358,Verified
CUST104093,42,Female,Bhopal,Professional,763000.0,323,Verified
CUST104094,68,Female,Indore,Retired,,511,Pending
CUST104095,47,Male,Bhopal,Business Owner,708000.0,813,Verified
CUST104096,47,Male,Kolkata,Professional,429000.0,531,Incomplete
CUST104097,28,Male,Ahmedabad,Professional,1477000.0,530,Verified
CUST104098,59,Male,Ahmedabad,Professional,1084000.0,897,Verified
CUST104099,37,Male,Bengaluru,Retired,1357000.0,526,Verified
CUST104100,25,Male,Coimbatore,Business Owner,707000.0,711,Verified
CUST104101,69,Male,Indore,Professional,441000.0,888,Verified
CUST104102,30,Male,Chennai,Professional,427000.0,370,Verified
CUST104103,21,Male,Delhi,Salaried - Government,1019000.0,606,Verified
CUST104104,24,Female,Bengaluru,Salaried - Government,1715000.0,502,Verified
CUST104105,43,Male,Lucknow,Salaried - Private,1086000.0,371,Verified
CUST104106,26,Female,Mumbai,Salaried - Government,731000.0,329,Verified
CUST104107,62,Male,Delhi,Business Owner,815000.0,688,Verified
CUST104108,46,Male,Lucknow,Student,886000.0,691,Verified
CUST104109,36,Male,Bengaluru,Student,1812000.0,637,Verified
CUST104110,21,Female,Delhi,Homemaker,1455000.0,703,Pending
CUST104111,44,Male,Mumbai,Professional,,731,Incomplete
CUST104112,28,Male,Bhopal,Salaried - Government,949000.0,334,Verified
CUST104113,68,Male,Pune,Self-Employed,1035000.0,320,Pending
CUST104114,35,Female,Hyderabad,Homemaker,1122000.0,501,Verified
CUST104115,44,Male,Lucknow,Student,714000.0,641,Verified
CUST104116,21,Male,Bengaluru,Student,520000.0,841,Pending
CUST104117,27,Female,Ahmedabad,Business Owner,1364000.0,887,Verified
CUST104118,31,Male,Ahmedabad,Business Owner,910000.0,796,Verified
CUST104119,23,Male,Bhopal,Professional,1327000.0,474,Verified
CUST104120,56,Female,Lucknow,Salaried - Private,1641000.0,644,Pending
CUST104121,67,Male,Bhopal,Salaried - Private,1134000.0,369,Verified
CUST104122,69,Male,Chennai,Salaried - Private,1061000.0,590,Pending
CUST104123,34,Male,Bengaluru,Retired,2340000.0,359,Verified
CUST104124,59,Male,Jaipur,Salaried - Government,993000.0,895,Incomplete
CUST104125,45,Female,Mumbai,Retired,409000.0,570,Verified
CUST104126,23,Female,Kolkata,Business Owner,773000.0,733,Verified
CUST104127,25,Female,Lucknow,Homemaker,1598000.0,362,Pending
CUST104128,47,Male,Nagpur,Salaried - Private,318000.0,871,Verified
CUST104129,41,Female,Lucknow,Self-Employed,561000.0,614,Verified
CUST104130,21,Female,Coimbatore,Salaried - Government,1398000.0,342,Pending
CUST104131,66,Male,Jaipur,Business Owner,778000.0,521,Incomplete
CUST104132,56,Female,Kolkata,Professional,850000.0,427,Verified
CUST104133,45,Male,Chennai,Salaried - Government,1383000.0,341,Verified
CUST104134,69,Female,Bhopal,Retired,577000.0,318,Verified
CUST104135,68,Male,Nagpur,Student,239000.0,727,Verified
CUST104136,68,Male,Hyderabad,Salaried - Private,275000.0,820,Verified
CUST104137,33,Female,Delhi,Salaried - Private,1162000.0,696,Pending
CUST104138,64,Female,Mumbai,Student,1017000.0,716,Verified
CUST104139,45,Male,Lucknow,Retired,588000.0,322,Verified
CUST104140,56,Male,Lucknow,Student,379000.0,406,Verified
CUST104141,63,Female,Delhi,Retired,778000.0,320,Incomplete
CUST104142,29,Male,Mumbai,Retired,,884,Verified
CUST104143,42,Male,Lucknow,Salaried - Government,524000.0,742,Verified
CUST104144,27,Female,Pune,Professional,602000.0,873,Verified
CUST104145,34,Male,Kolkata,Self-Employed,364000.0,843,Verified
CUST104146,41,Male,Chennai,Homemaker,735000.0,434,Verified
CUST104147,62,Male,Bhopal,Salaried - Private,1052000.0,606,Verified
CUST104148,63,Female,Patna,Salaried - Private,1852000.0,688,Verified
CUST104149,40,Male,Mumbai,Professional,998000.0,744,Verified
CUST104150,37,Female,Delhi,Student,876000.0,700,Verified
CUST104151,47,Female,Jaipur,Student,1288000.0,571,Verified
CUST104152,65,Female,Lucknow,Professional,,302,Verified
CUST104153,68,Male,Bengaluru,Business Owner,640000.0,863,Verified
CUST104154,32,Male,Bengaluru,Self-Employed,1936000.0,713,Verified
CUST104155,30,Male,Bhopal,Student,889000.0,801,Verified
CUST104156,55,Female,Kolkata,Salaried - Government,1006000.0,432,Verified
CUST104157,35,Female,Delhi,Salaried - Government,1148000.0,363,Pending
CUST104158,30,Female,Lucknow,Professional,1056000.0,840,Verified
CUST104159,22,Male,Delhi,Business Owner,1586000.0,783,Verified
CUST104160,40,Male,Chennai,Business Owner,635000.0,803,Incomplete
CUST104161,40,Female,Bhopal,Student,1253000.0,564,Verified
CUST104162,48,Male,Chennai,Self-Employed,974000.0,843,Incomplete
CUST104163,30,Female,Mumbai,Student,1342000.0,434,Pending
CUST104164,56,Male,Coimbatore,Salaried - Government,803000.0,754,Verified
CUST104165,54,Female,Chennai,Self-Employed,742000.0,596,Verified
CUST104166,43,Female,Ahmedabad,Salaried - Private,1229000.0,398,Incomplete
CUST104167,29,Male,Nagpur,Retired,1061000.0,730,Verified
CUST104168,45,Male,Coimbatore,Homemaker,531000.0,516,Verified
CUST104169,54,Female,Nagpur,Student,1506000.0,395,Verified
CUST104170,39,Male,Pune,Salaried - Government,1230000.0,725,Verified
CUST104171,33,Male,Nagpur,Homemaker,867000.0,763,Pending
CUST104172,45,Male,Mumbai,Salaried - Government,689000.0,493,Verified
CUST104173,38,Male,Hyderabad,Retired,1064000.0,880,Verified
CUST104174,40,Female,Bengaluru,Retired,1197000.0,726,Verified
CUST104175,38,Male,Ahmedabad,Salaried - Government,183000.0,313,Verified
CUST104176,35,Male,Indore,Salaried - Private,1069000.0,501,Verified
CUST104177,56,Female,Patna,Salaried - Private,1194000.0,884,Verified
CUST104178,43,Male,Coimbatore,Retired,180000.0,406,Verified
CUST104179,43,Male,Bengaluru,Professional,988000.0,872,Verified
CUST104180,53,Female,Patna,Salaried - Private,1213000.0,610,Incomplete
CUST104181,38,Female,Bhopal,Professional,1161000.0,705,Verified
CUST104182,25,Female,Kolkata,Homemaker,1261000.0,711,Verified
CUST104183,62,Female,Delhi,Salaried - Government,753000.0,607,Verified
CUST104184,23,Male,Delhi,Professional,432000.0,610,Verified
CUST104185,49,Male,Indore,Self-Employed,180000.0,640,Verified
CUST104186,34,Female,Hyderabad,Self-Employed,1392000.0,685,Verified
CUST104187,31,Female,Lucknow,Business Owner,1216000.0,742,Verified
CUST104188,23,Male,Coimbatore,Self-Employed,1426000.0,562,Verified
CUST104189,65,Male,Ahmedabad,Business Owner,574000.0,561,Verified
CUST104190,42,Male,Chennai,Salaried - Government,1262000.0,766,Verified
CUST104191,37,Male,Ahmedabad,Business Owner,224000.0,754,Verified
CUST104192,57,Female,Chennai,Professional,509000.0,689,Verified
CUST104193,22,Female,Bengaluru,Business Owner,957000.0,576,Incomplete
CUST104194,48,Male,Nagpur,Retired,1198000.0,644,Verified
CUST104195,45,Male,Pune,Salaried - Private,1656000.0,642,Verified
CUST104196,48,Male,Bhopal,Salaried - Government,792000.0,561,Verified
CUST104197,27,Male,Bhopal,Homemaker,510000.0,407,Verified
CUST104198,67,Female,Jaipur,Business Owner,487000.0,621,Verified
CUST104199,32,Male,Jaipur,Professional,590000.0,565,Verified
CUST104200,54,Male,Bengaluru,Retired,1899000.0,330,Verified
CUST104201,57,Female,Ahmedabad,Salaried - Government,1241000.0,873,Pending
CUST104202,37,Female,Patna,Student,1401000.0,700,Verified
CUST104203,27,Male,Bengaluru,Business Owner,792000.0,368,Verified
CUST104204,35,Male,Chennai,Student,899000.0,422,Verified
CUST104205,60,Male,Bhopal,Business Owner,1215000.0,642,Verified
CUST104206,65,Male,Coimbatore,Business Owner,672000.0,816,Verified
CUST104207,66,Male,Pune,Professional,769000.0,591,Verified
CUST104208,32,Female,Nagpur,Salaried - Government,596000.0,787,Verified
CUST104209,50,Male,Bengaluru,Professional,,376,Verified
CUST104210,28,Male,Jaipur,Student,922000.0,616,Verified
CUST104211,55,Female,Coimbatore,Retired,530000.0,796,Verified
CUST104212,41,Male,Kolkata,Salaried - Private,1029000.0,808,Verified
CUST104213,55,Female,Ahmedabad,Retired,1028000.0,444,Verified
CUST104214,54,Female,Bengaluru,Salaried - Private,819000.0,702,Verified
CUST104215,69,Female,Ahmedabad,Salaried - Private,528000.0,323,Verified
CUST104216,44,Female,Jaipur,Self-Employed,947000.0,384,Verified
CUST104217,37,Female,Coimbatore,Self-Employed,673000.0,840,Verified
CUST104218,46,Female,Chennai,Salaried - Private,921000.0,744,Verified
CUST104219,28,Male,Pune,Salaried - Private,1394000.0,424,Verified
CUST104220,26,Male,Lucknow,Homemaker,,897,Verified
CUST104221,46,Male,Coimbatore,Business Owner,1878000.0,895,Verified
CUST104222,61,Male,Chennai,Salaried - Government,867000.0,324,Incomplete
CUST104223,47,Male,Bhopal,Business Owner,1085000.0,315,Verified
CUST104224,59,Male,Indore,Retired,561000.0,446,Verified
CUST104225,29,Male,Lucknow,Retired,1414000.0,776,Verified
CUST104226,43,Male,Kolkata,Self-Employed,843000.0,658,Verified
CUST104227,51,Male,Chennai,Salaried - Government,723000.0,607,Verified
CUST104228,38,Female,Hyderabad,Student,641000.0,549,Verified
CUST104229,21,Male,Mumbai,Retired,779000.0,587,Verified
CUST104230,24,Female,Bengaluru,Student,1088000.0,682,Verified
CUST104231,66,Male,Kolkata,Self-Employed,978000.0,338,Verified
CUST104232,50,Female,Bengaluru,Salaried - Private,882000.0,651,Verified
CUST104233,33,Female,Mumbai,Business Owner,580000.0,432,Verified
CUST104234,33,Male,Bhopal,Self-Employed,554000.0,772,Verified
CUST104235,22,Female,Delhi,Retired,693000.0,417,Verified
CUST104236,67,Male,Bengaluru,Retired,1107000.0,342,Verified
CUST104237,26,Female,Jaipur,Salaried - Private,1198000.0,560,Verified
CUST104238,58,Female,Indore,Professional,1259000.0,564,Verified
CUST104239,32,Male,Bhopal,Self-Employed,899000.0,611,Pending
CUST104240,37,Female,Mumbai,Professional,1073000.0,816,Verified
CUST104241,34,Male,Bengaluru,Business Owner,824000.0,719,Pending
CUST104242,61,Male,Patna,Professional,180000.0,517,Verified
CUST104243,22,Male,Bhopal,Retired,803000.0,735,Verified
CUST104244,38,Male,Pune,Self-Employed,731000.0,602,Verified
CUST104245,34,Male,Coimbatore,Salaried - Government,432000.0,434,Verified
CUST104246,34,Female,Indore,Retired,645000.0,312,Pending
CUST104247,30,Male,Patna,Student,961000.0,302,Verified
CUST104248,65,Male,Patna,Business Owner,390000.0,434,Verified
CUST104249,39,Female,Patna,Student,580000.0,791,Pending
CUST104250,41,Male,Bengaluru,Salaried - Government,1597000.0,578,Verified
CUST104251,39,Male,Bhopal,Homemaker,180000.0,571,Verified
CUST104252,69,Female,Coimbatore,Student,818000.0,539,Verified
CUST104253,37,Female,Chennai,Self-Employed,375000.0,453,Incomplete
CUST104254,37,Male,Mumbai,Salaried - Government,562000.0,728,Verified
CUST104255,37,Male,Pune,Retired,811000.0,307,Verified
CUST104256,37,Female,Hyderabad,Homemaker,456000.0,667,Verified
CUST104257,25,Female,Coimbatore,Salaried - Private,1158000.0,862,Incomplete
CUST104258,50,Male,Kolkata,Retired,1508000.0,828,Incomplete
CUST104259,22,Male,Lucknow,Homemaker,1279000.0,521,Verified
CUST104260,32,Male,Coimbatore,Salaried - Private,1361000.0,812,Verified
CUST104261,30,Female,Patna,Professional,279000.0,442,Verified
CUST104262,35,Female,Patna,Salaried - Private,791000.0,444,Pending
CUST104263,58,Female,Coimbatore,Salaried - Government,1110000.0,506,Verified
CUST104264,50,Male,Bhopal,Business Owner,1292000.0,310,Pending
CUST104265,69,Female,Chennai,Self-Employed,1689000.0,459,Verified
CUST104266,38,Female,Bhopal,Salaried - Private,1381000.0,812,Verified
CUST104267,66,Male,Hyderabad,Homemaker,1303000.0,757,Verified
CUST104268,23,Female,Hyderabad,Salaried - Government,2085000.0,497,Verified
CUST104269,45,Male,Lucknow,Homemaker,943000.0,487,Verified
CUST104270,60,Male,Hyderabad,Salaried - Government,770000.0,508,Verified
CUST104271,47,Female,Mumbai,Professional,980000.0,371,Verified
CUST104272,66,Male,Coimbatore,Retired,488000.0,395,Verified
CUST104273,36,Female,Jaipur,Business Owner,930000.0,895,Verified
CUST104274,22,Male,Bhopal,Business Owner,180000.0,715,Verified
CUST104275,58,Male,Nagpur,Homemaker,662000.0,706,Verified
CUST104276,24,Male,Lucknow,Salaried - Private,848000.0,468,Verified
CUST104277,58,Male,Lucknow,Homemaker,1327000.0,813,Verified
CUST104278,56,Male,Patna,Retired,1400000.0,406,Verified
CUST104279,62,Female,Hyderabad,Homemaker,466000.0,881,Pending
CUST104280,44,Male,Nagpur,Business Owner,1834000.0,602,Verified
CUST104281,64,Male,Bhopal,Business Owner,967000.0,498,Incomplete
CUST104282,29,Female,Bengaluru,Professional,1008000.0,750,Verified
CUST104283,42,Male,Bengaluru,Retired,180000.0,550,Verified
CUST104284,26,Female,Indore,Student,621000.0,461,Verified
CUST104285,58,Male,Indore,Homemaker,1372000.0,710,Verified
CUST104286,55,Male,Coimbatore,Salaried - Private,976000.0,733,Verified
CUST104287,60,Female,Delhi,Salaried - Government,949000.0,661,Incomplete
CUST104288,58,Female,Indore,Student,1002000.0,577,Verified
CUST104289,36,Female,Nagpur,Business Owner,251000.0,497,Verified
CUST104290,24,Male,Patna,Professional,857000.0,542,Verified
CUST104291,66,Male,Ahmedabad,Salaried - Private,1534000.0,824,Verified
CUST104292,45,Female,Ahmedabad,Salaried - Private,1389000.0,515,Verified
CUST104293,25,Female,Kolkata,Business Owner,844000.0,880,Verified
CUST104294,66,Female,Mumbai,Retired,1604000.0,387,Verified
CUST104295,69,Male,Ahmedabad,Homemaker,333000.0,397,Verified
CUST104296,42,Female,Chennai,Student,463000.0,499,Pending
CUST104297,58,Male,Chennai,Salaried - Government,1739000.0,301,Verified
CUST104298,22,Male,Mumbai,Salaried - Government,1160000.0,827,Verified
CUST104299,25,Male,Kolkata,Professional,770000.0,504,Verified
CUST104300,34,Male,Mumbai,Professional,875000.0,361,Verified
CUST104301,53,Female,Nagpur,Salaried - Private,537000.0,671,Verified
CUST104302,27,Male,Indore,Business Owner,1024000.0,874,Verified
CUST104303,22,Male,Nagpur,Student,989000.0,896,Verified
CUST104304,53,Female,Hyderabad,Salaried - Government,909000.0,364,Incomplete
CUST104305,58,Female,Bengaluru,Homemaker,378000.0,775,Incomplete
CUST104306,57,Male,Ahmedabad,Business Owner,1019000.0,517,Verified
CUST104307,60,Female,Bhopal,Professional,662000.0,801,Verified
CUST104308,60,Male,Mumbai,Retired,456000.0,663,Verified
CUST104309,50,Female,Nagpur,Retired,1470000.0,739,Verified
CUST104310,46,Male,Kolkata,Retired,1876000.0,802,Verified
CUST104311,62,Male,Nagpur,Salaried - Private,1774000.0,837,Pending
CUST104312,38,Male,Delhi,Self-Employed,1193000.0,386,Pending
CUST104313,25,Male,Kolkata,Homemaker,780000.0,734,Verified
CUST104314,57,Male,Kolkata,Salaried - Private,868000.0,384,Verified
CUST104315,34,Male,Mumbai,Retired,1083000.0,866,Verified
CUST104316,68,Female,Bhopal,Professional,,677,Verified
CUST104317,41,Male,Indore,Salaried - Private,1493000.0,415,Verified
CUST104318,62,Male,Jaipur,Salaried - Private,180000.0,475,Pending
CUST104319,23,Female,Pune,Student,,837,Incomplete
CUST104320,53,Female,Lucknow,Salaried - Private,1260000.0,686,Verified
CUST104321,42,Female,Pune,Salaried - Private,520000.0,437,Pending
CUST104322,43,Male,Pune,Salaried - Private,792000.0,792,Verified
CUST104323,33,Male,Patna,Retired,1167000.0,730,Verified
CUST104324,68,Male,Jaipur,Student,1583000.0,346,Verified
CUST104325,40,Male,Chennai,Salaried - Government,318000.0,469,Verified
CUST104326,62,Male,Kolkata,Homemaker,284000.0,806,Verified
CUST104327,41,Female,Nagpur,Retired,474000.0,510,Verified
CUST104328,23,Female,Ahmedabad,Salaried - Government,208000.0,322,Verified
CUST104329,64,Female,Delhi,Salaried - Private,240000.0,662,Verified
CUST104330,30,Male,Nagpur,Business Owner,462000.0,839,Verified
CUST104331,34,Female,Patna,Salaried - Private,1455000.0,633,Verified
CUST104332,63,Male,Hyderabad,Salaried - Private,760000.0,885,Verified
CUST104333,64,Female,Coimbatore,Business Owner,914000.0,368,Verified
CUST104334,65,Male,Coimbatore,Homemaker,470000.0,700,Verified
CUST104335,41,Male,Coimbatore,Student,1185000.0,689,Pending
CUST104336,58,Male,Pune,Retired,1744000.0,890,Verified
CUST104337,37,Female,Indore,Self-Employed,501000.0,612,Verified
CUST104338,57,Female,Nagpur,Self-Employed,1676000.0,793,Pending
CUST104339,45,Female,Indore,Professional,1064000.0,387,Pending
CUST104340,23,Female,Jaipur,Salaried - Government,908000.0,326,Verified
CUST104341,41,Female,Hyderabad,Professional,1080000.0,729,Verified
CUST104342,43,Female,Chennai,Homemaker,1076000.0,302,Verified
CUST104343,33,Male,Coimbatore,Homemaker,1736000.0,824,Verified
CUST104344,39,Female,Ahmedabad,Salaried - Private,1134000.0,312,Verified
CUST104345,45,Male,Indore,Self-Employed,1143000.0,713,Verified
CUST104346,23,Male,Jaipur,Self-Employed,710000.0,571,Verified
CUST104347,28,Male,Jaipur,Professional,1278000.0,687,Verified
CUST104348,58,Male,Delhi,Salaried - Government,469000.0,674,Verified
CUST104349,38,Female,Kolkata,Student,949000.0,566,Verified
CUST104350,50,Female,Jaipur,Student,2197000.0,588,Verified
CUST104351,48,Male,Delhi,Self-Employed,180000.0,602,Verified
CUST104352,48,Female,Bengaluru,Business Owner,,706,Verified
CUST104353,41,Male,Jaipur,Business Owner,1022000.0,726,Verified
CUST104354,44,Male,Chennai,Salaried - Private,797000.0,569,Verified
CUST104355,61,Male,Bhopal,Student,808000.0,511,Verified
CUST104356,68,Male,Kolkata,Homemaker,941000.0,325,Verified
CUST104357,33,Male,Kolkata,Self-Employed,787000.0,767,Verified
CUST104358,53,Male,Delhi,Professional,1000000.0,435,Verified
CUST104359,68,Male,Kolkata,Business Owner,681000.0,560,Verified
CUST104360,21,Male,Jaipur,Salaried - Government,1810000.0,895,Verified
CUST104361,59,Female,Jaipur,Self-Employed,787000.0,770,Verified
CUST104362,45,Male,Hyderabad,Salaried - Private,1156000.0,507,Verified
CUST104363,68,Male,Mumbai,Homemaker,599000.0,584,Verified
CUST104364,49,Male,Coimbatore,Retired,1320000.0,494,Pending
CUST104365,62,Male,Coimbatore,Student,1230000.0,675,Verified
CUST104366,29,Male,Indore,Salaried - Private,1089000.0,391,Verified
CUST104367,27,Male,Hyderabad,Retired,438000.0,871,Verified
CUST104368,66,Female,Lucknow,Professional,561000.0,892,Verified
CUST104369,46,Male,Bengaluru,Professional,1659000.0,479,Incomplete
CUST104370,48,Female,Indore,Student,556000.0,438,Verified
CUST104371,29,Male,Mumbai,Business Owner,1188000.0,623,Pending
CUST104372,32,Male,Ahmedabad,Salaried - Government,475000.0,688,Verified
CUST104373,61,Male,Nagpur,Salaried - Private,1354000.0,686,Verified
CUST104374,35,Male,Bhopal,Business Owner,591000.0,325,Verified
CUST104375,49,Male,Nagpur,Salaried - Government,467000.0,726,Incomplete
CUST104376,36,Male,Ahmedabad,Salaried - Government,579000.0,339,Verified
CUST104377,33,Male,Delhi,Salaried - Government,651000.0,505,Verified
CUST104378,29,Female,Mumbai,Self-Employed,1082000.0,730,Incomplete
CUST104379,66,Male,Bengaluru,Salaried - Private,931000.0,832,Verified
CUST104380,67,Male,Mumbai,Business Owner,407000.0,681,Verified
CUST104381,26,Female,Kolkata,Retired,887000.0,395,Verified
CUST104382,38,Male,Mumbai,Self-Employed,385000.0,708,Pending
CUST104383,48,Female,Bengaluru,Salaried - Government,1190000.0,322,Verified
CUST104384,39,Female,Kolkata,Professional,1272000.0,438,Verified
CUST104385,56,Female,Patna,Salaried - Private,,374,Incomplete
CUST104386,33,Male,Bhopal,Retired,1022000.0,890,Verified
CUST104387,23,Male,Mumbai,Business Owner,1688000.0,521,Verified
CUST104388,37,Female,Indore,Business Owner,829000.0,635,Verified
CUST104389,50,Female,Jaipur,Salaried - Government,475000.0,774,Verified
CUST104390,29,Female,Pune,Self-Employed,1161000.0,881,Verified
CUST104391,60,Male,Pune,Salaried - Government,390000.0,897,Verified
CUST104392,21,Male,Nagpur,Professional,805000.0,398,Verified
CUST104393,24,Male,Kolkata,Salaried - Government,630000.0,536,Verified
CUST104394,45,Male,Chennai,Retired,584000.0,543,Verified
CUST104395,46,Male,Kolkata,Self-Employed,787000.0,777,Verified
CUST104396,35,Female,Delhi,Professional,1305000.0,501,Verified
CUST104397,33,Male,Bengaluru,Professional,1398000.0,438,Verified
CUST104398,24,Female,Hyderabad,Retired,1317000.0,753,Verified
CUST104399,53,Female,Chennai,Homemaker,1051000.0,597,Verified
CUST104400,39,Male,Pune,Professional,784000.0,748,Incomplete
CUST104401,26,Male,Mumbai,Homemaker,180000.0,527,Pending
CUST104402,40,Female,Lucknow,Self-Employed,1065000.0,591,Incomplete
CUST104403,66,Male,Delhi,Homemaker,180000.0,305,Verified
CUST104404,33,Male,Chennai,Self-Employed,180000.0,309,Verified
CUST104405,64,Female,Coimbatore,Retired,827000.0,300,Verified
CUST104406,33,Female,Mumbai,Business Owner,1019000.0,405,Verified
CUST104407,30,Female,Hyderabad,Student,697000.0,508,Verified
CUST104408,33,Female,Ahmedabad,Self-Employed,1591000.0,330,Verified
CUST104409,36,Male,Hyderabad,Professional,1108000.0,396,Verified
CUST104410,26,Female,Hyderabad,Salaried - Government,788000.0,808,Verified
CUST104411,49,Female,Delhi,Retired,1524000.0,812,Verified
CUST104412,37,Female,Kolkata,Salaried - Private,1604000.0,473,Verified
CUST104413,56,Female,Patna,Business Owner,1131000.0,867,Pending
CUST104414,45,Female,Jaipur,Salaried - Private,551000.0,370,Verified
CUST104415,42,Female,Indore,Self-Employed,,318,Verified
CUST104416,44,Male,Bhopal,Business Owner,249000.0,512,Verified
CUST104417,28,Female,Patna,Self-Employed,,458,Verified
CUST104418,55,Male,Kolkata,Business Owner,427000.0,346,Pending
CUST104419,26,Female,Lucknow,Salaried - Government,752000.0,808,Verified
CUST104420,56,Female,Jaipur,Retired,1017000.0,887,Incomplete
CUST104421,69,Female,Nagpur,Homemaker,180000.0,462,Verified
CUST104422,58,Male,Ahmedabad,Business Owner,331000.0,489,Verified
CUST104423,43,Male,Kolkata,Salaried - Private,672000.0,731,Verified
CUST104424,36,Male,Delhi,Salaried - Private,876000.0,859,Verified
CUST104425,63,Male,Nagpur,Retired,678000.0,472,Verified
CUST104426,33,Male,Kolkata,Student,778000.0,709,Verified
CUST104427,44,Female,Patna,Homemaker,582000.0,313,Incomplete
CUST104428,58,Male,Bhopal,Business Owner,248000.0,639,Verified
CUST104429,66,Female,Mumbai,Business Owner,659000.0,892,Verified
CUST104430,66,Male,Lucknow,Salaried - Government,804000.0,585,Verified
CUST104431,25,Female,Ahmedabad,Salaried - Private,760000.0,684,Verified
CUST104432,65,Male,Chennai,Homemaker,950000.0,712,Incomplete
CUST104433,26,Female,Chennai,Business Owner,,679,Verified
CUST104434,49,Female,Lucknow,Business Owner,1207000.0,711,Verified
CUST104435,66,Female,Delhi,Self-Employed,615000.0,832,Verified
CUST104436,53,Female,Lucknow,Self-Employed,191000.0,306,Verified
CUST104437,67,Male,Nagpur,Student,1472000.0,830,Incomplete
CUST104438,37,Male,Delhi,Homemaker,1073000.0,844,Verified
CUST104439,36,Male,Mumbai,Retired,470000.0,842,Verified
CUST104440,36,Female,Mumbai,Business Owner,1025000.0,520,Verified
CUST104441,38,Male,Bhopal,Retired,1381000.0,649,Verified
CUST104442,54,Male,Nagpur,Self-Employed,1678000.0,511,Verified
CUST104443,43,Female,Coimbatore,Professional,1013000.0,804,Verified
CUST104444,57,Male,Mumbai,Salaried - Government,1377000.0,543,Verified
CUST104445,41,Female,Ahmedabad,Retired,356000.0,487,Pending
CUST104446,36,Female,Mumbai,Salaried - Private,884000.0,711,Verified
CUST104447,30,Female,Pune,Retired,749000.0,329,Verified
CUST104448,48,Female,Hyderabad,Professional,1054000.0,525,Verified
CUST104449,65,Female,Lucknow,Salaried - Private,1625000.0,423,Verified
CUST104450,63,Female,Indore,Professional,1012000.0,524,Verified
CUST104451,33,Female,Nagpur,Salaried - Government,478000.0,569,Verified
CUST104452,44,Male,Mumbai,Business Owner,331000.0,338,Verified
CUST104453,55,Female,Chennai,Salaried - Private,1641000.0,818,Verified
CUST104454,51,Female,Hyderabad,Retired,1131000.0,549,Verified
CUST104455,24,Male,Chennai,Professional,1102000.0,515,Verified
CUST104456,49,Male,Pune,Self-Employed,745000.0,389,Incomplete
CUST104457,22,Male,Lucknow,Student,1021000.0,897,Verified
CUST104458,26,Male,Patna,Retired,456000.0,813,Pending
CUST104459,53,Female,Coimbatore,Professional,,589,Verified
CUST104460,26,Male,Bhopal,Salaried - Government,371000.0,500,Verified
CUST104461,37,Male,Hyderabad,Professional,738000.0,580,Verified
CUST104462,49,Male,Bengaluru,Retired,611000.0,876,Pending
CUST104463,53,Male,Pune,Student,180000.0,432,Pending
CUST104464,42,Male,Patna,Professional,744000.0,710,Verified
CUST104465,25,Male,Coimbatore,Salaried - Government,496000.0,842,Verified
CUST104466,60,Male,Pune,Retired,805000.0,753,Verified
CUST104467,67,Male,Bengaluru,Salaried - Private,901000.0,822,Verified
CUST104468,64,Female,Mumbai,Self-Employed,1696000.0,868,Verified
CUST104469,57,Male,Delhi,Student,1037000.0,335,Verified
CUST104470,40,Female,Lucknow,Homemaker,1050000.0,443,Pending
CUST104471,63,Male,Jaipur,Student,1123000.0,386,Verified
CUST104472,44,Male,Lucknow,Self-Employed,1292000.0,640,Verified
CUST104473,27,Female,Mumbai,Retired,1104000.0,544,Verified
CUST104474,62,Male,Kolkata,Retired,1027000.0,324,Verified
CUST104475,36,Male,Bengaluru,Salaried - Government,1220000.0,634,Verified
CUST104476,66,Female,Pune,Student,180000.0,360,Verified
CUST104477,39,Male,Lucknow,Student,1840000.0,544,Verified
CUST104478,63,Female,Hyderabad,Salaried - Private,1615000.0,519,Verified
CUST104479,47,Female,Lucknow,Homemaker,998000.0,836,Verified
CUST104480,43,Female,Hyderabad,Business Owner,264000.0,709,Verified
CUST104481,35,Female,Ahmedabad,Retired,1445000.0,674,Verified
CUST104482,61,Male,Kolkata,Professional,588000.0,799,Incomplete
CUST104483,23,Female,Pune,Salaried - Government,,408,Pending
CUST104484,43,Male,Delhi,Salaried - Private,323000.0,453,Verified
CUST104485,39,Female,Jaipur,Professional,1902000.0,751,Verified
CUST104486,47,Female,Coimbatore,Homemaker,251000.0,749,Pending
CUST104487,33,Male,Lucknow,Homemaker,931000.0,312,Verified
CUST104488,53,Male,Patna,Self-Employed,180000.0,434,Verified
CUST104489,39,Male,Nagpur,Homemaker,881000.0,436,Incomplete
CUST104490,30,Male,Mumbai,Self-Employed,709000.0,303,Verified
CUST104491,30,Male,Patna,Professional,1412000.0,696,Pending
CUST104492,55,Female,Chennai,Self-Employed,709000.0,332,Pending
CUST104493,33,Male,Lucknow,Professional,1412000.0,804,Verified
CUST104494,36,Female,Coimbatore,Professional,439000.0,651,Verified
CUST104495,51,Female,Indore,Retired,773000.0,757,Verified
CUST104496,37,Female,Kolkata,Business Owner,782000.0,598,Verified
CUST104497,40,Male,Nagpur,Professional,1123000.0,882,Verified
CUST104498,32,Female,Lucknow,Retired,1066000.0,462,Verified
CUST104499,37,Female,Delhi,Business Owner,1225000.0,634,Verified
CUST104500,54,Female,Chennai,Professional,1020000.0,303,Verified
CUST104501,47,Female,Coimbatore,Salaried - Private,1198000.0,799,Pending
CUST104502,69,Female,Indore,Homemaker,496000.0,640,Verified
CUST104503,58,Male,Indore,Salaried - Government,1075000.0,405,Verified
CUST104504,21,Female,Pune,Homemaker,1624000.0,790,Verified
CUST104505,39,Male,Hyderabad,Homemaker,180000.0,893,Incomplete
CUST104506,35,Female,Nagpur,Student,1120000.0,341,Verified
CUST104507,49,Male,Mumbai,Salaried - Private,1205000.0,807,Verified
CUST104508,34,Male,Indore,Salaried - Government,1558000.0,741,Verified
CUST104509,68,Male,Lucknow,Salaried - Private,1227000.0,512,Verified
CUST104510,35,Male,Lucknow,Business Owner,945000.0,680,Verified
CUST104511,46,Female,Kolkata,Student,1094000.0,771,Verified
CUST104512,27,Male,Coimbatore,Homemaker,569000.0,587,Verified
CUST104513,65,Female,Patna,Retired,725000.0,699,Pending
CUST104514,65,Male,Mumbai,Homemaker,299000.0,329,Verified
CUST104515,59,Female,Ahmedabad,Salaried - Private,1569000.0,855,Verified
CUST104516,38,Male,Nagpur,Homemaker,1103000.0,854,Verified
CUST104517,23,Male,Delhi,Self-Employed,488000.0,426,Verified
CUST104518,55,Male,Patna,Retired,1022000.0,586,Verified
CUST104519,42,Male,Chennai,Homemaker,1422000.0,443,Verified
CUST104520,69,Female,Ahmedabad,Retired,1347000.0,539,Verified
CUST104521,55,Female,Indore,Business Owner,483000.0,465,Verified
CUST104522,47,Male,Ahmedabad,Professional,180000.0,816,Verified
CUST104523,69,Male,Mumbai,Business Owner,1078000.0,716,Verified
CUST104524,60,Male,Mumbai,Retired,501000.0,807,Verified
CUST104525,43,Male,Patna,Business Owner,1180000.0,775,Verified
CUST104526,21,Female,Indore,Business Owner,1328000.0,736,Verified
CUST104527,25,Male,Hyderabad,Salaried - Government,1401000.0,399,Verified
CUST104528,42,Female,Coimbatore,Business Owner,1685000.0,797,Verified
CUST104529,48,Female,Kolkata,Retired,1456000.0,769,Verified
CUST104530,22,Male,Mumbai,Homemaker,1687000.0,374,Verified
CUST104531,27,Male,Ahmedabad,Salaried - Private,1521000.0,352,Verified
CUST104532,55,Male,Coimbatore,Salaried - Government,1560000.0,756,Pending
CUST104533,57,Male,Chennai,Professional,882000.0,534,Verified
CUST104534,22,Male,Coimbatore,Retired,320000.0,496,Verified
CUST104535,45,Female,Lucknow,Salaried - Government,2017000.0,537,Verified
CUST104536,24,Male,Pune,Self-Employed,928000.0,820,Verified
CUST104537,56,Female,Bhopal,Salaried - Private,1453000.0,518,Verified
CUST104538,61,Female,Kolkata,Salaried - Private,652000.0,522,Incomplete
CUST104539,63,Female,Delhi,Salaried - Government,1334000.0,539,Verified
CUST104540,50,Female,Indore,Retired,180000.0,332,Verified
CUST104541,51,Male,Pune,Homemaker,715000.0,322,Pending
CUST104542,66,Male,Jaipur,Business Owner,856000.0,548,Pending
CUST104543,51,Male,Patna,Salaried - Government,1108000.0,310,Verified
CUST104544,42,Female,Delhi,Student,1382000.0,754,Verified
CUST104545,57,Female,Bhopal,Self-Employed,408000.0,554,Verified
CUST104546,49,Male,Pune,Salaried - Government,1197000.0,600,Verified
CUST104547,62,Male,Jaipur,Salaried - Government,1452000.0,501,Verified
CUST104548,46,Male,Kolkata,Self-Employed,1956000.0,758,Pending
CUST104549,63,Male,Patna,Retired,1218000.0,556,Verified
CUST104550,23,Female,Bengaluru,Business Owner,693000.0,321,Verified
CUST104551,22,Male,Delhi,Business Owner,328000.0,592,Verified
CUST104552,25,Male,Kolkata,Self-Employed,1723000.0,406,Verified
CUST104553,48,Male,Delhi,Student,1232000.0,657,Verified
CUST104554,55,Male,Chennai,Retired,890000.0,638,Verified
CUST104555,31,Male,Lucknow,Retired,180000.0,584,Verified
CUST104556,28,Female,Nagpur,Business Owner,481000.0,531,Incomplete
CUST104557,63,Male,Bhopal,Professional,1184000.0,657,Verified
CUST104558,57,Female,Hyderabad,Student,1059000.0,708,Verified
CUST104559,52,Male,Nagpur,Retired,180000.0,827,Pending
CUST104560,44,Male,Kolkata,Homemaker,1185000.0,877,Verified
CUST104561,41,Male,Bengaluru,Salaried - Private,194000.0,349,Verified
CUST104562,22,Male,Patna,Homemaker,1509000.0,695,Verified
CUST104563,30,Male,Ahmedabad,Student,994000.0,350,Verified
CUST104564,64,Male,Pune,Retired,691000.0,550,Verified
CUST104565,37,Female,Lucknow,Student,1346000.0,744,Verified
CUST104566,55,Female,Bhopal,Professional,1059000.0,625,Verified
CUST104567,55,Female,Chennai,Self-Employed,1496000.0,784,Verified
CUST104568,36,Male,Delhi,Professional,936000.0,847,Verified
CUST104569,31,Female,Ahmedabad,Retired,962000.0,884,Verified
CUST104570,54,Female,Mumbai,Salaried - Government,772000.0,703,Verified
CUST104571,25,Male,Lucknow,Salaried - Government,1018000.0,704,Verified
CUST104572,45,Male,Kolkata,Self-Employed,,781,Verified
CUST104573,64,Male,Chennai,Professional,674000.0,439,Verified
CUST104574,55,Female,Jaipur,Salaried - Government,1192000.0,480,Verified
CUST104575,58,Male,Pune,Homemaker,504000.0,504,Pending
CUST104576,25,Male,Pune,Salaried - Private,180000.0,746,Pending
CUST104577,30,Female,Chennai,Student,993000.0,510,Verified
CUST104578,34,Male,Bhopal,Retired,1067000.0,383,Verified
CUST104579,35,Female,Indore,Self-Employed,850000.0,779,Verified
CUST104580,30,Female,Lucknow,Self-Employed,227000.0,749,Pending
CUST104581,68,Female,Chennai,Retired,1037000.0,656,Verified
CUST104582,29,Female,Nagpur,Salaried - Private,1020000.0,828,Verified
CUST104583,55,Male,Delhi,Retired,500000.0,775,Pending
CUST104584,49,Female,Hyderabad,Professional,291000.0,840,Verified
CUST104585,50,Female,Mumbai,Salaried - Government,786000.0,455,Verified
CUST104586,31,Female,Nagpur,Student,1194000.0,369,Verified
CUST104587,36,Male,Mumbai,Retired,1087000.0,504,Verified
CUST104588,50,Male,Jaipur,Salaried - Government,504000.0,797,Verified
CUST104589,35,Male,Bengaluru,Retired,962000.0,854,Verified
CUST104590,55,Male,Chennai,Business Owner,1299000.0,365,Verified
CUST104591,22,Male,Lucknow,Homemaker,372000.0,813,Verified
CUST104592,24,Female,Nagpur,Business Owner,928000.0,587,Incomplete
CUST104593,56,Female,Mumbai,Student,1503000.0,790,Verified
CUST104594,51,Female,Bengaluru,Student,326000.0,709,Verified
CUST104595,23,Male,Hyderabad,Salaried - Private,1420000.0,336,Verified
CUST104596,65,Male,Coimbatore,Business Owner,1629000.0,590,Verified
CUST104597,21,Male,Mumbai,Salaried - Government,800000.0,353,Verified
CUST104598,67,Male,Bengaluru,Business Owner,746000.0,503,Incomplete
CUST104599,56,Male,Kolkata,Salaried - Government,1365000.0,754,Verified
CUST104600,69,Male,Hyderabad,Professional,816000.0,710,Verified
CUST104601,67,Male,Mumbai,Salaried - Government,180000.0,722,Verified
CUST104602,36,Male,Jaipur,Professional,856000.0,696,Verified
CUST104603,58,Male,Lucknow,Business Owner,1112000.0,308,Verified
CUST104604,31,Male,Bengaluru,Student,1233000.0,649,Verified
CUST104605,44,Male,Bhopal,Student,,591,Verified
CUST104606,32,Female,Mumbai,Professional,779000.0,617,Verified
CUST104607,44,Male,Bhopal,Business Owner,1340000.0,427,Verified
CUST104608,63,Male,Chennai,Retired,873000.0,723,Incomplete
CUST104609,42,Male,Chennai,Retired,212000.0,664,Incomplete
CUST104610,25,Female,Bengaluru,Salaried - Government,1457000.0,541,Pending
CUST104611,36,Female,Indore,Business Owner,804000.0,333,Verified
CUST104612,59,Female,Ahmedabad,Student,1391000.0,341,Verified
CUST104613,46,Male,Bhopal,Self-Employed,272000.0,515,Verified
CUST104614,48,Female,Chennai,Salaried - Private,846000.0,622,Verified
CUST104615,42,Female,Mumbai,Homemaker,1129000.0,898,Pending
CUST104616,35,Male,Mumbai,Student,861000.0,734,Verified
CUST104617,50,Female,Kolkata,Retired,368000.0,591,Verified
CUST104618,52,Male,Hyderabad,Retired,180000.0,479,Verified
CUST104619,65,Female,Patna,Self-Employed,1585000.0,401,Verified
CUST104620,51,Male,Patna,Self-Employed,1012000.0,384,Pending
CUST104621,69,Male,Hyderabad,Student,1425000.0,343,Verified
CUST104622,61,Female,Kolkata,Homemaker,1318000.0,847,Verified
CUST104623,24,Female,Pune,Business Owner,1169000.0,309,Verified
CUST104624,40,Male,Bhopal,Self-Employed,755000.0,818,Verified
CUST104625,39,Female,Lucknow,Salaried - Government,1120000.0,650,Verified
CUST104626,21,Male,Lucknow,Salaried - Private,1545000.0,671,Verified
CUST104627,29,Male,Mumbai,Business Owner,937000.0,875,Verified
CUST104628,58,Female,Pune,Professional,1756000.0,771,Incomplete
CUST104629,38,Male,Coimbatore,Retired,225000.0,388,Verified
CUST104630,28,Male,Pune,Homemaker,180000.0,881,Verified
CUST104631,35,Female,Bengaluru,Self-Employed,1345000.0,405,Verified
CUST104632,34,Male,Bengaluru,Salaried - Government,532000.0,641,Verified
CUST104633,29,Male,Mumbai,Homemaker,1820000.0,684,Verified
CUST104634,25,Male,Patna,Homemaker,1502000.0,446,Pending
CUST104635,58,Female,Mumbai,Professional,1614000.0,678,Verified
CUST104636,61,Male,Jaipur,Salaried - Private,1298000.0,683,Verified
CUST104637,45,Male,Pune,Business Owner,485000.0,887,Verified
CUST104638,51,Female,Delhi,Professional,,848,Verified
CUST104639,66,Male,Indore,Homemaker,1573000.0,539,Verified
CUST104640,62,Male,Patna,Professional,,714,Verified
CUST104641,22,Female,Nagpur,Business Owner,1613000.0,792,Verified
CUST104642,67,Female,Coimbatore,Business Owner,1201000.0,315,Verified
CUST104643,24,Male,Indore,Business Owner,866000.0,710,Verified
CUST104644,22,Female,Bhopal,Salaried - Private,1099000.0,850,Verified
CUST104645,40,Female,Jaipur,Salaried - Private,1109000.0,372,Pending
CUST104646,57,Male,Bhopal,Homemaker,809000.0,752,Verified
CUST104647,24,Female,Kolkata,Self-Employed,1542000.0,336,Verified
CUST104648,35,Female,Bengaluru,Homemaker,1526000.0,541,Verified
CUST104649,33,Female,Pune,Business Owner,970000.0,791,Verified
CUST104650,40,Male,Ahmedabad,Student,630000.0,892,Verified
CUST104651,69,Female,Mumbai,Salaried - Government,1488000.0,736,Verified
CUST104652,37,Female,Nagpur,Salaried - Government,180000.0,733,Verified
CUST104653,31,Male,Indore,Professional,1100000.0,455,Incomplete
CUST104654,26,Female,Kolkata,Homemaker,1233000.0,795,Verified
CUST104655,30,Female,Ahmedabad,Salaried - Government,527000.0,695,Verified
CUST104656,27,Female,Nagpur,Professional,1338000.0,865,Pending
CUST104657,49,Female,Kolkata,Salaried - Government,,661,Verified
CUST104658,41,Male,Bhopal,Retired,654000.0,323,Verified
CUST104659,45,Male,Ahmedabad,Professional,,606,Incomplete
CUST104660,61,Female,Hyderabad,Retired,,764,Verified
CUST104661,49,Male,Patna,Self-Employed,1291000.0,772,Verified
CUST104662,28,Male,Bengaluru,Self-Employed,180000.0,531,Verified
CUST104663,39,Female,Chennai,Retired,1029000.0,402,Incomplete
CUST104664,36,Female,Bhopal,Self-Employed,920000.0,821,Verified
CUST104665,61,Male,Bhopal,Retired,657000.0,793,Verified
CUST104666,36,Female,Coimbatore,Salaried - Government,,827,Verified
CUST104667,27,Male,Bhopal,Self-Employed,864000.0,702,Verified
CUST104668,57,Male,Mumbai,Salaried - Private,1375000.0,797,Pending
CUST104669,41,Male,Nagpur,Salaried - Private,1152000.0,541,Incomplete
CUST104670,25,Male,Kolkata,Self-Employed,1104000.0,767,Verified
CUST104671,54,Male,Mumbai,Business Owner,1031000.0,592,Verified
CUST104672,31,Female,Jaipur,Salaried - Government,688000.0,776,Verified
CUST104673,63,Female,Bengaluru,Salaried - Private,764000.0,387,Verified
CUST104674,61,Male,Kolkata,Student,1012000.0,477,Verified
CUST104675,39,Male,Ahmedabad,Professional,822000.0,428,Verified
CUST104676,48,Male,Delhi,Retired,1400000.0,543,Incomplete
CUST104677,48,Female,Nagpur,Retired,942000.0,788,Verified
CUST104678,53,Female,Ahmedabad,Salaried - Private,1069000.0,369,Verified
CUST104679,24,Male,Coimbatore,Professional,269000.0,738,Verified
CUST104680,36,Male,Kolkata,Homemaker,1324000.0,798,Verified
CUST104681,29,Male,Jaipur,Business Owner,638000.0,702,Verified
CUST104682,55,Female,Nagpur,Homemaker,431000.0,687,Verified
CUST104683,24,Male,Chennai,Student,1641000.0,383,Verified
CUST104684,46,Male,Indore,Professional,1214000.0,667,Verified
CUST104685,56,Male,Bengaluru,Salaried - Private,1340000.0,435,Verified
CUST104686,67,Male,Coimbatore,Professional,1105000.0,447,Pending
CUST104687,35,Male,Lucknow,Student,858000.0,816,Verified
CUST104688,21,Male,Ahmedabad,Professional,774000.0,669,Verified
CUST104689,56,Female,Chennai,Homemaker,1251000.0,896,Verified
CUST104690,21,Male,Jaipur,Professional,1410000.0,572,Verified
CUST104691,24,Male,Jaipur,Business Owner,869000.0,514,Verified
CUST104692,69,Male,Coimbatore,Student,1833000.0,897,Verified
CUST104693,63,Male,Nagpur,Salaried - Government,811000.0,673,Verified
CUST104694,55,Female,Ahmedabad,Business Owner,273000.0,817,Verified
CUST104695,61,Female,Pune,Salaried - Government,180000.0,326,Incomplete
CUST104696,24,Male,Pune,Retired,180000.0,615,Verified
CUST104697,25,Female,Pune,Student,714000.0,790,Verified
CUST104698,35,Female,Mumbai,Student,796000.0,785,Verified
CUST104699,22,Female,Mumbai,Salaried - Government,1207000.0,729,Verified
CUST104700,64,Male,Patna,Retired,887000.0,398,Verified
CUST104701,23,Male,Chennai,Homemaker,1280000.0,628,Verified
CUST104702,47,Male,Kolkata,Homemaker,920000.0,360,Verified
CUST104703,62,Female,Bhopal,Professional,,781,Verified
CUST104704,57,Female,Lucknow,Salaried - Government,,678,Verified
CUST104705,32,Male,Pune,Business Owner,,416,Verified
CUST104706,44,Male,Patna,Homemaker,211000.0,736,Verified
CUST104707,47,Male,Bengaluru,Professional,1036000.0,731,Pending
CUST104708,58,Male,Ahmedabad,Business Owner,818000.0,331,Verified
CUST104709,41,Female,Delhi,Salaried - Government,1252000.0,353,Verified
CUST104710,34,Male,Ahmedabad,Retired,891000.0,420,Verified
CUST104711,59,Female,Delhi,Business Owner,904000.0,342,Verified
CUST104712,64,Female,Coimbatore,Business Owner,780000.0,622,Verified
CUST104713,44,Female,Lucknow,Student,1527000.0,827,Verified
CUST104714,22,Female,Chennai,Salaried - Private,901000.0,337,Pending
CUST104715,45,Male,Lucknow,Salaried - Government,1786000.0,668,Incomplete
CUST104716,64,Female,Pune,Student,1023000.0,554,Verified
CUST104717,69,Female,Ahmedabad,Student,910000.0,801,Verified
CUST104718,40,Male,Bengaluru,Self-Employed,835000.0,589,Verified
CUST104719,28,Male,Ahmedabad,Student,1154000.0,701,Verified
CUST104720,49,Male,Delhi,Salaried - Government,635000.0,853,Verified
CUST104721,61,Male,Bengaluru,Salaried - Private,966000.0,381,Verified
CUST104722,67,Male,Jaipur,Self-Employed,904000.0,489,Verified
CUST104723,23,Male,Ahmedabad,Professional,1046000.0,461,Verified
CUST104724,35,Female,Hyderabad,Salaried - Private,1058000.0,401,Verified
CUST104725,44,Male,Mumbai,Salaried - Government,1081000.0,688,Verified
CUST104726,25,Male,Kolkata,Homemaker,943000.0,304,Verified
CUST104727,64,Male,Indore,Professional,1606000.0,531,Verified
CUST104728,26,Male,Bhopal,Professional,,372,Verified
CUST104729,53,Female,Mumbai,Student,2073000.0,669,Verified
CUST104730,66,Male,Coimbatore,Salaried - Government,922000.0,750,Pending
CUST104731,54,Male,Kolkata,Student,1332000.0,580,Pending
CUST104732,58,Male,Jaipur,Self-Employed,573000.0,566,Pending
CUST104733,33,Male,Mumbai,Student,,569,Verified
CUST104734,61,Female,Hyderabad,Homemaker,583000.0,419,Verified
CUST104735,41,Female,Patna,Salaried - Government,1105000.0,525,Verified
CUST104736,24,Male,Hyderabad,Salaried - Government,781000.0,859,Verified
CUST104737,38,Female,Bengaluru,Professional,1103000.0,324,Verified
CUST104738,38,Male,Delhi,Professional,794000.0,772,Verified
CUST104739,46,Female,Indore,Salaried - Government,545000.0,398,Incomplete
CUST104740,33,Male,Nagpur,Self-Employed,778000.0,368,Verified
CUST104741,43,Male,Mumbai,Student,1594000.0,471,Verified
CUST104742,41,Female,Indore,Homemaker,1110000.0,461,Pending
CUST104743,37,Female,Nagpur,Salaried - Government,320000.0,489,Verified
CUST104744,55,Male,Pune,Retired,1393000.0,809,Verified
CUST104745,35,Female,Lucknow,Salaried - Government,499000.0,842,Verified
CUST104746,58,Female,Chennai,Business Owner,1235000.0,715,Verified
CUST104747,33,Male,Chennai,Salaried - Private,,387,Verified
CUST104748,63,Female,Bhopal,Retired,1177000.0,867,Verified
CUST104749,38,Female,Chennai,Salaried - Government,1734000.0,808,Verified
CUST104750,22,Male,Pune,Salaried - Government,527000.0,345,Verified
CUST104751,28,Male,Pune,Salaried - Government,1175000.0,532,Verified
CUST104752,60,Female,Bengaluru,Salaried - Government,1467000.0,765,Verified
CUST104753,63,Female,Nagpur,Salaried - Private,610000.0,353,Verified
CUST104754,31,Male,Bhopal,Professional,564000.0,345,Verified
CUST104755,50,Male,Nagpur,Homemaker,771000.0,663,Verified
CUST104756,49,Male,Ahmedabad,Self-Employed,1046000.0,501,Incomplete
CUST104757,27,Female,Bengaluru,Homemaker,265000.0,564,Verified
CUST104758,43,Female,Hyderabad,Professional,1148000.0,750,Verified
CUST104759,54,Male,Pune,Self-Employed,266000.0,626,Verified
CUST104760,68,Female,Coimbatore,Salaried - Private,1482000.0,726,Verified
CUST104761,62,Female,Chennai,Homemaker,1131000.0,375,Verified
CUST104762,25,Male,Bhopal,Salaried - Private,1761000.0,301,Verified
CUST104763,32,Male,Delhi,Business Owner,1201000.0,451,Verified
CUST104764,42,Male,Coimbatore,Salaried - Private,763000.0,421,Verified
CUST104765,28,Male,Lucknow,Homemaker,541000.0,494,Verified
CUST104766,48,Male,Kolkata,Student,1008000.0,767,Verified
CUST104767,21,Female,Pune,Self-Employed,886000.0,391,Verified
CUST104768,26,Female,Pune,Self-Employed,1434000.0,375,Pending
CUST104769,23,Male,Chennai,Professional,482000.0,420,Verified
CUST104770,35,Female,Jaipur,Professional,1809000.0,495,Pending
CUST104771,58,Female,Nagpur,Business Owner,1474000.0,418,Verified
CUST104772,29,Male,Chennai,Self-Employed,808000.0,410,Pending
CUST104773,69,Male,Patna,Salaried - Government,1709000.0,647,Verified
CUST104774,34,Female,Jaipur,Self-Employed,548000.0,366,Verified
CUST104775,23,Female,Patna,Professional,993000.0,392,Verified
CUST104776,37,Male,Patna,Retired,326000.0,801,Verified
CUST104777,57,Female,Mumbai,Homemaker,,310,Verified
CUST104778,26,Female,Mumbai,Professional,180000.0,336,Verified
CUST104779,24,Female,Indore,Homemaker,252000.0,341,Verified
CUST104780,62,Female,Bengaluru,Professional,614000.0,621,Verified
CUST104781,50,Male,Jaipur,Self-Employed,1495000.0,716,Incomplete
CUST104782,37,Male,Patna,Self-Employed,1330000.0,715,Verified
CUST104783,58,Male,Ahmedabad,Professional,955000.0,714,Verified
CUST104784,62,Female,Mumbai,Self-Employed,1359000.0,334,Verified
CUST104785,38,Female,Mumbai,Homemaker,848000.0,506,Verified
CUST104786,48,Female,Bhopal,Salaried - Government,1090000.0,680,Verified
CUST104787,21,Male,Indore,Salaried - Private,1643000.0,709,Verified
CUST104788,36,Male,Pune,Business Owner,789000.0,500,Verified
CUST104789,50,Male,Jaipur,Salaried - Private,555000.0,808,Verified
CUST104790,30,Male,Coimbatore,Salaried - Government,1112000.0,800,Verified
CUST104791,69,Male,Nagpur,Business Owner,1233000.0,759,Verified
CUST104792,68,Female,Jaipur,Salaried - Private,950000.0,778,Pending
CUST104793,33,Male,Lucknow,Salaried - Government,1352000.0,885,Verified
CUST104794,40,Female,Coimbatore,Professional,809000.0,776,Verified
CUST104795,30,Female,Patna,Self-Employed,957000.0,651,Verified
CUST104796,45,Female,Kolkata,Student,1069000.0,539,Incomplete
CUST104797,27,Male,Bhopal,Salaried - Private,1029000.0,517,Verified
CUST104798,40,Female,Hyderabad,Retired,1626000.0,793,Verified
CUST104799,48,Female,Indore,Professional,1066000.0,477,Verified
CUST104800,50,Male,Delhi,Retired,763000.0,677,Verified
CUST104801,50,Female,Chennai,Retired,1138000.0,601,Verified
CUST104802,31,Female,Pune,Salaried - Private,1354000.0,527,Verified
CUST104803,59,Male,Chennai,Homemaker,1248000.0,570,Verified
CUST104804,54,Male,Jaipur,Self-Employed,1223000.0,348,Verified
CUST104805,57,Male,Bhopal,Retired,226000.0,725,Verified
CUST104806,43,Male,Indore,Self-Employed,180000.0,340,Verified
CUST104807,64,Female,Ahmedabad,Business Owner,,344,Verified
CUST104808,40,Male,Lucknow,Retired,1097000.0,450,Verified
CUST104809,60,Male,Jaipur,Student,890000.0,618,Pending
CUST104810,30,Male,Mumbai,Student,1212000.0,479,Verified
CUST104811,33,Male,Bhopal,Retired,1767000.0,828,Verified
CUST104812,46,Male,Mumbai,Professional,1536000.0,856,Verified
CUST104813,48,Female,Jaipur,Professional,,535,Verified
CUST104814,57,Male,Coimbatore,Student,501000.0,899,Verified
CUST104815,35,Male,Patna,Salaried - Government,559000.0,353,Verified
CUST104816,63,Female,Ahmedabad,Student,180000.0,386,Pending
CUST104817,37,Female,Hyderabad,Retired,1185000.0,508,Verified
CUST104818,47,Male,Nagpur,Professional,1399000.0,865,Verified
CUST104819,66,Male,Nagpur,Professional,1436000.0,602,Incomplete
CUST104820,47,Male,Pune,Homemaker,1204000.0,723,Verified
CUST104821,54,Male,Delhi,Retired,831000.0,691,Verified
CUST104822,65,Male,Jaipur,Salaried - Private,646000.0,599,Verified
CUST104823,68,Female,Lucknow,Homemaker,529000.0,859,Verified
CUST104824,45,Female,Coimbatore,Retired,826000.0,872,Verified
CUST104825,41,Male,Indore,Student,460000.0,568,Verified
CUST104826,30,Female,Chennai,Student,1690000.0,728,Verified
CUST104827,47,Male,Chennai,Student,314000.0,674,Verified
CUST104828,65,Male,Coimbatore,Salaried - Private,811000.0,656,Verified
CUST104829,44,Male,Hyderabad,Retired,180000.0,360,Verified
CUST104830,38,Male,Kolkata,Student,1033000.0,425,Verified
CUST104831,26,Female,Hyderabad,Student,899000.0,894,Verified
CUST104832,40,Male,Pune,Professional,739000.0,446,Pending
CUST104833,32,Female,Jaipur,Student,480000.0,691,Incomplete
CUST104834,68,Male,Hyderabad,Student,901000.0,846,Verified
CUST104835,46,Female,Kolkata,Salaried - Private,655000.0,661,Verified
CUST104836,27,Female,Pune,Student,838000.0,429,Pending
CUST104837,24,Male,Delhi,Retired,1781000.0,815,Verified
CUST104838,62,Male,Patna,Professional,977000.0,319,Pending
CUST104839,66,Female,Indore,Salaried - Government,1140000.0,733,Verified
CUST104840,58,Male,Ahmedabad,Student,691000.0,459,Verified
CUST104841,27,Male,Chennai,Self-Employed,547000.0,684,Verified
CUST104842,25,Female,Lucknow,Business Owner,890000.0,588,Verified
CUST104843,30,Male,Jaipur,Self-Employed,2027000.0,641,Verified
CUST104844,57,Male,Jaipur,Student,771000.0,529,Verified
CUST104845,58,Male,Jaipur,Business Owner,1063000.0,617,Verified
CUST104846,62,Male,Bhopal,Salaried - Private,527000.0,861,Verified
CUST104847,25,Male,Mumbai,Salaried - Private,180000.0,795,Incomplete
CUST104848,28,Male,Delhi,Student,545000.0,551,Pending
CUST104849,65,Male,Delhi,Salaried - Government,1971000.0,864,Verified
CUST104850,66,Male,Bengaluru,Homemaker,,833,Verified
CUST104851,56,Male,Coimbatore,Salaried - Private,1638000.0,676,Verified
CUST104852,26,Female,Bhopal,Student,744000.0,656,Verified
CUST104853,24,Male,Lucknow,Retired,180000.0,321,Pending
CUST104854,23,Male,Bhopal,Salaried - Government,401000.0,614,Verified
CUST104855,54,Male,Mumbai,Student,1079000.0,427,Pending
CUST104856,62,Female,Chennai,Self-Employed,1007000.0,396,Verified
CUST104857,51,Male,Patna,Student,895000.0,815,Incomplete
CUST104858,33,Male,Kolkata,Professional,661000.0,462,Incomplete
CUST104859,58,Female,Ahmedabad,Business Owner,1323000.0,669,Verified
CUST104860,23,Male,Patna,Salaried - Private,674000.0,820,Pending
CUST104861,61,Female,Delhi,Self-Employed,1039000.0,658,Verified
CUST104862,64,Female,Patna,Salaried - Private,988000.0,767,Verified
CUST104863,56,Female,Bhopal,Homemaker,734000.0,765,Verified
CUST104864,64,Male,Kolkata,Salaried - Private,503000.0,568,Verified
CUST104865,49,Male,Ahmedabad,Salaried - Private,708000.0,853,Verified
CUST104866,43,Male,Delhi,Salaried - Private,1743000.0,845,Verified
CUST104867,36,Female,Chennai,Student,1401000.0,502,Verified
CUST104868,66,Female,Chennai,Student,1359000.0,791,Verified
CUST104869,55,Female,Indore,Retired,546000.0,409,Verified
CUST104870,30,Male,Delhi,Salaried - Private,253000.0,367,Verified
CUST104871,67,Female,Hyderabad,Professional,1393000.0,618,Incomplete
CUST104872,23,Male,Delhi,Student,1307000.0,663,Verified
CUST104873,49,Female,Hyderabad,Salaried - Private,962000.0,650,Verified
CUST104874,30,Male,Mumbai,Homemaker,733000.0,779,Incomplete
CUST104875,53,Male,Hyderabad,Salaried - Private,241000.0,534,Verified
CUST104876,41,Male,Bhopal,Homemaker,1290000.0,785,Verified
CUST104877,42,Female,Patna,Professional,1434000.0,841,Verified
CUST104878,53,Male,Pune,Student,,354,Incomplete
CUST104879,58,Male,Bhopal,Business Owner,557000.0,569,Verified
CUST104880,39,Male,Lucknow,Homemaker,1458000.0,434,Verified
CUST104881,69,Male,Indore,Homemaker,611000.0,693,Verified
CUST104882,45,Female,Nagpur,Self-Employed,1701000.0,547,Verified
CUST104883,28,Male,Chennai,Retired,851000.0,468,Verified
CUST104884,21,Male,Jaipur,Business Owner,726000.0,450,Pending
CUST104885,30,Female,Patna,Business Owner,920000.0,512,Pending
CUST104886,54,Male,Hyderabad,Homemaker,726000.0,365,Incomplete
CUST104887,47,Male,Jaipur,Salaried - Government,1407000.0,362,Verified
CUST104888,37,Male,Kolkata,Salaried - Private,1299000.0,677,Verified
CUST104889,44,Male,Hyderabad,Business Owner,1390000.0,865,Incomplete
CUST104890,62,Male,Bengaluru,Homemaker,983000.0,604,Verified
CUST104891,49,Male,Mumbai,Salaried - Government,,856,Verified
CUST104892,23,Male,Patna,Self-Employed,896000.0,392,Verified
CUST104893,23,Female,Nagpur,Retired,708000.0,883,Verified
CUST104894,44,Female,Lucknow,Business Owner,1560000.0,651,Verified
CUST104895,40,Female,Chennai,Professional,1351000.0,746,Verified
CUST104896,62,Male,Mumbai,Professional,859000.0,337,Verified
CUST104897,49,Male,Lucknow,Homemaker,483000.0,662,Verified
CUST104898,58,Female,Bengaluru,Student,1593000.0,529,Verified
CUST104899,49,Female,Jaipur,Business Owner,962000.0,839,Incomplete
CUST104900,37,Male,Coimbatore,Business Owner,841000.0,775,Verified
CUST104901,53,Male,Mumbai,Self-Employed,1597000.0,818,Verified
CUST104902,51,Male,Jaipur,Business Owner,671000.0,834,Verified
CUST104903,56,Male,Coimbatore,Homemaker,,732,Verified
CUST104904,30,Male,Pune,Professional,796000.0,447,Verified
CUST104905,52,Male,Nagpur,Retired,308000.0,469,Verified
CUST104906,34,Female,Nagpur,Business Owner,1042000.0,815,Verified
CUST104907,59,Male,Ahmedabad,Retired,557000.0,660,Verified
CUST104908,60,Female,Hyderabad,Retired,643000.0,835,Verified
CUST104909,51,Male,Bhopal,Professional,583000.0,777,Verified
CUST104910,67,Female,Lucknow,Student,636000.0,664,Verified
CUST104911,47,Female,Ahmedabad,Student,522000.0,391,Verified
CUST104912,22,Male,Bengaluru,Salaried - Government,1011000.0,889,Verified
CUST104913,50,Female,Patna,Salaried - Government,830000.0,445,Verified
CUST104914,59,Female,Chennai,Student,922000.0,447,Verified
CUST104915,25,Female,Bengaluru,Business Owner,,387,Verified
CUST104916,26,Male,Delhi,Self-Employed,830000.0,341,Verified
CUST104917,34,Female,Kolkata,Homemaker,1172000.0,525,Incomplete
CUST104918,62,Male,Delhi,Professional,1223000.0,806,Incomplete
CUST104919,46,Male,Pune,Salaried - Government,872000.0,819,Verified
CUST104920,68,Male,Chennai,Salaried - Private,1023000.0,594,Verified
CUST104921,63,Male,Kolkata,Homemaker,909000.0,488,Verified
CUST104922,48,Male,Patna,Homemaker,991000.0,507,Verified
CUST104923,54,Male,Kolkata,Self-Employed,636000.0,851,Verified
CUST104924,37,Female,Jaipur,Homemaker,678000.0,333,Verified
CUST104925,25,Male,Bengaluru,Salaried - Government,908000.0,334,Verified
CUST104926,40,Female,Delhi,Homemaker,180000.0,338,Incomplete
CUST104927,50,Male,Coimbatore,Salaried - Private,1573000.0,832,Verified
CUST104928,29,Female,Lucknow,Retired,1872000.0,354,Verified
CUST104929,31,Female,Mumbai,Homemaker,977000.0,864,Pending
CUST104930,21,Female,Jaipur,Professional,1199000.0,410,Verified
CUST104931,56,Female,Mumbai,Homemaker,1386000.0,629,Verified
CUST104932,65,Female,Delhi,Self-Employed,304000.0,882,Pending
CUST104933,61,Male,Pune,Self-Employed,1318000.0,369,Verified
CUST104934,39,Male,Lucknow,Self-Employed,708000.0,468,Verified
CUST104935,50,Male,Lucknow,Salaried - Private,1931000.0,736,Verified
CUST104936,68,Male,Patna,Self-Employed,815000.0,790,Verified
CUST104937,49,Male,Bengaluru,Salaried - Government,1309000.0,844,Verified
CUST104938,35,Male,Bengaluru,Homemaker,820000.0,311,Pending
CUST104939,37,Female,Ahmedabad,Salaried - Government,1889000.0,766,Verified
CUST104940,56,Female,Indore,Salaried - Government,669000.0,493,Incomplete
CUST104941,42,Female,Bhopal,Retired,1424000.0,634,Verified
CUST104942,62,Female,Bhopal,Professional,1182000.0,843,Pending
CUST104943,63,Male,Delhi,Salaried - Government,1082000.0,841,Verified
CUST104944,22,Male,Indore,Retired,1003000.0,411,Verified
CUST104945,56,Female,Coimbatore,Salaried - Government,600000.0,582,Pending
CUST104946,39,Female,Jaipur,Homemaker,180000.0,470,Pending
CUST104947,46,Male,Pune,Salaried - Private,1383000.0,668,Verified
CUST104948,33,Male,Lucknow,Professional,680000.0,795,Verified
CUST104949,39,Male,Lucknow,Professional,1426000.0,490,Verified
CUST104950,37,Male,Indore,Self-Employed,1058000.0,372,Verified
CUST104951,23,Male,Delhi,Retired,1440000.0,338,Verified
CUST104952,59,Male,Ahmedabad,Business Owner,1261000.0,331,Verified
CUST104953,28,Female,Bhopal,Retired,180000.0,519,Verified
CUST104954,39,Female,Pune,Salaried - Government,1177000.0,879,Verified
CUST104955,30,Male,Nagpur,Professional,745000.0,451,Incomplete
CUST104956,28,Female,Mumbai,Homemaker,1424000.0,542,Verified
CUST104957,39,Female,Delhi,Student,1166000.0,704,Pending
CUST104958,66,Male,Patna,Self-Employed,1171000.0,694,Verified
CUST104959,67,Female,Delhi,Business Owner,777000.0,462,Verified
CUST104960,39,Male,Kolkata,Business Owner,489000.0,376,Verified
CUST104961,45,Male,Hyderabad,Homemaker,705000.0,393,Verified
CUST104962,69,Male,Bhopal,Student,180000.0,432,Verified
CUST104963,32,Female,Mumbai,Retired,634000.0,351,Incomplete
CUST104964,67,Female,Pune,Homemaker,241000.0,575,Verified
CUST104965,26,Male,Coimbatore,Salaried - Private,253000.0,687,Verified
CUST104966,32,Male,Pune,Homemaker,952000.0,705,Verified
CUST104967,37,Male,Jaipur,Homemaker,1140000.0,845,Verified
CUST104968,22,Female,Coimbatore,Retired,886000.0,475,Verified
CUST104969,60,Female,Lucknow,Professional,,692,Verified
CUST104970,62,Male,Patna,Student,474000.0,830,Verified
CUST104971,39,Female,Coimbatore,Retired,757000.0,317,Verified
CUST104972,61,Male,Lucknow,Homemaker,530000.0,768,Verified
CUST104973,58,Male,Nagpur,Salaried - Government,872000.0,352,Verified
CUST104974,60,Male,Ahmedabad,Retired,215000.0,630,Incomplete
CUST104975,60,Male,Nagpur,Business Owner,,798,Verified
CUST104976,49,Male,Lucknow,Homemaker,645000.0,575,Verified
CUST104977,26,Male,Pune,Student,1069000.0,635,Incomplete
CUST104978,66,Male,Jaipur,Homemaker,1299000.0,671,Verified
CUST104979,50,Female,Pune,Salaried - Government,1048000.0,646,Verified
CUST104980,65,Male,Pune,Business Owner,1260000.0,738,Verified
CUST104981,67,Female,Hyderabad,Salaried - Private,180000.0,815,Verified
CUST104982,30,Male,Ahmedabad,Student,678000.0,380,Verified
CUST104983,40,Female,Pune,Self-Employed,1396000.0,549,Verified
CUST104984,30,Male,Lucknow,Professional,1129000.0,811,Verified
CUST104985,23,Female,Pune,Business Owner,1732000.0,528,Incomplete
CUST104986,68,Male,Ahmedabad,Student,,593,Verified
CUST104987,66,Male,Bengaluru,Homemaker,1035000.0,745,Verified
CUST104988,66,Male,Pune,Homemaker,787000.0,861,Incomplete
CUST104989,64,Male,Pune,Retired,469000.0,450,Verified
CUST104990,52,Female,Coimbatore,Salaried - Private,686000.0,873,Verified
CUST104991,46,Female,Kolkata,Student,716000.0,725,Verified
CUST104992,69,Female,Mumbai,Salaried - Private,633000.0,318,Verified
CUST104993,48,Male,Hyderabad,Business Owner,487000.0,816,Verified
CUST104994,52,Female,Bhopal,Business Owner,1081000.0,530,Verified
CUST104995,31,Female,Bengaluru,Business Owner,1663000.0,469,Pending
CUST104996,57,Male,Bengaluru,Student,1320000.0,615,Verified
CUST104997,61,Male,Pune,Salaried - Government,755000.0,645,Pending
CUST104998,54,Female,Pune,Professional,1356000.0,623,Verified
CUST104999,45,Male,Ahmedabad,Salaried - Government,1056000.0,333,Verified
