policy_id,customer_id,policy_type,premium,sum_assured,tenure_months,start_date,end_date,channel,product_name
POL200000,CUST104111,Motor,26800.0,1097000.0,12,2023-02-26,2024-02-21,Agent,Motor Third-Party
POL200001,CUST104674,Travel,9100.0,322000.0,12,2021-02-20,2022-02-15,Agent,Domestic Travel
POL200002,CUST100673,Motor,14000.0,385000.0,24,2024-11-19,2026-11-09,Broker,Motor Comprehensive
POL200003,CUST104518,Motor,14900.0,424000.0,12,2024-11-25,2025-11-20,Online,Motor Own-Damage
POL200004,CUST102414,Motor,32100.0,976000.0,12,2023-03-10,2024-03-04,Bancassurance,Motor Third-Party
POL200005,CUST100710,Motor,12800.0,293000.0,12,2021-05-12,2022-05-07,Online,Motor Comprehensive
POL200006,CUST102165,Motor,9000.0,421000.0,6,2024-04-17,2024-10-14,Agent,Motor Third-Party
POL200007,CUST100279,Life,27200.0,891000.0,60,2024-05-06,2029-04-10,Online,Endowment Plan
POL200008,CUST102703,Motor,9400.0,445000.0,12,2022-10-05,2023-09-30,Agent,Motor Comprehensive
POL200009,CUST102361,Property,22000.0,907000.0,12,2021-06-07,2022-06-02,Online,Property All-Risk
POL200010,CUST101955,Health,32700.0,825000.0,12,2024-10-30,2025-10-25,Agent,Individual Health
POL200011,CUST102221,Life,16600.0,489000.0,12,2024-09-05,2025-08-31,Online,Endowment Plan
POL200012,CUST103102,Life,11500.0,651000.0,12,2022-09-11,2023-09-06,Online,Endowment Plan
POL200013,CUST104133,Motor,15500.0,527000.0,12,2022-08-09,2023-08-04,Online,Motor Own-Damage
POL200014,CUST101962,Motor,41300.0,830000.0,12,2022-08-05,2023-07-31,Online,Motor Own-Damage
POL200015,CUST100084,Property,16000.0,703000.0,60,2023-03-20,2028-02-22,Online,Home Shield
POL200016,CUST102788,Life,23200.0,705000.0,12,2023-11-28,2024-11-22,Direct,ULIP
POL200017,CUST104723,Motor,13200.0,475000.0,12,2023-01-11,2024-01-06,Bancassurance,Motor Comprehensive
POL200018,CUST101974,Life,5500.0,134000.0,24,2023-04-02,2025-03-22,Online,Term Life
POL200019,CUST100613,Health,27200.0,424000.0,12,2023-04-18,2024-04-12,Agent,Individual Health
POL200020,CUST104508,Motor,13200.0,545000.0,12,2022-03-24,2023-03-19,Direct,Motor Third-Party
POL200021,CUST102096,Motor,29000.0,1002000.0,12,2023-06-21,2024-06-15,Broker,Motor Third-Party
POL200022,CUST101867,Life,22600.0,751000.0,24,2021-01-02,2022-12-23,Agent,Term Life
POL200023,CUST101476,Health,19500.0,1102000.0,12,2022-07-23,2023-07-18,Broker,Individual Health
POL200024,CUST103654,Health,34100.0,912000.0,12,2021-06-30,2022-06-25,Online,Individual Health
POL200025,CUST100728,Motor,13300.0,550000.0,12,2022-04-10,2023-04-05,Bancassurance,Motor Comprehensive
POL200026,CUST103068,Motor,26800.0,1399000.0,12,2022-01-15,2023-01-10,Agent,Motor Third-Party
POL200027,CUST101743,Motor,16000.0,568000.0,12,2021-01-07,2022-01-02,Online,Motor Comprehensive
POL200028,CUST101927,Health,12600.0,616000.0,12,2021-06-06,2022-06-01,Bancassurance,Critical Illness
POL200029,CUST101078,Property,21300.0,856000.0,60,2024-06-09,2029-05-14,Broker,Property All-Risk
POL200030,CUST104038,Property,11700.0,360000.0,24,2023-01-26,2025-01-15,Bancassurance,Fire & Allied Perils
POL200031,CUST102267,Motor,13600.0,759000.0,12,2023-11-05,2024-10-30,Bancassurance,Motor Comprehensive
POL200032,CUST104637,Motor,17800.0,569000.0,24,2022-05-09,2024-04-28,Bancassurance,Motor Own-Damage
POL200033,CUST104139,Motor,33100.0,1180000.0,12,2021-04-07,2022-04-02,Agent,Motor Third-Party
POL200034,CUST103802,Property,35100.0,1550000.0,12,2023-10-19,2024-10-13,Bancassurance,Fire & Allied Perils
POL200035,CUST102251,Health,7700.0,321000.0,12,2022-09-20,2023-09-15,Direct,Critical Illness
POL200036,CUST104742,Property,12200.0,464000.0,12,2022-11-24,2023-11-19,Agent,Fire & Allied Perils
POL200037,CUST102924,Health,24200.0,1114000.0,12,2021-06-04,2022-05-30,Online,Critical Illness
POL200038,CUST102181,Life,11200.0,518000.0,24,2021-11-04,2023-10-25,Bancassurance,Term Life
POL200039,CUST101737,Life,12100.0,470000.0,12,2023-05-01,2024-04-25,Agent,Endowment Plan
POL200040,CUST104568,Life,15600.0,589000.0,12,2022-10-04,2023-09-29,Online,Term Life
POL200041,CUST101271,Health,23600.0,529000.0,12,2023-06-06,2024-05-31,Bancassurance,Individual Health
POL200042,CUST104381,Motor,19200.0,902000.0,60,2023-11-30,2028-11-03,Direct,Motor Own-Damage
POL200043,CUST101143,Health,35300.0,2104000.0,6,2023-01-03,2023-07-02,Bancassurance,Individual Health
POL200044,CUST103811,Travel,17700.0,497000.0,24,2023-01-30,2025-01-19,Bancassurance,International Travel
POL200045,CUST101410,Motor,19400.0,466000.0,12,2022-11-30,2023-11-25,Direct,Motor Own-Damage
POL200046,CUST104176,Life,16000.0,916000.0,12,2022-09-13,2023-09-08,Agent,Term Life
POL200047,CUST104178,Travel,20700.0,693000.0,12,2023-08-13,2024-08-07,Direct,International Travel
POL200048,CUST103650,Health,12700.0,586000.0,6,2022-06-09,2022-12-06,Online,Individual Health
POL200049,CUST104960,Health,21400.0,775000.0,24,2022-09-02,2024-08-22,Bancassurance,Individual Health
POL200050,CUST102561,Motor,11000.0,444000.0,24,2023-10-09,2025-09-28,Bancassurance,Motor Comprehensive
POL200051,CUST104193,Life,31500.0,946000.0,12,2024-08-06,2025-08-01,Agent,Term Life
POL200052,CUST102762,Marine,16600.0,825000.0,12,2023-11-10,2024-11-04,Broker,Marine Cargo
POL200053,CUST100193,Travel,39000.0,1470000.0,12,2023-05-15,2024-05-09,Online,International Travel
POL200054,CUST102088,Motor,31200.0,1145000.0,12,2023-07-08,2024-07-02,Bancassurance,Motor Own-Damage
POL200055,CUST100162,Marine,19700.0,793000.0,12,2021-06-23,2022-06-18,Online,Marine Cargo
POL200056,CUST103321,Health,24800.0,1418000.0,6,2023-04-12,2023-10-09,Broker,Family Floater
POL200057,CUST100762,Life,21600.0,1119000.0,12,2023-06-06,2024-05-31,Agent,Endowment Plan
POL200058,CUST101623,Motor,7800.0,138000.0,12,2022-06-08,2023-06-03,Bancassurance,Motor Comprehensive
POL200059,CUST104357,Motor,19200.0,598000.0,12,2023-11-14,2024-11-08,Broker,Motor Own-Damage
POL200060,CUST103698,Life,18600.0,408000.0,12,2023-12-26,2024-12-20,Broker,ULIP
POL200061,CUST101680,Health,15900.0,891000.0,12,2024-10-04,2025-09-29,Online,Critical Illness
POL200062,CUST102525,Travel,22700.0,592000.0,24,2024-07-05,2026-06-25,Online,Domestic Travel
POL200063,CUST102905,Motor,19500.0,965000.0,12,2022-11-01,2023-10-27,Bancassurance,Motor Third-Party
POL200064,CUST101765,Property,20300.0,866000.0,24,2021-07-04,2023-06-24,Agent,Home Shield
POL200065,CUST103749,Health,37900.0,1877000.0,24,2021-09-06,2023-08-27,Online,Family Floater
POL200066,CUST100736,Motor,17800.0,803000.0,12,2024-09-05,2025-08-31,Online,Motor Third-Party
POL200067,CUST102132,Motor,27100.0,757000.0,12,2022-02-21,2023-02-16,Bancassurance,Motor Third-Party
POL200068,CUST101277,Life,16600.0,621000.0,24,2021-12-06,2023-11-26,Broker,ULIP
POL200069,CUST103395,Property,38300.0,872000.0,12,2023-05-11,2024-05-05,Agent,Home Shield
POL200070,CUST103201,Motor,24200.0,615000.0,12,2021-07-16,2022-07-11,Bancassurance,Motor Own-Damage
POL200071,CUST104035,Health,19700.0,406000.0,12,2021-04-28,2022-04-23,Online,Critical Illness
POL200072,CUST101849,Health,11800.0,642000.0,12,2023-09-01,2024-08-26,Broker,Critical Illness
POL200073,CUST101153,Life,38800.0,1081000.0,12,2021-06-10,2022-06-05,Agent,Term Life
POL200074,CUST100165,Life,30000.0,627000.0,12,2022-10-02,2023-09-27,Agent,Endowment Plan
POL200075,CUST104303,Property,11200.0,289000.0,12,2023-06-30,2024-06-24,Bancassurance,Fire & Allied Perils
POL200076,CUST101648,Motor,6400.0,172000.0,24,2024-12-01,2026-11-21,Online,Motor Own-Damage
POL200077,CUST103772,Motor,14700.0,303000.0,36,2022-04-21,2025-04-05,Agent,Motor Own-Damage
POL200078,CUST101831,Motor,9600.0,445000.0,24,2022-08-29,2024-08-18,Bancassurance,Motor Third-Party
POL200079,CUST101660,Travel,15700.0,706000.0,24,2023-01-03,2024-12-23,Agent,International Travel
POL200080,CUST101171,Health,26200.0,1088000.0,12,2023-08-14,2024-08-08,Broker,Individual Health
POL200081,CUST103906,Motor,29900.0,1618000.0,12,2021-10-28,2022-10-23,Agent,Motor Comprehensive
POL200082,CUST101431,Property,5900.0,103000.0,60,2021-08-06,2026-07-11,Agent,Home Shield
POL200083,CUST101481,Life,7500.0,317000.0,36,2023-11-08,2026-10-23,Bancassurance,Endowment Plan
POL200084,CUST103524,Health,9400.0,390000.0,24,2022-09-05,2024-08-25,Agent,Family Floater
POL200085,CUST102589,Motor,19000.0,898000.0,24,2022-12-30,2024-12-19,Direct,Motor Comprehensive
POL200086,CUST103731,Property,31000.0,919000.0,12,2023-09-22,2024-09-16,Online,Fire & Allied Perils
POL200087,CUST100517,Life,16600.0,567000.0,12,2022-10-31,2023-10-26,Online,Term Life
POL200088,CUST104794,Motor,5800.0,175000.0,12,2021-06-26,2022-06-21,Agent,Motor Own-Damage
POL200089,CUST101183,Motor,20400.0,664000.0,12,2022-07-15,2023-07-10,Agent,Motor Comprehensive
POL200090,CUST100590,Motor,13200.0,578000.0,12,2023-04-20,2024-04-14,Agent,Motor Third-Party
POL200091,CUST100546,Life,13300.0,354000.0,12,2023-05-28,2024-05-22,Agent,ULIP
POL200092,CUST101558,Motor,18900.0,1022000.0,36,2024-10-26,2027-10-11,Bancassurance,Motor Own-Damage
POL200093,CUST102117,Health,23200.0,1386000.0,12,2022-02-12,2023-02-07,Bancassurance,Critical Illness
POL200094,CUST100385,Health,29200.0,998000.0,12,2022-03-11,2023-03-06,Online,Family Floater
POL200095,CUST103112,Travel,31500.0,1877000.0,12,2024-03-05,2025-02-28,Bancassurance,International Travel
POL200096,CUST103066,Health,27100.0,994000.0,24,2023-05-30,2025-05-19,Direct,Family Floater
POL200097,CUST103885,Health,25400.0,404000.0,36,2021-10-05,2024-09-19,Bancassurance,Family Floater
POL200098,CUST100081,Health,7200.0,400000.0,24,2023-07-07,2025-06-26,Bancassurance,Critical Illness
POL200099,CUST100481,Life,24300.0,732000.0,12,2024-06-04,2025-05-30,Agent,Term Life
POL200100,CUST101026,Marine,15800.0,280000.0,12,2024-05-04,2025-04-29,Online,Marine Cargo
POL200101,CUST102190,Travel,31200.0,727000.0,6,2023-03-12,2023-09-08,Broker,Domestic Travel
POL200102,CUST102934,Health,12700.0,604000.0,12,2021-08-11,2022-08-06,Direct,Individual Health
POL200103,CUST101009,Health,15100.0,385000.0,24,2022-12-11,2024-11-30,Agent,Critical Illness
POL200104,CUST101793,Health,11700.0,562000.0,24,2023-11-10,2025-10-30,Agent,Family Floater
POL200105,CUST102567,Property,13000.0,681000.0,24,2024-03-12,2026-03-02,Direct,Home Shield
POL200106,CUST102721,Life,34800.0,1947000.0,24,2023-03-19,2025-03-08,Bancassurance,ULIP
POL200107,CUST102632,Health,12000.0,669000.0,12,2021-10-01,2022-09-26,Online,Family Floater
POL200108,CUST103201,Health,18000.0,416000.0,12,2023-03-07,2024-03-01,Broker,Family Floater
POL200109,CUST103778,Motor,12700.0,510000.0,12,2021-07-11,2022-07-06,Agent,Motor Comprehensive
POL200110,CUST104194,Life,18000.0,986000.0,60,2023-07-19,2028-06-22,Agent,ULIP
POL200111,CUST104826,Motor,20400.0,529000.0,36,2024-02-13,2027-01-28,Online,Motor Own-Damage
POL200112,CUST101964,Health,24100.0,1445000.0,36,2024-03-03,2027-02-16,Online,Family Floater
POL200113,CUST101640,Motor,17000.0,818000.0,24,2023-01-12,2025-01-01,Bancassurance,Motor Comprehensive
POL200114,CUST101394,Motor,36600.0,2087000.0,60,2023-11-15,2028-10-19,Direct,Motor Comprehensive
POL200115,CUST101750,Motor,6300.0,183000.0,12,2021-05-27,2022-05-22,Online,Motor Third-Party
POL200116,CUST102694,Life,11700.0,282000.0,12,2021-03-21,2022-03-16,Agent,ULIP
POL200117,CUST103020,Life,11400.0,658000.0,24,2021-07-19,2023-07-09,Agent,ULIP
POL200118,CUST100348,Health,9800.0,271000.0,12,2022-12-01,2023-11-26,Broker,Individual Health
POL200119,CUST104993,Health,23100.0,1286000.0,24,2024-09-01,2026-08-22,Direct,Critical Illness
POL200120,CUST100209,Marine,11500.0,261000.0,12,2023-09-07,2024-09-01,Agent,Marine Cargo
POL200121,CUST102004,Marine,2100.0,65000.0,60,2023-01-16,2027-12-21,Agent,Marine Hull
POL200122,CUST102261,Life,19300.0,835000.0,36,2021-01-13,2023-12-29,Agent,Endowment Plan
POL200123,CUST101726,Life,37100.0,2079000.0,24,2021-11-30,2023-11-20,Agent,ULIP
POL200124,CUST101090,Property,2900.0,104000.0,6,2022-03-15,2022-09-11,Agent,Home Shield
POL200125,CUST102652,Life,22400.0,940000.0,12,2021-04-27,2022-04-22,Broker,ULIP
POL200126,CUST100036,Motor,28300.0,840000.0,36,2021-06-15,2024-05-30,Agent,Motor Comprehensive
POL200127,CUST103716,Health,12400.0,295000.0,24,2022-12-10,2024-11-29,Agent,Critical Illness
POL200128,CUST103396,Motor,20700.0,1000000.0,12,2022-04-08,2023-04-03,Direct,Motor Comprehensive
POL200129,CUST103854,Property,2000.0,96000.0,12,2022-07-21,2023-07-16,Agent,Home Shield
POL200130,CUST104080,Life,18400.0,991000.0,6,2024-01-14,2024-07-12,Agent,Endowment Plan
POL200131,CUST104437,Travel,23800.0,518000.0,24,2022-04-10,2024-03-30,Bancassurance,International Travel
POL200132,CUST100739,Motor,13100.0,231000.0,12,2024-02-21,2025-02-15,Agent,Motor Comprehensive
POL200133,CUST104175,Health,13400.0,578000.0,12,2024-07-18,2025-07-13,Bancassurance,Family Floater
POL200134,CUST102819,Life,21000.0,777000.0,12,2023-09-05,2024-08-30,Bancassurance,ULIP
POL200135,CUST100617,Property,17100.0,738000.0,6,2023-09-08,2024-03-06,Online,Home Shield
POL200136,CUST104919,Property,30300.0,780000.0,36,2021-07-17,2024-07-01,Agent,Property All-Risk
POL200137,CUST104058,Motor,17900.0,934000.0,24,2021-03-15,2023-03-05,Broker,Motor Comprehensive
POL200138,CUST101343,Travel,21400.0,749000.0,12,2023-11-24,2024-11-18,Bancassurance,Domestic Travel
POL200139,CUST104452,Travel,13600.0,619000.0,6,2023-04-30,2023-10-27,Direct,Domestic Travel
POL200140,CUST103654,Travel,13600.0,323000.0,24,2023-11-28,2025-11-17,Broker,International Travel
POL200141,CUST102235,Life,25700.0,443000.0,36,2023-07-17,2026-07-01,Agent,Endowment Plan
POL200142,CUST100810,Property,27400.0,852000.0,12,2021-03-05,2022-02-28,Broker,Fire & Allied Perils
POL200143,CUST103655,Motor,7000.0,239000.0,24,2023-03-14,2025-03-03,Agent,Motor Own-Damage
POL200144,CUST104660,Motor,15300.0,525000.0,60,2023-03-18,2028-02-20,Agent,Motor Third-Party
POL200145,CUST100963,Motor,21600.0,557000.0,12,2023-08-26,2024-08-20,Agent,Motor Comprehensive
POL200146,CUST100002,Health,3300.0,119000.0,24,2023-01-04,2024-12-24,Broker,Individual Health
POL200147,CUST101147,Travel,15100.0,570000.0,12,2022-11-22,2023-11-17,Bancassurance,Domestic Travel
POL200148,CUST101473,Life,46500.0,1297000.0,6,2023-08-04,2024-01-31,Agent,Endowment Plan
POL200149,CUST101895,Health,10000.0,299000.0,36,2023-06-15,2026-05-30,Broker,Individual Health
POL200150,CUST104882,Property,9800.0,394000.0,36,2023-10-03,2026-09-17,Direct,Home Shield
POL200151,CUST104817,Health,16500.0,281000.0,12,2022-02-26,2023-02-21,Broker,Critical Illness
POL200152,CUST103353,Health,17200.0,290000.0,24,2021-04-07,2023-03-28,Direct,Individual Health
POL200153,CUST101086,Life,14200.0,489000.0,24,2022-11-25,2024-11-14,Agent,Term Life
POL200154,CUST101059,Health,27700.0,494000.0,36,2021-12-30,2024-12-14,Bancassurance,Family Floater
POL200155,CUST100408,Life,4900.0,238000.0,24,2021-10-08,2023-09-28,Agent,Term Life
POL200156,CUST103956,Property,9500.0,393000.0,24,2024-04-19,2026-04-09,Online,Property All-Risk
POL200157,CUST101104,Health,15200.0,246000.0,24,2023-03-31,2025-03-20,Direct,Family Floater
POL200158,CUST104490,Health,31000.0,925000.0,12,2023-01-28,2024-01-23,Direct,Individual Health
POL200159,CUST103001,Health,11800.0,224000.0,12,2022-03-24,2023-03-19,Online,Individual Health
POL200160,CUST102436,Marine,8900.0,496000.0,36,2024-04-04,2027-03-20,Online,Marine Hull
POL200161,CUST104646,Health,3900.0,113000.0,60,2024-06-04,2029-05-09,Broker,Individual Health
POL200162,CUST100780,Property,8300.0,267000.0,6,2022-01-09,2022-07-08,Bancassurance,Fire & Allied Perils
POL200163,CUST102318,Life,4200.0,212000.0,24,2022-12-07,2024-11-26,Online,ULIP
POL200164,CUST101292,Motor,11300.0,280000.0,12,2024-10-02,2025-09-27,Broker,Motor Comprehensive
POL200165,CUST100905,Health,22800.0,555000.0,24,2023-05-07,2025-04-26,Bancassurance,Individual Health
POL200166,CUST104715,Motor,20600.0,1057000.0,12,2022-11-07,2023-11-02,Bancassurance,Motor Comprehensive
POL200167,CUST103026,Motor,23500.0,916000.0,60,2023-12-25,2028-11-28,Broker,Motor Comprehensive
POL200168,CUST100805,Motor,7300.0,194000.0,24,2022-12-12,2024-12-01,Broker,Motor Comprehensive
POL200169,CUST100536,Life,5700.0,126000.0,24,2021-04-01,2023-03-22,Online,ULIP
POL200170,CUST101559,Life,19900.0,1007000.0,12,2022-03-05,2023-02-28,Bancassurance,ULIP
POL200171,CUST104168,Health,26400.0,638000.0,12,2024-05-26,2025-05-21,Bancassurance,Family Floater
POL200172,CUST100727,Health,16500.0,612000.0,12,2024-03-04,2025-02-27,Agent,Individual Health
POL200173,CUST103708,Health,20800.0,490000.0,12,2024-06-03,2025-05-29,Agent,Critical Illness
POL200174,CUST100528,Marine,15800.0,504000.0,12,2023-10-15,2024-10-09,Agent,Marine Cargo
POL200175,CUST101683,Travel,12300.0,231000.0,36,2022-05-21,2025-05-05,Agent,International Travel
POL200176,CUST102610,Property,13600.0,210000.0,12,2024-06-15,2025-06-10,Online,Fire & Allied Perils
POL200177,CUST100645,Motor,26200.0,1073000.0,12,2022-10-16,2023-10-11,Online,Motor Own-Damage
POL200178,CUST101983,Marine,15600.0,634000.0,36,2022-09-11,2025-08-26,Agent,Marine Cargo
POL200179,CUST101339,Property,26000.0,612000.0,24,2024-03-03,2026-02-21,Agent,Property All-Risk
POL200180,CUST100230,Motor,17900.0,427000.0,12,2024-04-06,2025-04-01,Bancassurance,Motor Third-Party
POL200181,CUST100004,Health,11200.0,558000.0,24,2024-02-06,2026-01-26,Bancassurance,Family Floater
POL200182,CUST100725,Health,21600.0,758000.0,12,2022-10-06,2023-10-01,Broker,Individual Health
POL200183,CUST103742,Life,16000.0,675000.0,12,2023-11-30,2024-11-24,Agent,ULIP
POL200184,CUST100188,Health,29500.0,814000.0,12,2022-03-20,2023-03-15,Agent,Critical Illness
POL200185,CUST102528,Motor,9700.0,401000.0,12,2022-07-05,2023-06-30,Broker,Motor Comprehensive
POL200186,CUST100122,Motor,4300.0,145000.0,36,2024-12-11,2027-11-26,Bancassurance,Motor Third-Party
POL200187,CUST101078,Health,22900.0,626000.0,60,2024-11-14,2029-10-19,Agent,Family Floater
POL200188,CUST100892,Life,33000.0,1317000.0,12,2022-02-03,2023-01-29,Online,Endowment Plan
POL200189,CUST101699,Health,26400.0,478000.0,36,2022-03-01,2025-02-13,Direct,Critical Illness
POL200190,CUST103718,Motor,34600.0,716000.0,24,2021-10-18,2023-10-08,Broker,Motor Own-Damage
POL200191,CUST102105,Life,38700.0,1353000.0,12,2022-07-17,2023-07-12,Bancassurance,Endowment Plan
POL200192,CUST100073,Travel,14700.0,424000.0,12,2023-05-06,2024-04-30,Agent,International Travel
POL200193,CUST100723,Motor,8500.0,436000.0,12,2024-06-06,2025-06-01,Agent,Motor Third-Party
POL200194,CUST101522,Health,2100.0,50000.0,12,2024-01-24,2025-01-18,Agent,Individual Health
POL200195,CUST101392,Health,4600.0,97000.0,12,2023-07-24,2024-07-18,Broker,Family Floater
POL200196,CUST102823,Motor,22300.0,401000.0,12,2021-07-22,2022-07-17,Online,Motor Comprehensive
POL200197,CUST101754,Property,4800.0,248000.0,12,2021-08-30,2022-08-25,Direct,Fire & Allied Perils
POL200198,CUST103718,Travel,19000.0,1020000.0,12,2024-03-16,2025-03-11,Bancassurance,Domestic Travel
POL200199,CUST101262,Health,23200.0,1289000.0,12,2024-02-03,2025-01-28,Online,Family Floater
POL200200,CUST103389,Health,16900.0,928000.0,12,2024-11-18,2025-11-13,Agent,Family Floater
POL200201,CUST100503,Motor,13400.0,728000.0,12,2022-02-07,2023-02-02,Bancassurance,Motor Third-Party
POL200202,CUST104942,Life,9400.0,553000.0,12,2023-01-19,2024-01-14,Online,ULIP
POL200203,CUST104933,Motor,35900.0,1182000.0,6,2023-10-18,2024-04-15,Agent,Motor Own-Damage
POL200204,CUST101378,Health,2500.0,112000.0,12,2024-11-11,2025-11-06,Broker,Individual Health
POL200205,CUST101170,Motor,9300.0,157000.0,12,2021-02-15,2022-02-10,Online,Motor Own-Damage
POL200206,CUST100000,Life,13500.0,729000.0,12,2021-07-20,2022-07-15,Agent,Term Life
POL200207,CUST104879,Marine,12500.0,269000.0,12,2024-09-15,2025-09-10,Agent,Marine Hull
POL200208,CUST100191,Motor,24000.0,1096000.0,60,2023-04-15,2028-03-19,Direct,Motor Comprehensive
POL200209,CUST100010,Property,17900.0,531000.0,24,2022-03-26,2024-03-15,Agent,Home Shield
POL200210,CUST100487,Property,6800.0,282000.0,24,2024-07-14,2026-07-04,Online,Fire & Allied Perils
POL200211,CUST101474,Motor,25500.0,1293000.0,24,2022-02-26,2024-02-16,Bancassurance,Motor Comprehensive
POL200212,CUST104876,Marine,9300.0,352000.0,24,2022-10-29,2024-10-18,Online,Marine Hull
POL200213,CUST100832,Life,19200.0,1109000.0,12,2024-07-27,2025-07-22,Bancassurance,ULIP
POL200214,CUST102850,Health,34100.0,986000.0,36,2024-04-21,2027-04-06,Bancassurance,Critical Illness
POL200215,CUST103252,Life,10800.0,434000.0,12,2024-04-11,2025-04-06,Agent,Endowment Plan
POL200216,CUST103996,Motor,11200.0,600000.0,12,2023-08-14,2024-08-08,Agent,Motor Own-Damage
POL200217,CUST103496,Motor,14700.0,585000.0,12,2024-02-21,2025-02-15,Broker,Motor Own-Damage
POL200218,CUST104925,Health,15000.0,586000.0,12,2022-01-15,2023-01-10,Broker,Family Floater
POL200219,CUST103308,Life,18300.0,593000.0,24,2021-11-13,2023-11-03,Direct,Endowment Plan
POL200220,CUST104221,Marine,21800.0,1090000.0,12,2024-08-07,2025-08-02,Online,Marine Hull
POL200221,CUST101599,Health,9000.0,280000.0,12,2024-02-03,2025-01-28,Agent,Individual Health
POL200222,CUST102038,Motor,16000.0,419000.0,24,2022-06-26,2024-06-15,Broker,Motor Third-Party
POL200223,CUST103685,Motor,8000.0,166000.0,36,2021-08-30,2024-08-14,Broker,Motor Third-Party
POL200224,CUST104379,Travel,23400.0,801000.0,12,2021-03-08,2022-03-03,Agent,International Travel
POL200225,CUST100025,Motor,28800.0,803000.0,12,2023-02-20,2024-02-15,Bancassurance,Motor Third-Party
POL200226,CUST102168,Marine,12500.0,744000.0,24,2021-12-04,2023-11-24,Bancassurance,Marine Cargo
POL200227,CUST104011,Motor,17400.0,739000.0,12,2023-02-19,2024-02-14,Bancassurance,Motor Own-Damage
POL200228,CUST100569,Motor,33100.0,1975000.0,12,2024-03-12,2025-03-07,Online,Motor Own-Damage
POL200229,CUST101764,Motor,19900.0,921000.0,6,2022-08-12,2023-02-08,Broker,Motor Third-Party
POL200230,CUST102740,Health,8100.0,430000.0,6,2023-11-16,2024-05-14,Broker,Family Floater
POL200231,CUST100414,Health,5500.0,110000.0,12,2024-07-05,2025-06-30,Agent,Individual Health
POL200232,CUST104578,Marine,9900.0,457000.0,24,2023-09-03,2025-08-23,Online,Marine Cargo
POL200233,CUST101838,Health,14000.0,285000.0,12,2024-06-24,2025-06-19,Agent,Family Floater
POL200234,CUST103922,Motor,25000.0,540000.0,12,2021-05-10,2022-05-05,Agent,Motor Comprehensive
POL200235,CUST102137,Life,13200.0,244000.0,12,2023-10-14,2024-10-08,Bancassurance,Term Life
POL200236,CUST102009,Health,7600.0,327000.0,12,2024-01-28,2025-01-22,Broker,Critical Illness
POL200237,CUST104829,Life,13700.0,607000.0,24,2023-10-14,2025-10-03,Bancassurance,Endowment Plan
POL200238,CUST104274,Property,14200.0,399000.0,36,2023-06-11,2026-05-26,Online,Property All-Risk
POL200239,CUST102579,Travel,10200.0,564000.0,12,2023-06-23,2024-06-17,Online,International Travel
POL200240,CUST102320,Health,13300.0,752000.0,24,2021-07-10,2023-06-30,Bancassurance,Family Floater
POL200241,CUST103904,Health,17500.0,896000.0,12,2023-01-25,2024-01-20,Online,Family Floater
POL200242,CUST103422,Health,5000.0,216000.0,12,2022-10-08,2023-10-03,Bancassurance,Family Floater
POL200243,CUST104896,Health,14200.0,595000.0,12,2024-06-07,2025-06-02,Agent,Family Floater
POL200244,CUST101665,Health,51200.0,1674000.0,12,2022-04-09,2023-04-04,Bancassurance,Family Floater
POL200245,CUST100563,Motor,19500.0,693000.0,24,2022-08-22,2024-08-11,Agent,Motor Third-Party
POL200246,CUST100973,Motor,25200.0,538000.0,24,2023-11-07,2025-10-27,Agent,Motor Own-Damage
POL200247,CUST102638,Travel,32900.0,1908000.0,36,2021-08-06,2024-07-21,Bancassurance,Domestic Travel
POL200248,CUST101567,Marine,36400.0,1511000.0,12,2022-09-03,2023-08-29,Broker,Marine Hull
POL200249,CUST104046,Motor,11400.0,366000.0,24,2023-04-24,2025-04-13,Bancassurance,Motor Comprehensive
POL200250,CUST104375,Travel,5300.0,128000.0,12,2023-09-23,2024-09-17,Broker,International Travel
POL200251,CUST100934,Property,27600.0,919000.0,12,2024-07-26,2025-07-21,Agent,Property All-Risk
POL200252,CUST104948,Motor,14100.0,318000.0,12,2024-09-01,2025-08-27,Bancassurance,Motor Own-Damage
POL200253,CUST103156,Marine,14500.0,738000.0,24,2021-02-24,2023-02-14,Agent,Marine Hull
POL200254,CUST101319,Travel,21600.0,1026000.0,36,2022-09-17,2025-09-01,Bancassurance,International Travel
POL200255,CUST101005,Life,16100.0,782000.0,24,2024-09-28,2026-09-18,Online,Term Life
POL200256,CUST100826,Property,18500.0,847000.0,24,2024-07-03,2026-06-23,Agent,Fire & Allied Perils
POL200257,CUST102355,Health,19400.0,1072000.0,36,2023-07-14,2026-06-28,Agent,Family Floater
POL200258,CUST100355,Health,27800.0,645000.0,24,2022-05-28,2024-05-17,Agent,Critical Illness
POL200259,CUST100655,Life,20500.0,792000.0,12,2023-10-04,2024-09-28,Agent,Term Life
POL200260,CUST103769,Health,7900.0,338000.0,24,2022-04-06,2024-03-26,Online,Individual Health
POL200261,CUST102444,Health,7800.0,462000.0,12,2023-08-03,2024-07-28,Bancassurance,Family Floater
POL200262,CUST102640,Life,10700.0,335000.0,12,2021-08-16,2022-08-11,Direct,ULIP
POL200263,CUST101623,Property,19900.0,546000.0,60,2021-10-07,2026-09-11,Agent,Fire & Allied Perils
POL200264,CUST102780,Property,8400.0,148000.0,12,2023-11-29,2024-11-23,Broker,Fire & Allied Perils
POL200265,CUST101714,Motor,8300.0,487000.0,24,2023-05-17,2025-05-06,Broker,Motor Own-Damage
POL200266,CUST100226,Health,19100.0,504000.0,24,2023-12-23,2025-12-12,Online,Critical Illness
POL200267,CUST102841,Motor,11300.0,226000.0,24,2021-07-04,2023-06-24,Online,Motor Third-Party
POL200268,CUST100405,Life,34800.0,1926000.0,12,2021-07-11,2022-07-06,Agent,Endowment Plan
POL200269,CUST103444,Motor,11700.0,666000.0,24,2022-07-10,2024-06-29,Online,Motor Comprehensive
POL200270,CUST104573,Travel,23900.0,941000.0,60,2024-09-17,2029-08-22,Agent,International Travel
POL200271,CUST103337,Life,14800.0,403000.0,24,2021-07-16,2023-07-06,Agent,ULIP
POL200272,CUST102883,Health,7300.0,272000.0,12,2022-07-06,2023-07-01,Agent,Individual Health
POL200273,CUST104821,Life,11500.0,230000.0,36,2023-10-25,2026-10-09,Bancassurance,Endowment Plan
POL200274,CUST101096,Motor,15400.0,323000.0,12,2023-08-08,2024-08-02,Agent,Motor Own-Damage
POL200275,CUST103869,Motor,11600.0,424000.0,12,2023-01-09,2024-01-04,Broker,Motor Comprehensive
POL200276,CUST101037,Motor,32600.0,1727000.0,36,2024-06-12,2027-05-28,Online,Motor Comprehensive
POL200277,CUST100002,Life,9100.0,196000.0,12,2024-05-09,2025-05-04,Online,Term Life
POL200278,CUST101204,Marine,12500.0,550000.0,12,2023-01-06,2024-01-01,Online,Marine Hull
POL200279,CUST102512,Motor,20400.0,612000.0,24,2022-11-05,2024-10-25,Agent,Motor Own-Damage
POL200280,CUST100318,Property,40600.0,711000.0,60,2024-07-10,2029-06-14,Online,Home Shield
POL200281,CUST101393,Motor,22000.0,579000.0,24,2023-06-22,2025-06-11,Online,Motor Own-Damage
POL200282,CUST100248,Health,19700.0,357000.0,12,2024-01-15,2025-01-09,Online,Critical Illness
POL200283,CUST101216,Life,25700.0,603000.0,24,2024-03-13,2026-03-03,Online,ULIP
POL200284,CUST103599,Property,29600.0,850000.0,12,2022-07-02,2023-06-27,Agent,Property All-Risk
POL200285,CUST100760,Travel,33000.0,753000.0,12,2023-03-10,2024-03-04,Bancassurance,Domestic Travel
POL200286,CUST101318,Life,22000.0,730000.0,12,2022-10-16,2023-10-11,Online,Endowment Plan
POL200287,CUST100678,Health,18100.0,274000.0,12,2023-07-07,2024-07-01,Agent,Individual Health
POL200288,CUST101922,Motor,9300.0,152000.0,60,2023-07-26,2028-06-29,Agent,Motor Third-Party
POL200289,CUST103805,Motor,18900.0,934000.0,12,2023-04-09,2024-04-03,Online,Motor Own-Damage
POL200290,CUST102686,Marine,36500.0,1824000.0,24,2024-07-06,2026-06-26,Agent,Marine Hull
POL200291,CUST101000,Life,3000.0,97000.0,12,2024-01-21,2025-01-15,Bancassurance,ULIP
POL200292,CUST101600,Health,31100.0,1842000.0,6,2024-12-13,2025-06-11,Agent,Individual Health
POL200293,CUST103350,Motor,18100.0,494000.0,24,2022-04-02,2024-03-22,Agent,Motor Third-Party
POL200294,CUST102393,Motor,27200.0,1323000.0,12,2021-08-21,2022-08-16,Online,Motor Comprehensive
POL200295,CUST102299,Life,22500.0,786000.0,12,2024-01-26,2025-01-20,Broker,Endowment Plan
POL200296,CUST104325,Health,16500.0,501000.0,12,2023-06-27,2024-06-21,Agent,Critical Illness
POL200297,CUST104095,Travel,18100.0,506000.0,12,2022-08-04,2023-07-30,Agent,International Travel
POL200298,CUST101220,Health,23600.0,598000.0,36,2024-08-17,2027-08-02,Bancassurance,Individual Health
POL200299,CUST103521,Property,9600.0,430000.0,12,2024-07-15,2025-07-10,Agent,Fire & Allied Perils
POL200300,CUST103956,Motor,16600.0,271000.0,12,2022-02-05,2023-01-31,Bancassurance,Motor Comprehensive
POL200301,CUST104499,Motor,21800.0,1214000.0,12,2024-07-22,2025-07-17,Direct,Motor Third-Party
POL200302,CUST101319,Motor,24900.0,659000.0,24,2023-01-02,2024-12-22,Online,Motor Third-Party
POL200303,CUST103639,Motor,23600.0,865000.0,24,2021-05-06,2023-04-26,Agent,Motor Comprehensive
POL200304,CUST100934,Travel,13900.0,453000.0,12,2023-10-22,2024-10-16,Bancassurance,Domestic Travel
POL200305,CUST102222,Property,17300.0,998000.0,12,2023-11-02,2024-10-27,Agent,Fire & Allied Perils
POL200306,CUST100363,Health,7800.0,176000.0,12,2022-11-19,2023-11-14,Online,Critical Illness
POL200307,CUST103019,Health,30200.0,949000.0,36,2023-01-03,2025-12-18,Agent,Critical Illness
POL200308,CUST103421,Health,19300.0,864000.0,12,2021-09-07,2022-09-02,Broker,Individual Health
POL200309,CUST102233,Life,17300.0,479000.0,12,2022-07-16,2023-07-11,Online,Term Life
POL200310,CUST102058,Motor,17200.0,680000.0,24,2021-10-05,2023-09-25,Bancassurance,Motor Third-Party
POL200311,CUST101210,Health,15000.0,243000.0,24,2021-05-13,2023-05-03,Bancassurance,Family Floater
POL200312,CUST103852,Motor,25200.0,1401000.0,12,2023-05-17,2024-05-11,Agent,Motor Comprehensive
POL200313,CUST104551,Marine,17500.0,923000.0,12,2021-04-09,2022-04-04,Bancassurance,Marine Hull
POL200314,CUST100663,Health,9200.0,189000.0,12,2024-12-14,2025-12-09,Broker,Critical Illness
POL200315,CUST101379,Life,10900.0,521000.0,12,2021-08-29,2022-08-24,Online,Term Life
POL200316,CUST103016,Marine,7000.0,124000.0,36,2021-06-13,2024-05-28,Bancassurance,Marine Hull
POL200317,CUST101828,Health,35700.0,2018000.0,24,2023-12-18,2025-12-07,Bancassurance,Individual Health
POL200318,CUST100064,Motor,15700.0,320000.0,36,2022-12-18,2025-12-02,Online,Motor Own-Damage
POL200319,CUST100104,Health,37800.0,1177000.0,12,2024-09-11,2025-09-06,Broker,Individual Health
POL200320,CUST101169,Life,18600.0,997000.0,24,2021-05-08,2023-04-28,Bancassurance,Endowment Plan
POL200321,CUST104838,Health,13500.0,328000.0,12,2021-01-23,2022-01-18,Online,Individual Health
POL200322,CUST103048,Motor,15200.0,863000.0,12,2024-01-12,2025-01-06,Direct,Motor Third-Party
POL200323,CUST101276,Motor,18200.0,819000.0,12,2022-11-11,2023-11-06,Online,Motor Comprehensive
POL200324,CUST100280,Life,9300.0,338000.0,12,2024-03-28,2025-03-23,Online,Endowment Plan
POL200325,CUST103780,Life,7600.0,156000.0,6,2023-03-01,2023-08-28,Broker,ULIP
POL200326,CUST101886,Motor,28600.0,1274000.0,12,2023-10-22,2024-10-16,Bancassurance,Motor Comprehensive
POL200327,CUST101968,Property,13100.0,544000.0,6,2022-12-23,2023-06-21,Agent,Home Shield
POL200328,CUST102808,Health,38300.0,1302000.0,12,2023-08-26,2024-08-20,Bancassurance,Family Floater
POL200329,CUST101142,Motor,22200.0,736000.0,12,2024-02-12,2025-02-06,Agent,Motor Third-Party
POL200330,CUST103637,Health,12500.0,519000.0,24,2024-04-16,2026-04-06,Broker,Individual Health
POL200331,CUST101568,Life,46100.0,1545000.0,12,2021-02-05,2022-01-31,Online,Endowment Plan
POL200332,CUST103528,Life,29300.0,1340000.0,12,2023-11-15,2024-11-09,Online,ULIP
POL200333,CUST102586,Health,6200.0,215000.0,24,2023-08-16,2025-08-05,Bancassurance,Critical Illness
POL200334,CUST100740,Motor,10400.0,615000.0,12,2023-06-11,2024-06-05,Online,Motor Comprehensive
POL200335,CUST103117,Health,2000.0,80000.0,12,2023-07-03,2024-06-27,Online,Family Floater
POL200336,CUST100375,Health,14300.0,305000.0,6,2023-11-12,2024-05-10,Agent,Critical Illness
POL200337,CUST103575,Health,42900.0,2512000.0,60,2024-12-13,2029-11-17,Agent,Family Floater
POL200338,CUST101881,Health,4800.0,285000.0,6,2021-06-08,2021-12-05,Broker,Individual Health
POL200339,CUST103352,Health,20000.0,1194000.0,24,2023-04-14,2025-04-03,Broker,Family Floater
POL200340,CUST101204,Motor,51900.0,1492000.0,6,2022-05-22,2022-11-18,Online,Motor Third-Party
POL200341,CUST102035,Motor,14900.0,454000.0,24,2024-03-01,2026-02-19,Agent,Motor Comprehensive
POL200342,CUST101528,Motor,19400.0,296000.0,24,2023-08-23,2025-08-12,Broker,Motor Comprehensive
POL200343,CUST101254,Life,13000.0,714000.0,60,2023-03-12,2028-02-14,Broker,Term Life
POL200344,CUST101712,Health,10200.0,479000.0,36,2024-03-10,2027-02-23,Online,Individual Health
POL200345,CUST100268,Life,24700.0,683000.0,60,2022-07-06,2027-06-10,Online,Term Life
POL200346,CUST101985,Motor,25100.0,587000.0,12,2021-11-03,2022-10-29,Agent,Motor Third-Party
POL200347,CUST100615,Health,21200.0,1167000.0,12,2022-09-30,2023-09-25,Online,Family Floater
POL200348,CUST102593,Motor,11700.0,362000.0,24,2022-04-28,2024-04-17,Broker,Motor Comprehensive
POL200349,CUST100453,Motor,21400.0,863000.0,12,2024-01-13,2025-01-07,Online,Motor Own-Damage
POL200350,CUST100046,Property,6000.0,133000.0,12,2022-10-13,2023-10-08,Broker,Property All-Risk
POL200351,CUST102195,Motor,22600.0,518000.0,12,2023-11-17,2024-11-11,Agent,Motor Own-Damage
POL200352,CUST101490,Motor,9800.0,318000.0,24,2024-08-25,2026-08-15,Agent,Motor Own-Damage
POL200353,CUST104384,Health,9300.0,244000.0,24,2021-03-06,2023-02-24,Direct,Critical Illness
POL200354,CUST101321,Motor,36800.0,921000.0,24,2022-06-22,2024-06-11,Broker,Motor Comprehensive
POL200355,CUST101996,Marine,2400.0,80000.0,12,2021-07-14,2022-07-09,Agent,Marine Hull
POL200356,CUST101181,Travel,14700.0,359000.0,24,2021-07-24,2023-07-14,Broker,Domestic Travel
POL200357,CUST104447,Health,6400.0,368000.0,12,2023-12-24,2024-12-18,Agent,Critical Illness
POL200358,CUST103943,Motor,17900.0,739000.0,36,2024-06-25,2027-06-10,Bancassurance,Motor Third-Party
POL200359,CUST100859,Health,10400.0,176000.0,12,2024-03-14,2025-03-09,Agent,Critical Illness
POL200360,CUST101256,Health,6700.0,167000.0,24,2022-08-04,2024-07-24,Broker,Critical Illness
POL200361,CUST100932,Health,13100.0,461000.0,60,2022-05-30,2027-05-04,Direct,Critical Illness
POL200362,CUST100754,Motor,8800.0,302000.0,12,2024-06-13,2025-06-08,Agent,Motor Own-Damage
POL200363,CUST101203,Motor,9100.0,418000.0,12,2024-02-02,2025-01-27,Broker,Motor Third-Party
POL200364,CUST104259,Motor,23100.0,1150000.0,12,2021-05-03,2022-04-28,Agent,Motor Own-Damage
POL200365,CUST102294,Health,5700.0,232000.0,12,2021-07-08,2022-07-03,Broker,Family Floater
POL200366,CUST101914,Life,2900.0,90000.0,24,2024-10-13,2026-10-03,Broker,Endowment Plan
POL200367,CUST100954,Property,18500.0,434000.0,60,2023-11-15,2028-10-19,Broker,Property All-Risk
POL200368,CUST100920,Motor,14600.0,243000.0,36,2024-10-26,2027-10-11,Agent,Motor Own-Damage
POL200369,CUST102776,Property,10200.0,181000.0,60,2024-05-16,2029-04-20,Agent,Property All-Risk
POL200370,CUST103756,Motor,22900.0,766000.0,12,2022-02-22,2023-02-17,Bancassurance,Motor Third-Party
POL200371,CUST102789,Motor,38600.0,581000.0,12,2023-09-21,2024-09-15,Bancassurance,Motor Third-Party
POL200372,CUST103285,Life,15800.0,478000.0,12,2021-02-23,2022-02-18,Bancassurance,Term Life
POL200373,CUST101307,Motor,16000.0,245000.0,24,2022-10-17,2024-10-06,Online,Motor Comprehensive
POL200374,CUST104726,Marine,7400.0,398000.0,24,2022-08-09,2024-07-29,Agent,Marine Hull
POL200375,CUST104112,Travel,6000.0,147000.0,24,2021-03-06,2023-02-24,Online,Domestic Travel
POL200376,CUST104388,Motor,14900.0,668000.0,6,2021-12-03,2022-06-01,Agent,Motor Third-Party
POL200377,CUST103337,Motor,4600.0,254000.0,24,2022-09-16,2024-09-05,Agent,Motor Comprehensive
POL200378,CUST103471,Motor,4000.0,220000.0,12,2024-02-03,2025-01-28,Online,Motor Own-Damage
POL200379,CUST100354,Marine,20200.0,1051000.0,12,2023-10-31,2024-10-25,Online,Marine Cargo
POL200380,CUST100804,Motor,6000.0,261000.0,24,2021-03-06,2023-02-24,Agent,Motor Third-Party
POL200381,CUST100662,Life,20700.0,517000.0,36,2021-01-17,2024-01-02,Agent,ULIP
POL200382,CUST102415,Motor,30700.0,1047000.0,12,2021-06-19,2022-06-14,Online,Motor Own-Damage
POL200383,CUST102939,Life,19300.0,645000.0,6,2022-07-17,2023-01-13,Online,Term Life
POL200384,CUST100593,Motor,5300.0,220000.0,12,2023-08-21,2024-08-15,Agent,Motor Third-Party
POL200385,CUST103757,Property,46300.0,1504000.0,36,2022-06-13,2025-05-28,Bancassurance,Fire & Allied Perils
POL200386,CUST102746,Life,16600.0,318000.0,24,2024-04-05,2026-03-26,Agent,Term Life
POL200387,CUST102977,Motor,15800.0,268000.0,24,2023-11-21,2025-11-10,Bancassurance,Motor Own-Damage
POL200388,CUST104583,Motor,14300.0,476000.0,12,2021-02-19,2022-02-14,Online,Motor Own-Damage
POL200389,CUST102923,Health,10000.0,542000.0,12,2021-10-09,2022-10-04,Broker,Critical Illness
POL200390,CUST100019,Health,7800.0,365000.0,12,2022-01-06,2023-01-01,Agent,Individual Health
POL200391,CUST103843,Property,2400.0,69000.0,24,2024-05-05,2026-04-25,Online,Fire & Allied Perils
POL200392,CUST104380,Health,6400.0,365000.0,36,2023-06-10,2026-05-25,Agent,Family Floater
POL200393,CUST100417,Marine,13500.0,601000.0,12,2023-10-09,2024-10-03,Online,Marine Cargo
POL200394,CUST102696,Motor,20100.0,1060000.0,60,2022-02-15,2027-01-20,Broker,Motor Third-Party
POL200395,CUST102348,Property,8400.0,438000.0,24,2021-11-24,2023-11-14,Broker,Home Shield
POL200396,CUST100756,Marine,18600.0,800000.0,24,2023-08-09,2025-07-29,Agent,Marine Hull
POL200397,CUST101380,Life,12800.0,733000.0,36,2021-03-13,2024-02-26,Agent,Term Life
POL200398,CUST104279,Travel,14800.0,522000.0,12,2023-06-24,2024-06-18,Bancassurance,International Travel
POL200399,CUST101958,Health,26100.0,1314000.0,6,2024-03-31,2024-09-27,Agent,Individual Health
POL200400,CUST102684,Life,18700.0,452000.0,12,2023-01-09,2024-01-04,Bancassurance,ULIP
POL200401,CUST103885,Motor,21000.0,1205000.0,12,2022-12-18,2023-12-13,Agent,Motor Comprehensive
POL200402,CUST102240,Motor,49000.0,2345000.0,36,2024-02-18,2027-02-02,Online,Motor Own-Damage
POL200403,CUST104456,Health,8500.0,231000.0,12,2023-03-29,2024-03-23,Online,Individual Health
POL200404,CUST102498,Property,24900.0,1032000.0,12,2021-04-14,2022-04-09,Bancassurance,Property All-Risk
POL200405,CUST104928,Travel,20800.0,333000.0,24,2023-12-12,2025-12-01,Online,Domestic Travel
POL200406,CUST100736,Health,20700.0,801000.0,24,2021-06-06,2023-05-27,Agent,Family Floater
POL200407,CUST104440,Property,17400.0,857000.0,12,2024-09-01,2025-08-27,Online,Property All-Risk
POL200408,CUST100563,Property,19600.0,616000.0,12,2021-07-09,2022-07-04,Bancassurance,Fire & Allied Perils
POL200409,CUST104065,Property,13100.0,632000.0,6,2023-10-08,2024-04-05,Agent,Fire & Allied Perils
POL200410,CUST103307,Motor,16000.0,766000.0,12,2024-11-27,2025-11-22,Agent,Motor Third-Party
POL200411,CUST102797,Health,28300.0,1614000.0,6,2024-06-28,2024-12-25,Agent,Individual Health
POL200412,CUST104402,Health,10700.0,623000.0,12,2022-02-07,2023-02-02,Bancassurance,Critical Illness
POL200413,CUST103203,Property,11500.0,280000.0,24,2021-07-15,2023-07-05,Agent,Fire & Allied Perils
POL200414,CUST103472,Life,20000.0,591000.0,24,2022-07-29,2024-07-18,Direct,Term Life
POL200415,CUST103771,Property,18900.0,475000.0,24,2023-05-16,2025-05-05,Agent,Home Shield
POL200416,CUST104203,Travel,12800.0,416000.0,12,2022-01-30,2023-01-25,Bancassurance,International Travel
POL200417,CUST101160,Health,20300.0,341000.0,12,2024-02-06,2025-01-31,Online,Individual Health
POL200418,CUST104223,Property,20200.0,740000.0,12,2023-12-13,2024-12-07,Agent,Property All-Risk
POL200419,CUST102945,Health,44900.0,2464000.0,24,2021-03-23,2023-03-13,Bancassurance,Family Floater
POL200420,CUST100160,Life,53100.0,2531000.0,24,2022-01-22,2024-01-12,Online,Term Life
POL200421,CUST104592,Health,58000.0,2345000.0,24,2022-04-03,2024-03-23,Direct,Family Floater
POL200422,CUST103854,Travel,20000.0,525000.0,12,2023-04-09,2024-04-03,Bancassurance,International Travel
POL200423,CUST104457,Property,26300.0,687000.0,12,2024-11-20,2025-11-15,Online,Fire & Allied Perils
POL200424,CUST103860,Life,19800.0,370000.0,12,2021-06-10,2022-06-05,Broker,Term Life
POL200425,CUST101727,Health,15000.0,281000.0,36,2021-05-21,2024-05-05,Agent,Critical Illness
POL200426,CUST101749,Health,20900.0,1032000.0,24,2024-04-02,2026-03-23,Bancassurance,Individual Health
POL200427,CUST101382,Property,14800.0,849000.0,12,2023-04-28,2024-04-22,Broker,Fire & Allied Perils
POL200428,CUST102049,Travel,16600.0,881000.0,24,2024-10-25,2026-10-15,Online,Domestic Travel
POL200429,CUST100173,Travel,15700.0,898000.0,12,2024-01-06,2024-12-31,Agent,International Travel
POL200430,CUST103727,Life,15800.0,296000.0,12,2022-06-03,2023-05-29,Broker,ULIP
POL200431,CUST103761,Life,10800.0,335000.0,12,2022-01-02,2022-12-28,Bancassurance,Term Life
POL200432,CUST104932,Motor,24900.0,640000.0,24,2021-05-24,2023-05-14,Online,Motor Third-Party
POL200433,CUST102752,Life,20500.0,398000.0,24,2023-12-25,2025-12-14,Agent,Endowment Plan
POL200434,CUST104939,Health,10600.0,272000.0,12,2022-05-26,2023-05-21,Bancassurance,Critical Illness
POL200435,CUST101049,Property,15400.0,675000.0,24,2021-01-13,2023-01-03,Bancassurance,Fire & Allied Perils
POL200436,CUST102369,Motor,8200.0,301000.0,12,2021-08-28,2022-08-23,Agent,Motor Third-Party
POL200437,CUST103912,Travel,18100.0,1012000.0,24,2024-11-06,2026-10-27,Bancassurance,International Travel
POL200438,CUST103947,Health,28200.0,591000.0,6,2024-07-23,2025-01-19,Agent,Critical Illness
POL200439,CUST103868,Motor,13300.0,608000.0,12,2024-03-02,2025-02-25,Online,Motor Own-Damage
POL200440,CUST102330,Life,24600.0,1020000.0,36,2024-11-09,2027-10-25,Direct,ULIP
POL200441,CUST100365,Life,15900.0,768000.0,12,2023-03-22,2024-03-16,Online,Term Life
POL200442,CUST104329,Property,13600.0,491000.0,24,2022-03-08,2024-02-26,Broker,Fire & Allied Perils
POL200443,CUST101907,Life,10200.0,169000.0,24,2023-09-05,2025-08-25,Bancassurance,ULIP
POL200444,CUST103248,Health,14500.0,473000.0,60,2024-01-14,2028-12-18,Agent,Family Floater
POL200445,CUST100666,Motor,25100.0,615000.0,12,2021-10-12,2022-10-07,Agent,Motor Third-Party
POL200446,CUST104683,Property,19500.0,563000.0,36,2024-01-20,2027-01-04,Bancassurance,Property All-Risk
POL200447,CUST101283,Travel,9000.0,226000.0,12,2023-07-22,2024-07-16,Bancassurance,Domestic Travel
POL200448,CUST104986,Property,21100.0,919000.0,12,2024-02-10,2025-02-04,Bancassurance,Property All-Risk
POL200449,CUST103577,Motor,17700.0,1001000.0,12,2023-12-14,2024-12-08,Broker,Motor Comprehensive
POL200450,CUST101650,Life,8300.0,179000.0,24,2021-05-14,2023-05-04,Agent,ULIP
POL200451,CUST101847,Motor,6800.0,221000.0,12,2024-07-15,2025-07-10,Agent,Motor Third-Party
POL200452,CUST104896,Travel,6600.0,184000.0,12,2024-05-24,2025-05-19,Direct,Domestic Travel
POL200453,CUST102969,Motor,26000.0,525000.0,60,2021-06-01,2026-05-06,Online,Motor Comprehensive
POL200454,CUST103462,Motor,8300.0,274000.0,24,2022-10-06,2024-09-25,Bancassurance,Motor Own-Damage
POL200455,CUST103063,Motor,13800.0,701000.0,12,2023-06-06,2024-05-31,Agent,Motor Own-Damage
POL200456,CUST101190,Life,20200.0,553000.0,12,2024-04-14,2025-04-09,Bancassurance,Term Life
POL200457,CUST100662,Life,19600.0,523000.0,60,2023-10-01,2028-09-04,Broker,Endowment Plan
POL200458,CUST100015,Life,19600.0,1112000.0,24,2022-05-04,2024-04-23,Direct,Endowment Plan
POL200459,CUST102024,Health,7700.0,339000.0,60,2023-12-04,2028-11-07,Agent,Family Floater
POL200460,CUST103419,Property,20400.0,566000.0,12,2024-09-01,2025-08-27,Broker,Property All-Risk
POL200461,CUST101507,Health,13500.0,222000.0,12,2022-09-24,2023-09-19,Agent,Family Floater
POL200462,CUST101111,Motor,16800.0,1001000.0,24,2021-11-21,2023-11-11,Online,Motor Third-Party
POL200463,CUST101943,Property,16300.0,960000.0,24,2022-10-31,2024-10-20,Broker,Home Shield
POL200464,CUST101156,Health,14900.0,672000.0,36,2021-09-22,2024-09-06,Agent,Family Floater
POL200465,CUST102174,Life,27700.0,571000.0,6,2023-01-20,2023-07-19,Online,ULIP
POL200466,CUST102760,Health,25600.0,1218000.0,12,2021-01-18,2022-01-13,Direct,Individual Health
POL200467,CUST101361,Life,63900.0,2261000.0,12,2021-03-28,2022-03-23,Online,ULIP
POL200468,CUST100154,Motor,34200.0,585000.0,12,2022-02-24,2023-02-19,Online,Motor Comprehensive
POL200469,CUST100509,Health,5300.0,111000.0,60,2021-12-03,2026-11-07,Agent,Family Floater
POL200470,CUST102081,Health,15800.0,267000.0,24,2022-09-12,2024-09-01,Agent,Individual Health
POL200471,CUST100886,Life,32700.0,660000.0,12,2024-02-17,2025-02-11,Agent,Term Life
POL200472,CUST103996,Motor,14600.0,583000.0,24,2024-01-25,2026-01-14,Agent,Motor Comprehensive
POL200473,CUST100824,Motor,12800.0,616000.0,12,2022-01-13,2023-01-08,Agent,Motor Third-Party
POL200474,CUST100136,Health,7500.0,443000.0,12,2021-04-04,2022-03-30,Broker,Individual Health
POL200475,CUST103096,Health,7000.0,415000.0,12,2021-02-15,2022-02-10,Agent,Family Floater
POL200476,CUST103119,Motor,24400.0,1258000.0,24,2021-11-26,2023-11-16,Broker,Motor Third-Party
POL200477,CUST103359,Life,17000.0,292000.0,24,2024-04-09,2026-03-30,Broker,Endowment Plan
POL200478,CUST100791,Health,3200.0,113000.0,12,2023-05-26,2024-05-20,Bancassurance,Critical Illness
POL200479,CUST103403,Health,28700.0,494000.0,12,2021-03-19,2022-03-14,Agent,Family Floater
POL200480,CUST104314,Health,30900.0,1349000.0,12,2024-01-25,2025-01-19,Online,Individual Health
POL200481,CUST103023,Health,14000.0,309000.0,12,2022-07-12,2023-07-07,Direct,Critical Illness
POL200482,CUST101953,Life,15900.0,709000.0,12,2023-10-05,2024-09-29,Agent,Endowment Plan
POL200483,CUST102407,Life,34800.0,918000.0,24,2023-09-22,2025-09-11,Agent,Term Life
POL200484,CUST104060,Life,13600.0,603000.0,24,2024-01-26,2026-01-15,Online,ULIP
POL200485,CUST100715,Health,4600.0,220000.0,12,2024-11-22,2025-11-17,Agent,Family Floater
POL200486,CUST103619,Health,24500.0,685000.0,24,2024-02-09,2026-01-29,Bancassurance,Critical Illness
POL200487,CUST101348,Motor,30300.0,1807000.0,12,2022-07-24,2023-07-19,Agent,Motor Own-Damage
POL200488,CUST104389,Health,17500.0,444000.0,12,2021-09-01,2022-08-27,Broker,Critical Illness
POL200489,CUST100699,Property,8300.0,161000.0,24,2023-08-11,2025-07-31,Agent,Property All-Risk
POL200490,CUST102584,Motor,32600.0,1346000.0,12,2022-02-20,2023-02-15,Online,Motor Third-Party
POL200491,CUST102002,Motor,12400.0,415000.0,12,2021-03-16,2022-03-11,Online,Motor Own-Damage
POL200492,CUST102430,Life,9300.0,487000.0,6,2024-08-04,2025-01-31,Broker,Term Life
POL200493,CUST101911,Health,17300.0,661000.0,24,2022-12-11,2024-11-30,Agent,Family Floater
POL200494,CUST100187,Marine,13800.0,365000.0,12,2023-11-30,2024-11-24,Bancassurance,Marine Hull
POL200495,CUST104289,Motor,23300.0,899000.0,12,2021-03-07,2022-03-02,Broker,Motor Own-Damage
POL200496,CUST102669,Property,48600.0,2617000.0,24,2024-11-04,2026-10-25,Bancassurance,Property All-Risk
POL200497,CUST103001,Life,9000.0,231000.0,12,2023-10-29,2024-10-23,Direct,ULIP
POL200498,CUST102609,Property,25500.0,521000.0,60,2024-11-15,2029-10-20,Agent,Property All-Risk
POL200499,CUST102643,Health,13500.0,733000.0,12,2023-05-02,2024-04-26,Bancassurance,Individual Health
POL200500,CUST103031,Health,23200.0,1248000.0,12,2021-01-05,2021-12-31,Broker,Family Floater
POL200501,CUST102097,Motor,17700.0,943000.0,24,2022-07-05,2024-06-24,Bancassurance,Motor Comprehensive
POL200502,CUST100655,Property,12000.0,328000.0,12,2023-05-17,2024-05-11,Agent,Home Shield
POL200503,CUST100146,Motor,25900.0,1316000.0,12,2024-01-14,2025-01-08,Agent,Motor Own-Damage
POL200504,CUST102699,Motor,12800.0,340000.0,12,2024-03-11,2025-03-06,Broker,Motor Own-Damage
POL200505,CUST100930,Motor,9500.0,408000.0,12,2021-10-19,2022-10-14,Agent,Motor Own-Damage
POL200506,CUST102270,Property,24900.0,509000.0,60,2023-08-07,2028-07-11,Agent,Property All-Risk
POL200507,CUST103025,Motor,9500.0,322000.0,12,2024-08-13,2025-08-08,Bancassurance,Motor Third-Party
POL200508,CUST102979,Health,24300.0,1357000.0,36,2021-04-10,2024-03-25,Broker,Critical Illness
POL200509,CUST100842,Life,16600.0,264000.0,12,2021-12-29,2022-12-24,Online,Term Life
POL200510,CUST103302,Marine,17200.0,377000.0,24,2023-09-23,2025-09-12,Bancassurance,Marine Cargo
POL200511,CUST104704,Property,8700.0,381000.0,24,2023-05-24,2025-05-13,Broker,Fire & Allied Perils
POL200512,CUST101807,Health,17700.0,899000.0,6,2022-11-20,2023-05-19,Agent,Critical Illness
POL200513,CUST100592,Motor,12200.0,423000.0,60,2024-01-02,2028-12-06,Agent,Motor Third-Party
POL200514,CUST102520,Motor,35700.0,1760000.0,24,2023-04-18,2025-04-07,Bancassurance,Motor Third-Party
POL200515,CUST103084,Motor,6900.0,406000.0,24,2021-02-25,2023-02-15,Online,Motor Third-Party
POL200516,CUST101975,Health,29200.0,1352000.0,12,2024-03-05,2025-02-28,Broker,Individual Health
POL200517,CUST102996,Health,30600.0,1069000.0,12,2022-09-15,2023-09-10,Online,Family Floater
POL200518,CUST103827,Health,20900.0,906000.0,12,2021-09-04,2022-08-30,Online,Family Floater
POL200519,CUST102890,Health,34600.0,996000.0,12,2022-09-11,2023-09-06,Online,Individual Health
POL200520,CUST103982,Life,14000.0,270000.0,12,2022-06-07,2023-06-02,Agent,Term Life
POL200521,CUST100730,Motor,15100.0,325000.0,24,2022-12-15,2024-12-04,Broker,Motor Comprehensive
POL200522,CUST101464,Travel,21700.0,753000.0,12,2021-03-16,2022-03-11,Online,International Travel
POL200523,CUST102776,Property,14200.0,394000.0,12,2021-10-19,2022-10-14,Bancassurance,Fire & Allied Perils
POL200524,CUST101297,Health,3600.0,61000.0,36,2023-04-15,2026-03-30,Online,Family Floater
POL200525,CUST104972,Health,7000.0,224000.0,12,2022-05-09,2023-05-04,Agent,Critical Illness
POL200526,CUST103391,Travel,7400.0,395000.0,36,2021-05-09,2024-04-23,Online,International Travel
POL200527,CUST102059,Travel,25100.0,468000.0,24,2022-01-22,2024-01-12,Agent,Domestic Travel
POL200528,CUST103870,Health,16000.0,889000.0,24,2022-01-04,2023-12-25,Bancassurance,Family Floater
POL200529,CUST104916,Motor,24000.0,532000.0,12,2024-06-09,2025-06-04,Broker,Motor Comprehensive
POL200530,CUST100054,Travel,26100.0,931000.0,12,2024-01-02,2024-12-27,Agent,Domestic Travel
POL200531,CUST102784,Life,14100.0,777000.0,12,2023-10-24,2024-10-18,Bancassurance,Term Life
POL200532,CUST102137,Life,19000.0,351000.0,36,2021-06-15,2024-05-30,Online,ULIP
POL200533,CUST103775,Motor,6800.0,281000.0,12,2022-01-12,2023-01-07,Online,Motor Third-Party
POL200534,CUST101538,Property,10800.0,527000.0,12,2022-05-21,2023-05-16,Agent,Property All-Risk
POL200535,CUST101627,Health,13700.0,561000.0,12,2023-01-13,2024-01-08,Agent,Family Floater
POL200536,CUST103832,Health,16300.0,275000.0,12,2024-01-03,2024-12-28,Agent,Family Floater
POL200537,CUST104453,Life,6000.0,237000.0,36,2023-07-03,2026-06-17,Online,Endowment Plan
POL200538,CUST100717,Health,13800.0,299000.0,12,2024-01-30,2025-01-24,Broker,Critical Illness
POL200539,CUST103073,Health,9500.0,316000.0,12,2024-08-01,2025-07-27,Bancassurance,Critical Illness
POL200540,CUST103891,Life,46000.0,1154000.0,12,2023-12-30,2024-12-24,Direct,Term Life
POL200541,CUST100822,Life,16800.0,824000.0,60,2022-02-20,2027-01-25,Agent,Term Life
POL200542,CUST103307,Travel,23900.0,1227000.0,24,2023-05-24,2025-05-13,Online,Domestic Travel
POL200543,CUST104898,Health,23900.0,581000.0,12,2022-10-11,2023-10-06,Agent,Individual Health
POL200544,CUST104214,Health,17600.0,772000.0,60,2023-10-15,2028-09-18,Agent,Family Floater
POL200545,CUST100972,Motor,20400.0,1047000.0,12,2023-07-20,2024-07-14,Agent,Motor Own-Damage
POL200546,CUST104951,Health,19300.0,668000.0,36,2023-08-30,2026-08-14,Agent,Critical Illness
POL200547,CUST101785,Motor,19300.0,1086000.0,12,2022-04-21,2023-04-16,Bancassurance,Motor Third-Party
POL200548,CUST102382,Life,32800.0,814000.0,12,2023-03-09,2024-03-03,Online,Term Life
POL200549,CUST101457,Health,16500.0,341000.0,12,2021-10-26,2022-10-21,Bancassurance,Individual Health
POL200550,CUST103497,Health,9300.0,204000.0,12,2022-07-20,2023-07-15,Direct,Critical Illness
POL200551,CUST100628,Motor,24400.0,1368000.0,24,2024-11-17,2026-11-07,Online,Motor Own-Damage
POL200552,CUST103549,Health,8000.0,343000.0,24,2021-06-11,2023-06-01,Agent,Critical Illness
POL200553,CUST100276,Motor,15000.0,304000.0,12,2024-01-10,2025-01-04,Agent,Motor Own-Damage
POL200554,CUST104222,Life,11900.0,387000.0,12,2024-04-29,2025-04-24,Broker,Endowment Plan
POL200555,CUST101629,Motor,14100.0,406000.0,36,2023-04-18,2026-04-02,Bancassurance,Motor Third-Party
POL200556,CUST102590,Marine,21300.0,1160000.0,12,2022-12-29,2023-12-24,Direct,Marine Hull
POL200557,CUST101140,Health,20300.0,628000.0,24,2024-08-10,2026-07-31,Agent,Family Floater
POL200558,CUST100538,Property,14200.0,268000.0,24,2024-02-18,2026-02-07,Broker,Fire & Allied Perils
POL200559,CUST100116,Property,11000.0,170000.0,12,2024-09-15,2025-09-10,Online,Property All-Risk
POL200560,CUST104896,Property,26800.0,1091000.0,24,2022-11-17,2024-11-06,Bancassurance,Property All-Risk
POL200561,CUST100681,Property,22000.0,480000.0,36,2023-11-04,2026-10-19,Agent,Home Shield
POL200562,CUST100284,Motor,5900.0,352000.0,60,2023-07-23,2028-06-26,Bancassurance,Motor Own-Damage
POL200563,CUST102569,Health,6400.0,357000.0,12,2024-01-12,2025-01-06,Online,Family Floater
POL200564,CUST104811,Life,11900.0,457000.0,12,2024-12-03,2025-11-28,Agent,Term Life
POL200565,CUST100414,Health,4400.0,204000.0,6,2023-02-10,2023-08-09,Broker,Critical Illness
POL200566,CUST101276,Life,7100.0,170000.0,12,2021-05-19,2022-05-14,Broker,Term Life
POL200567,CUST102779,Life,17900.0,285000.0,12,2023-02-10,2024-02-05,Online,Term Life
POL200568,CUST102462,Motor,20200.0,327000.0,12,2022-02-27,2023-02-22,Bancassurance,Motor Own-Damage
POL200569,CUST100728,Motor,14700.0,595000.0,12,2021-10-27,2022-10-22,Broker,Motor Own-Damage
POL200570,CUST104753,Life,14700.0,333000.0,24,2022-01-11,2024-01-01,Bancassurance,Term Life
POL200571,CUST101791,Life,12100.0,571000.0,60,2024-03-26,2029-02-28,Online,Endowment Plan
POL200572,CUST103383,Property,10400.0,485000.0,12,2024-07-29,2025-07-24,Bancassurance,Property All-Risk
POL200573,CUST102289,Life,23600.0,1376000.0,12,2022-03-27,2023-03-22,Agent,Endowment Plan
POL200574,CUST102927,Motor,24600.0,1223000.0,12,2021-06-30,2022-06-25,Broker,Motor Comprehensive
POL200575,CUST104522,Motor,14400.0,581000.0,60,2023-09-30,2028-09-03,Agent,Motor Comprehensive
POL200576,CUST101629,Health,7300.0,223000.0,12,2024-05-10,2025-05-05,Online,Individual Health
POL200577,CUST104072,Health,10400.0,604000.0,12,2024-11-28,2025-11-23,Agent,Family Floater
POL200578,CUST101462,Property,15200.0,356000.0,12,2021-06-02,2022-05-28,Online,Fire & Allied Perils
POL200579,CUST101584,Life,14400.0,345000.0,24,2023-09-21,2025-09-10,Online,Term Life
POL200580,CUST100163,Property,22300.0,967000.0,24,2024-12-04,2026-11-24,Bancassurance,Fire & Allied Perils
POL200581,CUST101733,Health,10000.0,594000.0,12,2024-03-21,2025-03-16,Bancassurance,Family Floater
POL200582,CUST102931,Motor,20800.0,390000.0,12,2021-07-31,2022-07-26,Bancassurance,Motor Own-Damage
POL200583,CUST103199,Health,15500.0,923000.0,60,2021-04-11,2026-03-16,Bancassurance,Family Floater
POL200584,CUST102150,Motor,45000.0,1470000.0,24,2021-02-24,2023-02-14,Bancassurance,Motor Comprehensive
POL200585,CUST101782,Motor,15000.0,656000.0,6,2023-08-25,2024-02-21,Agent,Motor Comprehensive
POL200586,CUST101121,Health,10700.0,490000.0,12,2024-08-28,2025-08-23,Online,Individual Health
POL200587,CUST104520,Health,32000.0,1282000.0,6,2023-08-27,2024-02-23,Online,Critical Illness
POL200588,CUST101921,Motor,14400.0,811000.0,12,2024-09-18,2025-09-13,Online,Motor Comprehensive
POL200589,CUST101529,Life,20200.0,597000.0,36,2021-10-19,2024-10-03,Online,ULIP
POL200590,CUST104704,Life,4900.0,236000.0,6,2022-10-31,2023-04-29,Bancassurance,Term Life
POL200591,CUST103183,Motor,28100.0,1109000.0,12,2021-03-04,2022-02-27,Bancassurance,Motor Comprehensive
POL200592,CUST104242,Life,10400.0,515000.0,12,2023-06-23,2024-06-17,Online,Term Life
POL200593,CUST101943,Motor,7800.0,421000.0,12,2024-09-18,2025-09-13,Agent,Motor Own-Damage
POL200594,CUST102152,Health,25200.0,822000.0,12,2021-10-11,2022-10-06,Bancassurance,Individual Health
POL200595,CUST103647,Life,9800.0,152000.0,12,2024-11-22,2025-11-17,Bancassurance,Endowment Plan
POL200596,CUST104899,Health,8800.0,444000.0,12,2024-10-27,2025-10-22,Online,Individual Health
POL200597,CUST103943,Life,7100.0,149000.0,12,2024-01-17,2025-01-11,Online,Term Life
POL200598,CUST102310,Health,11900.0,329000.0,60,2024-05-10,2029-04-14,Agent,Family Floater
POL200599,CUST102989,Motor,9800.0,401000.0,60,2021-05-10,2026-04-14,Agent,Motor Own-Damage
POL200600,CUST101745,Health,23500.0,551000.0,24,2024-07-19,2026-07-09,Agent,Critical Illness
POL200601,CUST102281,Health,10200.0,546000.0,12,2022-04-17,2023-04-12,Online,Family Floater
POL200602,CUST101939,Motor,11400.0,316000.0,12,2024-05-18,2025-05-13,Online,Motor Third-Party
POL200603,CUST100497,Health,10800.0,322000.0,24,2023-11-09,2025-10-29,Agent,Critical Illness
POL200604,CUST104373,Motor,21200.0,1008000.0,24,2023-03-21,2025-03-10,Online,Motor Own-Damage
POL200605,CUST100684,Health,24600.0,497000.0,12,2024-07-31,2025-07-26,Online,Family Floater
POL200606,CUST101338,Life,15400.0,688000.0,36,2022-04-30,2025-04-14,Agent,Term Life
POL200607,CUST101265,Property,15000.0,243000.0,24,2021-07-22,2023-07-12,Agent,Fire & Allied Perils
POL200608,CUST101110,Property,16600.0,764000.0,12,2024-12-21,2025-12-16,Agent,Property All-Risk
POL200609,CUST102487,Life,17400.0,572000.0,36,2024-09-18,2027-09-03,Online,Term Life
POL200610,CUST104802,Marine,22300.0,1101000.0,24,2022-08-05,2024-07-25,Broker,Marine Cargo
POL200611,CUST101642,Health,21500.0,372000.0,36,2024-02-19,2027-02-03,Agent,Critical Illness
POL200612,CUST103671,Life,2000.0,112000.0,36,2024-11-19,2027-11-04,Broker,Endowment Plan
POL200613,CUST103663,Property,8500.0,260000.0,6,2021-12-08,2022-06-06,Bancassurance,Home Shield
POL200614,CUST103818,Property,3800.0,124000.0,12,2021-12-07,2022-12-02,Broker,Property All-Risk
POL200615,CUST103112,Life,18100.0,411000.0,12,2024-05-28,2025-05-23,Broker,ULIP
POL200616,CUST103701,Marine,6800.0,141000.0,12,2023-05-26,2024-05-20,Online,Marine Hull
POL200617,CUST103807,Health,19900.0,347000.0,12,2021-01-26,2022-01-21,Agent,Critical Illness
POL200618,CUST103414,Travel,17300.0,343000.0,12,2023-03-15,2024-03-09,Agent,Domestic Travel
POL200619,CUST102792,Health,15000.0,599000.0,24,2021-06-24,2023-06-14,Agent,Family Floater
POL200620,CUST100456,Motor,13300.0,636000.0,12,2022-01-24,2023-01-19,Agent,Motor Own-Damage
POL200621,CUST102540,Motor,24300.0,476000.0,12,2024-12-13,2025-12-08,Online,Motor Third-Party
POL200622,CUST103768,Health,20700.0,431000.0,36,2022-01-15,2024-12-30,Online,Individual Health
POL200623,CUST101709,Motor,8000.0,153000.0,12,2022-04-11,2023-04-06,Bancassurance,Motor Comprehensive
POL200624,CUST101244,Motor,17600.0,651000.0,12,2024-02-16,2025-02-10,Agent,Motor Comprehensive
POL200625,CUST102971,Health,16300.0,407000.0,12,2022-12-10,2023-12-05,Agent,Family Floater
POL200626,CUST100662,Life,28500.0,615000.0,6,2022-04-30,2022-10-27,Broker,Endowment Plan
POL200627,CUST103595,Motor,30700.0,1042000.0,12,2024-08-23,2025-08-18,Online,Motor Comprehensive
POL200628,CUST104915,Health,15700.0,654000.0,12,2023-09-03,2024-08-28,Broker,Critical Illness
POL200629,CUST102421,Life,43200.0,994000.0,12,2022-10-09,2023-10-04,Bancassurance,Endowment Plan
POL200630,CUST100139,Property,9800.0,490000.0,12,2023-02-08,2024-02-03,Agent,Home Shield
POL200631,CUST101357,Life,5700.0,238000.0,12,2021-04-05,2022-03-31,Online,Endowment Plan
POL200632,CUST100158,Motor,32500.0,1599000.0,36,2021-10-02,2024-09-16,Direct,Motor Own-Damage
POL200633,CUST102296,Travel,9000.0,268000.0,6,2024-10-13,2025-04-11,Bancassurance,Domestic Travel
POL200634,CUST101549,Marine,5900.0,193000.0,36,2022-02-15,2025-01-30,Agent,Marine Hull
POL200635,CUST103866,Health,9400.0,556000.0,60,2024-03-10,2029-02-12,Online,Critical Illness
POL200636,CUST104221,Motor,11300.0,477000.0,12,2022-04-16,2023-04-11,Online,Motor Third-Party
POL200637,CUST102174,Health,4000.0,87000.0,36,2022-05-15,2025-04-29,Broker,Family Floater
POL200638,CUST104889,Property,12900.0,608000.0,12,2022-01-31,2023-01-26,Online,Fire & Allied Perils
POL200639,CUST102247,Property,10700.0,519000.0,6,2021-05-13,2021-11-09,Direct,Property All-Risk
POL200640,CUST100592,Marine,16000.0,935000.0,12,2021-05-29,2022-05-24,Bancassurance,Marine Cargo
POL200641,CUST104541,Travel,2600.0,103000.0,60,2021-02-20,2026-01-25,Online,International Travel
POL200642,CUST101977,Life,13500.0,561000.0,24,2021-01-13,2023-01-03,Online,Term Life
POL200643,CUST104427,Motor,47600.0,1368000.0,60,2024-02-01,2029-01-05,Bancassurance,Motor Third-Party
POL200644,CUST103671,Motor,26000.0,1041000.0,12,2024-03-13,2025-03-08,Broker,Motor Third-Party
POL200645,CUST104698,Motor,6300.0,106000.0,12,2022-04-21,2023-04-16,Agent,Motor Comprehensive
POL200646,CUST103227,Motor,9800.0,510000.0,12,2022-01-21,2023-01-16,Online,Motor Third-Party
POL200647,CUST102963,Motor,11600.0,537000.0,24,2022-05-31,2024-05-20,Bancassurance,Motor Third-Party
POL200648,CUST101166,Health,31900.0,1458000.0,12,2024-08-05,2025-07-31,Agent,Family Floater
POL200649,CUST101396,Property,13000.0,593000.0,24,2024-01-16,2026-01-05,Agent,Home Shield
POL200650,CUST101646,Motor,11800.0,292000.0,36,2021-02-08,2024-01-24,Agent,Motor Third-Party
POL200651,CUST101548,Property,6900.0,117000.0,24,2024-02-28,2026-02-17,Agent,Home Shield
POL200652,CUST102971,Marine,11800.0,457000.0,12,2024-02-19,2025-02-13,Online,Marine Hull
POL200653,CUST104350,Motor,12700.0,499000.0,12,2022-09-05,2023-08-31,Bancassurance,Motor Comprehensive
POL200654,CUST100177,Motor,16900.0,902000.0,12,2022-03-13,2023-03-08,Online,Motor Comprehensive
POL200655,CUST103092,Health,9100.0,414000.0,12,2023-12-05,2024-11-29,Direct,Individual Health
POL200656,CUST103791,Property,7000.0,208000.0,12,2023-09-07,2024-09-01,Agent,Property All-Risk
POL200657,CUST102216,Life,6900.0,264000.0,12,2023-05-29,2024-05-23,Agent,Endowment Plan
POL200658,CUST101377,Motor,26400.0,1028000.0,12,2023-10-11,2024-10-05,Agent,Motor Third-Party
POL200659,CUST102162,Life,28800.0,1340000.0,12,2021-05-20,2022-05-15,Online,ULIP
POL200660,CUST104141,Property,26700.0,1306000.0,12,2021-11-15,2022-11-10,Online,Fire & Allied Perils
POL200661,CUST104572,Motor,11900.0,509000.0,36,2023-11-25,2026-11-09,Agent,Motor Own-Damage
POL200662,CUST103418,Life,25900.0,1384000.0,24,2021-10-22,2023-10-12,Online,Endowment Plan
POL200663,CUST102428,Health,23800.0,699000.0,60,2021-03-25,2026-02-27,Agent,Family Floater
POL200664,CUST103227,Motor,19500.0,1012000.0,24,2024-05-26,2026-05-16,Online,Motor Third-Party
POL200665,CUST103384,Marine,12500.0,207000.0,24,2023-11-22,2025-11-11,Broker,Marine Cargo
POL200666,CUST103836,Motor,19500.0,1026000.0,12,2021-11-28,2022-11-23,Broker,Motor Third-Party
POL200667,CUST100723,Property,6400.0,185000.0,24,2024-09-26,2026-09-16,Bancassurance,Home Shield
POL200668,CUST100375,Life,24500.0,1133000.0,12,2021-06-26,2022-06-21,Agent,ULIP
POL200669,CUST101728,Motor,3300.0,155000.0,24,2023-06-19,2025-06-08,Bancassurance,Motor Comprehensive
POL200670,CUST101299,Life,12600.0,402000.0,24,2023-10-04,2025-09-23,Bancassurance,ULIP
POL200671,CUST103073,Motor,14000.0,354000.0,12,2022-09-06,2023-09-01,Online,Motor Third-Party
POL200672,CUST102608,Motor,12200.0,597000.0,24,2021-11-14,2023-11-04,Online,Motor Own-Damage
POL200673,CUST104592,Motor,24800.0,715000.0,24,2021-01-05,2022-12-26,Agent,Motor Comprehensive
POL200674,CUST103885,Marine,6500.0,192000.0,12,2023-11-23,2024-11-17,Agent,Marine Cargo
POL200675,CUST100738,Marine,8200.0,361000.0,12,2024-06-06,2025-06-01,Direct,Marine Cargo
POL200676,CUST104245,Motor,16100.0,742000.0,12,2022-11-01,2023-10-27,Bancassurance,Motor Own-Damage
POL200677,CUST103853,Health,5300.0,81000.0,36,2022-04-20,2025-04-04,Online,Family Floater
POL200678,CUST101910,Travel,11600.0,436000.0,60,2022-06-13,2027-05-18,Agent,Domestic Travel
POL200679,CUST100289,Life,33500.0,1744000.0,24,2024-02-03,2026-01-23,Agent,Term Life
POL200680,CUST103968,Motor,24300.0,805000.0,24,2021-03-31,2023-03-21,Bancassurance,Motor Comprehensive
POL200681,CUST100965,Health,36800.0,1133000.0,24,2024-12-01,2026-11-21,Bancassurance,Critical Illness
POL200682,CUST101101,Health,15200.0,652000.0,24,2022-03-06,2024-02-24,Agent,Family Floater
POL200683,CUST102352,Health,25300.0,598000.0,12,2024-12-09,2025-12-04,Broker,Critical Illness
POL200684,CUST100412,Health,26200.0,1484000.0,12,2022-01-18,2023-01-13,Broker,Critical Illness
POL200685,CUST101996,Life,5400.0,138000.0,36,2022-08-19,2025-08-03,Agent,ULIP
POL200686,CUST101232,Life,10200.0,472000.0,36,2023-12-26,2026-12-10,Online,Endowment Plan
POL200687,CUST100264,Health,12200.0,554000.0,12,2021-12-06,2022-12-01,Agent,Critical Illness
POL200688,CUST104515,Life,48200.0,2269000.0,12,2023-01-01,2023-12-27,Agent,ULIP
POL200689,CUST101303,Health,29000.0,1530000.0,60,2022-06-09,2027-05-14,Agent,Critical Illness
POL200690,CUST102720,Property,7500.0,289000.0,12,2024-08-25,2025-08-20,Agent,Fire & Allied Perils
POL200691,CUST104083,Motor,35500.0,1975000.0,24,2022-03-09,2024-02-27,Bancassurance,Motor Third-Party
POL200692,CUST102406,Health,11400.0,485000.0,6,2021-04-30,2021-10-27,Agent,Critical Illness
POL200693,CUST101464,Health,21200.0,1237000.0,12,2024-03-17,2025-03-12,Agent,Family Floater
POL200694,CUST103716,Health,12700.0,243000.0,12,2023-01-16,2024-01-11,Agent,Individual Health
POL200695,CUST103460,Life,3500.0,185000.0,12,2021-09-28,2022-09-23,Online,Term Life
POL200696,CUST100050,Health,35800.0,1548000.0,12,2021-12-17,2022-12-12,Broker,Individual Health
POL200697,CUST104095,Health,26900.0,1478000.0,36,2021-07-18,2024-07-02,Agent,Family Floater
POL200698,CUST100591,Health,13500.0,416000.0,6,2022-11-07,2023-05-06,Agent,Family Floater
POL200699,CUST103687,Life,19400.0,861000.0,24,2021-09-05,2023-08-26,Agent,Term Life
POL200700,CUST100498,Life,10300.0,392000.0,12,2021-10-17,2022-10-12,Direct,ULIP
POL200701,CUST100327,Property,9400.0,463000.0,12,2021-09-23,2022-09-18,Broker,Property All-Risk
POL200702,CUST100608,Property,26800.0,1196000.0,36,2022-03-26,2025-03-10,Bancassurance,Fire & Allied Perils
POL200703,CUST103703,Life,24700.0,1363000.0,24,2022-12-04,2024-11-23,Agent,Endowment Plan
POL200704,CUST102267,Motor,41900.0,1439000.0,24,2023-09-24,2025-09-13,Bancassurance,Motor Comprehensive
POL200705,CUST103007,Property,25200.0,1038000.0,12,2024-03-10,2025-03-05,Agent,Home Shield
POL200706,CUST101403,Health,19100.0,1017000.0,36,2024-04-12,2027-03-28,Agent,Family Floater
POL200707,CUST100599,Life,25600.0,1026000.0,36,2024-02-29,2027-02-13,Bancassurance,Term Life
POL200708,CUST103928,Travel,20500.0,702000.0,24,2023-03-23,2025-03-12,Online,Domestic Travel
POL200709,CUST104163,Motor,21500.0,775000.0,12,2024-02-16,2025-02-10,Online,Motor Own-Damage
POL200710,CUST104195,Motor,23900.0,1189000.0,60,2022-04-11,2027-03-16,Agent,Motor Comprehensive
POL200711,CUST100324,Motor,26600.0,1524000.0,6,2021-11-11,2022-05-10,Bancassurance,Motor Third-Party
POL200712,CUST104624,Travel,14700.0,355000.0,24,2022-06-17,2024-06-06,Online,International Travel
POL200713,CUST102709,Health,3000.0,79000.0,12,2022-08-05,2023-07-31,Direct,Family Floater
POL200714,CUST100980,Property,15200.0,360000.0,12,2023-01-22,2024-01-17,Broker,Fire & Allied Perils
POL200715,CUST100993,Motor,8300.0,195000.0,12,2024-08-21,2025-08-16,Agent,Motor Third-Party
POL200716,CUST102514,Motor,30300.0,539000.0,12,2023-03-16,2024-03-10,Bancassurance,Motor Own-Damage
POL200717,CUST103017,Motor,34200.0,1741000.0,12,2024-07-09,2025-07-04,Broker,Motor Third-Party
POL200718,CUST100243,Property,8700.0,263000.0,12,2024-04-10,2025-04-05,Online,Fire & Allied Perils
POL200719,CUST102480,Motor,12500.0,426000.0,12,2021-07-30,2022-07-25,Agent,Motor Own-Damage
POL200720,CUST101199,Marine,14300.0,771000.0,60,2024-10-28,2029-10-02,Online,Marine Hull
POL200721,CUST104589,Life,9100.0,512000.0,12,2022-02-21,2023-02-16,Bancassurance,Endowment Plan
POL200722,CUST103075,Marine,20400.0,807000.0,12,2021-10-20,2022-10-15,Online,Marine Hull
POL200723,CUST101859,Health,6700.0,130000.0,12,2021-04-07,2022-04-02,Broker,Individual Health
POL200724,CUST102111,Health,18100.0,643000.0,12,2024-09-12,2025-09-07,Bancassurance,Critical Illness
POL200725,CUST104186,Motor,24500.0,1375000.0,12,2021-10-04,2022-09-29,Bancassurance,Motor Comprehensive
POL200726,CUST103453,Health,21800.0,1212000.0,12,2023-04-26,2024-04-20,Bancassurance,Family Floater
POL200727,CUST101937,Life,20900.0,619000.0,24,2022-03-20,2024-03-09,Bancassurance,ULIP
POL200728,CUST104196,Motor,9900.0,581000.0,12,2022-06-05,2023-05-31,Bancassurance,Motor Third-Party
POL200729,CUST103108,Travel,33200.0,983000.0,12,2023-04-08,2024-04-02,Online,International Travel
POL200730,CUST100297,Motor,28700.0,1482000.0,12,2021-10-02,2022-09-27,Agent,Motor Comprehensive
POL200731,CUST103153,Motor,12300.0,703000.0,24,2022-09-10,2024-08-30,Broker,Motor Third-Party
POL200732,CUST104693,Life,23200.0,484000.0,6,2023-08-15,2024-02-11,Broker,Endowment Plan
POL200733,CUST104316,Health,11200.0,315000.0,24,2023-01-22,2025-01-11,Agent,Individual Health
POL200734,CUST100212,Motor,23500.0,946000.0,12,2023-09-18,2024-09-12,Agent,Motor Comprehensive
POL200735,CUST104409,Travel,6900.0,218000.0,24,2024-10-27,2026-10-17,Online,Domestic Travel
POL200736,CUST104908,Motor,27500.0,1624000.0,12,2024-08-06,2025-08-01,Direct,Motor Third-Party
POL200737,CUST100813,Health,11600.0,384000.0,12,2021-11-15,2022-11-10,Agent,Individual Health
POL200738,CUST103188,Motor,8500.0,448000.0,24,2022-04-22,2024-04-11,Broker,Motor Own-Damage
POL200739,CUST103775,Motor,7700.0,184000.0,24,2021-04-11,2023-04-01,Direct,Motor Comprehensive
POL200740,CUST100216,Health,18600.0,1102000.0,12,2023-02-25,2024-02-20,Broker,Critical Illness
POL200741,CUST104138,Property,4300.0,206000.0,12,2023-06-26,2024-06-20,Online,Fire & Allied Perils
POL200742,CUST101968,Health,21900.0,342000.0,12,2023-07-24,2024-07-18,Broker,Family Floater
POL200743,CUST101496,Motor,13900.0,316000.0,6,2021-04-14,2021-10-11,Agent,Motor Own-Damage
POL200744,CUST101291,Motor,24600.0,482000.0,12,2024-02-11,2025-02-05,Broker,Motor Third-Party
POL200745,CUST102528,Travel,3700.0,154000.0,60,2021-12-13,2026-11-17,Online,Domestic Travel
POL200746,CUST103992,Motor,16500.0,867000.0,12,2024-05-30,2025-05-25,Bancassurance,Motor Third-Party
POL200747,CUST104107,Health,13700.0,690000.0,12,2022-03-01,2023-02-24,Broker,Family Floater
POL200748,CUST101127,Motor,9200.0,377000.0,12,2023-12-11,2024-12-05,Online,Motor Own-Damage
POL200749,CUST104134,Motor,8100.0,346000.0,24,2021-08-06,2023-07-27,Online,Motor Comprehensive
POL200750,CUST104131,Motor,22800.0,1310000.0,12,2022-03-14,2023-03-09,Agent,Motor Own-Damage
POL200751,CUST100306,Motor,7000.0,248000.0,12,2022-05-06,2023-05-01,Online,Motor Comprehensive
POL200752,CUST101561,Health,15900.0,775000.0,12,2023-01-05,2023-12-31,Bancassurance,Family Floater
POL200753,CUST100075,Health,5700.0,110000.0,24,2023-02-03,2025-01-23,Online,Family Floater
POL200754,CUST104945,Property,4800.0,90000.0,60,2023-02-15,2028-01-20,Online,Property All-Risk
POL200755,CUST102361,Motor,15200.0,345000.0,12,2023-11-09,2024-11-03,Online,Motor Third-Party
POL200756,CUST101352,Health,17900.0,1040000.0,12,2024-11-30,2025-11-25,Broker,Family Floater
POL200757,CUST104471,Health,9300.0,457000.0,12,2021-01-28,2022-01-23,Agent,Family Floater
POL200758,CUST103424,Motor,20900.0,1171000.0,12,2023-02-23,2024-02-18,Online,Motor Comprehensive
POL200759,CUST104701,Motor,28700.0,870000.0,12,2024-11-26,2025-11-21,Bancassurance,Motor Third-Party
POL200760,CUST104000,Motor,23300.0,525000.0,24,2021-03-01,2023-02-19,Online,Motor Comprehensive
POL200761,CUST104777,Motor,15300.0,271000.0,12,2024-04-28,2025-04-23,Bancassurance,Motor Third-Party
POL200762,CUST101082,Health,27600.0,958000.0,12,2023-12-31,2024-12-25,Agent,Family Floater
POL200763,CUST101020,Motor,16900.0,993000.0,6,2024-05-08,2024-11-04,Agent,Motor Own-Damage
POL200764,CUST100378,Health,8400.0,142000.0,6,2022-07-30,2023-01-26,Agent,Individual Health
POL200765,CUST101714,Health,22000.0,1248000.0,36,2023-06-06,2026-05-21,Bancassurance,Family Floater
POL200766,CUST102756,Health,25900.0,710000.0,24,2023-01-26,2025-01-15,Online,Family Floater
POL200767,CUST102825,Motor,6000.0,105000.0,12,2022-08-19,2023-08-14,Bancassurance,Motor Own-Damage
POL200768,CUST103385,Health,13000.0,296000.0,36,2023-12-17,2026-12-01,Agent,Family Floater
POL200769,CUST103666,Health,8500.0,165000.0,60,2023-04-13,2028-03-17,Agent,Family Floater
POL200770,CUST104086,Travel,17200.0,784000.0,24,2024-11-07,2026-10-28,Online,Domestic Travel
POL200771,CUST102599,Motor,14000.0,812000.0,12,2024-03-20,2025-03-15,Agent,Motor Comprehensive
POL200772,CUST101363,Motor,8200.0,488000.0,12,2024-03-21,2025-03-16,Agent,Motor Own-Damage
POL200773,CUST102196,Property,15300.0,278000.0,36,2023-05-22,2026-05-06,Agent,Property All-Risk
POL200774,CUST104361,Motor,18300.0,725000.0,12,2022-01-08,2023-01-03,Agent,Motor Own-Damage
POL200775,CUST104079,Motor,21200.0,733000.0,12,2023-07-28,2024-07-22,Broker,Motor Comprehensive
POL200776,CUST104578,Property,38300.0,1056000.0,12,2021-11-13,2022-11-08,Agent,Property All-Risk
POL200777,CUST102700,Health,13500.0,530000.0,36,2021-10-01,2024-09-15,Agent,Critical Illness
POL200778,CUST103895,Life,16200.0,422000.0,36,2024-11-28,2027-11-13,Agent,ULIP
POL200779,CUST102065,Motor,15700.0,405000.0,24,2022-02-17,2024-02-07,Broker,Motor Own-Damage
POL200780,CUST100037,Motor,47500.0,2754000.0,12,2021-11-08,2022-11-03,Broker,Motor Own-Damage
POL200781,CUST103719,Motor,11500.0,560000.0,24,2023-02-17,2025-02-06,Online,Motor Third-Party
POL200782,CUST100436,Property,13900.0,687000.0,36,2021-07-21,2024-07-05,Online,Home Shield
POL200783,CUST103176,Health,14500.0,551000.0,24,2024-07-01,2026-06-21,Broker,Critical Illness
POL200784,CUST104988,Health,6900.0,235000.0,24,2024-07-29,2026-07-19,Agent,Critical Illness
POL200785,CUST100128,Travel,20500.0,661000.0,12,2023-05-13,2024-05-07,Bancassurance,International Travel
POL200786,CUST103669,Travel,17500.0,370000.0,24,2022-10-12,2024-10-01,Agent,Domestic Travel
POL200787,CUST104340,Motor,11200.0,658000.0,12,2022-10-31,2023-10-26,Agent,Motor Own-Damage
POL200788,CUST103133,Health,21100.0,958000.0,12,2021-03-13,2022-03-08,Bancassurance,Individual Health
POL200789,CUST103449,Life,19200.0,727000.0,12,2022-07-27,2023-07-22,Agent,Endowment Plan
POL200790,CUST104506,Property,8100.0,351000.0,24,2023-05-16,2025-05-05,Agent,Property All-Risk
POL200791,CUST103886,Marine,20600.0,1233000.0,6,2023-07-01,2023-12-28,Agent,Marine Hull
POL200792,CUST100198,Life,4500.0,118000.0,12,2022-06-23,2023-06-18,Broker,Term Life
POL200793,CUST103870,Life,16300.0,889000.0,36,2023-11-02,2026-10-17,Online,Term Life
POL200794,CUST103786,Motor,9300.0,182000.0,12,2022-10-02,2023-09-27,Online,Motor Comprehensive
POL200795,CUST101140,Health,33800.0,516000.0,12,2022-12-28,2023-12-23,Online,Family Floater
POL200796,CUST103273,Life,27600.0,1547000.0,24,2023-05-25,2025-05-14,Agent,ULIP
POL200797,CUST104209,Life,34000.0,642000.0,24,2024-10-21,2026-10-11,Online,ULIP
POL200798,CUST104241,Life,10000.0,459000.0,12,2024-12-19,2025-12-14,Online,Endowment Plan
POL200799,CUST104354,Health,8300.0,303000.0,12,2023-05-15,2024-05-09,Agent,Critical Illness
POL200800,CUST103889,Health,14800.0,496000.0,36,2021-06-11,2024-05-26,Agent,Individual Health
POL200801,CUST100610,Travel,10600.0,631000.0,12,2022-02-17,2023-02-12,Agent,International Travel
POL200802,CUST102424,Health,9300.0,275000.0,24,2021-12-12,2023-12-02,Online,Critical Illness
POL200803,CUST101165,Property,28900.0,555000.0,24,2024-07-26,2026-07-16,Online,Property All-Risk
POL200804,CUST100354,Life,28700.0,746000.0,12,2024-05-06,2025-05-01,Online,ULIP
POL200805,CUST101317,Health,24200.0,1412000.0,12,2022-02-27,2023-02-22,Direct,Family Floater
POL200806,CUST104547,Health,4700.0,268000.0,12,2021-07-19,2022-07-14,Bancassurance,Critical Illness
POL200807,CUST102990,Health,19400.0,546000.0,12,2022-08-15,2023-08-10,Bancassurance,Individual Health
POL200808,CUST103817,Property,13200.0,522000.0,60,2024-11-22,2029-10-27,Bancassurance,Home Shield
POL200809,CUST102514,Motor,23000.0,957000.0,36,2021-01-27,2024-01-12,Agent,Motor Own-Damage
POL200810,CUST101781,Marine,22400.0,1323000.0,36,2022-04-25,2025-04-09,Agent,Marine Hull
POL200811,CUST102414,Property,18100.0,779000.0,60,2021-07-20,2026-06-24,Agent,Home Shield
POL200812,CUST104919,Health,29000.0,1544000.0,12,2023-07-10,2024-07-04,Agent,Individual Health
POL200813,CUST101434,Motor,17800.0,383000.0,24,2024-06-16,2026-06-06,Agent,Motor Own-Damage
POL200814,CUST101555,Motor,4200.0,156000.0,12,2021-10-14,2022-10-09,Agent,Motor Own-Damage
POL200815,CUST104235,Motor,12700.0,627000.0,6,2022-07-17,2023-01-13,Online,Motor Third-Party
POL200816,CUST101852,Motor,10000.0,169000.0,12,2022-04-08,2023-04-03,Agent,Motor Comprehensive
POL200817,CUST104519,Motor,8200.0,282000.0,12,2021-07-12,2022-07-07,Agent,Motor Third-Party
POL200818,CUST104873,Travel,8600.0,495000.0,60,2023-03-22,2028-02-24,Bancassurance,International Travel
POL200819,CUST100330,Life,11600.0,581000.0,24,2021-08-31,2023-08-21,Agent,ULIP
POL200820,CUST103340,Property,10600.0,225000.0,24,2024-11-09,2026-10-30,Online,Home Shield
POL200821,CUST100470,Health,20100.0,744000.0,12,2022-04-01,2023-03-27,Bancassurance,Family Floater
POL200822,CUST104395,Life,9600.0,343000.0,6,2022-07-08,2023-01-04,Agent,ULIP
POL200823,CUST100576,Marine,20700.0,423000.0,12,2023-08-20,2024-08-14,Agent,Marine Hull
POL200824,CUST104438,Motor,25500.0,737000.0,24,2024-08-11,2026-08-01,Agent,Motor Third-Party
POL200825,CUST103846,Life,20400.0,472000.0,12,2021-06-03,2022-05-29,Online,Endowment Plan
POL200826,CUST102682,Marine,16500.0,981000.0,24,2021-11-01,2023-10-22,Bancassurance,Marine Hull
POL200827,CUST101039,Travel,21600.0,814000.0,12,2024-11-30,2025-11-25,Online,Domestic Travel
POL200828,CUST101334,Health,8400.0,184000.0,12,2021-02-21,2022-02-16,Broker,Family Floater
POL200829,CUST102156,Property,4600.0,166000.0,12,2021-11-15,2022-11-10,Broker,Fire & Allied Perils
POL200830,CUST104237,Health,22200.0,423000.0,60,2024-05-11,2029-04-15,Broker,Individual Health
POL200831,CUST104488,Motor,17700.0,936000.0,24,2024-08-27,2026-08-17,Agent,Motor Comprehensive
POL200832,CUST102509,Motor,35300.0,1545000.0,12,2023-10-25,2024-10-19,Online,Motor Third-Party
POL200833,CUST101164,Health,25700.0,988000.0,12,2023-05-10,2024-05-04,Agent,Individual Health
POL200834,CUST102821,Motor,12700.0,608000.0,24,2021-06-18,2023-06-08,Online,Motor Own-Damage
POL200835,CUST104158,Motor,13700.0,396000.0,24,2021-06-28,2023-06-18,Bancassurance,Motor Third-Party
POL200836,CUST102706,Motor,16800.0,560000.0,12,2021-01-31,2022-01-26,Broker,Motor Third-Party
POL200837,CUST104452,Property,14100.0,269000.0,24,2021-12-22,2023-12-12,Bancassurance,Fire & Allied Perils
POL200838,CUST100047,Marine,16600.0,429000.0,12,2024-04-13,2025-04-08,Broker,Marine Cargo
POL200839,CUST102509,Property,10900.0,179000.0,6,2022-05-12,2022-11-08,Agent,Fire & Allied Perils
POL200840,CUST100229,Health,23600.0,465000.0,24,2021-09-07,2023-08-28,Agent,Individual Health
POL200841,CUST103058,Travel,19800.0,880000.0,60,2021-11-03,2026-10-08,Online,International Travel
POL200842,CUST103081,Health,14700.0,370000.0,12,2022-12-01,2023-11-26,Online,Family Floater
POL200843,CUST101561,Health,7600.0,116000.0,24,2022-09-03,2024-08-23,Agent,Critical Illness
POL200844,CUST103972,Health,14600.0,348000.0,12,2024-05-30,2025-05-25,Agent,Individual Health
POL200845,CUST104756,Motor,18300.0,528000.0,12,2024-05-04,2025-04-29,Broker,Motor Comprehensive
POL200846,CUST102285,Life,14100.0,301000.0,36,2023-04-12,2026-03-27,Bancassurance,Endowment Plan
POL200847,CUST102174,Health,12300.0,302000.0,60,2024-11-16,2029-10-21,Online,Critical Illness
POL200848,CUST100952,Travel,3600.0,212000.0,12,2024-08-07,2025-08-02,Agent,Domestic Travel
POL200849,CUST100140,Motor,48500.0,780000.0,24,2021-05-14,2023-05-04,Agent,Motor Third-Party
POL200850,CUST102033,Motor,9200.0,372000.0,12,2021-02-24,2022-02-19,Online,Motor Comprehensive
POL200851,CUST102207,Health,18900.0,950000.0,12,2021-07-28,2022-07-23,Agent,Family Floater
POL200852,CUST103841,Motor,8200.0,485000.0,24,2022-09-11,2024-08-31,Online,Motor Third-Party
POL200853,CUST104310,Travel,18000.0,560000.0,12,2022-11-02,2023-10-28,Agent,Domestic Travel
POL200854,CUST100543,Health,18900.0,543000.0,12,2021-10-15,2022-10-10,Agent,Individual Health
POL200855,CUST100762,Health,12900.0,439000.0,36,2023-10-13,2026-09-27,Bancassurance,Individual Health
POL200856,CUST102800,Life,14100.0,610000.0,12,2022-08-10,2023-08-05,Bancassurance,Term Life
POL200857,CUST101877,Health,10400.0,362000.0,12,2021-07-17,2022-07-12,Direct,Critical Illness
POL200858,CUST103511,Motor,48500.0,1447000.0,12,2024-01-17,2025-01-11,Agent,Motor Third-Party
POL200859,CUST101612,Health,24500.0,1373000.0,12,2023-12-16,2024-12-10,Online,Family Floater
POL200860,CUST102079,Motor,16500.0,553000.0,24,2024-07-27,2026-07-17,Broker,Motor Third-Party
POL200861,CUST102220,Life,11100.0,259000.0,12,2024-12-28,2025-12-23,Agent,ULIP
POL200862,CUST103006,Property,23100.0,1382000.0,12,2021-08-05,2022-07-31,Online,Home Shield
POL200863,CUST100348,Motor,23300.0,943000.0,24,2021-12-28,2023-12-18,Online,Motor Own-Damage
POL200864,CUST104417,Life,8300.0,442000.0,12,2022-05-21,2023-05-16,Agent,Term Life
POL200865,CUST101694,Life,5600.0,165000.0,6,2024-08-20,2025-02-16,Online,ULIP
POL200866,CUST101064,Health,11000.0,280000.0,24,2022-10-10,2024-09-29,Direct,Individual Health
POL200867,CUST103202,Health,10700.0,252000.0,60,2024-08-07,2029-07-12,Agent,Family Floater
POL200868,CUST100675,Health,6000.0,294000.0,60,2021-12-29,2026-12-03,Agent,Critical Illness
POL200869,CUST102950,Health,9100.0,532000.0,24,2022-03-30,2024-03-19,Broker,Family Floater
POL200870,CUST100304,Health,7700.0,442000.0,12,2021-10-17,2022-10-12,Agent,Family Floater
POL200871,CUST101318,Motor,29300.0,1372000.0,36,2022-06-12,2025-05-27,Agent,Motor Third-Party
POL200872,CUST103631,Health,18300.0,870000.0,12,2024-04-14,2025-04-09,Bancassurance,Critical Illness
POL200873,CUST101859,Life,19600.0,528000.0,24,2022-04-14,2024-04-03,Online,Term Life
POL200874,CUST104502,Health,24000.0,765000.0,36,2024-06-20,2027-06-05,Broker,Individual Health
POL200875,CUST101778,Travel,8100.0,146000.0,36,2021-11-24,2024-11-08,Bancassurance,Domestic Travel
POL200876,CUST103451,Motor,19900.0,803000.0,12,2021-02-14,2022-02-09,Online,Motor Own-Damage
POL200877,CUST100149,Health,12200.0,709000.0,60,2023-04-03,2028-03-07,Agent,Critical Illness
POL200878,CUST104882,Life,29200.0,1311000.0,6,2024-09-06,2025-03-05,Online,ULIP
POL200879,CUST103079,Health,27000.0,930000.0,6,2022-01-11,2022-07-10,Agent,Family Floater
POL200880,CUST103540,Travel,32500.0,935000.0,24,2024-02-28,2026-02-17,Broker,Domestic Travel
POL200881,CUST101626,Health,8700.0,324000.0,60,2024-10-03,2029-09-07,Bancassurance,Critical Illness
POL200882,CUST101442,Health,14200.0,434000.0,12,2022-02-26,2023-02-21,Online,Individual Health
POL200883,CUST102183,Life,10600.0,600000.0,12,2021-06-19,2022-06-14,Bancassurance,Term Life
POL200884,CUST101277,Life,10100.0,474000.0,60,2023-07-22,2028-06-25,Online,Endowment Plan
POL200885,CUST100103,Property,10900.0,291000.0,36,2023-11-25,2026-11-09,Online,Home Shield
POL200886,CUST103333,Property,22200.0,768000.0,12,2022-11-07,2023-11-02,Agent,Home Shield
POL200887,CUST103583,Motor,10300.0,160000.0,36,2023-07-13,2026-06-27,Agent,Motor Third-Party
POL200888,CUST103379,Property,9100.0,145000.0,12,2021-10-29,2022-10-24,Agent,Property All-Risk
POL200889,CUST102769,Life,10100.0,354000.0,12,2022-03-15,2023-03-10,Bancassurance,Endowment Plan
POL200890,CUST102619,Life,6300.0,218000.0,12,2021-06-10,2022-06-05,Agent,Term Life
POL200891,CUST104927,Health,10400.0,162000.0,12,2023-01-18,2024-01-13,Direct,Family Floater
POL200892,CUST102634,Marine,27500.0,867000.0,24,2023-05-13,2025-05-02,Agent,Marine Hull
POL200893,CUST103529,Life,41900.0,1141000.0,12,2024-05-19,2025-05-14,Bancassurance,ULIP
POL200894,CUST102083,Motor,12300.0,339000.0,12,2021-02-19,2022-02-14,Agent,Motor Own-Damage
POL200895,CUST100165,Health,28300.0,853000.0,24,2024-02-22,2026-02-11,Bancassurance,Critical Illness
POL200896,CUST101749,Life,35800.0,1500000.0,36,2024-03-17,2027-03-02,Broker,Endowment Plan
POL200897,CUST103606,Marine,26700.0,1271000.0,6,2024-02-28,2024-08-26,Online,Marine Cargo
POL200898,CUST103170,Health,4500.0,147000.0,24,2023-08-22,2025-08-11,Bancassurance,Individual Health
POL200899,CUST103468,Property,12200.0,722000.0,36,2023-11-30,2026-11-14,Online,Fire & Allied Perils
POL200900,CUST103737,Health,31500.0,1297000.0,24,2023-08-07,2025-07-27,Bancassurance,Critical Illness
POL200901,CUST101091,Health,22800.0,1053000.0,12,2021-10-27,2022-10-22,Agent,Individual Health
POL200902,CUST104067,Life,25500.0,902000.0,24,2023-03-05,2025-02-22,Agent,Term Life
POL200903,CUST103572,Motor,15500.0,888000.0,24,2022-01-31,2024-01-21,Bancassurance,Motor Third-Party
POL200904,CUST101539,Motor,18600.0,730000.0,12,2023-06-20,2024-06-14,Online,Motor Own-Damage
POL200905,CUST102518,Life,13100.0,636000.0,36,2024-04-09,2027-03-25,Agent,ULIP
POL200906,CUST104288,Motor,28100.0,1080000.0,12,2024-09-01,2025-08-27,Bancassurance,Motor Comprehensive
POL200907,CUST100835,Motor,13200.0,713000.0,36,2023-09-18,2026-09-02,Agent,Motor Own-Damage
POL200908,CUST101513,Motor,17000.0,840000.0,12,2023-03-26,2024-03-20,Online,Motor Comprehensive
POL200909,CUST100960,Motor,11000.0,573000.0,12,2021-10-20,2022-10-15,Agent,Motor Own-Damage
POL200910,CUST101524,Motor,9200.0,164000.0,24,2022-02-09,2024-01-30,Agent,Motor Comprehensive
POL200911,CUST101023,Health,29400.0,1198000.0,12,2021-08-27,2022-08-22,Bancassurance,Family Floater
POL200912,CUST104030,Travel,27800.0,1071000.0,24,2023-11-22,2025-11-11,Bancassurance,Domestic Travel
POL200913,CUST104955,Life,10200.0,332000.0,12,2022-12-13,2023-12-08,Online,Endowment Plan
POL200914,CUST104846,Life,18800.0,517000.0,12,2022-05-06,2023-05-01,Agent,Term Life
POL200915,CUST101790,Motor,27700.0,1435000.0,12,2023-03-29,2024-03-23,Broker,Motor Third-Party
POL200916,CUST104661,Motor,46000.0,1289000.0,12,2024-06-17,2025-06-12,Bancassurance,Motor Own-Damage
POL200917,CUST100408,Marine,19700.0,798000.0,6,2022-06-29,2022-12-26,Bancassurance,Marine Hull
POL200918,CUST100555,Life,27000.0,1009000.0,24,2022-10-05,2024-09-24,Agent,Endowment Plan
POL200919,CUST101627,Property,26700.0,1013000.0,12,2022-06-13,2023-06-08,Agent,Fire & Allied Perils
POL200920,CUST101442,Health,24700.0,1408000.0,12,2022-01-25,2023-01-20,Online,Critical Illness
POL200921,CUST104588,Health,5100.0,282000.0,24,2022-11-15,2024-11-04,Bancassurance,Family Floater
POL200922,CUST103799,Health,18400.0,764000.0,24,2021-04-24,2023-04-14,Bancassurance,Critical Illness
POL200923,CUST103766,Motor,13300.0,321000.0,12,2021-05-08,2022-05-03,Bancassurance,Motor Own-Damage
POL200924,CUST104031,Property,9000.0,210000.0,24,2022-05-02,2024-04-21,Online,Property All-Risk
POL200925,CUST103626,Health,8300.0,165000.0,12,2024-02-27,2025-02-21,Bancassurance,Critical Illness
POL200926,CUST102521,Health,11000.0,394000.0,6,2023-01-27,2023-07-26,Bancassurance,Critical Illness
POL200927,CUST100293,Motor,31100.0,732000.0,12,2022-10-30,2023-10-25,Direct,Motor Third-Party
POL200928,CUST100080,Life,8100.0,284000.0,12,2021-04-27,2022-04-22,Online,ULIP
POL200929,CUST104878,Property,24900.0,765000.0,24,2021-04-13,2023-04-03,Agent,Fire & Allied Perils
POL200930,CUST102509,Health,34900.0,573000.0,24,2024-11-26,2026-11-16,Agent,Family Floater
POL200931,CUST104765,Travel,11000.0,556000.0,12,2023-01-17,2024-01-12,Bancassurance,Domestic Travel
POL200932,CUST100155,Motor,33400.0,1929000.0,12,2023-06-04,2024-05-29,Agent,Motor Comprehensive
POL200933,CUST103179,Property,28300.0,942000.0,12,2022-05-19,2023-05-14,Agent,Property All-Risk
POL200934,CUST101406,Life,13100.0,381000.0,24,2024-01-24,2026-01-13,Online,Endowment Plan
POL200935,CUST101821,Marine,17400.0,300000.0,24,2024-03-02,2026-02-20,Bancassurance,Marine Hull
POL200936,CUST103284,Life,9900.0,156000.0,12,2021-04-26,2022-04-21,Broker,Term Life
POL200937,CUST102476,Health,15000.0,653000.0,12,2023-02-14,2024-02-09,Agent,Critical Illness
POL200938,CUST100673,Health,59100.0,2322000.0,36,2022-08-16,2025-07-31,Online,Critical Illness
POL200939,CUST104998,Property,16800.0,845000.0,24,2024-05-19,2026-05-09,Online,Home Shield
POL200940,CUST103562,Property,11700.0,462000.0,12,2022-07-20,2023-07-15,Broker,Fire & Allied Perils
POL200941,CUST101803,Life,5200.0,123000.0,12,2021-10-27,2022-10-22,Broker,Endowment Plan
POL200942,CUST103106,Life,19700.0,1060000.0,36,2023-09-07,2026-08-22,Direct,ULIP
POL200943,CUST100757,Health,8900.0,489000.0,24,2022-03-23,2024-03-12,Agent,Individual Health
POL200944,CUST102148,Motor,7100.0,356000.0,12,2022-11-21,2023-11-16,Agent,Motor Third-Party
POL200945,CUST102124,Motor,19500.0,1127000.0,12,2021-12-14,2022-12-09,Direct,Motor Own-Damage
POL200946,CUST101860,Life,9700.0,528000.0,12,2022-01-02,2022-12-28,Broker,ULIP
POL200947,CUST102418,Life,25400.0,916000.0,12,2024-09-25,2025-09-20,Broker,Term Life
POL200948,CUST104573,Life,4900.0,259000.0,12,2023-12-29,2024-12-23,Online,Term Life
POL200949,CUST100034,Health,21900.0,1049000.0,12,2022-03-27,2023-03-22,Broker,Critical Illness
POL200950,CUST102765,Health,38100.0,1417000.0,12,2023-10-11,2024-10-05,Bancassurance,Individual Health
POL200951,CUST104703,Motor,20600.0,690000.0,36,2023-02-17,2026-02-01,Agent,Motor Third-Party
POL200952,CUST104444,Motor,26200.0,1215000.0,12,2022-08-21,2023-08-16,Direct,Motor Own-Damage
POL200953,CUST104487,Motor,10500.0,191000.0,12,2021-08-27,2022-08-22,Agent,Motor Third-Party
POL200954,CUST102062,Life,26800.0,1219000.0,12,2024-07-02,2025-06-27,Broker,Endowment Plan
POL200955,CUST102835,Property,20400.0,691000.0,12,2021-01-16,2022-01-11,Bancassurance,Property All-Risk
POL200956,CUST102973,Marine,17700.0,570000.0,6,2021-07-25,2022-01-21,Online,Marine Hull
POL200957,CUST104188,Motor,31300.0,1132000.0,12,2022-11-24,2023-11-19,Bancassurance,Motor Own-Damage
POL200958,CUST104773,Property,22800.0,1301000.0,12,2023-01-21,2024-01-16,Online,Fire & Allied Perils
POL200959,CUST101274,Life,9200.0,543000.0,12,2023-05-12,2024-05-06,Broker,ULIP
POL200960,CUST100620,Health,12900.0,760000.0,12,2024-05-25,2025-05-20,Online,Critical Illness
POL200961,CUST101324,Life,35300.0,1556000.0,36,2024-12-11,2027-11-26,Broker,ULIP
POL200962,CUST101313,Travel,8600.0,442000.0,12,2023-10-29,2024-10-23,Bancassurance,International Travel
POL200963,CUST101501,Health,8600.0,193000.0,24,2024-11-19,2026-11-09,Agent,Critical Illness
POL200964,CUST104583,Life,25300.0,982000.0,12,2023-02-08,2024-02-03,Broker,ULIP
POL200965,CUST101076,Motor,12600.0,366000.0,12,2024-07-06,2025-07-01,Direct,Motor Own-Damage
POL200966,CUST102110,Motor,38600.0,877000.0,12,2021-05-19,2022-05-14,Agent,Motor Third-Party
POL200967,CUST101788,Motor,23100.0,1078000.0,12,2023-05-16,2024-05-10,Broker,Motor Third-Party
POL200968,CUST101360,Motor,13300.0,205000.0,24,2021-02-20,2023-02-10,Online,Motor Third-Party
POL200969,CUST100982,Life,20500.0,1106000.0,24,2024-03-03,2026-02-21,Bancassurance,ULIP
POL200970,CUST104986,Motor,10500.0,626000.0,12,2023-09-05,2024-08-30,Agent,Motor Third-Party
POL200971,CUST103132,Life,42100.0,1239000.0,60,2022-08-30,2027-08-04,Broker,ULIP
POL200972,CUST100511,Property,18100.0,379000.0,36,2022-10-02,2025-09-16,Direct,Fire & Allied Perils
POL200973,CUST103274,Property,14000.0,708000.0,12,2024-12-04,2025-11-29,Agent,Fire & Allied Perils
POL200974,CUST103057,Motor,11600.0,592000.0,12,2022-09-02,2023-08-28,Agent,Motor Own-Damage
POL200975,CUST101795,Motor,9000.0,452000.0,60,2024-12-28,2029-12-02,Agent,Motor Comprehensive
POL200976,CUST103940,Health,9900.0,463000.0,60,2022-07-25,2027-06-29,Broker,Family Floater
POL200977,CUST104011,Motor,11000.0,556000.0,12,2024-09-07,2025-09-02,Broker,Motor Comprehensive
POL200978,CUST103933,Health,6200.0,334000.0,24,2021-09-11,2023-09-01,Bancassurance,Critical Illness
POL200979,CUST103195,Health,13200.0,218000.0,36,2021-06-29,2024-06-13,Broker,Critical Illness
POL200980,CUST102209,Life,14700.0,876000.0,36,2023-03-30,2026-03-14,Agent,Endowment Plan
POL200981,CUST101034,Motor,20700.0,1023000.0,24,2024-09-19,2026-09-09,Online,Motor Comprehensive
POL200982,CUST100219,Motor,10100.0,399000.0,12,2022-07-09,2023-07-04,Online,Motor Comprehensive
POL200983,CUST104591,Property,9600.0,316000.0,12,2022-07-13,2023-07-08,Agent,Fire & Allied Perils
POL200984,CUST104205,Travel,15600.0,928000.0,24,2021-04-18,2023-04-08,Agent,International Travel
POL200985,CUST101006,Life,14100.0,270000.0,12,2023-03-20,2024-03-14,Agent,Term Life
POL200986,CUST104013,Health,19800.0,981000.0,24,2024-09-17,2026-09-07,Direct,Individual Health
POL200987,CUST100239,Life,5000.0,106000.0,12,2022-04-26,2023-04-21,Bancassurance,Term Life
POL200988,CUST101186,Motor,20600.0,827000.0,12,2022-12-31,2023-12-26,Agent,Motor Own-Damage
POL200989,CUST100751,Marine,15400.0,554000.0,24,2022-05-21,2024-05-10,Agent,Marine Cargo
POL200990,CUST101702,Motor,3500.0,69000.0,36,2021-12-31,2024-12-15,Direct,Motor Own-Damage
POL200991,CUST101598,Life,13400.0,309000.0,12,2021-09-30,2022-09-25,Agent,ULIP
POL200992,CUST102562,Motor,24500.0,766000.0,24,2023-10-25,2025-10-14,Broker,Motor Third-Party
POL200993,CUST102293,Life,16600.0,492000.0,12,2023-03-04,2024-02-27,Online,ULIP
POL200994,CUST100570,Life,14300.0,366000.0,12,2024-05-25,2025-05-20,Bancassurance,ULIP
POL200995,CUST100749,Life,10400.0,384000.0,24,2021-12-22,2023-12-12,Agent,Term Life
POL200996,CUST104102,Health,5000.0,209000.0,24,2022-03-14,2024-03-03,Agent,Individual Health
POL200997,CUST102740,Life,16000.0,755000.0,24,2023-10-07,2025-09-26,Broker,Endowment Plan
POL200998,CUST104610,Life,27700.0,818000.0,12,2024-09-17,2025-09-12,Bancassurance,Endowment Plan
POL200999,CUST100653,Life,35300.0,1561000.0,24,2021-07-02,2023-06-22,Agent,ULIP
POL201000,CUST101540,Health,8400.0,356000.0,12,2023-05-14,2024-05-08,Online,Critical Illness
POL201001,CUST100789,Health,16900.0,789000.0,12,2021-06-06,2022-06-01,Bancassurance,Critical Illness
POL201002,CUST104620,Life,17500.0,1016000.0,24,2022-01-15,2024-01-05,Bancassurance,Term Life
POL201003,CUST100794,Motor,12200.0,678000.0,12,2021-01-29,2022-01-24,Agent,Motor Own-Damage
POL201004,CUST104004,Life,28000.0,1475000.0,6,2023-10-24,2024-04-21,Online,ULIP
POL201005,CUST100961,Motor,17900.0,841000.0,12,2023-09-04,2024-08-29,Online,Motor Own-Damage
POL201006,CUST103639,Life,6800.0,188000.0,12,2023-06-25,2024-06-19,Direct,Endowment Plan
POL201007,CUST102276,Health,14400.0,311000.0,60,2024-09-11,2029-08-16,Agent,Critical Illness
POL201008,CUST104845,Property,25400.0,1175000.0,60,2024-09-10,2029-08-15,Broker,Home Shield
POL201009,CUST100349,Motor,7400.0,307000.0,12,2023-02-23,2024-02-18,Bancassurance,Motor Comprehensive
POL201010,CUST101623,Health,15500.0,628000.0,24,2024-07-16,2026-07-06,Agent,Individual Health
POL201011,CUST103615,Motor,16200.0,759000.0,12,2021-04-08,2022-04-03,Online,Motor Own-Damage
POL201012,CUST104578,Property,17900.0,775000.0,12,2023-06-01,2024-05-26,Bancassurance,Home Shield
POL201013,CUST102695,Motor,23400.0,594000.0,24,2024-01-11,2025-12-31,Agent,Motor Comprehensive
POL201014,CUST100492,Health,11200.0,628000.0,60,2023-07-14,2028-06-17,Agent,Family Floater
POL201015,CUST103146,Motor,38800.0,2120000.0,12,2022-06-18,2023-06-13,Direct,Motor Comprehensive
POL201016,CUST102390,Property,19200.0,397000.0,12,2021-11-09,2022-11-04,Online,Home Shield
POL201017,CUST103874,Motor,45400.0,1898000.0,60,2021-01-25,2025-12-30,Direct,Motor Own-Damage
POL201018,CUST102760,Life,12300.0,688000.0,24,2023-12-27,2025-12-16,Online,ULIP
POL201019,CUST104489,Motor,21400.0,964000.0,12,2021-01-07,2022-01-02,Online,Motor Third-Party
POL201020,CUST100614,Health,2000.0,77000.0,6,2024-04-11,2024-10-08,Agent,Family Floater
POL201021,CUST103119,Motor,40600.0,2277000.0,24,2024-09-09,2026-08-30,Bancassurance,Motor Own-Damage
POL201022,CUST103686,Health,19700.0,979000.0,24,2024-12-19,2026-12-09,Agent,Individual Health
POL201023,CUST102029,Motor,12300.0,548000.0,12,2022-01-26,2023-01-21,Agent,Motor Own-Damage
POL201024,CUST102375,Travel,5900.0,203000.0,24,2021-11-19,2023-11-09,Bancassurance,Domestic Travel
POL201025,CUST103476,Health,20000.0,999000.0,12,2023-12-28,2024-12-22,Agent,Family Floater
POL201026,CUST102277,Life,11400.0,618000.0,12,2023-03-23,2024-03-17,Direct,ULIP
POL201027,CUST101962,Motor,27200.0,609000.0,12,2021-11-06,2022-11-01,Agent,Motor Own-Damage
POL201028,CUST102907,Motor,38000.0,1762000.0,36,2024-11-19,2027-11-04,Agent,Motor Own-Damage
POL201029,CUST104018,Property,18100.0,840000.0,12,2022-11-12,2023-11-07,Online,Fire & Allied Perils
POL201030,CUST100673,Life,25000.0,540000.0,12,2023-11-17,2024-11-11,Agent,ULIP
POL201031,CUST104369,Life,13500.0,718000.0,24,2022-03-11,2024-02-29,Online,Term Life
POL201032,CUST101000,Life,3000.0,162000.0,6,2022-04-30,2022-10-27,Broker,Endowment Plan
POL201033,CUST100488,Motor,20800.0,439000.0,24,2024-12-21,2026-12-11,Agent,Motor Comprehensive
POL201034,CUST100903,Travel,23900.0,1146000.0,6,2021-03-07,2021-09-03,Agent,Domestic Travel
POL201035,CUST100383,Health,13600.0,348000.0,12,2022-10-14,2023-10-09,Direct,Family Floater
POL201036,CUST104759,Property,5400.0,137000.0,12,2024-11-29,2025-11-24,Broker,Property All-Risk
POL201037,CUST101459,Life,11300.0,234000.0,60,2024-12-29,2029-12-03,Agent,Term Life
POL201038,CUST103865,Motor,20200.0,928000.0,12,2023-07-25,2024-07-19,Bancassurance,Motor Comprehensive
POL201039,CUST100912,Health,13300.0,743000.0,12,2021-04-30,2022-04-25,Agent,Family Floater
POL201040,CUST102645,Travel,14400.0,588000.0,24,2024-04-13,2026-04-03,Broker,Domestic Travel
POL201041,CUST102129,Motor,34900.0,929000.0,36,2021-12-02,2024-11-16,Agent,Motor Own-Damage
POL201042,CUST103297,Health,19600.0,461000.0,12,2021-04-26,2022-04-21,Broker,Critical Illness
POL201043,CUST104942,Life,43800.0,987000.0,12,2023-07-01,2024-06-25,Agent,Term Life
POL201044,CUST103249,Health,6500.0,157000.0,12,2023-04-24,2024-04-18,Agent,Family Floater
POL201045,CUST103509,Health,5500.0,219000.0,12,2022-01-13,2023-01-08,Agent,Critical Illness
POL201046,CUST101311,Life,22800.0,1363000.0,12,2024-09-06,2025-09-01,Bancassurance,Endowment Plan
POL201047,CUST100609,Marine,29100.0,1661000.0,12,2023-06-20,2024-06-14,Broker,Marine Cargo
POL201048,CUST100433,Health,22300.0,429000.0,24,2023-07-10,2025-06-29,Agent,Family Floater
POL201049,CUST101500,Travel,49700.0,1197000.0,12,2021-08-22,2022-08-17,Agent,International Travel
POL201050,CUST102774,Motor,35800.0,1635000.0,24,2022-07-10,2024-06-29,Online,Motor Comprehensive
POL201051,CUST100302,Motor,30600.0,1409000.0,24,2023-04-13,2025-04-02,Agent,Motor Third-Party
POL201052,CUST101315,Motor,10200.0,249000.0,6,2022-03-13,2022-09-09,Agent,Motor Own-Damage
POL201053,CUST103156,Health,9500.0,551000.0,12,2023-05-04,2024-04-28,Bancassurance,Individual Health
POL201054,CUST104367,Life,31300.0,1296000.0,12,2021-05-26,2022-05-21,Bancassurance,Term Life
POL201055,CUST104947,Motor,14300.0,555000.0,12,2023-09-05,2024-08-30,Online,Motor Own-Damage
POL201056,CUST101180,Health,26600.0,1384000.0,60,2021-01-05,2025-12-10,Agent,Individual Health
POL201057,CUST100510,Life,14300.0,456000.0,24,2024-02-11,2026-01-31,Agent,Endowment Plan
POL201058,CUST102864,Life,4800.0,226000.0,36,2022-05-16,2025-04-30,Bancassurance,Term Life
POL201059,CUST104690,Life,32700.0,1842000.0,12,2024-09-24,2025-09-19,Bancassurance,ULIP
POL201060,CUST102100,Life,23300.0,1345000.0,24,2023-04-11,2025-03-31,Online,Endowment Plan
POL201061,CUST104520,Travel,11500.0,193000.0,12,2022-06-19,2023-06-14,Agent,Domestic Travel
POL201062,CUST103714,Life,3300.0,60000.0,36,2024-08-06,2027-07-22,Agent,ULIP
POL201063,CUST104493,Marine,42700.0,2001000.0,36,2023-06-24,2026-06-08,Agent,Marine Cargo
POL201064,CUST104753,Travel,26400.0,401000.0,6,2024-12-09,2025-06-07,Bancassurance,International Travel
POL201065,CUST100536,Property,24200.0,1085000.0,24,2021-08-01,2023-07-22,Agent,Home Shield
POL201066,CUST102057,Motor,27300.0,1420000.0,12,2021-05-24,2022-05-19,Agent,Motor Third-Party
POL201067,CUST100249,Health,7200.0,137000.0,24,2024-11-02,2026-10-23,Online,Individual Health
POL201068,CUST100221,Health,35800.0,575000.0,36,2022-02-23,2025-02-07,Direct,Individual Health
POL201069,CUST102375,Motor,2000.0,76000.0,12,2023-11-17,2024-11-11,Agent,Motor Third-Party
POL201070,CUST103307,Health,9900.0,588000.0,12,2021-02-16,2022-02-11,Agent,Family Floater
POL201071,CUST104430,Motor,11100.0,434000.0,12,2021-06-04,2022-05-30,Bancassurance,Motor Own-Damage
POL201072,CUST100645,Life,10800.0,636000.0,24,2022-05-20,2024-05-09,Broker,Endowment Plan
POL201073,CUST100166,Property,15400.0,717000.0,12,2024-04-25,2025-04-20,Bancassurance,Property All-Risk
POL201074,CUST100522,Health,25500.0,730000.0,60,2023-08-12,2028-07-16,Bancassurance,Critical Illness
POL201075,CUST104633,Travel,7200.0,186000.0,12,2021-04-21,2022-04-16,Broker,Domestic Travel
POL201076,CUST103307,Property,5700.0,241000.0,12,2022-08-30,2023-08-25,Online,Property All-Risk
POL201077,CUST102406,Property,28500.0,854000.0,60,2022-05-02,2027-04-06,Broker,Fire & Allied Perils
POL201078,CUST100514,Motor,13000.0,335000.0,24,2024-03-31,2026-03-21,Agent,Motor Comprehensive
POL201079,CUST101854,Travel,10500.0,344000.0,12,2021-05-12,2022-05-07,Online,International Travel
POL201080,CUST100643,Motor,38500.0,1500000.0,24,2021-04-08,2023-03-29,Agent,Motor Own-Damage
POL201081,CUST100150,Property,26800.0,1516000.0,36,2022-04-24,2025-04-08,Bancassurance,Fire & Allied Perils
POL201082,CUST102195,Motor,9900.0,574000.0,24,2023-07-23,2025-07-12,Broker,Motor Own-Damage
POL201083,CUST102513,Motor,2800.0,134000.0,12,2024-03-03,2025-02-26,Online,Motor Own-Damage
POL201084,CUST102261,Health,18300.0,474000.0,12,2024-12-28,2025-12-23,Online,Critical Illness
POL201085,CUST104357,Life,10100.0,361000.0,12,2024-05-08,2025-05-03,Online,Term Life
POL201086,CUST104568,Marine,26300.0,511000.0,12,2021-10-01,2022-09-26,Agent,Marine Hull
POL201087,CUST100608,Life,27400.0,1114000.0,12,2022-07-09,2023-07-04,Broker,Term Life
POL201088,CUST101380,Life,15100.0,662000.0,12,2024-11-09,2025-11-04,Online,ULIP
POL201089,CUST102504,Motor,11500.0,378000.0,12,2023-04-05,2024-03-30,Online,Motor Own-Damage
POL201090,CUST102004,Travel,15500.0,385000.0,24,2024-01-27,2026-01-16,Agent,Domestic Travel
POL201091,CUST102179,Health,13900.0,826000.0,12,2023-11-29,2024-11-23,Agent,Individual Health
POL201092,CUST103537,Marine,21400.0,359000.0,12,2022-04-17,2023-04-12,Agent,Marine Cargo
POL201093,CUST100899,Property,15900.0,762000.0,12,2022-10-25,2023-10-20,Online,Home Shield
POL201094,CUST104135,Health,21700.0,997000.0,24,2022-09-11,2024-08-31,Agent,Critical Illness
POL201095,CUST101323,Health,14500.0,583000.0,60,2024-10-11,2029-09-15,Agent,Individual Health
POL201096,CUST101745,Life,10000.0,234000.0,12,2021-06-05,2022-05-31,Online,Endowment Plan
POL201097,CUST101108,Travel,17900.0,957000.0,24,2021-08-13,2023-08-03,Bancassurance,Domestic Travel
POL201098,CUST103155,Life,11100.0,471000.0,24,2023-09-24,2025-09-13,Bancassurance,ULIP
POL201099,CUST103477,Property,33400.0,1520000.0,60,2023-06-14,2028-05-18,Online,Home Shield
POL201100,CUST103120,Travel,20600.0,966000.0,12,2023-03-31,2024-03-25,Agent,Domestic Travel
POL201101,CUST102467,Health,10600.0,216000.0,36,2023-01-29,2026-01-13,Broker,Critical Illness
POL201102,CUST101516,Health,21300.0,766000.0,24,2021-09-22,2023-09-12,Online,Family Floater
POL201103,CUST103438,Life,21500.0,1086000.0,36,2021-12-11,2024-11-25,Broker,ULIP
POL201104,CUST100593,Motor,19100.0,628000.0,24,2023-02-07,2025-01-27,Bancassurance,Motor Own-Damage
POL201105,CUST101559,Property,11400.0,546000.0,12,2021-04-04,2022-03-30,Online,Property All-Risk
POL201106,CUST103412,Motor,26700.0,852000.0,12,2024-10-28,2025-10-23,Online,Motor Third-Party
POL201107,CUST103461,Life,26800.0,1371000.0,12,2024-11-19,2025-11-14,Agent,Term Life
POL201108,CUST101340,Health,9700.0,515000.0,6,2024-11-14,2025-05-13,Bancassurance,Individual Health
POL201109,CUST101706,Property,7500.0,394000.0,36,2023-09-22,2026-09-06,Agent,Fire & Allied Perils
POL201110,CUST101591,Health,12200.0,542000.0,24,2024-03-05,2026-02-23,Broker,Family Floater
POL201111,CUST104433,Life,22800.0,859000.0,12,2021-12-07,2022-12-02,Direct,Endowment Plan
POL201112,CUST102861,Motor,12000.0,641000.0,12,2021-07-27,2022-07-22,Broker,Motor Own-Damage
POL201113,CUST100593,Property,21500.0,689000.0,12,2023-08-30,2024-08-24,Broker,Home Shield
POL201114,CUST100804,Health,26600.0,1551000.0,12,2022-06-15,2023-06-10,Bancassurance,Family Floater
POL201115,CUST100345,Health,6300.0,330000.0,36,2024-08-29,2027-08-14,Bancassurance,Individual Health
POL201116,CUST101207,Property,26000.0,705000.0,60,2023-06-09,2028-05-13,Bancassurance,Property All-Risk
POL201117,CUST101111,Health,15200.0,485000.0,12,2021-12-17,2022-12-12,Bancassurance,Individual Health
POL201118,CUST102230,Motor,44800.0,2478000.0,24,2021-09-13,2023-09-03,Agent,Motor Comprehensive
POL201119,CUST103736,Motor,14800.0,390000.0,12,2021-11-21,2022-11-16,Online,Motor Comprehensive
POL201120,CUST104392,Health,10900.0,204000.0,24,2024-06-29,2026-06-19,Broker,Critical Illness
POL201121,CUST102792,Motor,20200.0,374000.0,12,2024-06-12,2025-06-07,Bancassurance,Motor Third-Party
POL201122,CUST103861,Health,20800.0,1123000.0,12,2023-10-05,2024-09-29,Broker,Individual Health
POL201123,CUST103274,Motor,49900.0,1582000.0,12,2023-07-02,2024-06-26,Bancassurance,Motor Third-Party
POL201124,CUST101587,Health,13400.0,328000.0,12,2022-02-05,2023-01-31,Online,Critical Illness
POL201125,CUST103059,Health,14700.0,397000.0,12,2022-01-03,2022-12-29,Agent,Critical Illness
POL201126,CUST101510,Health,12000.0,500000.0,12,2024-07-02,2025-06-27,Online,Individual Health
POL201127,CUST101544,Life,18400.0,623000.0,12,2022-12-15,2023-12-10,Agent,Term Life
POL201128,CUST104936,Life,14700.0,315000.0,12,2023-10-05,2024-09-29,Broker,Term Life
POL201129,CUST104553,Health,14800.0,550000.0,12,2024-11-09,2025-11-04,Agent,Family Floater
POL201130,CUST103266,Marine,37300.0,1657000.0,12,2024-04-13,2025-04-08,Agent,Marine Cargo
POL201131,CUST102965,Health,11800.0,387000.0,12,2023-08-27,2024-08-21,Broker,Critical Illness
POL201132,CUST103427,Property,20300.0,868000.0,12,2023-07-26,2024-07-20,Bancassurance,Property All-Risk
POL201133,CUST103764,Health,35900.0,1673000.0,12,2023-12-21,2024-12-15,Agent,Critical Illness
POL201134,CUST100275,Health,13400.0,593000.0,24,2024-11-02,2026-10-23,Agent,Critical Illness
POL201135,CUST101792,Life,14900.0,319000.0,12,2023-09-02,2024-08-27,Bancassurance,Endowment Plan
POL201136,CUST100524,Motor,15600.0,540000.0,12,2024-06-08,2025-06-03,Online,Motor Third-Party
POL201137,CUST102645,Travel,7900.0,442000.0,12,2024-10-11,2025-10-06,Bancassurance,International Travel
POL201138,CUST101472,Health,14100.0,312000.0,12,2024-10-13,2025-10-08,Agent,Family Floater
POL201139,CUST101650,Motor,7600.0,413000.0,6,2023-10-08,2024-04-05,Bancassurance,Motor Comprehensive
POL201140,CUST104210,Health,43600.0,1530000.0,24,2024-09-15,2026-09-05,Agent,Critical Illness
POL201141,CUST101020,Life,12600.0,531000.0,12,2022-12-18,2023-12-13,Agent,Endowment Plan
POL201142,CUST104553,Motor,26800.0,782000.0,24,2023-06-24,2025-06-13,Bancassurance,Motor Third-Party
POL201143,CUST102104,Motor,18000.0,859000.0,12,2023-11-14,2024-11-08,Agent,Motor Own-Damage
POL201144,CUST100955,Marine,9700.0,224000.0,12,2024-05-28,2025-05-23,Online,Marine Hull
POL201145,CUST100716,Health,13900.0,686000.0,12,2021-09-08,2022-09-03,Agent,Critical Illness
POL201146,CUST103570,Motor,11400.0,244000.0,12,2022-06-22,2023-06-17,Agent,Motor Third-Party
POL201147,CUST104513,Motor,10400.0,237000.0,12,2024-03-06,2025-03-01,Agent,Motor Comprehensive
POL201148,CUST104370,Life,11700.0,180000.0,12,2021-05-25,2022-05-20,Online,Endowment Plan
POL201149,CUST100851,Health,19800.0,1066000.0,12,2022-09-14,2023-09-09,Broker,Critical Illness
POL201150,CUST104394,Life,20900.0,1107000.0,12,2022-12-12,2023-12-07,Agent,Endowment Plan
POL201151,CUST101127,Travel,20500.0,668000.0,12,2022-08-16,2023-08-11,Bancassurance,International Travel
POL201152,CUST102294,Motor,19800.0,300000.0,12,2021-07-06,2022-07-01,Broker,Motor Comprehensive
POL201153,CUST100027,Motor,20700.0,1180000.0,12,2023-07-03,2024-06-27,Broker,Motor Comprehensive
POL201154,CUST101293,Motor,11600.0,263000.0,24,2021-10-28,2023-10-18,Agent,Motor Own-Damage
POL201155,CUST101599,Health,23000.0,499000.0,24,2021-06-18,2023-06-08,Online,Individual Health
POL201156,CUST104781,Motor,9900.0,243000.0,6,2023-05-07,2023-11-03,Bancassurance,Motor Third-Party
POL201157,CUST101391,Health,12100.0,322000.0,12,2021-03-29,2022-03-24,Bancassurance,Family Floater
POL201158,CUST101382,Property,4900.0,279000.0,12,2022-01-09,2023-01-04,Broker,Fire & Allied Perils
POL201159,CUST101366,Motor,9200.0,398000.0,36,2024-06-06,2027-05-22,Agent,Motor Own-Damage
POL201160,CUST101263,Marine,20700.0,628000.0,12,2021-01-22,2022-01-17,Broker,Marine Cargo
POL201161,CUST102699,Marine,21900.0,1081000.0,12,2021-03-16,2022-03-11,Agent,Marine Cargo
POL201162,CUST101028,Health,29900.0,1488000.0,12,2022-03-05,2023-02-28,Agent,Individual Health
POL201163,CUST101452,Property,9500.0,248000.0,12,2021-11-28,2022-11-23,Online,Property All-Risk
POL201164,CUST102662,Life,10100.0,231000.0,60,2023-03-27,2028-02-29,Broker,ULIP
POL201165,CUST103782,Health,8200.0,179000.0,12,2021-11-16,2022-11-11,Bancassurance,Individual Health
POL201166,CUST100535,Health,21000.0,652000.0,6,2022-12-16,2023-06-14,Direct,Critical Illness
POL201167,CUST101742,Motor,8800.0,143000.0,24,2021-04-26,2023-04-16,Online,Motor Third-Party
POL201168,CUST102853,Health,29400.0,1024000.0,12,2022-04-05,2023-03-31,Online,Critical Illness
POL201169,CUST104583,Property,11800.0,284000.0,24,2022-01-29,2024-01-19,Agent,Fire & Allied Perils
POL201170,CUST104718,Life,15800.0,783000.0,12,2023-11-13,2024-11-07,Agent,Term Life
POL201171,CUST104360,Health,18000.0,537000.0,36,2021-08-05,2024-07-20,Online,Individual Health
POL201172,CUST102524,Life,29500.0,1307000.0,12,2022-01-12,2023-01-07,Agent,ULIP
POL201173,CUST100490,Travel,37400.0,1709000.0,12,2024-01-14,2025-01-08,Direct,Domestic Travel
POL201174,CUST104826,Motor,19300.0,980000.0,24,2023-11-14,2025-11-03,Agent,Motor Own-Damage
POL201175,CUST103108,Health,23500.0,855000.0,6,2022-05-18,2022-11-14,Bancassurance,Critical Illness
POL201176,CUST104528,Motor,9300.0,307000.0,12,2021-10-25,2022-10-20,Agent,Motor Own-Damage
POL201177,CUST104603,Travel,35400.0,941000.0,24,2024-08-29,2026-08-19,Bancassurance,International Travel
POL201178,CUST103961,Health,24100.0,372000.0,24,2021-04-17,2023-04-07,Agent,Family Floater
POL201179,CUST102101,Motor,56400.0,1246000.0,12,2024-06-23,2025-06-18,Broker,Motor Comprehensive
POL201180,CUST103040,Life,16400.0,410000.0,6,2022-06-12,2022-12-09,Agent,Endowment Plan
POL201181,CUST103455,Health,10100.0,451000.0,12,2022-03-08,2023-03-03,Bancassurance,Individual Health
POL201182,CUST104403,Motor,13400.0,678000.0,12,2024-06-09,2025-06-04,Online,Motor Own-Damage
POL201183,CUST101130,Property,29100.0,1037000.0,12,2024-08-10,2025-08-05,Broker,Property All-Risk
POL201184,CUST102774,Life,35600.0,1850000.0,6,2023-12-15,2024-06-12,Direct,ULIP
POL201185,CUST102979,Motor,43700.0,1391000.0,12,2021-03-27,2022-03-22,Agent,Motor Own-Damage
POL201186,CUST101036,Travel,10500.0,467000.0,12,2023-10-25,2024-10-19,Agent,Domestic Travel
POL201187,CUST102009,Motor,6800.0,272000.0,24,2024-05-30,2026-05-20,Agent,Motor Own-Damage
POL201188,CUST104625,Motor,15300.0,333000.0,12,2021-04-23,2022-04-18,Direct,Motor Own-Damage
POL201189,CUST100080,Health,9200.0,329000.0,24,2024-09-01,2026-08-22,Direct,Critical Illness
POL201190,CUST102510,Motor,26900.0,1575000.0,24,2021-09-19,2023-09-09,Online,Motor Own-Damage
POL201191,CUST103046,Health,14700.0,320000.0,24,2023-02-10,2025-01-30,Online,Critical Illness
POL201192,CUST104538,Health,13800.0,459000.0,12,2023-08-18,2024-08-12,Bancassurance,Critical Illness
POL201193,CUST101417,Motor,13800.0,413000.0,24,2022-04-24,2024-04-13,Broker,Motor Comprehensive
POL201194,CUST101965,Travel,13000.0,632000.0,24,2023-09-25,2025-09-14,Agent,Domestic Travel
POL201195,CUST100402,Health,6800.0,114000.0,12,2022-06-09,2023-06-04,Broker,Critical Illness
POL201196,CUST101678,Health,9700.0,343000.0,36,2022-08-24,2025-08-08,Bancassurance,Individual Health
POL201197,CUST104986,Motor,23900.0,643000.0,24,2021-03-25,2023-03-15,Bancassurance,Motor Comprehensive
POL201198,CUST103829,Property,8500.0,241000.0,24,2024-08-30,2026-08-20,Online,Property All-Risk
POL201199,CUST102141,Motor,23300.0,777000.0,12,2021-12-28,2022-12-23,Bancassurance,Motor Comprehensive
POL201200,CUST103172,Motor,17600.0,495000.0,12,2024-11-19,2025-11-14,Broker,Motor Third-Party
POL201201,CUST104822,Marine,29200.0,1184000.0,12,2022-02-10,2023-02-05,Agent,Marine Hull
POL201202,CUST102198,Motor,16500.0,461000.0,24,2021-08-12,2023-08-02,Agent,Motor Own-Damage
POL201203,CUST101473,Property,10100.0,568000.0,24,2022-08-03,2024-07-23,Online,Fire & Allied Perils
POL201204,CUST104392,Health,9800.0,344000.0,12,2021-11-22,2022-11-17,Online,Family Floater
POL201205,CUST104252,Property,5500.0,121000.0,24,2024-01-09,2025-12-29,Bancassurance,Fire & Allied Perils
POL201206,CUST102582,Motor,10600.0,297000.0,24,2024-11-25,2026-11-15,Online,Motor Comprehensive
POL201207,CUST100059,Travel,14400.0,733000.0,12,2023-07-05,2024-06-29,Bancassurance,International Travel
POL201208,CUST100063,Motor,31100.0,619000.0,24,2024-03-19,2026-03-09,Broker,Motor Own-Damage
POL201209,CUST100587,Motor,23900.0,767000.0,12,2024-06-08,2025-06-03,Online,Motor Own-Damage
POL201210,CUST103466,Property,13500.0,779000.0,12,2021-12-07,2022-12-02,Direct,Fire & Allied Perils
POL201211,CUST100877,Motor,8800.0,132000.0,12,2024-11-08,2025-11-03,Online,Motor Comprehensive
POL201212,CUST100315,Health,21300.0,1250000.0,12,2024-08-05,2025-07-31,Online,Family Floater
POL201213,CUST103409,Life,11100.0,346000.0,12,2024-10-08,2025-10-03,Bancassurance,Endowment Plan
POL201214,CUST102405,Motor,8900.0,218000.0,12,2023-07-22,2024-07-16,Bancassurance,Motor Own-Damage
POL201215,CUST102652,Motor,21400.0,1116000.0,24,2024-08-11,2026-08-01,Agent,Motor Third-Party
POL201216,CUST100960,Health,9700.0,350000.0,36,2023-03-18,2026-03-02,Bancassurance,Critical Illness
POL201217,CUST101073,Health,26000.0,514000.0,24,2023-12-07,2025-11-26,Agent,Family Floater
POL201218,CUST101209,Health,5700.0,257000.0,12,2023-12-24,2024-12-18,Direct,Critical Illness
POL201219,CUST103220,Life,9600.0,480000.0,24,2024-07-25,2026-07-15,Broker,Term Life
POL201220,CUST104899,Health,9300.0,328000.0,36,2021-11-22,2024-11-06,Bancassurance,Individual Health
POL201221,CUST104578,Health,24800.0,1169000.0,12,2021-02-24,2022-02-19,Agent,Family Floater
POL201222,CUST100567,Motor,16100.0,319000.0,12,2022-08-19,2023-08-14,Bancassurance,Motor Third-Party
POL201223,CUST103398,Health,24400.0,401000.0,12,2024-04-10,2025-04-05,Direct,Family Floater
POL201224,CUST103788,Motor,8100.0,201000.0,12,2022-09-13,2023-09-08,Agent,Motor Comprehensive
POL201225,CUST100202,Life,24000.0,1419000.0,60,2022-06-21,2027-05-26,Broker,Term Life
POL201226,CUST103187,Motor,22700.0,520000.0,24,2022-08-04,2024-07-24,Agent,Motor Comprehensive
POL201227,CUST102222,Life,9700.0,547000.0,12,2023-08-07,2024-08-01,Online,Endowment Plan
POL201228,CUST100975,Motor,10200.0,289000.0,12,2021-05-18,2022-05-13,Broker,Motor Comprehensive
POL201229,CUST103948,Motor,10300.0,382000.0,60,2024-05-24,2029-04-28,Online,Motor Own-Damage
POL201230,CUST104676,Motor,39100.0,1826000.0,24,2022-08-30,2024-08-19,Agent,Motor Third-Party
POL201231,CUST102991,Health,15400.0,349000.0,12,2023-08-10,2024-08-04,Direct,Individual Health
POL201232,CUST101007,Life,7500.0,180000.0,12,2021-08-07,2022-08-02,Broker,Endowment Plan
POL201233,CUST102144,Life,10000.0,264000.0,12,2024-10-03,2025-09-28,Agent,Term Life
POL201234,CUST102577,Travel,51500.0,1878000.0,60,2023-07-03,2028-06-06,Bancassurance,Domestic Travel
POL201235,CUST104511,Health,17500.0,535000.0,12,2021-09-27,2022-09-22,Online,Family Floater
POL201236,CUST103952,Motor,14300.0,270000.0,12,2024-08-14,2025-08-09,Online,Motor Own-Damage
POL201237,CUST103353,Property,5600.0,151000.0,12,2023-04-05,2024-03-30,Bancassurance,Property All-Risk
POL201238,CUST103817,Life,9200.0,481000.0,12,2023-12-20,2024-12-14,Broker,ULIP
POL201239,CUST103470,Motor,29700.0,1136000.0,12,2024-02-10,2025-02-04,Agent,Motor Own-Damage
POL201240,CUST101598,Motor,18000.0,1037000.0,12,2022-10-08,2023-10-03,Agent,Motor Comprehensive
POL201241,CUST100667,Health,9400.0,258000.0,24,2022-04-27,2024-04-16,Bancassurance,Family Floater
POL201242,CUST104196,Health,49400.0,1323000.0,12,2022-11-22,2023-11-17,Agent,Critical Illness
POL201243,CUST102769,Life,17700.0,605000.0,60,2024-05-23,2029-04-27,Agent,Endowment Plan
POL201244,CUST104810,Motor,55800.0,1036000.0,24,2023-06-07,2025-05-27,Direct,Motor Third-Party
POL201245,CUST103405,Travel,8200.0,240000.0,12,2021-03-16,2022-03-11,Bancassurance,Domestic Travel
POL201246,CUST102370,Health,6700.0,209000.0,12,2024-10-15,2025-10-10,Online,Individual Health
POL201247,CUST103233,Life,15300.0,658000.0,12,2022-09-27,2023-09-22,Direct,ULIP
POL201248,CUST103261,Motor,5600.0,120000.0,12,2024-10-24,2025-10-19,Direct,Motor Third-Party
POL201249,CUST104907,Life,12500.0,687000.0,24,2021-03-11,2023-03-01,Online,ULIP
POL201250,CUST101822,Property,22000.0,1197000.0,36,2023-10-31,2026-10-15,Online,Property All-Risk
POL201251,CUST101901,Motor,20500.0,796000.0,12,2021-02-12,2022-02-07,Agent,Motor Own-Damage
POL201252,CUST101770,Health,17500.0,594000.0,36,2022-10-04,2025-09-18,Agent,Family Floater
POL201253,CUST100539,Motor,9500.0,441000.0,36,2024-01-30,2027-01-14,Agent,Motor Own-Damage
POL201254,CUST102348,Health,26300.0,636000.0,12,2021-11-19,2022-11-14,Bancassurance,Individual Health
POL201255,CUST102226,Property,14300.0,577000.0,12,2021-04-15,2022-04-10,Agent,Property All-Risk
POL201256,CUST100985,Life,3200.0,89000.0,24,2021-09-06,2023-08-27,Broker,Term Life
POL201257,CUST104075,Life,8600.0,486000.0,12,2021-11-17,2022-11-12,Broker,Term Life
POL201258,CUST103447,Motor,8600.0,315000.0,36,2021-01-12,2023-12-28,Online,Motor Comprehensive
POL201259,CUST101207,Property,28900.0,1092000.0,12,2024-10-29,2025-10-24,Online,Fire & Allied Perils
POL201260,CUST100827,Life,8600.0,424000.0,12,2022-06-18,2023-06-13,Bancassurance,Endowment Plan
POL201261,CUST103090,Motor,20000.0,1006000.0,12,2023-06-06,2024-05-31,Agent,Motor Comprehensive
POL201262,CUST100025,Property,4500.0,115000.0,12,2021-03-31,2022-03-26,Broker,Home Shield
POL201263,CUST100755,Motor,21700.0,921000.0,12,2024-05-27,2025-05-22,Agent,Motor Own-Damage
POL201264,CUST102197,Motor,5500.0,297000.0,12,2023-10-11,2024-10-05,Online,Motor Own-Damage
POL201265,CUST104952,Property,28300.0,951000.0,24,2023-02-15,2025-02-04,Agent,Fire & Allied Perils
POL201266,CUST100382,Motor,14300.0,286000.0,12,2021-08-04,2022-07-30,Online,Motor Third-Party
POL201267,CUST102643,Motor,24300.0,1314000.0,12,2022-10-05,2023-09-30,Online,Motor Own-Damage
POL201268,CUST102812,Motor,13800.0,763000.0,24,2024-03-29,2026-03-19,Agent,Motor Comprehensive
POL201269,CUST101259,Marine,10500.0,230000.0,36,2023-07-19,2026-07-03,Online,Marine Hull
POL201270,CUST102601,Motor,5300.0,131000.0,36,2022-03-17,2025-03-01,Online,Motor Own-Damage
POL201271,CUST103171,Health,4000.0,103000.0,12,2021-07-17,2022-07-12,Bancassurance,Individual Health
POL201272,CUST100686,Motor,10300.0,542000.0,12,2024-06-08,2025-06-03,Bancassurance,Motor Third-Party
POL201273,CUST104770,Health,15600.0,905000.0,12,2024-08-31,2025-08-26,Agent,Family Floater
POL201274,CUST101229,Motor,7000.0,229000.0,12,2021-01-24,2022-01-19,Bancassurance,Motor Own-Damage
POL201275,CUST101843,Marine,42600.0,2430000.0,12,2021-09-11,2022-09-06,Online,Marine Cargo
POL201276,CUST100122,Property,32100.0,511000.0,60,2021-06-01,2026-05-06,Agent,Home Shield
POL201277,CUST102967,Marine,14200.0,466000.0,24,2024-10-12,2026-10-02,Bancassurance,Marine Hull
POL201278,CUST102969,Life,34500.0,698000.0,36,2024-02-21,2027-02-05,Bancassurance,Term Life
POL201279,CUST100580,Health,14400.0,855000.0,12,2023-03-02,2024-02-25,Online,Family Floater
POL201280,CUST101464,Motor,7100.0,169000.0,36,2023-07-19,2026-07-03,Bancassurance,Motor Own-Damage
POL201281,CUST103833,Health,13100.0,747000.0,24,2022-07-23,2024-07-12,Broker,Family Floater
POL201282,CUST103564,Health,22800.0,1139000.0,12,2021-07-25,2022-07-20,Broker,Critical Illness
POL201283,CUST101536,Life,9500.0,523000.0,12,2024-08-04,2025-07-30,Bancassurance,ULIP
POL201284,CUST103149,Motor,37600.0,1424000.0,24,2024-08-07,2026-07-28,Online,Motor Third-Party
POL201285,CUST103735,Life,11300.0,430000.0,12,2021-12-21,2022-12-16,Agent,Endowment Plan
POL201286,CUST101867,Motor,24500.0,530000.0,12,2023-09-10,2024-09-04,Bancassurance,Motor Comprehensive
POL201287,CUST100878,Health,13700.0,282000.0,60,2024-09-13,2029-08-18,Online,Individual Health
POL201288,CUST100108,Travel,8900.0,398000.0,12,2023-01-03,2023-12-29,Agent,International Travel
POL201289,CUST104773,Motor,6600.0,181000.0,12,2021-01-22,2022-01-17,Broker,Motor Own-Damage
POL201290,CUST101600,Motor,26100.0,949000.0,12,2023-11-27,2024-11-21,Online,Motor Comprehensive
POL201291,CUST104030,Motor,18800.0,386000.0,24,2022-09-26,2024-09-15,Bancassurance,Motor Third-Party
POL201292,CUST101624,Health,9900.0,411000.0,24,2023-07-10,2025-06-29,Agent,Critical Illness
POL201293,CUST103561,Health,26400.0,488000.0,36,2023-11-07,2026-10-22,Broker,Family Floater
POL201294,CUST101663,Travel,10200.0,233000.0,24,2021-01-03,2022-12-24,Agent,Domestic Travel
POL201295,CUST103036,Property,18300.0,396000.0,36,2024-05-24,2027-05-09,Agent,Fire & Allied Perils
POL201296,CUST104767,Life,20100.0,426000.0,12,2024-08-01,2025-07-27,Agent,Term Life
POL201297,CUST103768,Life,46200.0,1993000.0,12,2021-11-15,2022-11-10,Broker,ULIP
POL201298,CUST100822,Motor,44700.0,744000.0,24,2024-05-03,2026-04-23,Agent,Motor Comprehensive
POL201299,CUST102618,Marine,10300.0,467000.0,12,2023-06-17,2024-06-11,Online,Marine Hull
POL201300,CUST101350,Health,8900.0,403000.0,24,2023-04-24,2025-04-13,Direct,Family Floater
POL201301,CUST101096,Motor,17300.0,415000.0,12,2023-06-17,2024-06-11,Agent,Motor Own-Damage
POL201302,CUST104161,Travel,28200.0,1023000.0,12,2023-02-08,2024-02-03,Online,International Travel
POL201303,CUST104912,Health,3900.0,89000.0,12,2024-11-15,2025-11-10,Bancassurance,Critical Illness
POL201304,CUST104625,Motor,38800.0,1103000.0,24,2024-03-21,2026-03-11,Agent,Motor Third-Party
POL201305,CUST104195,Life,11800.0,590000.0,36,2023-01-08,2025-12-23,Agent,Term Life
POL201306,CUST102341,Motor,27600.0,1043000.0,12,2021-07-29,2022-07-24,Agent,Motor Comprehensive
POL201307,CUST102630,Motor,11900.0,695000.0,12,2024-05-15,2025-05-10,Agent,Motor Comprehensive
POL201308,CUST102700,Motor,36700.0,2100000.0,36,2024-10-10,2027-09-25,Broker,Motor Comprehensive
POL201309,CUST103681,Health,11800.0,292000.0,12,2024-02-13,2025-02-07,Agent,Critical Illness
POL201310,CUST100264,Motor,23400.0,1207000.0,12,2024-09-28,2025-09-23,Agent,Motor Comprehensive
POL201311,CUST104134,Motor,15800.0,480000.0,12,2023-08-01,2024-07-26,Broker,Motor Third-Party
POL201312,CUST104040,Health,6900.0,223000.0,12,2022-09-23,2023-09-18,Broker,Individual Health
POL201313,CUST104975,Motor,11500.0,481000.0,12,2022-11-10,2023-11-05,Bancassurance,Motor Own-Damage
POL201314,CUST102972,Health,3400.0,128000.0,12,2023-05-21,2024-05-15,Bancassurance,Individual Health
POL201315,CUST102286,Health,10400.0,594000.0,12,2021-01-03,2021-12-29,Broker,Critical Illness
POL201316,CUST102395,Motor,19600.0,1093000.0,12,2023-08-25,2024-08-19,Agent,Motor Comprehensive
POL201317,CUST103100,Motor,35600.0,1251000.0,12,2021-03-27,2022-03-22,Online,Motor Comprehensive
POL201318,CUST101512,Motor,15300.0,799000.0,12,2024-02-26,2025-02-20,Agent,Motor Own-Damage
POL201319,CUST103884,Health,54600.0,3064000.0,6,2024-03-11,2024-09-07,Broker,Critical Illness
POL201320,CUST102218,Property,29900.0,1422000.0,24,2024-04-23,2026-04-13,Online,Fire & Allied Perils
POL201321,CUST101408,Motor,9200.0,427000.0,24,2022-04-09,2024-03-29,Broker,Motor Own-Damage
POL201322,CUST103676,Motor,16000.0,646000.0,24,2023-10-29,2025-10-18,Direct,Motor Own-Damage
POL201323,CUST101683,Motor,22000.0,1015000.0,12,2022-02-25,2023-02-20,Online,Motor Comprehensive
POL201324,CUST100403,Life,12100.0,262000.0,12,2024-04-09,2025-04-04,Agent,Endowment Plan
POL201325,CUST102610,Health,19500.0,473000.0,24,2022-06-01,2024-05-21,Online,Critical Illness
POL201326,CUST102534,Life,10800.0,341000.0,12,2022-02-10,2023-02-05,Broker,Term Life
POL201327,CUST101457,Life,15700.0,902000.0,12,2021-04-20,2022-04-15,Agent,Term Life
POL201328,CUST100173,Motor,33100.0,941000.0,12,2022-12-19,2023-12-14,Agent,Motor Comprehensive
POL201329,CUST102378,Health,11400.0,237000.0,36,2021-07-13,2024-06-27,Online,Critical Illness
POL201330,CUST103861,Travel,5500.0,197000.0,12,2024-07-18,2025-07-13,Online,International Travel
POL201331,CUST104007,Motor,45700.0,1383000.0,12,2023-07-27,2024-07-21,Bancassurance,Motor Own-Damage
POL201332,CUST101055,Health,26500.0,1579000.0,12,2023-10-06,2024-09-30,Agent,Family Floater
POL201333,CUST102151,Health,21300.0,691000.0,12,2024-11-16,2025-11-11,Online,Individual Health
POL201334,CUST104516,Motor,38100.0,1537000.0,36,2024-01-20,2027-01-04,Agent,Motor Third-Party
POL201335,CUST101722,Property,27500.0,1607000.0,12,2022-01-02,2022-12-28,Broker,Property All-Risk
POL201336,CUST102380,Motor,12000.0,661000.0,36,2022-10-24,2025-10-08,Online,Motor Third-Party
POL201337,CUST103397,Motor,45300.0,2520000.0,36,2021-05-09,2024-04-23,Online,Motor Comprehensive
POL201338,CUST102286,Life,19600.0,993000.0,12,2023-02-04,2024-01-30,Agent,Endowment Plan
POL201339,CUST104206,Marine,24900.0,780000.0,12,2023-06-06,2024-05-31,Online,Marine Hull
POL201340,CUST101801,Motor,4200.0,209000.0,12,2021-07-24,2022-07-19,Direct,Motor Third-Party
POL201341,CUST102460,Life,7700.0,323000.0,24,2024-03-02,2026-02-20,Agent,Endowment Plan
POL201342,CUST102581,Motor,6600.0,207000.0,12,2023-08-16,2024-08-10,Online,Motor Own-Damage
POL201343,CUST103721,Life,6200.0,241000.0,12,2022-07-08,2023-07-03,Bancassurance,Term Life
POL201344,CUST101690,Health,22500.0,1213000.0,12,2023-05-22,2024-05-16,Agent,Family Floater
POL201345,CUST101376,Health,8900.0,160000.0,12,2022-01-26,2023-01-21,Broker,Critical Illness
POL201346,CUST101799,Travel,19000.0,1053000.0,12,2024-11-29,2025-11-24,Bancassurance,International Travel
POL201347,CUST101162,Life,27000.0,1268000.0,12,2023-05-23,2024-05-17,Agent,ULIP
POL201348,CUST100978,Motor,10300.0,306000.0,12,2023-01-02,2023-12-28,Online,Motor Own-Damage
POL201349,CUST104096,Travel,8800.0,291000.0,24,2022-07-25,2024-07-14,Agent,International Travel
POL201350,CUST101726,Motor,4400.0,152000.0,12,2022-11-28,2023-11-23,Online,Motor Comprehensive
POL201351,CUST101350,Life,31800.0,1097000.0,24,2023-04-30,2025-04-19,Agent,ULIP
POL201352,CUST104058,Life,10600.0,169000.0,12,2023-02-02,2024-01-28,Broker,Term Life
POL201353,CUST103942,Property,39400.0,912000.0,12,2023-11-07,2024-11-01,Broker,Property All-Risk
POL201354,CUST101228,Health,21100.0,730000.0,12,2024-06-24,2025-06-19,Online,Critical Illness
POL201355,CUST101524,Life,34700.0,662000.0,12,2022-11-24,2023-11-19,Bancassurance,Endowment Plan
POL201356,CUST104106,Life,5800.0,124000.0,12,2023-04-06,2024-03-31,Online,Term Life
POL201357,CUST101389,Health,24300.0,1380000.0,24,2024-12-16,2026-12-06,Online,Critical Illness
POL201358,CUST104306,Marine,24700.0,1000000.0,12,2022-11-16,2023-11-11,Bancassurance,Marine Cargo
POL201359,CUST103088,Motor,30700.0,1710000.0,36,2022-12-18,2025-12-02,Agent,Motor Own-Damage
POL201360,CUST103331,Motor,9200.0,407000.0,12,2022-02-22,2023-02-17,Broker,Motor Comprehensive
POL201361,CUST102669,Life,11000.0,341000.0,24,2023-08-03,2025-07-23,Online,Term Life
POL201362,CUST100153,Motor,31200.0,1607000.0,12,2024-12-29,2025-12-24,Agent,Motor Third-Party
POL201363,CUST104122,Property,4900.0,201000.0,24,2023-09-18,2025-09-07,Bancassurance,Fire & Allied Perils
POL201364,CUST102805,Health,8400.0,325000.0,36,2023-10-08,2026-09-22,Online,Critical Illness
POL201365,CUST100864,Health,23900.0,457000.0,60,2024-12-17,2029-11-21,Online,Family Floater
POL201366,CUST104165,Life,12000.0,291000.0,24,2021-06-16,2023-06-06,Broker,ULIP
POL201367,CUST101467,Marine,13400.0,225000.0,12,2022-03-20,2023-03-15,Agent,Marine Cargo
POL201368,CUST101828,Life,2300.0,43000.0,12,2021-07-07,2022-07-02,Online,Endowment Plan
POL201369,CUST103195,Motor,37600.0,2072000.0,12,2024-09-18,2025-09-13,Bancassurance,Motor Own-Damage
POL201370,CUST101414,Health,12600.0,638000.0,24,2023-03-26,2025-03-15,Agent,Family Floater
POL201371,CUST100032,Life,23000.0,574000.0,12,2023-11-15,2024-11-09,Broker,Term Life
POL201372,CUST101606,Marine,31700.0,821000.0,12,2023-08-18,2024-08-12,Bancassurance,Marine Hull
POL201373,CUST103415,Life,13100.0,485000.0,12,2024-04-27,2025-04-22,Bancassurance,Term Life
POL201374,CUST102115,Life,3100.0,93000.0,12,2022-04-21,2023-04-16,Agent,Endowment Plan
POL201375,CUST103561,Health,23100.0,923000.0,12,2022-01-19,2023-01-14,Online,Individual Health
POL201376,CUST100350,Health,38200.0,946000.0,24,2021-01-21,2023-01-11,Bancassurance,Individual Health
POL201377,CUST101287,Health,26000.0,867000.0,12,2024-11-27,2025-11-22,Bancassurance,Individual Health
POL201378,CUST101188,Motor,20500.0,1153000.0,12,2023-07-07,2024-07-01,Online,Motor Third-Party
POL201379,CUST100320,Motor,25900.0,924000.0,24,2023-03-19,2025-03-08,Online,Motor Comprehensive
POL201380,CUST103234,Life,28100.0,1528000.0,12,2021-07-21,2022-07-16,Direct,ULIP
POL201381,CUST101051,Health,15200.0,592000.0,24,2023-07-17,2025-07-06,Agent,Critical Illness
POL201382,CUST102362,Motor,38700.0,1324000.0,12,2023-02-23,2024-02-18,Broker,Motor Comprehensive
POL201383,CUST104952,Marine,18100.0,687000.0,12,2024-12-29,2025-12-24,Bancassurance,Marine Cargo
POL201384,CUST101236,Motor,29200.0,1412000.0,36,2024-08-19,2027-08-04,Agent,Motor Comprehensive
POL201385,CUST100973,Life,7900.0,473000.0,6,2021-02-20,2021-08-19,Online,Term Life
POL201386,CUST104654,Property,15700.0,256000.0,24,2022-12-16,2024-12-05,Bancassurance,Property All-Risk
POL201387,CUST101787,Property,9500.0,363000.0,12,2023-09-21,2024-09-15,Broker,Home Shield
POL201388,CUST101477,Property,21600.0,977000.0,24,2021-08-22,2023-08-12,Bancassurance,Fire & Allied Perils
POL201389,CUST103598,Property,7400.0,246000.0,12,2024-05-30,2025-05-25,Agent,Home Shield
POL201390,CUST100646,Health,26000.0,1059000.0,12,2023-02-16,2024-02-11,Online,Family Floater
POL201391,CUST101891,Life,22700.0,395000.0,12,2024-12-19,2025-12-14,Agent,Term Life
POL201392,CUST100996,Property,14400.0,398000.0,60,2021-05-26,2026-04-30,Online,Property All-Risk
POL201393,CUST104458,Health,27400.0,876000.0,12,2022-06-10,2023-06-05,Agent,Individual Health
POL201394,CUST101482,Life,7900.0,263000.0,36,2024-03-15,2027-02-28,Agent,Endowment Plan
POL201395,CUST102834,Motor,25900.0,1183000.0,24,2022-06-30,2024-06-19,Bancassurance,Motor Comprehensive
POL201396,CUST102612,Health,8600.0,478000.0,24,2023-02-09,2025-01-29,Bancassurance,Individual Health
POL201397,CUST102463,Motor,10600.0,188000.0,24,2021-07-07,2023-06-27,Direct,Motor Third-Party
POL201398,CUST100331,Life,31800.0,1120000.0,12,2022-07-16,2023-07-11,Bancassurance,ULIP
POL201399,CUST101313,Health,32200.0,1059000.0,12,2021-05-28,2022-05-23,Online,Individual Health
POL201400,CUST104274,Motor,21500.0,1256000.0,12,2023-03-12,2024-03-06,Broker,Motor Third-Party
POL201401,CUST102740,Health,53900.0,2521000.0,24,2024-04-20,2026-04-10,Agent,Individual Health
POL201402,CUST104387,Life,40800.0,2365000.0,12,2021-10-14,2022-10-09,Broker,Endowment Plan
POL201403,CUST102797,Marine,14300.0,538000.0,60,2021-01-10,2025-12-15,Agent,Marine Hull
POL201404,CUST101591,Motor,8500.0,368000.0,6,2022-03-18,2022-09-14,Broker,Motor Comprehensive
POL201405,CUST101726,Motor,26000.0,1390000.0,12,2024-07-25,2025-07-20,Online,Motor Own-Damage
POL201406,CUST103876,Life,18600.0,310000.0,24,2022-05-18,2024-05-07,Broker,Endowment Plan
POL201407,CUST101188,Health,23300.0,1320000.0,12,2022-03-22,2023-03-17,Bancassurance,Individual Health
POL201408,CUST102998,Health,24500.0,893000.0,12,2023-07-08,2024-07-02,Broker,Individual Health
POL201409,CUST104678,Life,9800.0,571000.0,12,2024-04-12,2025-04-07,Broker,Endowment Plan
POL201410,CUST104227,Property,8000.0,123000.0,12,2023-05-17,2024-05-11,Agent,Property All-Risk
POL201411,CUST101936,Motor,23600.0,454000.0,12,2022-01-07,2023-01-02,Online,Motor Comprehensive
POL201412,CUST101384,Health,23100.0,424000.0,12,2021-06-25,2022-06-20,Agent,Individual Health
POL201413,CUST103108,Motor,6300.0,110000.0,24,2023-05-08,2025-04-27,Online,Motor Third-Party
POL201414,CUST103051,Travel,10600.0,223000.0,12,2024-07-18,2025-07-13,Broker,Domestic Travel
POL201415,CUST103612,Property,8000.0,240000.0,12,2024-02-07,2025-02-01,Online,Property All-Risk
POL201416,CUST100363,Health,17100.0,360000.0,36,2022-01-01,2024-12-16,Online,Critical Illness
POL201417,CUST102699,Travel,15700.0,338000.0,24,2021-09-09,2023-08-30,Broker,Domestic Travel
POL201418,CUST100047,Motor,4100.0,145000.0,12,2024-06-20,2025-06-15,Online,Motor Comprehensive
POL201419,CUST104954,Life,17200.0,743000.0,24,2024-04-18,2026-04-08,Agent,ULIP
POL201420,CUST104373,Property,19600.0,334000.0,12,2022-05-18,2023-05-13,Online,Property All-Risk
POL201421,CUST103698,Property,20200.0,825000.0,12,2023-07-13,2024-07-07,Broker,Property All-Risk
POL201422,CUST101472,Life,8100.0,334000.0,12,2023-01-22,2024-01-17,Online,ULIP
POL201423,CUST103731,Motor,16000.0,471000.0,12,2021-07-11,2022-07-06,Agent,Motor Own-Damage
POL201424,CUST102227,Motor,35500.0,834000.0,24,2022-11-23,2024-11-12,Broker,Motor Third-Party
POL201425,CUST103244,Motor,34400.0,1495000.0,24,2022-09-18,2024-09-07,Broker,Motor Comprehensive
POL201426,CUST101158,Property,10700.0,537000.0,24,2023-08-29,2025-08-18,Agent,Fire & Allied Perils
POL201427,CUST102373,Health,33300.0,925000.0,24,2022-06-19,2024-06-08,Bancassurance,Family Floater
POL201428,CUST104384,Health,12100.0,459000.0,12,2022-01-18,2023-01-13,Agent,Family Floater
POL201429,CUST100949,Motor,29500.0,574000.0,12,2023-01-05,2023-12-31,Broker,Motor Own-Damage
POL201430,CUST101922,Health,23000.0,1154000.0,12,2023-08-15,2024-08-09,Online,Individual Health
POL201431,CUST101457,Health,16700.0,749000.0,12,2021-12-18,2022-12-13,Agent,Critical Illness
POL201432,CUST100895,Health,20800.0,713000.0,12,2022-09-24,2023-09-19,Agent,Family Floater
POL201433,CUST101986,Health,2800.0,118000.0,12,2024-11-20,2025-11-15,Online,Critical Illness
POL201434,CUST103039,Motor,27700.0,1606000.0,60,2023-12-11,2028-11-14,Direct,Motor Third-Party
POL201435,CUST100273,Motor,7100.0,286000.0,12,2022-10-22,2023-10-17,Bancassurance,Motor Third-Party
POL201436,CUST101027,Travel,36200.0,1239000.0,24,2023-03-23,2025-03-12,Direct,Domestic Travel
POL201437,CUST104085,Life,21200.0,750000.0,12,2024-10-27,2025-10-22,Online,Endowment Plan
POL201438,CUST101303,Life,8100.0,188000.0,24,2024-02-20,2026-02-09,Online,Endowment Plan
POL201439,CUST101678,Marine,27800.0,1555000.0,12,2023-12-13,2024-12-07,Agent,Marine Hull
POL201440,CUST103363,Health,17600.0,700000.0,36,2024-07-15,2027-06-30,Agent,Family Floater
POL201441,CUST103732,Life,24000.0,787000.0,12,2021-07-02,2022-06-27,Online,Endowment Plan
POL201442,CUST104796,Health,15500.0,886000.0,12,2022-09-03,2023-08-29,Agent,Family Floater
POL201443,CUST100794,Motor,25800.0,1027000.0,60,2024-04-08,2029-03-13,Online,Motor Comprehensive
POL201444,CUST103774,Health,10900.0,235000.0,12,2021-10-13,2022-10-08,Bancassurance,Individual Health
POL201445,CUST103618,Marine,13200.0,610000.0,12,2021-11-16,2022-11-11,Online,Marine Cargo
POL201446,CUST100620,Health,22800.0,1334000.0,12,2021-04-16,2022-04-11,Online,Critical Illness
POL201447,CUST104382,Motor,36500.0,1906000.0,12,2024-09-26,2025-09-21,Agent,Motor Third-Party
POL201448,CUST101562,Property,16700.0,536000.0,12,2022-05-23,2023-05-18,Online,Home Shield
POL201449,CUST102115,Motor,26500.0,1362000.0,12,2021-07-12,2022-07-07,Online,Motor Comprehensive
POL201450,CUST103981,Life,25200.0,924000.0,12,2023-04-22,2024-04-16,Agent,Endowment Plan
POL201451,CUST102619,Life,35100.0,1166000.0,12,2024-07-15,2025-07-10,Bancassurance,Endowment Plan
POL201452,CUST101375,Health,8900.0,356000.0,12,2023-10-24,2024-10-18,Agent,Critical Illness
POL201453,CUST101609,Motor,20500.0,378000.0,24,2021-01-16,2023-01-06,Agent,Motor Third-Party
POL201454,CUST103700,Health,19300.0,519000.0,24,2023-07-29,2025-07-18,Agent,Individual Health
POL201455,CUST100916,Life,20500.0,842000.0,12,2022-06-21,2023-06-16,Online,Endowment Plan
POL201456,CUST102358,Marine,11900.0,241000.0,24,2021-09-23,2023-09-13,Online,Marine Hull
POL201457,CUST103737,Property,17000.0,569000.0,36,2024-08-18,2027-08-03,Bancassurance,Fire & Allied Perils
POL201458,CUST104422,Motor,29400.0,1536000.0,60,2022-12-15,2027-11-19,Agent,Motor Comprehensive
POL201459,CUST104130,Motor,9300.0,514000.0,36,2024-06-14,2027-05-30,Agent,Motor Third-Party
POL201460,CUST101795,Life,22700.0,527000.0,12,2024-01-29,2025-01-23,Agent,Term Life
POL201461,CUST100993,Life,14700.0,845000.0,60,2022-06-13,2027-05-18,Agent,Term Life
POL201462,CUST104672,Motor,19800.0,713000.0,12,2024-02-23,2025-02-17,Broker,Motor Comprehensive
POL201463,CUST102987,Motor,14300.0,312000.0,6,2022-04-01,2022-09-28,Agent,Motor Third-Party
POL201464,CUST102037,Motor,29400.0,1434000.0,12,2023-05-23,2024-05-17,Agent,Motor Own-Damage
POL201465,CUST104509,Health,8200.0,154000.0,12,2023-10-08,2024-10-02,Agent,Critical Illness
POL201466,CUST103631,Life,19900.0,954000.0,24,2021-07-14,2023-07-04,Online,Term Life
POL201467,CUST102382,Travel,30800.0,1430000.0,60,2024-06-09,2029-05-14,Agent,International Travel
POL201468,CUST100975,Motor,20600.0,900000.0,24,2022-10-08,2024-09-27,Agent,Motor Comprehensive
POL201469,CUST100408,Health,10300.0,538000.0,24,2024-09-21,2026-09-11,Bancassurance,Critical Illness
POL201470,CUST102653,Health,10100.0,526000.0,12,2021-01-01,2021-12-27,Bancassurance,Family Floater
POL201471,CUST100572,Health,19700.0,686000.0,24,2024-05-29,2026-05-19,Bancassurance,Family Floater
POL201472,CUST101550,Motor,5200.0,199000.0,12,2023-09-27,2024-09-21,Broker,Motor Own-Damage
POL201473,CUST103406,Motor,23300.0,788000.0,12,2024-09-16,2025-09-11,Online,Motor Own-Damage
POL201474,CUST100063,Motor,6400.0,273000.0,12,2022-07-08,2023-07-03,Agent,Motor Third-Party
POL201475,CUST104947,Life,8300.0,320000.0,36,2021-07-31,2024-07-15,Agent,Endowment Plan
POL201476,CUST102186,Life,40100.0,1136000.0,12,2021-10-14,2022-10-09,Online,ULIP
POL201477,CUST104350,Life,36100.0,1229000.0,36,2024-03-05,2027-02-18,Agent,ULIP
POL201478,CUST100862,Health,13300.0,538000.0,12,2021-11-28,2022-11-23,Broker,Individual Health
POL201479,CUST102303,Health,32100.0,1637000.0,12,2021-07-29,2022-07-24,Bancassurance,Critical Illness
POL201480,CUST104792,Motor,10400.0,219000.0,24,2021-01-11,2023-01-01,Agent,Motor Own-Damage
POL201481,CUST103161,Motor,23400.0,943000.0,24,2021-01-07,2022-12-28,Agent,Motor Own-Damage
POL201482,CUST104042,Motor,33400.0,1911000.0,60,2024-05-12,2029-04-16,Agent,Motor Own-Damage
POL201483,CUST103425,Motor,11400.0,381000.0,12,2022-09-17,2023-09-12,Agent,Motor Own-Damage
POL201484,CUST103697,Travel,6400.0,116000.0,12,2021-01-07,2022-01-02,Online,Domestic Travel
POL201485,CUST101821,Travel,18400.0,979000.0,12,2024-12-17,2025-12-12,Agent,Domestic Travel
POL201486,CUST102266,Property,11100.0,273000.0,12,2022-06-04,2023-05-30,Broker,Property All-Risk
POL201487,CUST100247,Life,11600.0,538000.0,12,2024-05-05,2025-04-30,Agent,Endowment Plan
POL201488,CUST101295,Life,8300.0,297000.0,12,2023-07-17,2024-07-11,Bancassurance,ULIP
POL201489,CUST100322,Life,2100.0,120000.0,12,2022-07-18,2023-07-13,Online,ULIP
POL201490,CUST101621,Life,12300.0,613000.0,60,2024-04-08,2029-03-13,Online,Term Life
POL201491,CUST103629,Motor,13100.0,669000.0,12,2022-03-27,2023-03-22,Agent,Motor Comprehensive
POL201492,CUST101021,Travel,10300.0,433000.0,12,2024-10-27,2025-10-22,Direct,International Travel
POL201493,CUST102392,Life,8100.0,172000.0,12,2021-05-05,2022-04-30,Broker,Term Life
POL201494,CUST102759,Motor,28000.0,634000.0,12,2022-02-14,2023-02-09,Bancassurance,Motor Third-Party
POL201495,CUST100819,Health,20700.0,352000.0,12,2024-10-16,2025-10-11,Bancassurance,Family Floater
POL201496,CUST104056,Property,6700.0,290000.0,24,2021-01-02,2022-12-23,Agent,Property All-Risk
POL201497,CUST103856,Marine,19000.0,875000.0,12,2021-04-17,2022-04-12,Bancassurance,Marine Cargo
POL201498,CUST100937,Health,9600.0,233000.0,36,2023-12-18,2026-12-02,Online,Critical Illness
POL201499,CUST100180,Health,26700.0,1433000.0,12,2022-04-09,2023-04-04,Bancassurance,Individual Health
POL201500,CUST100022,Health,10400.0,321000.0,24,2023-01-12,2025-01-01,Broker,Critical Illness
POL201501,CUST101464,Health,29600.0,736000.0,12,2022-07-20,2023-07-15,Bancassurance,Critical Illness
POL201502,CUST100628,Motor,28400.0,1386000.0,12,2022-09-01,2023-08-27,Online,Motor Comprehensive
POL201503,CUST100087,Motor,22100.0,955000.0,12,2024-10-09,2025-10-04,Online,Motor Own-Damage
POL201504,CUST102304,Health,10300.0,247000.0,12,2023-10-29,2024-10-23,Agent,Critical Illness
POL201505,CUST102625,Health,14300.0,750000.0,12,2022-02-13,2023-02-08,Broker,Family Floater
POL201506,CUST100092,Property,15400.0,304000.0,12,2024-12-21,2025-12-16,Bancassurance,Home Shield
POL201507,CUST102993,Health,17900.0,422000.0,12,2022-01-16,2023-01-11,Bancassurance,Individual Health
POL201508,CUST102016,Health,30900.0,1531000.0,12,2021-11-26,2022-11-21,Agent,Individual Health
POL201509,CUST101001,Health,13400.0,527000.0,12,2023-11-16,2024-11-10,Broker,Critical Illness
POL201510,CUST100555,Property,26400.0,910000.0,60,2023-07-06,2028-06-09,Online,Home Shield
POL201511,CUST103795,Health,7600.0,166000.0,36,2021-03-28,2024-03-12,Agent,Individual Health
POL201512,CUST100538,Health,11000.0,209000.0,24,2023-05-21,2025-05-10,Agent,Critical Illness
POL201513,CUST101002,Motor,9700.0,335000.0,60,2023-04-14,2028-03-18,Bancassurance,Motor Third-Party
POL201514,CUST103563,Motor,26600.0,1577000.0,12,2023-06-18,2024-06-12,Broker,Motor Own-Damage
POL201515,CUST103148,Marine,34200.0,1471000.0,12,2021-11-02,2022-10-28,Broker,Marine Hull
POL201516,CUST104997,Motor,12000.0,352000.0,12,2023-02-13,2024-02-08,Bancassurance,Motor Comprehensive
POL201517,CUST100202,Health,10100.0,606000.0,24,2021-05-14,2023-05-04,Online,Family Floater
POL201518,CUST100972,Motor,14600.0,875000.0,24,2024-11-23,2026-11-13,Online,Motor Own-Damage
POL201519,CUST103308,Health,9300.0,281000.0,24,2024-11-27,2026-11-17,Agent,Critical Illness
POL201520,CUST101147,Life,12300.0,305000.0,12,2022-01-05,2022-12-31,Agent,ULIP
POL201521,CUST101904,Life,14600.0,347000.0,12,2022-05-22,2023-05-17,Agent,Term Life
POL201522,CUST101482,Property,14700.0,609000.0,12,2024-06-28,2025-06-23,Agent,Home Shield
POL201523,CUST104041,Motor,5600.0,163000.0,12,2022-07-03,2023-06-28,Broker,Motor Comprehensive
POL201524,CUST103925,Health,11900.0,596000.0,12,2023-08-22,2024-08-16,Agent,Individual Health
POL201525,CUST104028,Travel,38900.0,1204000.0,24,2024-10-14,2026-10-04,Agent,Domestic Travel
POL201526,CUST102529,Health,6300.0,267000.0,24,2024-08-17,2026-08-07,Broker,Family Floater
POL201527,CUST102438,Property,17800.0,466000.0,12,2023-07-03,2024-06-27,Agent,Home Shield
POL201528,CUST102853,Life,16800.0,616000.0,24,2024-03-08,2026-02-26,Agent,Term Life
POL201529,CUST100336,Motor,45200.0,2017000.0,12,2024-05-16,2025-05-11,Online,Motor Third-Party
POL201530,CUST102732,Travel,17300.0,1031000.0,6,2023-08-21,2024-02-17,Agent,International Travel
POL201531,CUST101382,Health,37100.0,1064000.0,24,2022-06-14,2024-06-03,Bancassurance,Individual Health
POL201532,CUST104686,Life,17000.0,833000.0,24,2021-03-09,2023-02-27,Agent,Term Life
POL201533,CUST100920,Motor,11600.0,490000.0,24,2024-08-13,2026-08-03,Direct,Motor Third-Party
POL201534,CUST100174,Health,17600.0,862000.0,12,2023-06-03,2024-05-28,Agent,Individual Health
POL201535,CUST104817,Health,7400.0,315000.0,12,2021-05-05,2022-04-30,Agent,Individual Health
POL201536,CUST100789,Motor,18500.0,368000.0,24,2021-11-21,2023-11-11,Online,Motor Comprehensive
POL201537,CUST102587,Travel,12300.0,316000.0,12,2021-03-01,2022-02-24,Agent,Domestic Travel
POL201538,CUST101910,Motor,11700.0,551000.0,36,2022-05-11,2025-04-25,Online,Motor Comprehensive
POL201539,CUST101346,Health,27800.0,1345000.0,6,2021-11-28,2022-05-27,Agent,Family Floater
POL201540,CUST102440,Motor,13700.0,594000.0,12,2022-08-04,2023-07-30,Direct,Motor Third-Party
POL201541,CUST103662,Life,4400.0,105000.0,24,2024-10-12,2026-10-02,Online,Term Life
POL201542,CUST100569,Health,21200.0,421000.0,12,2024-06-29,2025-06-24,Online,Individual Health
POL201543,CUST103307,Health,23800.0,1146000.0,24,2024-05-23,2026-05-13,Online,Individual Health
POL201544,CUST104465,Life,48600.0,2123000.0,12,2024-09-29,2025-09-24,Bancassurance,ULIP
POL201545,CUST101451,Property,18400.0,738000.0,24,2021-05-16,2023-05-06,Bancassurance,Home Shield
POL201546,CUST103389,Travel,13100.0,208000.0,60,2024-02-01,2029-01-05,Bancassurance,Domestic Travel
POL201547,CUST104601,Property,21400.0,917000.0,24,2024-04-18,2026-04-08,Online,Fire & Allied Perils
POL201548,CUST104661,Health,7700.0,385000.0,12,2021-08-10,2022-08-05,Agent,Individual Health
POL201549,CUST103239,Life,11700.0,420000.0,12,2022-06-15,2023-06-10,Agent,Endowment Plan
POL201550,CUST104704,Motor,22700.0,393000.0,24,2022-07-31,2024-07-20,Online,Motor Own-Damage
POL201551,CUST103886,Motor,14300.0,401000.0,24,2023-05-06,2025-04-25,Agent,Motor Own-Damage
POL201552,CUST102562,Health,5100.0,116000.0,24,2021-01-08,2022-12-29,Broker,Individual Health
POL201553,CUST100629,Health,13700.0,587000.0,6,2021-04-16,2021-10-13,Online,Individual Health
POL201554,CUST104265,Health,17400.0,356000.0,24,2024-06-05,2026-05-26,Agent,Critical Illness
POL201555,CUST101433,Health,14000.0,236000.0,12,2022-09-18,2023-09-13,Agent,Family Floater
POL201556,CUST103683,Life,5600.0,290000.0,12,2021-07-21,2022-07-16,Agent,Term Life
POL201557,CUST103224,Travel,2800.0,158000.0,24,2022-02-25,2024-02-15,Agent,Domestic Travel
POL201558,CUST101802,Motor,25000.0,1324000.0,60,2023-08-05,2028-07-09,Bancassurance,Motor Own-Damage
POL201559,CUST103873,Health,23500.0,970000.0,6,2021-06-06,2021-12-03,Broker,Critical Illness
POL201560,CUST103286,Motor,10900.0,338000.0,12,2023-02-15,2024-02-10,Agent,Motor Third-Party
POL201561,CUST103727,Motor,10600.0,197000.0,12,2024-02-01,2025-01-26,Agent,Motor Third-Party
POL201562,CUST104763,Travel,13200.0,430000.0,24,2022-01-05,2023-12-26,Agent,International Travel
POL201563,CUST101374,Motor,25800.0,600000.0,12,2022-03-25,2023-03-20,Agent,Motor Comprehensive
POL201564,CUST103820,Motor,17600.0,904000.0,12,2023-04-27,2024-04-21,Agent,Motor Comprehensive
POL201565,CUST100198,Health,32600.0,1712000.0,12,2023-11-05,2024-10-30,Bancassurance,Critical Illness
POL201566,CUST103547,Motor,17300.0,625000.0,24,2022-03-19,2024-03-08,Online,Motor Comprehensive
POL201567,CUST100777,Health,9600.0,277000.0,12,2024-10-05,2025-09-30,Agent,Family Floater
POL201568,CUST101109,Travel,11100.0,516000.0,12,2022-04-04,2023-03-30,Agent,Domestic Travel
POL201569,CUST100977,Life,21700.0,938000.0,12,2023-02-13,2024-02-08,Agent,ULIP
POL201570,CUST104155,Health,37000.0,1522000.0,24,2021-07-13,2023-07-03,Direct,Individual Health
POL201571,CUST101869,Life,18000.0,1020000.0,12,2023-12-30,2024-12-24,Online,Term Life
POL201572,CUST101948,Property,28200.0,778000.0,12,2023-03-12,2024-03-06,Agent,Home Shield
POL201573,CUST101806,Motor,20300.0,607000.0,36,2023-08-07,2026-07-22,Agent,Motor Comprehensive
POL201574,CUST103120,Life,19200.0,335000.0,6,2024-08-02,2025-01-29,Agent,Term Life
POL201575,CUST104579,Life,39300.0,978000.0,6,2022-03-14,2022-09-10,Online,Term Life
POL201576,CUST103388,Life,8400.0,303000.0,24,2022-05-21,2024-05-10,Direct,Term Life
POL201577,CUST100506,Motor,13300.0,691000.0,12,2022-03-27,2023-03-22,Agent,Motor Own-Damage
POL201578,CUST102576,Life,11900.0,280000.0,12,2023-04-22,2024-04-16,Broker,Term Life
POL201579,CUST100537,Property,16000.0,617000.0,6,2022-02-21,2022-08-20,Broker,Home Shield
POL201580,CUST100827,Life,6200.0,179000.0,12,2022-07-04,2023-06-29,Online,Term Life
POL201581,CUST100983,Motor,15500.0,780000.0,12,2022-03-06,2023-03-01,Bancassurance,Motor Comprehensive
POL201582,CUST103487,Motor,10600.0,463000.0,24,2022-02-15,2024-02-05,Broker,Motor Own-Damage
POL201583,CUST104377,Life,11100.0,194000.0,12,2021-05-19,2022-05-14,Online,Endowment Plan
POL201584,CUST101236,Life,29700.0,663000.0,60,2022-12-20,2027-11-24,Bancassurance,ULIP
POL201585,CUST104711,Travel,9900.0,489000.0,12,2024-01-19,2025-01-13,Online,International Travel
POL201586,CUST101326,Health,45400.0,2067000.0,12,2022-01-05,2022-12-31,Online,Individual Health
POL201587,CUST101535,Motor,17600.0,356000.0,12,2024-01-23,2025-01-17,Agent,Motor Own-Damage
POL201588,CUST100633,Property,3400.0,97000.0,24,2023-10-06,2025-09-25,Broker,Home Shield
POL201589,CUST100233,Life,28300.0,771000.0,12,2021-04-08,2022-04-03,Broker,Term Life
POL201590,CUST103099,Health,2700.0,98000.0,6,2024-08-25,2025-02-21,Bancassurance,Family Floater
POL201591,CUST102037,Life,7300.0,118000.0,12,2021-11-25,2022-11-20,Agent,ULIP
POL201592,CUST100587,Health,19900.0,773000.0,12,2022-09-04,2023-08-30,Online,Critical Illness
POL201593,CUST102823,Motor,13900.0,313000.0,24,2021-08-31,2023-08-21,Broker,Motor Third-Party
POL201594,CUST101726,Motor,23400.0,1124000.0,12,2023-09-14,2024-09-08,Online,Motor Own-Damage
POL201595,CUST101964,Motor,11200.0,444000.0,12,2022-08-22,2023-08-17,Online,Motor Third-Party
POL201596,CUST104447,Life,11100.0,560000.0,36,2021-12-25,2024-12-09,Online,Term Life
POL201597,CUST102017,Motor,12300.0,533000.0,12,2023-03-13,2024-03-07,Agent,Motor Comprehensive
POL201598,CUST102265,Marine,20600.0,1152000.0,6,2023-01-25,2023-07-24,Agent,Marine Cargo
POL201599,CUST103436,Motor,23800.0,1380000.0,12,2022-02-05,2023-01-31,Broker,Motor Own-Damage
POL201600,CUST104472,Life,7500.0,323000.0,24,2023-05-17,2025-05-06,Agent,Term Life
POL201601,CUST103690,Health,30500.0,1319000.0,12,2023-09-19,2024-09-13,Bancassurance,Individual Health
POL201602,CUST102463,Motor,44100.0,1367000.0,24,2024-05-08,2026-04-28,Broker,Motor Third-Party
POL201603,CUST101528,Health,15700.0,895000.0,12,2024-07-03,2025-06-28,Agent,Family Floater
POL201604,CUST100894,Travel,18600.0,961000.0,12,2023-10-04,2024-09-28,Bancassurance,Domestic Travel
POL201605,CUST100618,Travel,10700.0,281000.0,24,2024-03-21,2026-03-11,Agent,International Travel
POL201606,CUST103794,Motor,27600.0,742000.0,24,2022-03-04,2024-02-22,Agent,Motor Own-Damage
POL201607,CUST103684,Health,2800.0,135000.0,12,2024-02-04,2025-01-29,Online,Family Floater
POL201608,CUST101767,Motor,35600.0,1096000.0,24,2024-02-13,2026-02-02,Broker,Motor Comprehensive
POL201609,CUST104693,Health,33400.0,1737000.0,24,2023-08-11,2025-07-31,Agent,Individual Health
POL201610,CUST104832,Health,7100.0,399000.0,12,2024-05-23,2025-05-18,Broker,Family Floater
POL201611,CUST103103,Marine,9700.0,196000.0,12,2023-12-27,2024-12-21,Agent,Marine Cargo
POL201612,CUST101310,Life,14300.0,550000.0,12,2023-03-13,2024-03-07,Broker,ULIP
POL201613,CUST102532,Motor,25800.0,1418000.0,12,2023-04-09,2024-04-03,Broker,Motor Comprehensive
POL201614,CUST104110,Travel,5700.0,227000.0,12,2023-04-12,2024-04-06,Agent,International Travel
POL201615,CUST102534,Life,11500.0,248000.0,36,2022-05-24,2025-05-08,Agent,ULIP
POL201616,CUST102469,Motor,22000.0,1113000.0,12,2023-09-20,2024-09-14,Agent,Motor Comprehensive
POL201617,CUST102663,Property,6700.0,162000.0,24,2024-03-20,2026-03-10,Direct,Fire & Allied Perils
POL201618,CUST104210,Health,14900.0,556000.0,24,2022-11-13,2024-11-02,Agent,Critical Illness
POL201619,CUST102053,Health,16700.0,978000.0,12,2024-01-28,2025-01-22,Bancassurance,Individual Health
POL201620,CUST100915,Motor,8200.0,451000.0,24,2023-04-21,2025-04-10,Bancassurance,Motor Comprehensive
POL201621,CUST102568,Motor,16200.0,687000.0,12,2023-10-08,2024-10-02,Bancassurance,Motor Own-Damage
POL201622,CUST103168,Motor,17000.0,375000.0,12,2023-10-08,2024-10-02,Online,Motor Comprehensive
POL201623,CUST104673,Property,10600.0,343000.0,12,2021-02-23,2022-02-18,Bancassurance,Home Shield
POL201624,CUST100565,Motor,5200.0,133000.0,12,2022-02-02,2023-01-28,Broker,Motor Comprehensive
POL201625,CUST104713,Health,4900.0,223000.0,24,2023-10-26,2025-10-15,Agent,Critical Illness
POL201626,CUST104027,Travel,21100.0,1039000.0,12,2021-05-02,2022-04-27,Broker,Domestic Travel
POL201627,CUST103552,Travel,21100.0,909000.0,12,2021-11-17,2022-11-12,Online,Domestic Travel
POL201628,CUST101178,Property,12700.0,538000.0,12,2022-04-02,2023-03-28,Broker,Home Shield
POL201629,CUST101031,Property,14200.0,413000.0,12,2024-03-29,2025-03-24,Broker,Home Shield
POL201630,CUST102137,Travel,11600.0,410000.0,12,2022-08-04,2023-07-30,Online,International Travel
POL201631,CUST100912,Property,31100.0,1841000.0,24,2024-07-06,2026-06-26,Agent,Property All-Risk
POL201632,CUST103279,Health,11700.0,654000.0,36,2024-07-27,2027-07-12,Agent,Critical Illness
POL201633,CUST103761,Motor,40100.0,1888000.0,12,2023-08-24,2024-08-18,Broker,Motor Own-Damage
POL201634,CUST102391,Motor,9300.0,503000.0,24,2024-08-17,2026-08-07,Agent,Motor Comprehensive
POL201635,CUST103458,Health,27700.0,1298000.0,12,2021-01-07,2022-01-02,Agent,Critical Illness
POL201636,CUST103894,Motor,6700.0,293000.0,24,2023-06-22,2025-06-11,Broker,Motor Comprehensive
POL201637,CUST104564,Health,19200.0,942000.0,12,2023-08-07,2024-08-01,Broker,Critical Illness
POL201638,CUST103440,Motor,6100.0,159000.0,12,2021-05-21,2022-05-16,Broker,Motor Third-Party
POL201639,CUST101168,Health,10600.0,619000.0,60,2023-08-30,2028-08-03,Online,Family Floater
POL201640,CUST100652,Health,27400.0,946000.0,24,2021-07-23,2023-07-13,Broker,Individual Health
POL201641,CUST104701,Motor,6300.0,107000.0,12,2021-04-20,2022-04-15,Agent,Motor Third-Party
POL201642,CUST103867,Life,34500.0,809000.0,12,2021-01-04,2021-12-30,Online,ULIP
POL201643,CUST104246,Motor,24800.0,1111000.0,12,2024-01-07,2025-01-01,Broker,Motor Third-Party
POL201644,CUST102117,Health,24700.0,1109000.0,24,2022-10-14,2024-10-03,Broker,Family Floater
POL201645,CUST100787,Motor,24600.0,969000.0,12,2022-06-01,2023-05-27,Broker,Motor Comprehensive
POL201646,CUST102988,Life,35900.0,1350000.0,12,2023-09-11,2024-09-05,Online,Endowment Plan
POL201647,CUST103198,Property,19300.0,840000.0,12,2021-07-22,2022-07-17,Bancassurance,Home Shield
POL201648,CUST101082,Motor,10600.0,503000.0,24,2024-10-03,2026-09-23,Agent,Motor Third-Party
POL201649,CUST102349,Property,22000.0,530000.0,12,2021-01-30,2022-01-25,Agent,Property All-Risk
POL201650,CUST102115,Property,15000.0,364000.0,12,2021-11-24,2022-11-19,Agent,Property All-Risk
POL201651,CUST101298,Travel,32100.0,534000.0,12,2023-12-02,2024-11-26,Agent,International Travel
POL201652,CUST104085,Property,15600.0,658000.0,24,2021-07-19,2023-07-09,Online,Home Shield
POL201653,CUST102428,Health,25600.0,814000.0,12,2022-02-17,2023-02-12,Agent,Individual Health
POL201654,CUST104631,Motor,8300.0,474000.0,12,2022-01-28,2023-01-23,Agent,Motor Comprehensive
POL201655,CUST100006,Motor,14800.0,445000.0,24,2021-03-04,2023-02-22,Bancassurance,Motor Own-Damage
POL201656,CUST104693,Motor,15000.0,606000.0,12,2023-03-05,2024-02-28,Online,Motor Comprehensive
POL201657,CUST103308,Health,32200.0,984000.0,24,2024-01-18,2026-01-07,Broker,Family Floater
POL201658,CUST103500,Travel,24500.0,760000.0,36,2021-02-24,2024-02-09,Bancassurance,International Travel
POL201659,CUST101439,Motor,8400.0,263000.0,60,2022-04-04,2027-03-09,Bancassurance,Motor Third-Party
POL201660,CUST100394,Health,16000.0,679000.0,12,2024-04-25,2025-04-20,Bancassurance,Individual Health
POL201661,CUST101157,Travel,12600.0,397000.0,12,2023-09-28,2024-09-22,Online,Domestic Travel
POL201662,CUST102213,Motor,24800.0,537000.0,12,2023-06-21,2024-06-15,Bancassurance,Motor Third-Party
POL201663,CUST101689,Motor,26300.0,590000.0,12,2021-02-16,2022-02-11,Online,Motor Third-Party
POL201664,CUST100965,Motor,30400.0,1177000.0,12,2024-01-24,2025-01-18,Bancassurance,Motor Comprehensive
POL201665,CUST100063,Motor,26100.0,901000.0,24,2023-06-17,2025-06-06,Agent,Motor Third-Party
POL201666,CUST103488,Health,9400.0,510000.0,36,2024-10-23,2027-10-08,Broker,Family Floater
POL201667,CUST103334,Health,15000.0,253000.0,24,2022-11-25,2024-11-14,Agent,Family Floater
POL201668,CUST100806,Life,27600.0,743000.0,6,2023-11-28,2024-05-26,Online,Endowment Plan
POL201669,CUST103915,Motor,33400.0,1541000.0,12,2023-02-05,2024-01-31,Online,Motor Own-Damage
POL201670,CUST104887,Life,6500.0,298000.0,36,2024-03-28,2027-03-13,Online,Term Life
POL201671,CUST104999,Motor,21700.0,400000.0,12,2023-02-02,2024-01-28,Agent,Motor Third-Party
POL201672,CUST100972,Health,15400.0,402000.0,60,2023-08-14,2028-07-18,Agent,Critical Illness
POL201673,CUST102135,Motor,18500.0,467000.0,12,2022-09-25,2023-09-20,Bancassurance,Motor Own-Damage
POL201674,CUST100263,Property,24500.0,1425000.0,12,2022-02-07,2023-02-02,Broker,Property All-Risk
POL201675,CUST100061,Life,16300.0,920000.0,12,2021-09-11,2022-09-06,Agent,Endowment Plan
POL201676,CUST104217,Motor,17500.0,1036000.0,36,2021-11-05,2024-10-20,Online,Motor Comprehensive
POL201677,CUST104840,Life,7900.0,171000.0,12,2023-05-10,2024-05-04,Broker,Endowment Plan
POL201678,CUST101011,Health,15000.0,694000.0,12,2024-11-30,2025-11-25,Agent,Individual Health
POL201679,CUST102318,Property,14500.0,559000.0,24,2022-01-24,2024-01-14,Agent,Fire & Allied Perils
POL201680,CUST100120,Travel,14100.0,688000.0,12,2022-08-25,2023-08-20,Bancassurance,Domestic Travel
POL201681,CUST104078,Motor,13900.0,341000.0,12,2022-08-16,2023-08-11,Agent,Motor Own-Damage
POL201682,CUST102740,Health,38400.0,627000.0,36,2023-01-10,2025-12-25,Agent,Critical Illness
POL201683,CUST101460,Motor,24200.0,486000.0,12,2024-04-12,2025-04-07,Agent,Motor Comprehensive
POL201684,CUST104846,Life,7100.0,268000.0,12,2021-10-28,2022-10-23,Bancassurance,Endowment Plan
POL201685,CUST100680,Motor,4300.0,254000.0,12,2021-12-05,2022-11-30,Agent,Motor Comprehensive
POL201686,CUST101337,Health,14700.0,244000.0,60,2021-06-20,2026-05-25,Direct,Family Floater
POL201687,CUST103738,Property,29200.0,1210000.0,24,2021-04-11,2023-04-01,Bancassurance,Property All-Risk
POL201688,CUST102043,Health,8500.0,203000.0,60,2022-10-17,2027-09-21,Online,Critical Illness
POL201689,CUST103502,Property,26600.0,486000.0,24,2021-08-08,2023-07-29,Bancassurance,Fire & Allied Perils
POL201690,CUST101185,Motor,9600.0,414000.0,24,2023-07-16,2025-07-05,Agent,Motor Comprehensive
POL201691,CUST103291,Marine,12600.0,402000.0,12,2021-08-20,2022-08-15,Bancassurance,Marine Hull
POL201692,CUST102789,Property,14200.0,688000.0,12,2024-06-28,2025-06-23,Bancassurance,Home Shield
POL201693,CUST100235,Health,16300.0,515000.0,6,2021-12-20,2022-06-18,Direct,Individual Health
POL201694,CUST101613,Motor,6000.0,117000.0,12,2022-04-26,2023-04-21,Broker,Motor Comprehensive
POL201695,CUST101487,Health,7000.0,336000.0,60,2024-10-25,2029-09-29,Agent,Critical Illness
POL201696,CUST102956,Life,12500.0,555000.0,12,2022-08-11,2023-08-06,Agent,Endowment Plan
POL201697,CUST102191,Motor,5000.0,278000.0,12,2024-01-10,2025-01-04,Online,Motor Own-Damage
POL201698,CUST102390,Travel,11700.0,542000.0,12,2024-06-24,2025-06-19,Online,Domestic Travel
POL201699,CUST100847,Property,18600.0,290000.0,12,2023-03-06,2024-02-29,Bancassurance,Fire & Allied Perils
POL201700,CUST104644,Travel,8100.0,424000.0,36,2023-11-01,2026-10-16,Online,International Travel
POL201701,CUST103748,Motor,11500.0,459000.0,12,2021-05-04,2022-04-29,Online,Motor Third-Party
POL201702,CUST103350,Health,17100.0,265000.0,24,2022-02-18,2024-02-08,Online,Individual Health
POL201703,CUST101378,Motor,6400.0,327000.0,12,2021-06-15,2022-06-10,Agent,Motor Own-Damage
POL201704,CUST103412,Motor,18700.0,929000.0,12,2024-08-30,2025-08-25,Agent,Motor Own-Damage
POL201705,CUST101174,Motor,15100.0,906000.0,12,2024-07-07,2025-07-02,Agent,Motor Own-Damage
POL201706,CUST102432,Motor,9300.0,342000.0,12,2021-03-11,2022-03-06,Bancassurance,Motor Comprehensive
POL201707,CUST101341,Life,30900.0,1546000.0,24,2023-02-12,2025-02-01,Bancassurance,Term Life
POL201708,CUST101515,Motor,7800.0,367000.0,24,2023-07-29,2025-07-18,Agent,Motor Own-Damage
POL201709,CUST103246,Motor,19400.0,723000.0,12,2023-01-18,2024-01-13,Online,Motor Own-Damage
POL201710,CUST101569,Health,19800.0,452000.0,12,2024-11-20,2025-11-15,Agent,Individual Health
POL201711,CUST103650,Life,7900.0,276000.0,24,2021-01-31,2023-01-21,Agent,Term Life
POL201712,CUST102519,Property,9600.0,212000.0,36,2021-03-27,2024-03-11,Agent,Property All-Risk
POL201713,CUST104905,Life,21400.0,614000.0,12,2024-12-23,2025-12-18,Online,ULIP
POL201714,CUST100959,Motor,25500.0,1384000.0,12,2023-03-18,2024-03-12,Online,Motor Own-Damage
POL201715,CUST104724,Health,18800.0,496000.0,12,2023-05-07,2024-05-01,Agent,Critical Illness
POL201716,CUST100662,Life,21400.0,1117000.0,12,2022-06-23,2023-06-18,Broker,Endowment Plan
POL201717,CUST102748,Motor,11700.0,193000.0,12,2021-10-30,2022-10-25,Bancassurance,Motor Own-Damage
POL201718,CUST101861,Motor,28500.0,1054000.0,36,2022-08-25,2025-08-09,Broker,Motor Third-Party
POL201719,CUST103761,Marine,5200.0,251000.0,60,2023-07-08,2028-06-11,Agent,Marine Hull
POL201720,CUST100652,Motor,17800.0,960000.0,24,2021-12-14,2023-12-04,Bancassurance,Motor Own-Damage
POL201721,CUST101273,Motor,28000.0,452000.0,24,2021-06-07,2023-05-28,Online,Motor Comprehensive
POL201722,CUST101153,Motor,26100.0,1327000.0,12,2024-08-15,2025-08-10,Bancassurance,Motor Comprehensive
POL201723,CUST104603,Marine,2100.0,116000.0,24,2023-11-21,2025-11-10,Bancassurance,Marine Hull
POL201724,CUST102675,Health,24600.0,539000.0,36,2021-08-21,2024-08-05,Agent,Family Floater
POL201725,CUST100821,Travel,11600.0,201000.0,36,2021-05-30,2024-05-14,Bancassurance,International Travel
POL201726,CUST103950,Property,11400.0,276000.0,12,2021-05-01,2022-04-26,Agent,Property All-Risk
POL201727,CUST101427,Life,18300.0,470000.0,24,2024-07-17,2026-07-07,Bancassurance,Term Life
POL201728,CUST101123,Motor,7700.0,181000.0,6,2021-05-27,2021-11-23,Agent,Motor Own-Damage
POL201729,CUST102471,Health,19800.0,823000.0,12,2021-01-06,2022-01-01,Bancassurance,Individual Health
POL201730,CUST103958,Property,27200.0,718000.0,12,2021-02-28,2022-02-23,Direct,Fire & Allied Perils
POL201731,CUST104197,Travel,33400.0,1585000.0,12,2022-12-03,2023-11-28,Bancassurance,International Travel
POL201732,CUST100077,Property,41800.0,1596000.0,12,2023-04-12,2024-04-06,Online,Property All-Risk
POL201733,CUST104490,Travel,18600.0,661000.0,36,2022-03-17,2025-03-01,Bancassurance,International Travel
POL201734,CUST104985,Life,10600.0,573000.0,12,2022-01-06,2023-01-01,Agent,ULIP
POL201735,CUST101604,Health,8700.0,364000.0,12,2024-09-11,2025-09-06,Agent,Critical Illness
POL201736,CUST102584,Health,46100.0,1240000.0,24,2024-08-07,2026-07-28,Agent,Individual Health
POL201737,CUST101881,Health,13000.0,247000.0,24,2021-11-09,2023-10-30,Bancassurance,Family Floater
POL201738,CUST102379,Motor,2800.0,110000.0,24,2024-02-09,2026-01-29,Online,Motor Comprehensive
POL201739,CUST103261,Health,9300.0,452000.0,12,2023-03-28,2024-03-22,Online,Family Floater
POL201740,CUST103252,Motor,11000.0,499000.0,12,2023-06-10,2024-06-04,Bancassurance,Motor Third-Party
POL201741,CUST102373,Motor,24900.0,1275000.0,12,2024-04-25,2025-04-20,Bancassurance,Motor Comprehensive
POL201742,CUST102375,Health,34600.0,1731000.0,24,2022-01-30,2024-01-20,Agent,Individual Health
POL201743,CUST102442,Life,26400.0,1013000.0,12,2024-08-31,2025-08-26,Online,ULIP
POL201744,CUST102040,Life,22000.0,592000.0,12,2024-11-04,2025-10-30,Broker,Term Life
POL201745,CUST100616,Health,35100.0,1829000.0,12,2023-08-25,2024-08-19,Online,Family Floater
POL201746,CUST101854,Life,25900.0,901000.0,12,2021-09-01,2022-08-27,Agent,ULIP
POL201747,CUST103577,Health,30800.0,655000.0,12,2022-09-12,2023-09-07,Online,Family Floater
POL201748,CUST104889,Health,11000.0,607000.0,12,2024-09-21,2025-09-16,Online,Critical Illness
POL201749,CUST104063,Health,7200.0,175000.0,12,2024-02-11,2025-02-05,Online,Individual Health
POL201750,CUST104307,Motor,8600.0,193000.0,36,2022-04-21,2025-04-05,Online,Motor Own-Damage
POL201751,CUST103915,Life,14500.0,342000.0,12,2024-07-29,2025-07-24,Bancassurance,ULIP
POL201752,CUST102512,Life,42400.0,1033000.0,12,2023-10-26,2024-10-20,Bancassurance,Endowment Plan
POL201753,CUST103410,Motor,11500.0,316000.0,24,2024-04-06,2026-03-27,Agent,Motor Own-Damage
POL201754,CUST104182,Property,8700.0,352000.0,24,2023-10-24,2025-10-13,Online,Home Shield
POL201755,CUST101114,Motor,54300.0,1335000.0,6,2024-11-10,2025-05-09,Bancassurance,Motor Comprehensive
POL201756,CUST100745,Health,19200.0,1035000.0,12,2023-02-21,2024-02-16,Agent,Individual Health
POL201757,CUST101331,Property,12300.0,422000.0,36,2021-01-30,2024-01-15,Agent,Property All-Risk
POL201758,CUST102647,Life,6500.0,236000.0,36,2022-05-03,2025-04-17,Online,ULIP
POL201759,CUST103931,Health,6000.0,276000.0,12,2023-03-10,2024-03-04,Bancassurance,Critical Illness
POL201760,CUST102250,Life,27800.0,487000.0,12,2022-01-10,2023-01-05,Agent,Endowment Plan
POL201761,CUST104914,Motor,3800.0,111000.0,12,2023-02-02,2024-01-28,Online,Motor Own-Damage
POL201762,CUST101624,Life,15600.0,716000.0,36,2022-09-28,2025-09-12,Bancassurance,Term Life
POL201763,CUST102309,Life,34000.0,1096000.0,60,2021-09-10,2026-08-15,Online,Term Life
POL201764,CUST104592,Motor,11400.0,219000.0,12,2024-08-19,2025-08-14,Online,Motor Own-Damage
POL201765,CUST100853,Motor,19100.0,708000.0,24,2022-11-23,2024-11-12,Online,Motor Third-Party
POL201766,CUST104162,Travel,10000.0,248000.0,12,2022-04-07,2023-04-02,Agent,Domestic Travel
POL201767,CUST100755,Motor,43300.0,2368000.0,24,2022-08-08,2024-07-28,Agent,Motor Own-Damage
POL201768,CUST104535,Marine,20500.0,417000.0,6,2023-06-16,2023-12-13,Online,Marine Cargo
POL201769,CUST101616,Motor,33500.0,617000.0,12,2021-12-08,2022-12-03,Online,Motor Comprehensive
POL201770,CUST103176,Health,16600.0,667000.0,12,2021-04-29,2022-04-24,Agent,Individual Health
POL201771,CUST103558,Health,19000.0,457000.0,36,2023-04-22,2026-04-06,Online,Family Floater
POL201772,CUST101881,Life,22100.0,1186000.0,6,2021-09-10,2022-03-09,Agent,ULIP
POL201773,CUST102751,Health,14300.0,329000.0,12,2024-12-26,2025-12-21,Broker,Family Floater
POL201774,CUST103784,Health,25900.0,941000.0,24,2021-01-21,2023-01-11,Bancassurance,Family Floater
POL201775,CUST104379,Health,15800.0,771000.0,12,2024-05-06,2025-05-01,Agent,Critical Illness
POL201776,CUST100542,Life,23500.0,406000.0,6,2024-08-26,2025-02-22,Agent,Term Life
POL201777,CUST102477,Health,34300.0,2057000.0,12,2023-07-21,2024-07-15,Online,Critical Illness
POL201778,CUST104265,Health,17900.0,886000.0,12,2023-06-21,2024-06-15,Online,Critical Illness
POL201779,CUST102779,Health,11000.0,331000.0,12,2024-08-20,2025-08-15,Online,Family Floater
POL201780,CUST100143,Health,32800.0,1187000.0,36,2023-12-21,2026-12-05,Direct,Critical Illness
POL201781,CUST100627,Motor,22100.0,486000.0,12,2021-02-25,2022-02-20,Agent,Motor Third-Party
POL201782,CUST104091,Motor,12800.0,419000.0,24,2023-11-19,2025-11-08,Online,Motor Comprehensive
POL201783,CUST102116,Property,9900.0,289000.0,12,2022-10-21,2023-10-16,Bancassurance,Property All-Risk
POL201784,CUST103519,Travel,2000.0,58000.0,24,2021-01-30,2023-01-20,Online,International Travel
POL201785,CUST104463,Motor,16700.0,830000.0,12,2021-11-23,2022-11-18,Agent,Motor Own-Damage
POL201786,CUST100442,Motor,16000.0,817000.0,36,2022-11-17,2025-11-01,Broker,Motor Own-Damage
POL201787,CUST102275,Travel,9100.0,286000.0,24,2021-05-30,2023-05-20,Broker,International Travel
POL201788,CUST100734,Health,9300.0,188000.0,24,2024-07-31,2026-07-21,Direct,Family Floater
POL201789,CUST104211,Health,9800.0,166000.0,12,2022-02-12,2023-02-07,Online,Critical Illness
POL201790,CUST102261,Life,15500.0,896000.0,12,2023-12-07,2024-12-01,Online,ULIP
POL201791,CUST104383,Health,28100.0,552000.0,6,2021-12-29,2022-06-27,Agent,Critical Illness
POL201792,CUST101499,Health,14300.0,635000.0,12,2023-10-27,2024-10-21,Bancassurance,Family Floater
POL201793,CUST100726,Marine,12300.0,235000.0,6,2024-08-18,2025-02-14,Agent,Marine Hull
POL201794,CUST104336,Health,7500.0,380000.0,6,2023-06-26,2023-12-23,Broker,Critical Illness
POL201795,CUST103065,Life,3800.0,119000.0,12,2024-09-03,2025-08-29,Online,Term Life
POL201796,CUST100964,Motor,7600.0,227000.0,24,2022-03-03,2024-02-21,Agent,Motor Comprehensive
POL201797,CUST103471,Motor,11500.0,185000.0,12,2021-09-20,2022-09-15,Online,Motor Comprehensive
POL201798,CUST102085,Marine,10400.0,607000.0,36,2022-06-14,2025-05-29,Online,Marine Hull
POL201799,CUST100233,Marine,18400.0,677000.0,12,2023-10-24,2024-10-18,Direct,Marine Cargo
POL201800,CUST101302,Property,17000.0,369000.0,12,2021-01-02,2021-12-28,Online,Property All-Risk
POL201801,CUST103750,Motor,7800.0,162000.0,12,2022-08-04,2023-07-30,Broker,Motor Own-Damage
POL201802,CUST100635,Property,18500.0,845000.0,12,2023-09-15,2024-09-09,Online,Home Shield
POL201803,CUST101688,Motor,9400.0,229000.0,12,2023-08-31,2024-08-25,Online,Motor Own-Damage
POL201804,CUST101298,Life,14600.0,545000.0,12,2022-01-15,2023-01-10,Agent,ULIP
POL201805,CUST103664,Life,7500.0,178000.0,6,2021-12-15,2022-06-13,Agent,Term Life
POL201806,CUST104299,Health,18400.0,593000.0,12,2022-06-13,2023-06-08,Online,Family Floater
POL201807,CUST103937,Health,10100.0,500000.0,12,2022-04-28,2023-04-23,Broker,Critical Illness
POL201808,CUST103577,Life,32800.0,533000.0,6,2021-05-03,2021-10-30,Agent,Term Life
POL201809,CUST100447,Marine,10600.0,268000.0,24,2022-04-17,2024-04-06,Agent,Marine Cargo
POL201810,CUST104571,Motor,7100.0,401000.0,24,2024-07-01,2026-06-21,Broker,Motor Own-Damage
POL201811,CUST100809,Motor,10400.0,464000.0,12,2023-08-06,2024-07-31,Agent,Motor Own-Damage
POL201812,CUST102026,Life,8800.0,482000.0,12,2021-09-11,2022-09-06,Bancassurance,ULIP
POL201813,CUST104138,Motor,3300.0,53000.0,36,2024-10-01,2027-09-16,Direct,Motor Comprehensive
POL201814,CUST101202,Motor,34700.0,1891000.0,36,2022-10-12,2025-09-26,Online,Motor Own-Damage
POL201815,CUST101084,Motor,20800.0,1043000.0,12,2022-03-27,2023-03-22,Agent,Motor Third-Party
POL201816,CUST100131,Motor,17100.0,353000.0,12,2022-06-12,2023-06-07,Broker,Motor Own-Damage
POL201817,CUST101791,Health,13200.0,461000.0,12,2024-05-11,2025-05-06,Agent,Family Floater
POL201818,CUST102475,Travel,7500.0,243000.0,12,2021-10-25,2022-10-20,Broker,Domestic Travel
POL201819,CUST102336,Property,4500.0,242000.0,24,2024-10-17,2026-10-07,Agent,Fire & Allied Perils
POL201820,CUST100198,Health,14500.0,650000.0,12,2024-05-22,2025-05-17,Agent,Individual Health
POL201821,CUST101024,Motor,15500.0,747000.0,24,2021-07-17,2023-07-07,Agent,Motor Third-Party
POL201822,CUST100021,Life,12600.0,707000.0,24,2022-01-09,2023-12-30,Online,ULIP
POL201823,CUST101124,Health,44400.0,1292000.0,12,2023-02-08,2024-02-03,Online,Critical Illness
POL201824,CUST103023,Property,3200.0,58000.0,12,2022-04-07,2023-04-02,Online,Property All-Risk
POL201825,CUST100043,Health,13800.0,477000.0,12,2024-05-06,2025-05-01,Agent,Critical Illness
POL201826,CUST100824,Life,3300.0,189000.0,12,2024-04-22,2025-04-17,Broker,Endowment Plan
POL201827,CUST102720,Motor,12200.0,554000.0,12,2024-07-11,2025-07-06,Agent,Motor Own-Damage
POL201828,CUST102798,Property,11400.0,190000.0,12,2022-09-01,2023-08-27,Agent,Home Shield
POL201829,CUST104481,Property,5300.0,314000.0,60,2021-06-30,2026-06-04,Agent,Property All-Risk
POL201830,CUST102867,Health,8200.0,322000.0,12,2023-04-09,2024-04-03,Bancassurance,Critical Illness
POL201831,CUST104629,Travel,12600.0,414000.0,12,2024-07-21,2025-07-16,Broker,Domestic Travel
POL201832,CUST103619,Motor,13200.0,492000.0,24,2024-02-01,2026-01-21,Agent,Motor Comprehensive
POL201833,CUST102752,Motor,9800.0,384000.0,36,2022-01-21,2025-01-05,Agent,Motor Own-Damage
POL201834,CUST101915,Property,30200.0,1704000.0,24,2022-05-31,2024-05-20,Agent,Property All-Risk
POL201835,CUST100556,Life,25400.0,797000.0,24,2023-05-31,2025-05-20,Broker,Term Life
POL201836,CUST103525,Motor,6700.0,300000.0,12,2022-10-25,2023-10-20,Online,Motor Comprehensive
POL201837,CUST104690,Motor,6600.0,133000.0,12,2023-09-26,2024-09-20,Bancassurance,Motor Third-Party
POL201838,CUST101829,Motor,8900.0,303000.0,60,2022-04-25,2027-03-30,Bancassurance,Motor Third-Party
POL201839,CUST101777,Motor,17400.0,988000.0,60,2022-02-02,2027-01-07,Online,Motor Third-Party
POL201840,CUST100488,Health,11600.0,572000.0,12,2021-05-11,2022-05-06,Direct,Family Floater
POL201841,CUST102988,Motor,16100.0,915000.0,24,2024-01-07,2025-12-27,Bancassurance,Motor Own-Damage
POL201842,CUST101549,Health,25900.0,539000.0,12,2023-09-23,2024-09-17,Agent,Critical Illness
POL201843,CUST100050,Life,8100.0,292000.0,12,2024-09-01,2025-08-27,Bancassurance,Endowment Plan
POL201844,CUST100037,Life,4000.0,154000.0,24,2022-06-26,2024-06-15,Agent,ULIP
POL201845,CUST101677,Travel,19300.0,371000.0,12,2023-10-01,2024-09-25,Online,Domestic Travel
POL201846,CUST102312,Motor,8100.0,311000.0,12,2021-03-21,2022-03-16,Agent,Motor Third-Party
POL201847,CUST102285,Motor,18500.0,594000.0,12,2024-09-14,2025-09-09,Bancassurance,Motor Comprehensive
POL201848,CUST103701,Motor,16900.0,260000.0,12,2024-10-28,2025-10-23,Agent,Motor Own-Damage
POL201849,CUST102640,Health,27500.0,548000.0,12,2022-09-04,2023-08-30,Agent,Individual Health
POL201850,CUST103923,Health,17800.0,658000.0,6,2022-10-16,2023-04-14,Bancassurance,Individual Health
POL201851,CUST101485,Motor,15100.0,300000.0,36,2021-09-21,2024-09-05,Online,Motor Own-Damage
POL201852,CUST101160,Life,14500.0,478000.0,36,2021-01-25,2024-01-10,Online,Term Life
POL201853,CUST102697,Travel,42600.0,2532000.0,36,2021-09-21,2024-09-05,Broker,Domestic Travel
POL201854,CUST100528,Motor,38000.0,1322000.0,24,2022-06-11,2024-05-31,Bancassurance,Motor Own-Damage
POL201855,CUST103822,Motor,16200.0,655000.0,36,2022-07-18,2025-07-02,Agent,Motor Comprehensive
POL201856,CUST100927,Life,12300.0,416000.0,36,2023-12-13,2026-11-27,Agent,Term Life
POL201857,CUST104575,Property,10500.0,208000.0,12,2021-10-26,2022-10-21,Agent,Property All-Risk
POL201858,CUST104918,Motor,19300.0,992000.0,12,2022-01-24,2023-01-19,Bancassurance,Motor Comprehensive
POL201859,CUST102687,Life,34800.0,1671000.0,24,2024-11-13,2026-11-03,Agent,ULIP
POL201860,CUST101560,Motor,21400.0,749000.0,12,2021-02-14,2022-02-09,Online,Motor Own-Damage
POL201861,CUST101693,Life,31500.0,743000.0,12,2024-06-17,2025-06-12,Online,Term Life
POL201862,CUST102146,Life,22300.0,1068000.0,36,2024-12-14,2027-11-29,Bancassurance,Term Life
POL201863,CUST102396,Motor,5600.0,167000.0,12,2022-03-21,2023-03-16,Online,Motor Own-Damage
POL201864,CUST100378,Motor,46300.0,1710000.0,12,2023-06-25,2024-06-19,Bancassurance,Motor Own-Damage
POL201865,CUST100987,Life,17100.0,453000.0,36,2021-07-15,2024-06-29,Agent,Term Life
POL201866,CUST103946,Life,38300.0,1301000.0,24,2022-12-27,2024-12-16,Online,Endowment Plan
POL201867,CUST100263,Marine,31400.0,1759000.0,24,2021-03-21,2023-03-11,Online,Marine Hull
POL201868,CUST102242,Health,5000.0,142000.0,60,2024-02-20,2029-01-24,Bancassurance,Family Floater
POL201869,CUST104375,Property,14800.0,480000.0,24,2023-12-27,2025-12-16,Agent,Fire & Allied Perils
POL201870,CUST100436,Life,9600.0,363000.0,12,2022-03-14,2023-03-09,Bancassurance,Endowment Plan
POL201871,CUST104627,Life,8600.0,239000.0,24,2022-07-06,2024-06-25,Agent,ULIP
POL201872,CUST102364,Motor,18400.0,1078000.0,12,2023-07-21,2024-07-15,Direct,Motor Comprehensive
POL201873,CUST102116,Motor,24500.0,483000.0,24,2024-08-15,2026-08-05,Bancassurance,Motor Third-Party
POL201874,CUST103566,Health,6600.0,135000.0,12,2021-02-19,2022-02-14,Online,Critical Illness
POL201875,CUST103886,Motor,6000.0,260000.0,12,2021-06-06,2022-06-01,Online,Motor Own-Damage
POL201876,CUST102365,Motor,15800.0,670000.0,24,2022-03-01,2024-02-19,Broker,Motor Comprehensive
POL201877,CUST100415,Motor,22400.0,623000.0,12,2022-12-12,2023-12-07,Bancassurance,Motor Comprehensive
POL201878,CUST104843,Marine,27000.0,497000.0,36,2021-03-06,2024-02-19,Online,Marine Hull
POL201879,CUST100044,Life,37000.0,774000.0,12,2024-05-31,2025-05-26,Bancassurance,ULIP
POL201880,CUST104358,Property,34500.0,862000.0,6,2021-11-11,2022-05-10,Broker,Home Shield
POL201881,CUST102170,Travel,20000.0,660000.0,6,2022-12-25,2023-06-23,Agent,International Travel
POL201882,CUST102574,Life,22100.0,888000.0,24,2024-05-11,2026-05-01,Agent,Term Life
POL201883,CUST103825,Health,26100.0,1119000.0,12,2023-03-23,2024-03-17,Online,Individual Health
POL201884,CUST104702,Health,6200.0,287000.0,12,2022-07-01,2023-06-26,Agent,Individual Health
POL201885,CUST100752,Life,14100.0,242000.0,24,2023-07-02,2025-06-21,Broker,Endowment Plan
POL201886,CUST104056,Property,31500.0,1248000.0,12,2021-05-04,2022-04-29,Broker,Fire & Allied Perils
POL201887,CUST103305,Property,8600.0,146000.0,60,2022-05-20,2027-04-24,Agent,Property All-Risk
POL201888,CUST101841,Health,5000.0,222000.0,6,2024-11-28,2025-05-27,Broker,Individual Health
POL201889,CUST102128,Property,8700.0,255000.0,12,2024-12-01,2025-11-26,Online,Property All-Risk
POL201890,CUST103857,Health,10400.0,440000.0,24,2022-10-09,2024-09-28,Online,Individual Health
POL201891,CUST100700,Health,15900.0,580000.0,36,2024-01-02,2026-12-17,Agent,Individual Health
POL201892,CUST102529,Motor,22000.0,1137000.0,24,2021-09-27,2023-09-17,Online,Motor Comprehensive
POL201893,CUST103610,Motor,26500.0,514000.0,12,2024-12-25,2025-12-20,Agent,Motor Comprehensive
POL201894,CUST102695,Motor,20400.0,796000.0,24,2022-06-07,2024-05-27,Agent,Motor Third-Party
POL201895,CUST102239,Life,32800.0,952000.0,12,2022-06-28,2023-06-23,Online,Endowment Plan
POL201896,CUST102603,Motor,10100.0,157000.0,12,2021-03-01,2022-02-24,Direct,Motor Own-Damage
POL201897,CUST102557,Marine,9900.0,388000.0,24,2022-07-12,2024-07-01,Agent,Marine Cargo
POL201898,CUST104018,Motor,7100.0,356000.0,12,2022-08-29,2023-08-24,Online,Motor Comprehensive
POL201899,CUST104104,Motor,15000.0,639000.0,24,2024-11-25,2026-11-15,Agent,Motor Own-Damage
POL201900,CUST104592,Health,4900.0,84000.0,24,2022-06-14,2024-06-03,Bancassurance,Individual Health
POL201901,CUST100360,Motor,9300.0,411000.0,36,2024-07-28,2027-07-13,Agent,Motor Comprehensive
POL201902,CUST101597,Motor,27900.0,1319000.0,12,2024-09-01,2025-08-27,Agent,Motor Comprehensive
POL201903,CUST104383,Motor,6000.0,109000.0,24,2024-06-19,2026-06-09,Direct,Motor Own-Damage
POL201904,CUST103209,Health,31700.0,1026000.0,24,2023-07-29,2025-07-18,Online,Critical Illness
POL201905,CUST101884,Motor,8400.0,239000.0,12,2023-02-10,2024-02-05,Online,Motor Third-Party
POL201906,CUST103142,Health,29300.0,1428000.0,12,2023-07-07,2024-07-01,Online,Family Floater
POL201907,CUST102315,Motor,10400.0,328000.0,36,2024-11-12,2027-10-28,Agent,Motor Third-Party
POL201908,CUST104437,Motor,24100.0,587000.0,12,2024-10-15,2025-10-10,Bancassurance,Motor Comprehensive
POL201909,CUST102790,Motor,16000.0,622000.0,12,2021-04-25,2022-04-20,Broker,Motor Third-Party
POL201910,CUST102236,Motor,23400.0,1151000.0,12,2021-07-29,2022-07-24,Online,Motor Third-Party
POL201911,CUST103117,Property,3900.0,127000.0,36,2023-01-14,2025-12-29,Bancassurance,Property All-Risk
POL201912,CUST100950,Health,13000.0,719000.0,60,2023-02-10,2028-01-15,Agent,Critical Illness
POL201913,CUST103853,Life,30400.0,1346000.0,36,2023-09-09,2026-08-24,Agent,Endowment Plan
POL201914,CUST101015,Property,14600.0,295000.0,24,2023-08-03,2025-07-23,Broker,Home Shield
POL201915,CUST100118,Motor,9900.0,583000.0,12,2022-08-10,2023-08-05,Online,Motor Comprehensive
POL201916,CUST100256,Property,5700.0,271000.0,24,2022-11-20,2024-11-09,Agent,Property All-Risk
POL201917,CUST100330,Life,9000.0,231000.0,24,2024-04-23,2026-04-13,Broker,Endowment Plan
POL201918,CUST100503,Life,33100.0,958000.0,12,2021-10-10,2022-10-05,Agent,Endowment Plan
POL201919,CUST100253,Property,21000.0,761000.0,24,2022-01-30,2024-01-20,Online,Property All-Risk
POL201920,CUST101506,Motor,24500.0,391000.0,60,2022-01-26,2026-12-31,Bancassurance,Motor Own-Damage
POL201921,CUST104803,Health,12500.0,691000.0,60,2022-03-10,2027-02-12,Broker,Family Floater
POL201922,CUST100512,Health,11800.0,220000.0,6,2021-01-23,2021-07-22,Broker,Critical Illness
POL201923,CUST103380,Life,24400.0,554000.0,6,2021-01-12,2021-07-11,Agent,Term Life
POL201924,CUST104355,Motor,28300.0,1107000.0,12,2022-01-09,2023-01-04,Agent,Motor Own-Damage
POL201925,CUST104046,Motor,11000.0,559000.0,12,2024-12-22,2025-12-17,Broker,Motor Third-Party
POL201926,CUST101810,Travel,21300.0,1219000.0,24,2023-03-28,2025-03-17,Broker,International Travel
POL201927,CUST100263,Health,19000.0,384000.0,12,2024-04-10,2025-04-05,Agent,Family Floater
POL201928,CUST101842,Motor,5400.0,85000.0,12,2024-05-11,2025-05-06,Bancassurance,Motor Third-Party
POL201929,CUST103007,Motor,18300.0,850000.0,24,2022-01-29,2024-01-19,Bancassurance,Motor Own-Damage
POL201930,CUST103787,Life,15400.0,418000.0,12,2023-10-11,2024-10-05,Online,ULIP
POL201931,CUST100709,Motor,6200.0,130000.0,60,2023-06-17,2028-05-21,Broker,Motor Own-Damage
POL201932,CUST101506,Motor,23200.0,352000.0,12,2024-10-11,2025-10-06,Online,Motor Comprehensive
POL201933,CUST103007,Travel,7600.0,444000.0,12,2021-01-23,2022-01-18,Broker,Domestic Travel
POL201934,CUST103575,Motor,10100.0,485000.0,36,2024-12-21,2027-12-06,Agent,Motor Own-Damage
POL201935,CUST101554,Motor,64700.0,1970000.0,24,2022-07-09,2024-06-28,Bancassurance,Motor Third-Party
POL201936,CUST104112,Life,9700.0,406000.0,12,2022-02-02,2023-01-28,Agent,Endowment Plan
POL201937,CUST104009,Motor,12700.0,699000.0,12,2023-02-14,2024-02-09,Agent,Motor Comprehensive
POL201938,CUST101800,Motor,5200.0,291000.0,24,2023-08-09,2025-07-29,Bancassurance,Motor Own-Damage
POL201939,CUST102680,Health,2900.0,113000.0,24,2022-11-27,2024-11-16,Agent,Individual Health
POL201940,CUST102389,Life,44700.0,2559000.0,36,2023-12-17,2026-12-01,Bancassurance,Endowment Plan
POL201941,CUST103344,Health,34400.0,1689000.0,6,2022-05-08,2022-11-04,Agent,Critical Illness
POL201942,CUST101611,Property,3000.0,119000.0,36,2021-03-17,2024-03-01,Online,Fire & Allied Perils
POL201943,CUST101647,Property,59400.0,1910000.0,12,2023-03-13,2024-03-07,Bancassurance,Fire & Allied Perils
POL201944,CUST102115,Life,40500.0,2315000.0,12,2023-01-13,2024-01-08,Agent,Endowment Plan
POL201945,CUST101079,Health,17200.0,409000.0,24,2022-08-13,2024-08-02,Bancassurance,Individual Health
POL201946,CUST102903,Property,8700.0,344000.0,36,2024-02-04,2027-01-19,Online,Fire & Allied Perils
POL201947,CUST104790,Motor,32700.0,686000.0,12,2024-05-29,2025-05-24,Broker,Motor Comprehensive
POL201948,CUST101748,Health,24400.0,513000.0,6,2022-11-16,2023-05-15,Agent,Individual Health
POL201949,CUST104304,Motor,48100.0,851000.0,24,2021-12-18,2023-12-08,Online,Motor Comprehensive
POL201950,CUST102320,Motor,45300.0,1312000.0,12,2022-08-30,2023-08-25,Broker,Motor Own-Damage
POL201951,CUST100828,Travel,15600.0,795000.0,60,2023-12-05,2028-11-08,Online,International Travel
POL201952,CUST102481,Motor,17400.0,405000.0,12,2023-03-13,2024-03-07,Agent,Motor Comprehensive
POL201953,CUST102497,Health,8200.0,430000.0,24,2024-03-07,2026-02-25,Bancassurance,Family Floater
POL201954,CUST100122,Motor,8900.0,531000.0,36,2021-06-07,2024-05-22,Bancassurance,Motor Own-Damage
POL201955,CUST102396,Health,14200.0,549000.0,12,2024-10-16,2025-10-11,Agent,Critical Illness
POL201956,CUST100818,Property,23000.0,1160000.0,6,2021-04-19,2021-10-16,Agent,Property All-Risk
POL201957,CUST103972,Health,47700.0,2149000.0,24,2023-09-04,2025-08-24,Online,Critical Illness
POL201958,CUST102706,Property,9100.0,325000.0,24,2021-01-16,2023-01-06,Bancassurance,Property All-Risk
POL201959,CUST101520,Health,14700.0,409000.0,36,2022-08-29,2025-08-13,Agent,Individual Health
POL201960,CUST100013,Marine,26300.0,1189000.0,12,2022-08-26,2023-08-21,Online,Marine Hull
POL201961,CUST102854,Property,17200.0,437000.0,12,2022-12-24,2023-12-19,Bancassurance,Property All-Risk
POL201962,CUST103520,Motor,21900.0,692000.0,6,2022-11-04,2023-05-03,Bancassurance,Motor Third-Party
POL201963,CUST102120,Marine,16400.0,360000.0,24,2021-04-21,2023-04-11,Agent,Marine Cargo
POL201964,CUST104527,Motor,6600.0,271000.0,12,2024-10-13,2025-10-08,Online,Motor Own-Damage
POL201965,CUST100981,Health,32100.0,719000.0,12,2023-04-11,2024-04-05,Agent,Critical Illness
POL201966,CUST103772,Motor,22200.0,1134000.0,12,2024-08-22,2025-08-17,Online,Motor Third-Party
POL201967,CUST102478,Health,10800.0,393000.0,12,2021-08-19,2022-08-14,Online,Critical Illness
POL201968,CUST101570,Travel,13700.0,645000.0,6,2022-07-10,2023-01-06,Agent,Domestic Travel
POL201969,CUST101440,Property,10100.0,358000.0,24,2022-01-14,2024-01-04,Agent,Property All-Risk
POL201970,CUST102249,Health,23900.0,1191000.0,12,2024-11-16,2025-11-11,Direct,Family Floater
POL201971,CUST100402,Travel,4700.0,258000.0,12,2022-12-01,2023-11-26,Bancassurance,Domestic Travel
POL201972,CUST103253,Health,9800.0,354000.0,24,2021-08-19,2023-08-09,Online,Family Floater
POL201973,CUST102044,Motor,12500.0,395000.0,60,2022-12-02,2027-11-06,Broker,Motor Comprehensive
POL201974,CUST103402,Property,12700.0,602000.0,36,2021-12-13,2024-11-27,Broker,Home Shield
POL201975,CUST102576,Motor,7800.0,456000.0,36,2023-05-03,2026-04-17,Agent,Motor Third-Party
POL201976,CUST104887,Property,16200.0,371000.0,24,2023-01-28,2025-01-17,Broker,Fire & Allied Perils
POL201977,CUST100413,Motor,4700.0,228000.0,24,2024-02-04,2026-01-24,Agent,Motor Third-Party
POL201978,CUST102464,Motor,24200.0,367000.0,24,2022-06-29,2024-06-18,Broker,Motor Own-Damage
POL201979,CUST102681,Health,38700.0,2289000.0,12,2021-11-08,2022-11-03,Online,Individual Health
POL201980,CUST101247,Health,19200.0,976000.0,12,2023-02-14,2024-02-09,Online,Family Floater
POL201981,CUST103361,Motor,7900.0,455000.0,24,2022-07-13,2024-07-02,Online,Motor Comprehensive
POL201982,CUST101810,Motor,22800.0,452000.0,24,2021-01-09,2022-12-30,Online,Motor Own-Damage
POL201983,CUST103817,Motor,12800.0,221000.0,24,2022-06-12,2024-06-01,Agent,Motor Comprehensive
POL201984,CUST104612,Property,19200.0,665000.0,60,2023-09-14,2028-08-18,Bancassurance,Property All-Risk
POL201985,CUST104268,Health,16600.0,293000.0,12,2023-10-30,2024-10-24,Agent,Critical Illness
POL201986,CUST103163,Motor,25900.0,452000.0,36,2022-02-06,2025-01-21,Agent,Motor Own-Damage
POL201987,CUST103589,Motor,19000.0,363000.0,12,2023-10-19,2024-10-13,Bancassurance,Motor Comprehensive
POL201988,CUST104321,Motor,12100.0,215000.0,12,2022-03-26,2023-03-21,Agent,Motor Own-Damage
POL201989,CUST104903,Health,9500.0,184000.0,12,2021-01-04,2021-12-30,Bancassurance,Critical Illness
POL201990,CUST103620,Health,13300.0,419000.0,36,2024-08-24,2027-08-09,Online,Critical Illness
POL201991,CUST104564,Motor,28000.0,1052000.0,60,2021-01-12,2025-12-17,Bancassurance,Motor Own-Damage
POL201992,CUST104827,Travel,13000.0,256000.0,12,2024-07-18,2025-07-13,Online,Domestic Travel
POL201993,CUST100879,Motor,21600.0,947000.0,12,2021-06-20,2022-06-15,Online,Motor Third-Party
POL201994,CUST102506,Health,22500.0,953000.0,12,2022-08-17,2023-08-12,Online,Individual Health
POL201995,CUST101787,Life,14100.0,399000.0,36,2023-05-04,2026-04-18,Online,Endowment Plan
POL201996,CUST104749,Health,13400.0,384000.0,36,2022-07-04,2025-06-18,Bancassurance,Individual Health
POL201997,CUST103720,Motor,15200.0,902000.0,12,2021-12-21,2022-12-16,Online,Motor Own-Damage
POL201998,CUST104429,Health,5200.0,148000.0,12,2024-02-28,2025-02-22,Agent,Family Floater
POL201999,CUST101747,Health,20500.0,1143000.0,12,2022-09-12,2023-09-07,Online,Individual Health
POL202000,CUST104215,Property,11400.0,276000.0,36,2023-12-02,2026-11-16,Online,Fire & Allied Perils
POL202001,CUST100406,Health,17800.0,411000.0,24,2021-01-01,2022-12-22,Broker,Individual Health
POL202002,CUST104695,Marine,10700.0,575000.0,12,2021-07-21,2022-07-16,Broker,Marine Cargo
POL202003,CUST101149,Health,34000.0,1439000.0,24,2023-01-02,2024-12-22,Bancassurance,Critical Illness
POL202004,CUST102627,Life,34500.0,1706000.0,12,2022-08-07,2023-08-02,Bancassurance,ULIP
POL202005,CUST103581,Motor,22400.0,916000.0,12,2024-06-29,2025-06-24,Bancassurance,Motor Third-Party
POL202006,CUST103714,Marine,2600.0,153000.0,12,2022-12-29,2023-12-24,Online,Marine Cargo
POL202007,CUST101061,Motor,14500.0,236000.0,24,2024-06-10,2026-05-31,Agent,Motor Own-Damage
POL202008,CUST102776,Health,26000.0,566000.0,12,2022-11-22,2023-11-17,Online,Critical Illness
POL202009,CUST102652,Health,51600.0,1032000.0,36,2023-07-02,2026-06-16,Online,Critical Illness
POL202010,CUST103881,Travel,6400.0,289000.0,36,2021-05-30,2024-05-14,Agent,Domestic Travel
POL202011,CUST101604,Health,2700.0,79000.0,6,2022-06-14,2022-12-11,Agent,Family Floater
POL202012,CUST103818,Motor,11400.0,575000.0,24,2023-07-10,2025-06-29,Agent,Motor Third-Party
POL202013,CUST103081,Travel,10500.0,216000.0,12,2022-03-05,2023-02-28,Online,Domestic Travel
POL202014,CUST103792,Property,22300.0,565000.0,12,2023-07-19,2024-07-13,Broker,Home Shield
POL202015,CUST104376,Life,7600.0,136000.0,12,2023-03-29,2024-03-23,Agent,Term Life
POL202016,CUST102142,Health,10900.0,651000.0,12,2024-02-19,2025-02-13,Broker,Critical Illness
POL202017,CUST102160,Health,11600.0,549000.0,24,2023-09-30,2025-09-19,Agent,Family Floater
POL202018,CUST103981,Travel,18100.0,360000.0,6,2023-06-02,2023-11-29,Agent,International Travel
POL202019,CUST103909,Motor,21600.0,953000.0,12,2021-05-08,2022-05-03,Broker,Motor Own-Damage
POL202020,CUST104382,Life,9700.0,337000.0,24,2021-03-06,2023-02-24,Broker,Term Life
POL202021,CUST102752,Life,18200.0,1023000.0,12,2023-07-05,2024-06-29,Agent,Endowment Plan
POL202022,CUST103181,Travel,3000.0,63000.0,60,2021-12-23,2026-11-27,Agent,International Travel
POL202023,CUST100295,Health,35800.0,582000.0,24,2023-08-25,2025-08-14,Agent,Individual Health
POL202024,CUST102273,Motor,8400.0,184000.0,24,2023-02-21,2025-02-10,Agent,Motor Comprehensive
POL202025,CUST101231,Property,29400.0,1681000.0,12,2022-01-02,2022-12-28,Bancassurance,Property All-Risk
POL202026,CUST104266,Travel,10400.0,591000.0,12,2022-08-30,2023-08-25,Online,International Travel
POL202027,CUST100612,Marine,22200.0,402000.0,36,2022-07-30,2025-07-14,Agent,Marine Hull
POL202028,CUST103892,Motor,12800.0,493000.0,12,2023-06-12,2024-06-06,Agent,Motor Comprehensive
POL202029,CUST104184,Health,25000.0,1145000.0,24,2021-11-21,2023-11-11,Bancassurance,Critical Illness
POL202030,CUST102348,Life,28300.0,430000.0,12,2021-04-15,2022-04-10,Broker,Term Life
POL202031,CUST103340,Life,33800.0,532000.0,24,2022-05-20,2024-05-09,Online,ULIP
POL202032,CUST102899,Motor,20100.0,362000.0,12,2022-03-26,2023-03-21,Bancassurance,Motor Comprehensive
POL202033,CUST103445,Motor,3900.0,182000.0,12,2022-12-22,2023-12-17,Agent,Motor Third-Party
POL202034,CUST103429,Motor,7800.0,447000.0,60,2021-11-14,2026-10-19,Broker,Motor Own-Damage
POL202035,CUST101265,Motor,34600.0,625000.0,60,2022-05-24,2027-04-28,Agent,Motor Third-Party
POL202036,CUST103441,Health,14000.0,301000.0,12,2023-05-03,2024-04-27,Online,Critical Illness
POL202037,CUST104508,Travel,13300.0,479000.0,36,2021-10-09,2024-09-23,Online,International Travel
POL202038,CUST101555,Life,22900.0,800000.0,6,2021-06-29,2021-12-26,Online,Endowment Plan
POL202039,CUST101532,Motor,20800.0,511000.0,24,2024-11-28,2026-11-18,Online,Motor Own-Damage
POL202040,CUST101463,Life,45400.0,1090000.0,24,2022-05-11,2024-04-30,Bancassurance,Term Life
POL202041,CUST104558,Health,15100.0,321000.0,12,2022-12-09,2023-12-04,Agent,Family Floater
POL202042,CUST104436,Life,13800.0,363000.0,24,2024-05-25,2026-05-15,Agent,Endowment Plan
POL202043,CUST101738,Marine,27700.0,1464000.0,24,2023-03-27,2025-03-16,Online,Marine Cargo
POL202044,CUST104685,Motor,23500.0,836000.0,12,2023-10-29,2024-10-23,Bancassurance,Motor Third-Party
POL202045,CUST103807,Travel,6400.0,360000.0,36,2022-11-04,2025-10-19,Bancassurance,Domestic Travel
POL202046,CUST102010,Motor,14000.0,740000.0,24,2022-10-12,2024-10-01,Bancassurance,Motor Third-Party
POL202047,CUST104125,Life,47200.0,1831000.0,24,2023-03-27,2025-03-16,Broker,Term Life
POL202048,CUST104566,Marine,9100.0,474000.0,12,2023-01-04,2023-12-30,Agent,Marine Cargo
POL202049,CUST104342,Life,13600.0,305000.0,12,2021-03-09,2022-03-04,Agent,Endowment Plan
POL202050,CUST102353,Motor,40700.0,1784000.0,12,2021-01-23,2022-01-18,Agent,Motor Third-Party
POL202051,CUST101083,Motor,40200.0,2304000.0,24,2021-01-13,2023-01-03,Agent,Motor Own-Damage
POL202052,CUST100836,Motor,32000.0,1372000.0,24,2024-04-03,2026-03-24,Agent,Motor Third-Party
POL202053,CUST104136,Motor,12500.0,464000.0,12,2023-11-26,2024-11-20,Agent,Motor Comprehensive
POL202054,CUST103664,Motor,10100.0,449000.0,24,2022-04-08,2024-03-28,Agent,Motor Third-Party
POL202055,CUST103544,Motor,27200.0,575000.0,36,2024-06-25,2027-06-10,Agent,Motor Own-Damage
POL202056,CUST100229,Health,35600.0,1006000.0,12,2021-12-29,2022-12-24,Bancassurance,Family Floater
POL202057,CUST104826,Motor,14900.0,393000.0,12,2023-02-18,2024-02-13,Broker,Motor Comprehensive
POL202058,CUST100569,Health,19800.0,402000.0,24,2022-04-13,2024-04-02,Online,Critical Illness
POL202059,CUST102902,Life,9600.0,450000.0,12,2023-10-19,2024-10-13,Broker,Term Life
POL202060,CUST104705,Motor,5400.0,235000.0,12,2021-10-19,2022-10-14,Online,Motor Own-Damage
POL202061,CUST101210,Life,5800.0,315000.0,36,2022-02-08,2025-01-23,Bancassurance,Endowment Plan
POL202062,CUST102588,Life,15100.0,701000.0,60,2024-04-08,2029-03-13,Broker,ULIP
POL202063,CUST104200,Health,8900.0,459000.0,24,2021-01-28,2023-01-18,Online,Critical Illness
POL202064,CUST101331,Health,19000.0,404000.0,12,2021-03-26,2022-03-21,Agent,Critical Illness
POL202065,CUST100508,Life,10000.0,179000.0,12,2022-01-30,2023-01-25,Agent,ULIP
POL202066,CUST102402,Health,31000.0,982000.0,6,2022-11-24,2023-05-23,Direct,Individual Health
POL202067,CUST103975,Health,11900.0,249000.0,12,2023-03-15,2024-03-09,Online,Family Floater
POL202068,CUST102890,Property,13100.0,649000.0,12,2023-08-17,2024-08-11,Bancassurance,Property All-Risk
POL202069,CUST102213,Property,34700.0,1197000.0,24,2023-10-13,2025-10-02,Online,Home Shield
POL202070,CUST103194,Health,17900.0,1024000.0,12,2021-03-15,2022-03-10,Online,Individual Health
POL202071,CUST100258,Health,19200.0,364000.0,12,2022-11-26,2023-11-21,Bancassurance,Family Floater
POL202072,CUST101741,Property,13300.0,766000.0,60,2023-02-06,2028-01-11,Agent,Fire & Allied Perils
POL202073,CUST104389,Health,16800.0,802000.0,24,2024-06-09,2026-05-30,Online,Family Floater
POL202074,CUST101937,Life,7200.0,368000.0,24,2022-08-15,2024-08-04,Agent,ULIP
POL202075,CUST104825,Motor,27700.0,1029000.0,12,2024-03-01,2025-02-24,Agent,Motor Third-Party
POL202076,CUST102748,Motor,10600.0,333000.0,60,2023-11-26,2028-10-30,Bancassurance,Motor Own-Damage
POL202077,CUST104669,Health,6300.0,300000.0,24,2022-09-27,2024-09-16,Online,Family Floater
POL202078,CUST103133,Property,27600.0,1630000.0,6,2024-07-16,2025-01-12,Agent,Fire & Allied Perils
POL202079,CUST102094,Health,20900.0,338000.0,12,2021-05-24,2022-05-19,Agent,Individual Health
POL202080,CUST104606,Travel,22700.0,950000.0,12,2021-02-18,2022-02-13,Bancassurance,International Travel
POL202081,CUST101349,Property,15700.0,410000.0,60,2023-08-16,2028-07-20,Agent,Property All-Risk
POL202082,CUST101961,Property,36500.0,1205000.0,12,2022-01-28,2023-01-23,Agent,Fire & Allied Perils
POL202083,CUST103612,Property,10300.0,421000.0,24,2022-02-03,2024-01-24,Agent,Property All-Risk
POL202084,CUST104373,Motor,14800.0,366000.0,24,2023-08-05,2025-07-25,Online,Motor Third-Party
POL202085,CUST100966,Health,3500.0,54000.0,12,2023-02-25,2024-02-20,Online,Critical Illness
POL202086,CUST104966,Motor,2000.0,36000.0,60,2024-10-28,2029-10-02,Bancassurance,Motor Own-Damage
POL202087,CUST102153,Health,18000.0,291000.0,12,2022-07-21,2023-07-16,Broker,Critical Illness
POL202088,CUST101695,Motor,21100.0,359000.0,24,2024-10-22,2026-10-12,Agent,Motor Third-Party
POL202089,CUST100642,Life,17300.0,388000.0,24,2024-10-11,2026-10-01,Bancassurance,Term Life
POL202090,CUST100136,Property,21200.0,742000.0,12,2024-12-25,2025-12-20,Online,Property All-Risk
POL202091,CUST102786,Motor,27200.0,962000.0,12,2023-06-16,2024-06-10,Direct,Motor Third-Party
POL202092,CUST103021,Health,14800.0,230000.0,12,2024-05-25,2025-05-20,Broker,Critical Illness
POL202093,CUST100469,Life,12800.0,207000.0,24,2021-03-04,2023-02-22,Bancassurance,Term Life
POL202094,CUST104518,Life,8100.0,214000.0,12,2021-06-22,2022-06-17,Bancassurance,Term Life
POL202095,CUST102719,Travel,19000.0,327000.0,12,2021-10-01,2022-09-26,Bancassurance,Domestic Travel
POL202096,CUST100266,Motor,29200.0,708000.0,12,2024-03-28,2025-03-23,Agent,Motor Own-Damage
POL202097,CUST104206,Motor,23700.0,393000.0,12,2024-11-09,2025-11-04,Bancassurance,Motor Comprehensive
POL202098,CUST100985,Property,45200.0,854000.0,12,2021-08-30,2022-08-25,Agent,Home Shield
POL202099,CUST103364,Motor,16500.0,738000.0,12,2021-11-01,2022-10-27,Agent,Motor Third-Party
POL202100,CUST103380,Property,11900.0,251000.0,12,2023-01-15,2024-01-10,Agent,Property All-Risk
POL202101,CUST104051,Motor,14300.0,502000.0,24,2022-05-13,2024-05-02,Agent,Motor Comprehensive
POL202102,CUST104048,Health,25000.0,1284000.0,12,2023-04-16,2024-04-10,Agent,Critical Illness
POL202103,CUST104928,Life,21100.0,372000.0,12,2024-11-18,2025-11-13,Online,Endowment Plan
POL202104,CUST100433,Property,10600.0,288000.0,12,2023-07-04,2024-06-28,Broker,Property All-Risk
POL202105,CUST101824,Motor,18400.0,794000.0,12,2024-07-04,2025-06-29,Online,Motor Own-Damage
POL202106,CUST101818,Property,9900.0,226000.0,6,2021-07-02,2021-12-29,Agent,Property All-Risk
POL202107,CUST101881,Property,21200.0,814000.0,24,2021-11-14,2023-11-04,Agent,Home Shield
POL202108,CUST101193,Property,4200.0,194000.0,12,2024-01-17,2025-01-11,Agent,Fire & Allied Perils
POL202109,CUST101169,Travel,5300.0,306000.0,6,2021-11-04,2022-05-03,Online,Domestic Travel
POL202110,CUST104824,Property,6300.0,371000.0,12,2021-04-13,2022-04-08,Broker,Fire & Allied Perils
POL202111,CUST104494,Property,8300.0,185000.0,24,2023-05-27,2025-05-16,Broker,Property All-Risk
POL202112,CUST103412,Health,20000.0,1088000.0,12,2024-10-30,2025-10-25,Direct,Individual Health
POL202113,CUST102774,Property,24600.0,427000.0,60,2024-02-18,2029-01-22,Broker,Fire & Allied Perils
POL202114,CUST102378,Travel,15400.0,543000.0,12,2023-01-24,2024-01-19,Bancassurance,International Travel
POL202115,CUST103410,Life,6300.0,228000.0,24,2023-09-20,2025-09-09,Bancassurance,Endowment Plan
POL202116,CUST104311,Motor,27800.0,522000.0,12,2022-04-21,2023-04-16,Broker,Motor Third-Party
POL202117,CUST102131,Motor,14600.0,427000.0,12,2022-12-15,2023-12-10,Broker,Motor Third-Party
POL202118,CUST102688,Property,31200.0,1560000.0,12,2021-10-17,2022-10-12,Bancassurance,Home Shield
POL202119,CUST104560,Travel,16500.0,407000.0,12,2023-05-25,2024-05-19,Online,Domestic Travel
POL202120,CUST104556,Motor,4800.0,207000.0,36,2024-09-10,2027-08-26,Agent,Motor Third-Party
POL202121,CUST101149,Travel,9200.0,537000.0,12,2022-01-21,2023-01-16,Agent,Domestic Travel
POL202122,CUST101194,Motor,4300.0,75000.0,24,2023-11-09,2025-10-29,Bancassurance,Motor Own-Damage
POL202123,CUST101021,Health,2500.0,39000.0,12,2022-05-01,2023-04-26,Broker,Individual Health
POL202124,CUST100136,Marine,12100.0,326000.0,12,2023-03-24,2024-03-18,Online,Marine Hull
POL202125,CUST103472,Travel,16600.0,321000.0,12,2022-11-10,2023-11-05,Broker,International Travel
POL202126,CUST102143,Health,32100.0,603000.0,24,2023-11-22,2025-11-11,Bancassurance,Critical Illness
POL202127,CUST100158,Travel,20200.0,677000.0,36,2021-04-28,2024-04-12,Agent,International Travel
POL202128,CUST101021,Property,25500.0,1131000.0,24,2024-06-16,2026-06-06,Bancassurance,Fire & Allied Perils
POL202129,CUST102660,Property,11000.0,533000.0,24,2021-10-06,2023-09-26,Bancassurance,Fire & Allied Perils
POL202130,CUST104178,Property,6400.0,127000.0,12,2022-11-20,2023-11-15,Online,Property All-Risk
POL202131,CUST103314,Health,16400.0,667000.0,12,2022-07-24,2023-07-19,Direct,Individual Health
POL202132,CUST102664,Motor,11100.0,525000.0,24,2024-11-05,2026-10-26,Agent,Motor Own-Damage
POL202133,CUST100932,Motor,24000.0,1025000.0,12,2023-01-05,2023-12-31,Online,Motor Comprehensive
POL202134,CUST101443,Motor,11400.0,409000.0,36,2021-12-01,2024-11-15,Broker,Motor Third-Party
POL202135,CUST103909,Motor,20200.0,704000.0,36,2024-04-29,2027-04-14,Agent,Motor Comprehensive
POL202136,CUST103867,Motor,40100.0,2008000.0,12,2024-02-17,2025-02-11,Online,Motor Third-Party
POL202137,CUST104340,Motor,23300.0,592000.0,6,2024-05-30,2024-11-26,Direct,Motor Third-Party
POL202138,CUST102634,Life,33300.0,778000.0,12,2023-07-17,2024-07-11,Online,ULIP
POL202139,CUST101365,Motor,5000.0,88000.0,12,2022-11-21,2023-11-16,Bancassurance,Motor Comprehensive
POL202140,CUST102513,Health,6000.0,199000.0,12,2024-12-30,2025-12-25,Online,Critical Illness
POL202141,CUST104481,Motor,17000.0,763000.0,12,2024-01-05,2024-12-30,Online,Motor Own-Damage
POL202142,CUST100903,Motor,23200.0,895000.0,24,2024-05-31,2026-05-21,Broker,Motor Third-Party
POL202143,CUST104234,Life,19800.0,373000.0,12,2024-11-17,2025-11-12,Online,Term Life
POL202144,CUST104976,Marine,8800.0,525000.0,60,2024-12-13,2029-11-17,Direct,Marine Hull
POL202145,CUST104099,Life,22200.0,704000.0,24,2021-08-14,2023-08-04,Broker,Term Life
POL202146,CUST103295,Life,17800.0,269000.0,24,2023-10-11,2025-09-30,Agent,ULIP
POL202147,CUST102045,Travel,11300.0,478000.0,12,2024-05-26,2025-05-21,Direct,International Travel
POL202148,CUST104274,Life,32000.0,491000.0,12,2023-04-20,2024-04-14,Online,Term Life
POL202149,CUST100804,Motor,23100.0,1284000.0,12,2024-11-23,2025-11-18,Broker,Motor Third-Party
POL202150,CUST103798,Motor,29400.0,1236000.0,36,2022-10-14,2025-09-28,Bancassurance,Motor Third-Party
POL202151,CUST102008,Life,17100.0,510000.0,24,2024-08-12,2026-08-02,Broker,ULIP
POL202152,CUST102514,Life,21400.0,644000.0,12,2022-09-20,2023-09-15,Direct,ULIP
POL202153,CUST102315,Property,19700.0,387000.0,12,2023-06-21,2024-06-15,Broker,Property All-Risk
POL202154,CUST100048,Motor,4500.0,153000.0,12,2023-11-13,2024-11-07,Online,Motor Comprehensive
POL202155,CUST104933,Travel,15600.0,586000.0,12,2024-11-21,2025-11-16,Agent,International Travel
POL202156,CUST103333,Health,19000.0,415000.0,60,2021-08-11,2026-07-16,Agent,Critical Illness
POL202157,CUST103000,Marine,26500.0,1206000.0,24,2024-12-20,2026-12-10,Online,Marine Hull
POL202158,CUST100503,Health,8900.0,261000.0,12,2022-01-29,2023-01-24,Online,Family Floater
POL202159,CUST103894,Motor,16300.0,294000.0,6,2023-04-23,2023-10-20,Online,Motor Own-Damage
POL202160,CUST104807,Health,30900.0,808000.0,12,2022-09-29,2023-09-24,Bancassurance,Individual Health
POL202161,CUST104073,Motor,13300.0,221000.0,12,2021-01-20,2022-01-15,Agent,Motor Comprehensive
POL202162,CUST101246,Motor,5200.0,291000.0,24,2024-05-21,2026-05-11,Online,Motor Third-Party
POL202163,CUST100907,Marine,23000.0,821000.0,24,2021-11-03,2023-10-24,Bancassurance,Marine Cargo
POL202164,CUST101836,Health,17100.0,995000.0,24,2021-01-27,2023-01-17,Online,Critical Illness
POL202165,CUST100113,Motor,4200.0,179000.0,24,2022-01-01,2023-12-22,Agent,Motor Comprehensive
POL202166,CUST102757,Health,14100.0,238000.0,24,2021-09-07,2023-08-28,Bancassurance,Family Floater
POL202167,CUST102291,Life,15900.0,362000.0,24,2023-02-28,2025-02-17,Bancassurance,Endowment Plan
POL202168,CUST102513,Motor,13400.0,522000.0,36,2024-06-04,2027-05-20,Bancassurance,Motor Third-Party
POL202169,CUST104949,Motor,16500.0,254000.0,12,2022-02-20,2023-02-15,Agent,Motor Own-Damage
POL202170,CUST103275,Property,17600.0,749000.0,12,2023-01-15,2024-01-10,Online,Home Shield
POL202171,CUST102084,Motor,18300.0,994000.0,24,2022-04-19,2024-04-08,Agent,Motor Own-Damage
POL202172,CUST103917,Travel,14700.0,431000.0,12,2022-08-13,2023-08-08,Broker,Domestic Travel
POL202173,CUST101848,Motor,24300.0,1282000.0,12,2021-11-05,2022-10-31,Online,Motor Third-Party
POL202174,CUST103788,Life,23800.0,1347000.0,12,2021-02-24,2022-02-19,Broker,ULIP
POL202175,CUST104663,Life,10600.0,280000.0,12,2021-09-13,2022-09-08,Bancassurance,Term Life
POL202176,CUST104540,Motor,35000.0,1268000.0,12,2023-05-02,2024-04-26,Bancassurance,Motor Comprehensive
POL202177,CUST102594,Life,10000.0,291000.0,24,2022-06-19,2024-06-08,Agent,Endowment Plan
POL202178,CUST102349,Health,18300.0,509000.0,12,2023-09-05,2024-08-30,Bancassurance,Family Floater
POL202179,CUST101987,Health,19100.0,294000.0,12,2022-04-23,2023-04-18,Broker,Family Floater
POL202180,CUST102670,Property,7000.0,178000.0,60,2021-07-07,2026-06-11,Broker,Home Shield
POL202181,CUST104681,Travel,5900.0,299000.0,12,2022-07-26,2023-07-21,Broker,Domestic Travel
POL202182,CUST104370,Motor,11200.0,621000.0,12,2023-08-21,2024-08-15,Online,Motor Third-Party
POL202183,CUST103032,Life,22400.0,632000.0,12,2021-11-15,2022-11-10,Agent,Term Life
POL202184,CUST101411,Motor,2100.0,35000.0,36,2024-10-24,2027-10-09,Online,Motor Comprehensive
POL202185,CUST101882,Motor,12500.0,610000.0,6,2024-04-06,2024-10-03,Agent,Motor Own-Damage
POL202186,CUST101229,Motor,6700.0,312000.0,6,2023-03-13,2023-09-09,Bancassurance,Motor Third-Party
POL202187,CUST100932,Life,25900.0,719000.0,12,2024-08-15,2025-08-10,Bancassurance,Endowment Plan
POL202188,CUST100045,Life,12200.0,630000.0,12,2021-11-24,2022-11-19,Agent,ULIP
POL202189,CUST103869,Health,19300.0,948000.0,12,2024-05-28,2025-05-23,Agent,Critical Illness
POL202190,CUST103692,Travel,14900.0,286000.0,12,2024-01-31,2025-01-25,Agent,Domestic Travel
POL202191,CUST100895,Property,24000.0,886000.0,12,2024-01-12,2025-01-06,Bancassurance,Fire & Allied Perils
POL202192,CUST103437,Motor,11800.0,266000.0,36,2021-08-07,2024-07-22,Online,Motor Comprehensive
POL202193,CUST100826,Motor,10100.0,228000.0,12,2023-11-11,2024-11-05,Broker,Motor Own-Damage
POL202194,CUST101383,Life,6600.0,210000.0,24,2021-10-18,2023-10-08,Agent,Endowment Plan
POL202195,CUST101292,Health,17800.0,394000.0,60,2023-11-01,2028-10-05,Agent,Family Floater
POL202196,CUST100649,Motor,22500.0,1178000.0,24,2023-12-22,2025-12-11,Online,Motor Own-Damage
POL202197,CUST103645,Motor,7800.0,273000.0,36,2022-05-11,2025-04-25,Online,Motor Third-Party
POL202198,CUST100212,Health,14500.0,786000.0,24,2024-06-23,2026-06-13,Agent,Family Floater
POL202199,CUST102026,Health,34700.0,1376000.0,12,2021-04-30,2022-04-25,Online,Family Floater
POL202200,CUST102439,Life,12600.0,530000.0,12,2022-03-29,2023-03-24,Online,ULIP
POL202201,CUST102885,Property,7300.0,297000.0,12,2023-11-02,2024-10-27,Agent,Fire & Allied Perils
POL202202,CUST100967,Travel,12300.0,287000.0,24,2023-03-19,2025-03-08,Online,International Travel
POL202203,CUST102357,Property,11800.0,249000.0,12,2024-04-17,2025-04-12,Agent,Home Shield
POL202204,CUST103966,Health,23600.0,672000.0,12,2023-04-02,2024-03-27,Bancassurance,Family Floater
POL202205,CUST101871,Health,16600.0,750000.0,24,2023-07-24,2025-07-13,Bancassurance,Critical Illness
POL202206,CUST104750,Motor,4200.0,226000.0,6,2023-12-17,2024-06-14,Agent,Motor Comprehensive
POL202207,CUST102148,Travel,27400.0,601000.0,36,2024-09-20,2027-09-05,Agent,International Travel
POL202208,CUST103884,Health,9000.0,169000.0,12,2021-09-03,2022-08-29,Broker,Critical Illness
POL202209,CUST100570,Motor,6900.0,366000.0,12,2023-10-25,2024-10-19,Bancassurance,Motor Comprehensive
POL202210,CUST104257,Life,14900.0,464000.0,12,2021-04-28,2022-04-23,Agent,ULIP
POL202211,CUST102398,Health,10100.0,266000.0,12,2022-08-22,2023-08-17,Bancassurance,Critical Illness
POL202212,CUST104953,Travel,24900.0,383000.0,12,2023-12-06,2024-11-30,Agent,Domestic Travel
POL202213,CUST103503,Motor,17300.0,416000.0,24,2023-08-09,2025-07-29,Online,Motor Third-Party
POL202214,CUST103704,Health,12300.0,208000.0,24,2024-10-17,2026-10-07,Broker,Individual Health
POL202215,CUST100742,Travel,9000.0,416000.0,24,2023-10-24,2025-10-13,Bancassurance,Domestic Travel
POL202216,CUST102836,Health,35500.0,642000.0,12,2024-10-27,2025-10-22,Agent,Critical Illness
POL202217,CUST103690,Health,30600.0,1494000.0,24,2024-02-05,2026-01-25,Broker,Critical Illness
POL202218,CUST104050,Life,14500.0,665000.0,12,2024-04-16,2025-04-11,Online,Endowment Plan
POL202219,CUST101881,Life,3900.0,64000.0,12,2024-09-01,2025-08-27,Direct,ULIP
POL202220,CUST102819,Motor,12200.0,728000.0,12,2024-09-08,2025-09-03,Broker,Motor Own-Damage
POL202221,CUST100866,Motor,23300.0,1376000.0,6,2021-03-23,2021-09-19,Broker,Motor Own-Damage
POL202222,CUST102162,Health,8100.0,467000.0,24,2021-12-15,2023-12-05,Broker,Individual Health
POL202223,CUST102379,Motor,37200.0,970000.0,36,2022-09-09,2025-08-24,Agent,Motor Own-Damage
POL202224,CUST100162,Health,34400.0,1550000.0,36,2021-02-10,2024-01-26,Direct,Critical Illness
POL202225,CUST104583,Health,10400.0,366000.0,12,2024-06-14,2025-06-09,Agent,Individual Health
POL202226,CUST103214,Life,8700.0,261000.0,24,2021-09-22,2023-09-12,Direct,Endowment Plan
POL202227,CUST100915,Life,25600.0,873000.0,24,2021-06-05,2023-05-26,Online,Term Life
POL202228,CUST104487,Health,20300.0,940000.0,24,2023-06-05,2025-05-25,Online,Individual Health
POL202229,CUST103457,Motor,12900.0,256000.0,6,2022-09-19,2023-03-18,Agent,Motor Own-Damage
POL202230,CUST103465,Health,26600.0,931000.0,12,2023-02-09,2024-02-04,Agent,Critical Illness
POL202231,CUST104664,Motor,6500.0,371000.0,12,2021-05-01,2022-04-26,Agent,Motor Own-Damage
POL202232,CUST102020,Travel,14000.0,595000.0,24,2024-11-10,2026-10-31,Agent,Domestic Travel
POL202233,CUST101775,Motor,30800.0,1734000.0,24,2023-07-21,2025-07-10,Broker,Motor Own-Damage
POL202234,CUST103084,Property,22400.0,362000.0,24,2021-05-31,2023-05-21,Bancassurance,Fire & Allied Perils
POL202235,CUST104442,Life,25400.0,1030000.0,12,2024-04-23,2025-04-18,Direct,Endowment Plan
POL202236,CUST104064,Property,55200.0,2560000.0,12,2021-11-11,2022-11-06,Online,Home Shield
POL202237,CUST103933,Marine,19000.0,574000.0,36,2021-02-25,2024-02-10,Agent,Marine Hull
POL202238,CUST103821,Property,19200.0,395000.0,12,2021-01-25,2022-01-20,Agent,Fire & Allied Perils
POL202239,CUST100174,Life,6800.0,130000.0,36,2021-03-17,2024-03-01,Agent,Term Life
POL202240,CUST102455,Motor,12200.0,480000.0,12,2021-12-27,2022-12-22,Bancassurance,Motor Third-Party
POL202241,CUST101778,Life,21700.0,513000.0,60,2022-02-10,2027-01-15,Online,ULIP
POL202242,CUST101808,Motor,20900.0,361000.0,60,2022-08-11,2027-07-16,Agent,Motor Own-Damage
POL202243,CUST104279,Health,26200.0,1372000.0,60,2024-04-25,2029-03-30,Bancassurance,Family Floater
POL202244,CUST101984,Property,16000.0,819000.0,12,2022-06-24,2023-06-19,Direct,Property All-Risk
POL202245,CUST104184,Life,15800.0,768000.0,36,2024-05-30,2027-05-15,Bancassurance,Term Life
POL202246,CUST104539,Motor,14100.0,559000.0,12,2021-03-11,2022-03-06,Bancassurance,Motor Third-Party
POL202247,CUST102275,Marine,4200.0,161000.0,12,2024-12-28,2025-12-23,Bancassurance,Marine Hull
POL202248,CUST100849,Motor,7100.0,282000.0,12,2023-04-26,2024-04-20,Agent,Motor Third-Party
POL202249,CUST103492,Marine,13700.0,682000.0,24,2023-04-01,2025-03-21,Bancassurance,Marine Cargo
POL202250,CUST104314,Life,28500.0,1275000.0,6,2022-02-09,2022-08-08,Agent,Term Life
POL202251,CUST102030,Motor,16500.0,355000.0,12,2024-03-30,2025-03-25,Agent,Motor Comprehensive
POL202252,CUST100976,Motor,14300.0,438000.0,24,2021-03-25,2023-03-15,Broker,Motor Third-Party
POL202253,CUST102602,Travel,15000.0,686000.0,24,2023-05-10,2025-04-29,Online,International Travel
POL202254,CUST104904,Motor,13400.0,533000.0,12,2022-08-07,2023-08-02,Agent,Motor Comprehensive
POL202255,CUST102585,Travel,13200.0,751000.0,12,2023-01-03,2023-12-29,Agent,International Travel
POL202256,CUST102241,Health,9500.0,262000.0,12,2024-09-17,2025-09-12,Direct,Family Floater
POL202257,CUST102199,Health,17600.0,836000.0,24,2023-08-31,2025-08-20,Broker,Individual Health
POL202258,CUST103667,Life,28700.0,1349000.0,24,2024-08-28,2026-08-18,Bancassurance,ULIP
POL202259,CUST101704,Health,15700.0,769000.0,12,2021-06-09,2022-06-04,Online,Critical Illness
POL202260,CUST103646,Health,18700.0,821000.0,12,2021-10-26,2022-10-21,Agent,Critical Illness
POL202261,CUST104932,Life,16500.0,907000.0,12,2022-11-28,2023-11-23,Bancassurance,Endowment Plan
POL202262,CUST103862,Health,20900.0,1048000.0,12,2021-09-26,2022-09-21,Bancassurance,Individual Health
POL202263,CUST104643,Motor,14000.0,724000.0,12,2024-08-08,2025-08-03,Agent,Motor Own-Damage
POL202264,CUST103946,Property,4000.0,140000.0,12,2023-08-19,2024-08-13,Agent,Home Shield
POL202265,CUST104218,Health,8800.0,160000.0,36,2023-04-30,2026-04-14,Online,Critical Illness
POL202266,CUST100195,Life,14500.0,574000.0,12,2024-07-25,2025-07-20,Agent,Term Life
POL202267,CUST101764,Health,38700.0,1416000.0,12,2022-04-19,2023-04-14,Agent,Family Floater
POL202268,CUST101366,Life,9400.0,534000.0,24,2023-02-23,2025-02-12,Direct,Term Life
POL202269,CUST104316,Motor,10900.0,496000.0,12,2023-05-20,2024-05-14,Online,Motor Comprehensive
POL202270,CUST101148,Travel,10600.0,537000.0,12,2023-05-10,2024-05-04,Agent,International Travel
POL202271,CUST104838,Health,4600.0,214000.0,12,2023-01-04,2023-12-30,Agent,Family Floater
POL202272,CUST103492,Marine,14800.0,646000.0,6,2023-05-31,2023-11-27,Agent,Marine Cargo
POL202273,CUST100619,Property,3500.0,196000.0,36,2024-07-10,2027-06-25,Broker,Property All-Risk
POL202274,CUST103416,Life,17800.0,321000.0,60,2023-08-14,2028-07-18,Broker,ULIP
POL202275,CUST101713,Health,21200.0,1152000.0,12,2024-08-26,2025-08-21,Bancassurance,Individual Health
POL202276,CUST101485,Motor,3200.0,164000.0,12,2024-08-18,2025-08-13,Agent,Motor Third-Party
POL202277,CUST104970,Health,55200.0,3295000.0,12,2023-07-27,2024-07-21,Online,Individual Health
POL202278,CUST103967,Life,5600.0,118000.0,12,2023-08-04,2024-07-29,Broker,Endowment Plan
POL202279,CUST103816,Health,7800.0,413000.0,12,2023-07-01,2024-06-25,Bancassurance,Family Floater
POL202280,CUST101558,Motor,44700.0,1162000.0,6,2021-07-01,2021-12-28,Agent,Motor Own-Damage
POL202281,CUST103312,Health,5300.0,94000.0,24,2023-05-17,2025-05-06,Online,Critical Illness
POL202282,CUST101714,Motor,16000.0,421000.0,12,2024-09-05,2025-08-31,Agent,Motor Comprehensive
POL202283,CUST103014,Health,19300.0,419000.0,24,2023-11-05,2025-10-25,Broker,Critical Illness
POL202284,CUST101994,Health,12700.0,354000.0,60,2022-08-22,2027-07-27,Broker,Critical Illness
POL202285,CUST103047,Motor,12700.0,713000.0,36,2022-05-08,2025-04-22,Bancassurance,Motor Comprehensive
POL202286,CUST103722,Motor,19100.0,850000.0,6,2021-01-12,2021-07-11,Agent,Motor Own-Damage
POL202287,CUST101575,Motor,29900.0,1217000.0,12,2023-05-20,2024-05-14,Broker,Motor Third-Party
POL202288,CUST100058,Life,16000.0,868000.0,36,2023-05-28,2026-05-12,Direct,Term Life
POL202289,CUST100484,Travel,40200.0,2229000.0,60,2023-06-07,2028-05-11,Bancassurance,Domestic Travel
POL202290,CUST104532,Motor,5300.0,309000.0,24,2024-07-03,2026-06-23,Agent,Motor Comprehensive
POL202291,CUST104796,Life,39500.0,2151000.0,12,2023-01-24,2024-01-19,Online,Endowment Plan
POL202292,CUST103460,Motor,11800.0,611000.0,12,2023-07-26,2024-07-20,Agent,Motor Third-Party
POL202293,CUST100535,Life,39300.0,646000.0,12,2023-02-11,2024-02-06,Online,Term Life
POL202294,CUST102932,Motor,22000.0,882000.0,12,2021-02-03,2022-01-29,Agent,Motor Own-Damage
POL202295,CUST102162,Property,8000.0,261000.0,12,2023-10-01,2024-09-25,Online,Home Shield
POL202296,CUST101186,Life,17900.0,319000.0,24,2023-02-09,2025-01-29,Broker,ULIP
POL202297,CUST101896,Life,3900.0,74000.0,24,2023-08-24,2025-08-13,Bancassurance,Term Life
POL202298,CUST103927,Motor,9700.0,333000.0,12,2024-01-22,2025-01-16,Broker,Motor Comprehensive
POL202299,CUST104981,Property,12700.0,731000.0,36,2021-06-13,2024-05-28,Online,Fire & Allied Perils
POL202300,CUST104363,Motor,14800.0,525000.0,24,2022-09-29,2024-09-18,Online,Motor Own-Damage
POL202301,CUST101019,Health,30400.0,1513000.0,12,2022-11-23,2023-11-18,Broker,Individual Health
POL202302,CUST102507,Property,10800.0,265000.0,24,2021-11-26,2023-11-16,Broker,Property All-Risk
POL202303,CUST102640,Life,8700.0,223000.0,12,2022-01-03,2022-12-29,Broker,Endowment Plan
POL202304,CUST101462,Property,8400.0,445000.0,12,2024-10-19,2025-10-14,Broker,Property All-Risk
POL202305,CUST102175,Life,17300.0,485000.0,12,2022-06-02,2023-05-28,Agent,ULIP
POL202306,CUST101902,Life,24000.0,1061000.0,36,2021-03-24,2024-03-08,Agent,Term Life
POL202307,CUST100347,Motor,10000.0,151000.0,12,2023-11-21,2024-11-15,Agent,Motor Third-Party
POL202308,CUST102081,Health,17400.0,283000.0,12,2021-03-10,2022-03-05,Direct,Critical Illness
POL202309,CUST101820,Health,2000.0,73000.0,24,2022-11-27,2024-11-16,Broker,Critical Illness
POL202310,CUST101529,Life,11200.0,465000.0,36,2023-07-21,2026-07-05,Broker,ULIP
POL202311,CUST103068,Life,4400.0,82000.0,24,2022-09-18,2024-09-07,Online,ULIP
POL202312,CUST103560,Health,37200.0,1877000.0,12,2022-04-05,2023-03-31,Bancassurance,Individual Health
POL202313,CUST100234,Life,37900.0,680000.0,60,2024-09-18,2029-08-23,Agent,Endowment Plan
POL202314,CUST101710,Motor,17100.0,764000.0,12,2024-08-28,2025-08-23,Online,Motor Comprehensive
POL202315,CUST100154,Health,5000.0,227000.0,12,2021-08-19,2022-08-14,Bancassurance,Family Floater
POL202316,CUST104106,Marine,5900.0,205000.0,12,2024-03-28,2025-03-23,Bancassurance,Marine Cargo
POL202317,CUST104636,Motor,16400.0,587000.0,6,2023-09-09,2024-03-07,Bancassurance,Motor Own-Damage
POL202318,CUST102318,Motor,16100.0,243000.0,12,2022-12-05,2023-11-30,Agent,Motor Third-Party
POL202319,CUST104725,Life,4000.0,156000.0,24,2022-01-05,2023-12-26,Bancassurance,Endowment Plan
POL202320,CUST103144,Motor,10600.0,303000.0,24,2022-11-22,2024-11-11,Broker,Motor Own-Damage
POL202321,CUST104345,Health,14100.0,355000.0,12,2022-03-01,2023-02-24,Agent,Family Floater
POL202322,CUST104739,Life,30900.0,614000.0,24,2024-04-02,2026-03-23,Online,ULIP
POL202323,CUST102935,Health,19900.0,848000.0,36,2024-04-16,2027-04-01,Online,Individual Health
POL202324,CUST102230,Marine,11200.0,599000.0,12,2024-01-13,2025-01-07,Bancassurance,Marine Hull
POL202325,CUST103709,Property,32400.0,668000.0,12,2023-09-24,2024-09-18,Agent,Property All-Risk
POL202326,CUST100851,Health,36100.0,1726000.0,36,2023-07-12,2026-06-26,Agent,Individual Health
POL202327,CUST101483,Travel,23500.0,860000.0,12,2021-11-14,2022-11-09,Bancassurance,International Travel
POL202328,CUST102749,Motor,4900.0,76000.0,6,2023-09-24,2024-03-22,Bancassurance,Motor Own-Damage
POL202329,CUST101006,Motor,13100.0,485000.0,12,2022-10-24,2023-10-19,Agent,Motor Third-Party
POL202330,CUST102483,Life,10700.0,568000.0,24,2024-08-03,2026-07-24,Broker,ULIP
POL202331,CUST104279,Health,9700.0,564000.0,12,2021-08-12,2022-08-07,Agent,Critical Illness
POL202332,CUST103912,Motor,33200.0,1195000.0,12,2021-05-09,2022-05-04,Agent,Motor Comprehensive
POL202333,CUST104456,Health,35200.0,1240000.0,12,2021-05-22,2022-05-17,Online,Individual Health
POL202334,CUST104300,Motor,11000.0,335000.0,12,2021-10-25,2022-10-20,Online,Motor Comprehensive
POL202335,CUST101661,Motor,12600.0,404000.0,36,2024-06-01,2027-05-17,Bancassurance,Motor Third-Party
POL202336,CUST103563,Health,5800.0,211000.0,12,2022-04-11,2023-04-06,Agent,Critical Illness
POL202337,CUST101860,Marine,31000.0,576000.0,36,2023-04-06,2026-03-21,Online,Marine Cargo
POL202338,CUST104857,Property,26700.0,1179000.0,12,2022-06-22,2023-06-17,Broker,Fire & Allied Perils
POL202339,CUST100883,Health,9200.0,286000.0,12,2021-08-10,2022-08-05,Agent,Individual Health
POL202340,CUST101345,Health,9900.0,443000.0,12,2021-07-04,2022-06-29,Online,Family Floater
POL202341,CUST104707,Motor,19100.0,830000.0,12,2023-06-08,2024-06-02,Broker,Motor Own-Damage
POL202342,CUST101195,Health,18900.0,1037000.0,6,2023-08-09,2024-02-05,Online,Critical Illness
POL202343,CUST103097,Life,15000.0,415000.0,12,2022-08-24,2023-08-19,Agent,Term Life
POL202344,CUST101456,Property,25500.0,1456000.0,12,2022-08-28,2023-08-23,Agent,Home Shield
POL202345,CUST101422,Health,20800.0,929000.0,24,2023-03-02,2025-02-19,Broker,Family Floater
POL202346,CUST103354,Marine,17500.0,752000.0,24,2021-12-22,2023-12-12,Bancassurance,Marine Hull
POL202347,CUST103974,Property,10700.0,428000.0,12,2021-03-08,2022-03-03,Agent,Property All-Risk
POL202348,CUST101162,Motor,21200.0,513000.0,12,2024-06-06,2025-06-01,Agent,Motor Own-Damage
POL202349,CUST104914,Marine,17500.0,268000.0,12,2021-07-09,2022-07-04,Agent,Marine Cargo
POL202350,CUST100442,Motor,11300.0,453000.0,12,2023-02-21,2024-02-16,Bancassurance,Motor Comprehensive
POL202351,CUST100500,Marine,11900.0,668000.0,12,2022-07-26,2023-07-21,Online,Marine Cargo
POL202352,CUST104888,Life,9100.0,483000.0,36,2022-04-11,2025-03-26,Bancassurance,Term Life
POL202353,CUST100277,Health,16500.0,305000.0,36,2021-02-20,2024-02-05,Bancassurance,Individual Health
POL202354,CUST101573,Health,23600.0,684000.0,36,2024-04-22,2027-04-07,Agent,Individual Health
POL202355,CUST100605,Health,6900.0,252000.0,24,2024-09-21,2026-09-11,Bancassurance,Family Floater
POL202356,CUST101111,Property,11500.0,425000.0,24,2022-11-23,2024-11-12,Agent,Property All-Risk
POL202357,CUST100370,Property,24400.0,569000.0,24,2024-06-25,2026-06-15,Bancassurance,Property All-Risk
POL202358,CUST101793,Health,12800.0,585000.0,12,2022-09-04,2023-08-30,Agent,Family Floater
POL202359,CUST101478,Property,15300.0,563000.0,24,2024-02-21,2026-02-10,Online,Property All-Risk
POL202360,CUST100792,Health,8100.0,435000.0,12,2023-11-18,2024-11-12,Online,Individual Health
POL202361,CUST103593,Health,7600.0,200000.0,12,2022-08-17,2023-08-12,Broker,Critical Illness
POL202362,CUST100178,Motor,11200.0,626000.0,12,2024-09-28,2025-09-23,Agent,Motor Third-Party
POL202363,CUST102371,Property,13300.0,693000.0,12,2023-04-23,2024-04-17,Online,Fire & Allied Perils
POL202364,CUST101526,Life,18800.0,633000.0,24,2023-11-13,2025-11-02,Broker,ULIP
POL202365,CUST103251,Health,33100.0,1702000.0,12,2021-11-04,2022-10-30,Broker,Family Floater
POL202366,CUST101689,Life,7500.0,327000.0,12,2024-08-28,2025-08-23,Agent,ULIP
POL202367,CUST102363,Property,5300.0,188000.0,24,2023-02-13,2025-02-02,Online,Property All-Risk
POL202368,CUST104055,Motor,4900.0,186000.0,36,2024-12-22,2027-12-07,Agent,Motor Comprehensive
POL202369,CUST100722,Health,16300.0,647000.0,36,2024-05-20,2027-05-05,Agent,Critical Illness
POL202370,CUST102178,Health,18900.0,477000.0,60,2024-05-08,2029-04-12,Online,Family Floater
POL202371,CUST102810,Motor,9600.0,210000.0,12,2024-08-26,2025-08-21,Broker,Motor Third-Party
POL202372,CUST103683,Health,15700.0,791000.0,12,2023-11-01,2024-10-26,Bancassurance,Family Floater
POL202373,CUST102682,Property,25800.0,488000.0,12,2024-10-26,2025-10-21,Online,Fire & Allied Perils
POL202374,CUST103678,Motor,12700.0,584000.0,12,2022-12-14,2023-12-09,Online,Motor Comprehensive
POL202375,CUST103979,Property,12000.0,655000.0,24,2021-11-21,2023-11-11,Bancassurance,Property All-Risk
POL202376,CUST103944,Travel,6700.0,232000.0,60,2022-07-13,2027-06-17,Agent,Domestic Travel
POL202377,CUST103077,Motor,18300.0,913000.0,60,2023-10-25,2028-09-28,Online,Motor Third-Party
POL202378,CUST104592,Health,9100.0,490000.0,12,2023-10-05,2024-09-29,Broker,Critical Illness
POL202379,CUST100113,Motor,20900.0,580000.0,12,2024-01-01,2024-12-26,Agent,Motor Comprehensive
POL202380,CUST102493,Life,12500.0,328000.0,12,2022-11-14,2023-11-09,Bancassurance,ULIP
POL202381,CUST104010,Health,13300.0,518000.0,12,2022-12-31,2023-12-26,Agent,Individual Health
POL202382,CUST100519,Life,4000.0,223000.0,12,2023-01-09,2024-01-04,Agent,Term Life
POL202383,CUST104090,Property,26200.0,1212000.0,12,2024-08-03,2025-07-29,Agent,Property All-Risk
POL202384,CUST100193,Property,23000.0,535000.0,12,2024-03-06,2025-03-01,Broker,Property All-Risk
POL202385,CUST103932,Health,8900.0,294000.0,12,2023-06-07,2024-06-01,Online,Critical Illness
POL202386,CUST100934,Marine,21100.0,867000.0,60,2024-03-29,2029-03-03,Direct,Marine Hull
POL202387,CUST103337,Travel,7400.0,235000.0,12,2024-08-03,2025-07-29,Agent,Domestic Travel
POL202388,CUST104146,Life,21300.0,504000.0,12,2021-11-21,2022-11-16,Broker,ULIP
POL202389,CUST104071,Motor,19100.0,984000.0,24,2024-03-27,2026-03-17,Agent,Motor Own-Damage
POL202390,CUST102871,Property,31800.0,1463000.0,12,2023-06-10,2024-06-04,Broker,Property All-Risk
POL202391,CUST104542,Marine,18800.0,947000.0,36,2022-10-07,2025-09-21,Agent,Marine Hull
POL202392,CUST100700,Health,8400.0,187000.0,36,2024-11-18,2027-11-03,Agent,Family Floater
POL202393,CUST101182,Life,15700.0,344000.0,12,2022-05-09,2023-05-04,Broker,Endowment Plan
POL202394,CUST100663,Health,12300.0,237000.0,12,2024-07-28,2025-07-23,Broker,Individual Health
POL202395,CUST103596,Health,30800.0,1370000.0,12,2024-12-24,2025-12-19,Online,Critical Illness
POL202396,CUST104457,Property,5500.0,306000.0,36,2021-02-21,2024-02-06,Broker,Home Shield
POL202397,CUST104652,Property,15400.0,823000.0,12,2023-08-16,2024-08-10,Agent,Home Shield
POL202398,CUST102600,Motor,8200.0,219000.0,24,2024-05-25,2026-05-15,Broker,Motor Own-Damage
POL202399,CUST100660,Motor,35200.0,1061000.0,24,2021-09-14,2023-09-04,Agent,Motor Own-Damage
POL202400,CUST100859,Health,16300.0,597000.0,36,2024-07-03,2027-06-18,Broker,Family Floater
POL202401,CUST103131,Health,19800.0,314000.0,24,2022-09-12,2024-09-01,Bancassurance,Family Floater
POL202402,CUST104483,Property,12400.0,561000.0,12,2022-02-01,2023-01-27,Online,Fire & Allied Perils
POL202403,CUST104939,Motor,21600.0,535000.0,24,2023-08-13,2025-08-02,Online,Motor Comprehensive
POL202404,CUST103603,Property,8400.0,434000.0,12,2024-11-15,2025-11-10,Agent,Home Shield
POL202405,CUST104404,Health,8800.0,336000.0,12,2024-12-15,2025-12-10,Agent,Individual Health
POL202406,CUST102388,Life,30500.0,670000.0,24,2022-09-18,2024-09-07,Online,Endowment Plan
POL202407,CUST100980,Health,48900.0,2383000.0,12,2022-04-14,2023-04-09,Agent,Family Floater
POL202408,CUST102325,Property,4400.0,226000.0,36,2023-12-30,2026-12-14,Online,Fire & Allied Perils
POL202409,CUST100497,Health,10300.0,551000.0,12,2024-12-08,2025-12-03,Broker,Critical Illness
POL202410,CUST103363,Health,25600.0,506000.0,12,2021-03-02,2022-02-25,Agent,Critical Illness
POL202411,CUST101647,Life,19000.0,687000.0,12,2021-08-29,2022-08-24,Online,ULIP
POL202412,CUST101691,Health,9200.0,159000.0,12,2021-08-27,2022-08-22,Direct,Family Floater
POL202413,CUST100015,Health,12000.0,698000.0,24,2021-12-23,2023-12-13,Bancassurance,Individual Health
POL202414,CUST104999,Marine,9600.0,346000.0,12,2022-08-23,2023-08-18,Broker,Marine Cargo
POL202415,CUST102136,Life,20600.0,1016000.0,12,2023-08-29,2024-08-23,Agent,Endowment Plan
POL202416,CUST103922,Motor,9100.0,239000.0,12,2021-05-24,2022-05-19,Online,Motor Comprehensive
POL202417,CUST102597,Life,12100.0,296000.0,12,2024-09-06,2025-09-01,Agent,Endowment Plan
POL202418,CUST103204,Motor,22700.0,832000.0,12,2023-05-11,2024-05-05,Agent,Motor Comprehensive
POL202419,CUST102339,Health,17400.0,737000.0,12,2023-08-02,2024-07-27,Bancassurance,Critical Illness
POL202420,CUST103437,Motor,27500.0,750000.0,60,2022-01-14,2026-12-19,Broker,Motor Comprehensive
POL202421,CUST100999,Motor,8900.0,273000.0,24,2021-10-03,2023-09-23,Online,Motor Comprehensive
POL202422,CUST104980,Health,11800.0,398000.0,12,2022-02-20,2023-02-15,Broker,Individual Health
POL202423,CUST102139,Health,8300.0,128000.0,24,2022-09-26,2024-09-15,Online,Individual Health
POL202424,CUST100053,Health,10700.0,276000.0,24,2023-09-06,2025-08-26,Online,Individual Health
POL202425,CUST104762,Motor,6000.0,299000.0,60,2022-09-04,2027-08-09,Broker,Motor Own-Damage
POL202426,CUST100114,Motor,2600.0,134000.0,12,2023-01-02,2023-12-28,Agent,Motor Own-Damage
POL202427,CUST102361,Motor,5400.0,260000.0,24,2021-08-27,2023-08-17,Online,Motor Third-Party
POL202428,CUST103925,Life,23300.0,496000.0,6,2021-11-14,2022-05-13,Broker,Endowment Plan
POL202429,CUST101852,Motor,5700.0,122000.0,6,2023-07-07,2024-01-03,Online,Motor Third-Party
POL202430,CUST101046,Health,18600.0,539000.0,24,2021-11-05,2023-10-26,Online,Family Floater
POL202431,CUST101202,Health,11100.0,273000.0,12,2023-01-08,2024-01-03,Agent,Individual Health
POL202432,CUST103425,Motor,12300.0,197000.0,24,2022-04-29,2024-04-18,Direct,Motor Own-Damage
POL202433,CUST102868,Life,6200.0,155000.0,12,2024-03-04,2025-02-27,Agent,ULIP
POL202434,CUST102516,Life,9900.0,365000.0,12,2022-04-09,2023-04-04,Bancassurance,Term Life
POL202435,CUST102571,Life,16500.0,699000.0,24,2021-12-15,2023-12-05,Agent,Term Life
POL202436,CUST101593,Health,5800.0,110000.0,12,2024-09-12,2025-09-07,Agent,Critical Illness
POL202437,CUST104675,Health,9500.0,303000.0,12,2021-10-02,2022-09-27,Agent,Critical Illness
POL202438,CUST101156,Life,15000.0,479000.0,12,2023-12-27,2024-12-21,Online,Endowment Plan
POL202439,CUST104187,Travel,18800.0,395000.0,12,2023-06-18,2024-06-12,Agent,International Travel
POL202440,CUST103883,Health,12600.0,726000.0,12,2022-01-28,2023-01-23,Broker,Family Floater
POL202441,CUST100033,Life,35800.0,2138000.0,24,2024-01-22,2026-01-11,Agent,ULIP
POL202442,CUST100854,Health,14600.0,293000.0,24,2024-10-16,2026-10-06,Agent,Critical Illness
POL202443,CUST102761,Travel,21200.0,579000.0,12,2022-03-28,2023-03-23,Agent,Domestic Travel
POL202444,CUST100793,Motor,16500.0,256000.0,12,2024-08-30,2025-08-25,Agent,Motor Third-Party
POL202445,CUST104262,Health,11300.0,571000.0,12,2021-09-09,2022-09-04,Agent,Family Floater
POL202446,CUST102209,Health,3700.0,125000.0,36,2024-06-04,2027-05-20,Broker,Critical Illness
POL202447,CUST104184,Life,22800.0,1349000.0,12,2022-10-01,2023-09-26,Broker,ULIP
POL202448,CUST100596,Life,22600.0,843000.0,12,2023-12-05,2024-11-29,Agent,Endowment Plan
POL202449,CUST100120,Life,35100.0,634000.0,24,2022-04-20,2024-04-09,Agent,Term Life
POL202450,CUST103207,Life,11300.0,587000.0,12,2024-01-29,2025-01-23,Online,Endowment Plan
POL202451,CUST104010,Health,42600.0,2141000.0,60,2022-04-05,2027-03-10,Online,Individual Health
POL202452,CUST104959,Motor,21900.0,527000.0,6,2022-11-23,2023-05-22,Broker,Motor Third-Party
POL202453,CUST103937,Property,27600.0,640000.0,12,2021-02-11,2022-02-06,Broker,Property All-Risk
POL202454,CUST103739,Health,6500.0,371000.0,60,2022-03-05,2027-02-07,Agent,Individual Health
POL202455,CUST100289,Motor,15400.0,921000.0,36,2022-06-05,2025-05-20,Broker,Motor Comprehensive
POL202456,CUST103016,Motor,32000.0,1511000.0,12,2023-02-04,2024-01-30,Bancassurance,Motor Own-Damage
POL202457,CUST103568,Health,6400.0,145000.0,12,2022-07-10,2023-07-05,Broker,Critical Illness
POL202458,CUST101973,Health,2000.0,48000.0,36,2024-01-17,2027-01-01,Online,Family Floater
POL202459,CUST104995,Life,10800.0,486000.0,12,2023-11-06,2024-10-31,Bancassurance,ULIP
POL202460,CUST104939,Life,36100.0,681000.0,36,2022-07-10,2025-06-24,Online,Endowment Plan
POL202461,CUST104280,Motor,29200.0,700000.0,12,2021-05-31,2022-05-26,Agent,Motor Own-Damage
POL202462,CUST104399,Motor,14500.0,223000.0,24,2022-04-24,2024-04-13,Online,Motor Comprehensive
POL202463,CUST102840,Marine,9600.0,378000.0,24,2021-08-09,2023-07-30,Agent,Marine Cargo
POL202464,CUST104102,Property,20000.0,855000.0,24,2021-08-07,2023-07-28,Bancassurance,Fire & Allied Perils
POL202465,CUST100356,Property,29300.0,1717000.0,12,2024-06-12,2025-06-07,Agent,Home Shield
POL202466,CUST101150,Motor,21900.0,423000.0,60,2024-01-21,2028-12-25,Bancassurance,Motor Comprehensive
POL202467,CUST103319,Marine,31700.0,1783000.0,12,2021-05-28,2022-05-23,Broker,Marine Cargo
POL202468,CUST100617,Property,31800.0,914000.0,6,2023-08-27,2024-02-23,Online,Fire & Allied Perils
POL202469,CUST104064,Health,18900.0,1033000.0,24,2023-02-02,2025-01-22,Agent,Critical Illness
POL202470,CUST100889,Life,22600.0,1028000.0,12,2023-03-05,2024-02-28,Online,Endowment Plan
POL202471,CUST101746,Motor,16500.0,493000.0,12,2024-08-01,2025-07-27,Online,Motor Own-Damage
POL202472,CUST101293,Life,4100.0,225000.0,24,2022-03-25,2024-03-14,Agent,ULIP
POL202473,CUST102706,Property,16900.0,707000.0,24,2022-10-04,2024-09-23,Agent,Home Shield
POL202474,CUST100408,Health,6500.0,289000.0,24,2023-03-21,2025-03-10,Agent,Critical Illness
POL202475,CUST104060,Motor,5800.0,320000.0,12,2024-12-29,2025-12-24,Bancassurance,Motor Comprehensive
POL202476,CUST104442,Health,25600.0,907000.0,12,2021-03-20,2022-03-15,Bancassurance,Family Floater
POL202477,CUST103735,Life,10300.0,207000.0,12,2021-09-04,2022-08-30,Broker,Endowment Plan
POL202478,CUST100926,Life,12900.0,240000.0,24,2021-08-10,2023-07-31,Bancassurance,Endowment Plan
POL202479,CUST101452,Health,7800.0,230000.0,12,2023-07-02,2024-06-26,Agent,Family Floater
POL202480,CUST101133,Travel,8700.0,466000.0,36,2022-03-09,2025-02-21,Agent,Domestic Travel
POL202481,CUST103010,Motor,14100.0,814000.0,60,2024-11-26,2029-10-31,Agent,Motor Third-Party
POL202482,CUST104440,Motor,17500.0,706000.0,36,2021-05-24,2024-05-08,Agent,Motor Third-Party
POL202483,CUST104396,Motor,13500.0,549000.0,12,2023-12-17,2024-12-11,Broker,Motor Own-Damage
POL202484,CUST104790,Property,19600.0,512000.0,12,2021-02-13,2022-02-08,Bancassurance,Fire & Allied Perils
POL202485,CUST103447,Property,23400.0,1281000.0,12,2024-03-22,2025-03-17,Bancassurance,Fire & Allied Perils
POL202486,CUST101108,Property,4700.0,153000.0,12,2021-11-26,2022-11-21,Broker,Home Shield
POL202487,CUST101990,Property,20300.0,745000.0,36,2024-12-11,2027-11-26,Bancassurance,Property All-Risk
POL202488,CUST101470,Health,16900.0,984000.0,36,2024-07-11,2027-06-26,Online,Individual Health
POL202489,CUST100318,Health,16700.0,849000.0,12,2021-03-31,2022-03-26,Agent,Family Floater
POL202490,CUST104000,Life,6800.0,336000.0,12,2021-01-10,2022-01-05,Bancassurance,Term Life
POL202491,CUST102890,Health,11600.0,410000.0,12,2022-07-01,2023-06-26,Bancassurance,Critical Illness
POL202492,CUST104851,Health,21300.0,458000.0,6,2024-03-15,2024-09-11,Bancassurance,Family Floater
POL202493,CUST104206,Motor,6100.0,187000.0,24,2024-12-23,2026-12-13,Broker,Motor Comprehensive
POL202494,CUST103248,Health,47200.0,1628000.0,24,2023-04-13,2025-04-02,Online,Critical Illness
POL202495,CUST100218,Health,25600.0,1303000.0,24,2024-12-07,2026-11-27,Broker,Individual Health
POL202496,CUST102212,Motor,8100.0,402000.0,12,2021-03-13,2022-03-08,Broker,Motor Own-Damage
POL202497,CUST102374,Travel,12200.0,688000.0,24,2022-12-29,2024-12-18,Bancassurance,International Travel
POL202498,CUST103372,Motor,5600.0,102000.0,12,2022-09-04,2023-08-30,Online,Motor Third-Party
POL202499,CUST102835,Marine,26200.0,913000.0,12,2024-01-12,2025-01-06,Online,Marine Hull
POL202500,CUST103901,Motor,13700.0,717000.0,24,2023-07-14,2025-07-03,Bancassurance,Motor Comprehensive
POL202501,CUST100110,Property,17200.0,620000.0,12,2022-10-16,2023-10-11,Agent,Fire & Allied Perils
POL202502,CUST100563,Health,15100.0,384000.0,36,2021-04-29,2024-04-13,Broker,Individual Health
POL202503,CUST104763,Motor,22100.0,1125000.0,12,2023-11-25,2024-11-19,Online,Motor Own-Damage
POL202504,CUST102176,Motor,8000.0,138000.0,36,2021-06-07,2024-05-22,Agent,Motor Third-Party
POL202505,CUST104113,Health,54400.0,1702000.0,36,2024-11-01,2027-10-17,Online,Critical Illness
POL202506,CUST104286,Property,22100.0,1014000.0,12,2021-06-07,2022-06-02,Agent,Property All-Risk
POL202507,CUST100603,Motor,23800.0,529000.0,12,2021-05-07,2022-05-02,Bancassurance,Motor Own-Damage
POL202508,CUST103527,Motor,18000.0,949000.0,12,2024-01-07,2025-01-01,Online,Motor Own-Damage
POL202509,CUST100869,Life,7900.0,260000.0,24,2021-11-02,2023-10-23,Broker,ULIP
POL202510,CUST100768,Life,12300.0,395000.0,12,2021-05-06,2022-05-01,Bancassurance,Endowment Plan
POL202511,CUST101221,Health,11300.0,652000.0,36,2023-05-23,2026-05-07,Agent,Critical Illness
POL202512,CUST103776,Motor,28800.0,622000.0,12,2023-07-03,2024-06-27,Online,Motor Third-Party
POL202513,CUST100465,Health,8500.0,294000.0,24,2023-02-23,2025-02-12,Online,Individual Health
POL202514,CUST103337,Motor,15700.0,597000.0,24,2022-03-14,2024-03-03,Online,Motor Comprehensive
POL202515,CUST101906,Life,6400.0,124000.0,24,2021-03-23,2023-03-13,Agent,ULIP
POL202516,CUST101323,Motor,21800.0,637000.0,6,2023-05-23,2023-11-19,Agent,Motor Own-Damage
POL202517,CUST101199,Travel,9800.0,382000.0,24,2021-08-31,2023-08-21,Online,Domestic Travel
POL202518,CUST101720,Life,23100.0,1305000.0,24,2021-02-05,2023-01-26,Online,Endowment Plan
POL202519,CUST101745,Health,27100.0,980000.0,24,2024-09-28,2026-09-18,Agent,Individual Health
POL202520,CUST101572,Property,41100.0,1650000.0,36,2023-02-07,2026-01-22,Online,Property All-Risk
POL202521,CUST102591,Travel,13900.0,631000.0,12,2024-05-27,2025-05-22,Agent,Domestic Travel
POL202522,CUST104966,Property,17900.0,386000.0,12,2024-04-13,2025-04-08,Online,Property All-Risk
POL202523,CUST102257,Life,15000.0,324000.0,12,2021-05-16,2022-05-11,Broker,Term Life
POL202524,CUST100918,Property,12100.0,442000.0,24,2024-02-11,2026-01-31,Bancassurance,Home Shield
POL202525,CUST103058,Motor,25200.0,1086000.0,36,2021-06-24,2024-06-08,Agent,Motor Comprehensive
POL202526,CUST104147,Property,11700.0,343000.0,12,2023-02-17,2024-02-12,Bancassurance,Property All-Risk
POL202527,CUST102998,Life,22300.0,416000.0,12,2023-01-09,2024-01-04,Online,Endowment Plan
POL202528,CUST102653,Health,2000.0,98000.0,12,2021-11-06,2022-11-01,Agent,Critical Illness
POL202529,CUST103345,Property,9700.0,451000.0,36,2022-10-10,2025-09-24,Agent,Fire & Allied Perils
POL202530,CUST104402,Life,25600.0,1430000.0,12,2024-01-18,2025-01-12,Agent,Endowment Plan
POL202531,CUST100382,Life,15500.0,785000.0,36,2023-10-11,2026-09-25,Broker,Term Life
POL202532,CUST104909,Marine,27700.0,1339000.0,24,2023-03-04,2025-02-21,Bancassurance,Marine Cargo
POL202533,CUST104465,Life,15800.0,609000.0,12,2021-08-13,2022-08-08,Online,ULIP
POL202534,CUST104805,Motor,24500.0,1402000.0,36,2022-02-28,2025-02-12,Online,Motor Comprehensive
POL202535,CUST102491,Motor,9600.0,441000.0,24,2021-07-09,2023-06-29,Agent,Motor Own-Damage
POL202536,CUST104271,Health,22500.0,451000.0,36,2024-09-17,2027-09-02,Online,Family Floater
POL202537,CUST100409,Motor,20100.0,1005000.0,12,2021-12-21,2022-12-16,Agent,Motor Own-Damage
POL202538,CUST102067,Life,14500.0,364000.0,24,2023-02-17,2025-02-06,Direct,Endowment Plan
POL202539,CUST104397,Property,24800.0,1273000.0,12,2021-11-09,2022-11-04,Bancassurance,Home Shield
POL202540,CUST101356,Motor,27000.0,1608000.0,12,2024-08-13,2025-08-08,Bancassurance,Motor Comprehensive
POL202541,CUST103817,Marine,23500.0,490000.0,12,2022-08-24,2023-08-19,Online,Marine Hull
POL202542,CUST101597,Life,25300.0,471000.0,12,2022-09-21,2023-09-16,Agent,ULIP
POL202543,CUST102945,Travel,20200.0,1013000.0,6,2024-12-12,2025-06-10,Bancassurance,Domestic Travel
POL202544,CUST103265,Motor,7300.0,372000.0,36,2022-10-25,2025-10-09,Agent,Motor Third-Party
POL202545,CUST104389,Health,16700.0,757000.0,12,2023-04-14,2024-04-08,Broker,Critical Illness
POL202546,CUST101709,Life,14700.0,528000.0,24,2022-06-08,2024-05-28,Broker,Endowment Plan
POL202547,CUST103937,Property,19000.0,1019000.0,60,2023-10-12,2028-09-15,Bancassurance,Home Shield
POL202548,CUST102174,Marine,27200.0,1219000.0,12,2022-07-08,2023-07-03,Broker,Marine Hull
POL202549,CUST101966,Marine,23900.0,1288000.0,12,2022-10-01,2023-09-26,Online,Marine Hull
POL202550,CUST100398,Motor,23200.0,697000.0,12,2022-05-14,2023-05-09,Agent,Motor Third-Party
POL202551,CUST100381,Health,3000.0,91000.0,60,2023-09-11,2028-08-15,Agent,Family Floater
POL202552,CUST103855,Life,14900.0,633000.0,60,2024-01-12,2028-12-16,Online,Endowment Plan
POL202553,CUST100523,Motor,12100.0,556000.0,24,2024-01-25,2026-01-14,Agent,Motor Own-Damage
POL202554,CUST100557,Travel,21500.0,452000.0,24,2022-02-14,2024-02-04,Online,International Travel
POL202555,CUST100926,Life,30900.0,684000.0,12,2021-01-09,2022-01-04,Agent,ULIP
POL202556,CUST101685,Property,18300.0,960000.0,12,2021-11-22,2022-11-17,Broker,Fire & Allied Perils
POL202557,CUST100813,Marine,6200.0,253000.0,12,2023-02-11,2024-02-06,Broker,Marine Hull
POL202558,CUST102952,Motor,15700.0,397000.0,12,2024-07-03,2025-06-28,Bancassurance,Motor Third-Party
POL202559,CUST104110,Health,2000.0,60000.0,24,2023-12-18,2025-12-07,Online,Family Floater
POL202560,CUST102655,Life,25700.0,1331000.0,36,2024-11-29,2027-11-14,Bancassurance,Endowment Plan
POL202561,CUST103325,Property,11800.0,289000.0,36,2023-01-16,2025-12-31,Broker,Home Shield
POL202562,CUST104465,Life,28800.0,1216000.0,12,2023-01-23,2024-01-18,Broker,ULIP
POL202563,CUST104472,Motor,29300.0,1110000.0,12,2021-03-31,2022-03-26,Online,Motor Comprehensive
POL202564,CUST103293,Life,32700.0,1896000.0,60,2021-08-26,2026-07-31,Agent,ULIP
POL202565,CUST100340,Motor,11700.0,577000.0,12,2023-01-21,2024-01-16,Bancassurance,Motor Comprehensive
POL202566,CUST103945,Health,44100.0,2083000.0,12,2021-05-26,2022-05-21,Online,Individual Health
POL202567,CUST103788,Travel,28700.0,1403000.0,12,2022-02-17,2023-02-12,Broker,Domestic Travel
POL202568,CUST101517,Motor,12300.0,709000.0,12,2023-06-15,2024-06-09,Broker,Motor Comprehensive
POL202569,CUST100811,Motor,30600.0,812000.0,12,2022-12-03,2023-11-28,Online,Motor Own-Damage
POL202570,CUST100661,Health,12000.0,199000.0,12,2024-02-14,2025-02-08,Agent,Critical Illness
POL202571,CUST101381,Property,19300.0,541000.0,12,2023-07-31,2024-07-25,Bancassurance,Property All-Risk
POL202572,CUST103716,Motor,22600.0,1267000.0,12,2023-11-10,2024-11-04,Broker,Motor Third-Party
POL202573,CUST104729,Motor,21600.0,1003000.0,12,2022-10-02,2023-09-27,Bancassurance,Motor Own-Damage
POL202574,CUST100767,Health,10000.0,220000.0,24,2024-07-31,2026-07-21,Online,Critical Illness
POL202575,CUST102074,Life,32100.0,972000.0,12,2021-11-23,2022-11-18,Broker,ULIP
POL202576,CUST104170,Motor,26400.0,1110000.0,12,2022-08-30,2023-08-25,Agent,Motor Comprehensive
POL202577,CUST100429,Property,37500.0,838000.0,24,2023-01-04,2024-12-24,Agent,Property All-Risk
POL202578,CUST104715,Property,31700.0,1330000.0,24,2024-10-03,2026-09-23,Broker,Fire & Allied Perils
POL202579,CUST100091,Health,28500.0,522000.0,12,2022-08-30,2023-08-25,Broker,Critical Illness
POL202580,CUST101414,Motor,28700.0,1369000.0,6,2023-09-24,2024-03-22,Bancassurance,Motor Own-Damage
POL202581,CUST100162,Health,22500.0,642000.0,36,2022-05-03,2025-04-17,Broker,Individual Health
POL202582,CUST103805,Motor,15100.0,517000.0,12,2023-12-28,2024-12-22,Online,Motor Own-Damage
POL202583,CUST102135,Health,23100.0,361000.0,12,2023-07-26,2024-07-20,Agent,Critical Illness
POL202584,CUST102186,Life,9400.0,414000.0,12,2023-07-19,2024-07-13,Bancassurance,Term Life
POL202585,CUST102732,Motor,30500.0,1399000.0,24,2022-04-08,2024-03-28,Broker,Motor Own-Damage
POL202586,CUST101494,Motor,51300.0,2787000.0,12,2021-04-30,2022-04-25,Bancassurance,Motor Own-Damage
POL202587,CUST103785,Motor,23600.0,1127000.0,36,2023-03-11,2026-02-23,Agent,Motor Comprehensive
POL202588,CUST102155,Motor,12900.0,586000.0,24,2024-07-03,2026-06-23,Bancassurance,Motor Comprehensive
POL202589,CUST103979,Motor,8800.0,299000.0,12,2023-10-05,2024-09-29,Agent,Motor Third-Party
POL202590,CUST103233,Health,14800.0,270000.0,24,2022-01-23,2024-01-13,Agent,Individual Health
POL202591,CUST103374,Property,28800.0,1267000.0,12,2022-08-20,2023-08-15,Online,Home Shield
POL202592,CUST104940,Motor,21700.0,347000.0,36,2021-05-24,2024-05-08,Online,Motor Comprehensive
POL202593,CUST102532,Health,19400.0,865000.0,12,2021-12-27,2022-12-22,Bancassurance,Individual Health
POL202594,CUST101500,Marine,15800.0,290000.0,12,2024-08-17,2025-08-12,Online,Marine Cargo
POL202595,CUST103639,Health,20800.0,368000.0,60,2023-09-15,2028-08-19,Bancassurance,Family Floater
POL202596,CUST103529,Property,6100.0,247000.0,24,2022-02-06,2024-01-27,Agent,Home Shield
POL202597,CUST102417,Health,13600.0,767000.0,12,2022-09-02,2023-08-28,Online,Family Floater
POL202598,CUST101674,Motor,13100.0,623000.0,24,2024-12-14,2026-12-04,Online,Motor Third-Party
POL202599,CUST104651,Motor,13500.0,628000.0,6,2022-10-01,2023-03-30,Online,Motor Third-Party
POL202600,CUST101256,Life,26100.0,1325000.0,6,2024-06-07,2024-12-04,Online,ULIP
POL202601,CUST100394,Property,5700.0,204000.0,12,2021-10-24,2022-10-19,Agent,Fire & Allied Perils
POL202602,CUST103159,Health,13500.0,646000.0,60,2023-08-25,2028-07-29,Agent,Family Floater
POL202603,CUST100406,Health,17500.0,639000.0,12,2022-08-28,2023-08-23,Bancassurance,Critical Illness
POL202604,CUST103806,Health,15600.0,901000.0,12,2024-07-21,2025-07-16,Agent,Individual Health
POL202605,CUST104210,Motor,16000.0,753000.0,12,2024-05-19,2025-05-14,Agent,Motor Third-Party
POL202606,CUST103586,Motor,5500.0,157000.0,36,2024-04-04,2027-03-20,Online,Motor Third-Party
POL202607,CUST101180,Travel,20500.0,644000.0,12,2023-02-05,2024-01-31,Online,Domestic Travel
POL202608,CUST104712,Motor,6700.0,293000.0,12,2023-08-17,2024-08-11,Agent,Motor Own-Damage
POL202609,CUST100442,Health,8500.0,309000.0,60,2022-12-11,2027-11-15,Broker,Individual Health
POL202610,CUST100536,Life,26000.0,572000.0,36,2023-05-04,2026-04-18,Bancassurance,ULIP
POL202611,CUST101520,Health,17400.0,757000.0,12,2023-04-22,2024-04-16,Online,Family Floater
POL202612,CUST102703,Travel,11900.0,510000.0,24,2023-12-15,2025-12-04,Bancassurance,International Travel
POL202613,CUST103551,Motor,44400.0,699000.0,12,2022-01-08,2023-01-03,Bancassurance,Motor Own-Damage
POL202614,CUST101454,Property,13600.0,438000.0,12,2021-10-04,2022-09-29,Online,Property All-Risk
POL202615,CUST104577,Motor,8300.0,398000.0,12,2021-06-19,2022-06-14,Bancassurance,Motor Comprehensive
POL202616,CUST104084,Motor,4500.0,104000.0,36,2023-08-23,2026-08-07,Online,Motor Third-Party
POL202617,CUST101153,Health,28700.0,1531000.0,24,2022-07-09,2024-06-28,Online,Critical Illness
POL202618,CUST100310,Property,24800.0,1005000.0,60,2021-03-26,2026-02-28,Online,Home Shield
POL202619,CUST103509,Health,16700.0,556000.0,24,2024-04-27,2026-04-17,Online,Individual Health
POL202620,CUST100879,Motor,10400.0,618000.0,24,2024-06-29,2026-06-19,Online,Motor Own-Damage
POL202621,CUST101409,Health,22400.0,979000.0,24,2022-08-25,2024-08-14,Broker,Critical Illness
POL202622,CUST103860,Motor,24100.0,1366000.0,6,2023-10-25,2024-04-22,Broker,Motor Own-Damage
POL202623,CUST100945,Property,2100.0,126000.0,24,2021-12-22,2023-12-12,Agent,Property All-Risk
POL202624,CUST101773,Marine,8200.0,292000.0,12,2021-07-01,2022-06-26,Online,Marine Cargo
POL202625,CUST104637,Life,26200.0,819000.0,12,2022-08-21,2023-08-16,Online,ULIP
POL202626,CUST103409,Health,6700.0,362000.0,12,2024-11-07,2025-11-02,Agent,Family Floater
POL202627,CUST103100,Life,13200.0,204000.0,24,2024-06-11,2026-06-01,Bancassurance,ULIP
POL202628,CUST104992,Health,15800.0,566000.0,36,2024-11-02,2027-10-18,Agent,Individual Health
POL202629,CUST103852,Motor,10000.0,440000.0,12,2021-09-15,2022-09-10,Bancassurance,Motor Own-Damage
POL202630,CUST102299,Health,17900.0,921000.0,36,2023-04-07,2026-03-22,Online,Family Floater
POL202631,CUST103322,Life,10000.0,458000.0,24,2022-02-11,2024-02-01,Agent,Term Life
POL202632,CUST102664,Property,8200.0,130000.0,24,2021-01-10,2022-12-31,Broker,Property All-Risk
POL202633,CUST101817,Health,6400.0,290000.0,24,2022-11-09,2024-10-29,Broker,Critical Illness
POL202634,CUST104876,Property,6400.0,284000.0,12,2024-06-18,2025-06-13,Online,Home Shield
POL202635,CUST102966,Life,28500.0,439000.0,12,2021-11-09,2022-11-04,Direct,Endowment Plan
POL202636,CUST103731,Marine,23300.0,663000.0,12,2024-08-07,2025-08-02,Agent,Marine Cargo
POL202637,CUST102049,Travel,17300.0,625000.0,12,2023-03-02,2024-02-25,Bancassurance,International Travel
POL202638,CUST100983,Motor,15600.0,678000.0,12,2021-07-22,2022-07-17,Agent,Motor Comprehensive
POL202639,CUST100612,Health,44000.0,2007000.0,12,2024-05-16,2025-05-11,Agent,Family Floater
POL202640,CUST104021,Property,26500.0,1046000.0,24,2022-12-03,2024-11-22,Online,Fire & Allied Perils
POL202641,CUST102605,Property,33100.0,1976000.0,12,2022-01-16,2023-01-11,Bancassurance,Property All-Risk
POL202642,CUST102579,Motor,16200.0,743000.0,24,2024-09-22,2026-09-12,Broker,Motor Own-Damage
POL202643,CUST100605,Life,9800.0,220000.0,12,2021-11-24,2022-11-19,Bancassurance,ULIP
POL202644,CUST103936,Marine,8000.0,382000.0,12,2024-05-17,2025-05-12,Direct,Marine Hull
POL202645,CUST101318,Motor,8800.0,217000.0,36,2021-01-20,2024-01-05,Online,Motor Comprehensive
POL202646,CUST102992,Health,10600.0,239000.0,36,2024-10-25,2027-10-10,Bancassurance,Family Floater
POL202647,CUST101751,Health,15900.0,690000.0,24,2024-06-08,2026-05-29,Online,Individual Health
POL202648,CUST101136,Health,17500.0,668000.0,24,2023-11-05,2025-10-25,Broker,Critical Illness
POL202649,CUST100816,Health,13300.0,766000.0,36,2023-10-13,2026-09-27,Agent,Family Floater
POL202650,CUST104072,Motor,12200.0,503000.0,12,2022-01-07,2023-01-02,Bancassurance,Motor Third-Party
POL202651,CUST100474,Property,7000.0,269000.0,6,2021-04-14,2021-10-11,Agent,Home Shield
POL202652,CUST100010,Motor,44800.0,947000.0,24,2023-11-05,2025-10-25,Online,Motor Comprehensive
POL202653,CUST101533,Property,5800.0,312000.0,12,2024-10-24,2025-10-19,Agent,Fire & Allied Perils
POL202654,CUST104440,Motor,37400.0,1095000.0,12,2022-09-23,2023-09-18,Bancassurance,Motor Comprehensive
POL202655,CUST103510,Property,13500.0,456000.0,36,2023-12-27,2026-12-11,Agent,Home Shield
POL202656,CUST104093,Health,13100.0,493000.0,6,2023-10-27,2024-04-24,Agent,Individual Health
POL202657,CUST101022,Life,10100.0,586000.0,24,2021-09-16,2023-09-06,Online,ULIP
POL202658,CUST104850,Motor,22600.0,602000.0,12,2022-11-25,2023-11-20,Agent,Motor Third-Party
POL202659,CUST100588,Health,8500.0,389000.0,12,2024-09-30,2025-09-25,Agent,Individual Health
POL202660,CUST100177,Motor,16300.0,762000.0,12,2024-05-29,2025-05-24,Bancassurance,Motor Third-Party
POL202661,CUST102385,Motor,21100.0,340000.0,12,2022-11-08,2023-11-03,Bancassurance,Motor Comprehensive
POL202662,CUST102188,Life,3400.0,111000.0,12,2023-06-14,2024-06-08,Bancassurance,Term Life
POL202663,CUST101455,Motor,11000.0,185000.0,24,2021-05-17,2023-05-07,Bancassurance,Motor Comprehensive
POL202664,CUST100845,Travel,46300.0,997000.0,12,2022-07-08,2023-07-03,Bancassurance,International Travel
POL202665,CUST101605,Health,10500.0,194000.0,12,2024-12-19,2025-12-14,Agent,Critical Illness
POL202666,CUST101869,Motor,9100.0,240000.0,12,2022-01-26,2023-01-21,Bancassurance,Motor Third-Party
POL202667,CUST103006,Travel,11900.0,550000.0,12,2022-12-15,2023-12-10,Agent,International Travel
POL202668,CUST101798,Motor,52200.0,1131000.0,12,2023-11-25,2024-11-19,Agent,Motor Comprehensive
POL202669,CUST101221,Property,37700.0,1236000.0,12,2022-04-19,2023-04-14,Broker,Home Shield
POL202670,CUST102987,Health,15100.0,616000.0,24,2024-07-05,2026-06-25,Online,Critical Illness
POL202671,CUST102912,Health,28100.0,680000.0,24,2021-01-11,2023-01-01,Agent,Critical Illness
POL202672,CUST102187,Property,14900.0,397000.0,12,2024-10-05,2025-09-30,Bancassurance,Fire & Allied Perils
POL202673,CUST100550,Motor,16400.0,656000.0,12,2021-09-11,2022-09-06,Bancassurance,Motor Own-Damage
POL202674,CUST104827,Life,19800.0,920000.0,12,2024-08-08,2025-08-03,Broker,ULIP
POL202675,CUST102598,Motor,24400.0,888000.0,24,2021-03-09,2023-02-27,Direct,Motor Comprehensive
POL202676,CUST101388,Life,11800.0,370000.0,12,2021-02-09,2022-02-04,Agent,Endowment Plan
POL202677,CUST103628,Motor,8800.0,468000.0,12,2023-10-11,2024-10-05,Online,Motor Third-Party
POL202678,CUST102093,Motor,20600.0,1081000.0,24,2023-06-08,2025-05-28,Agent,Motor Comprehensive
POL202679,CUST100820,Motor,7000.0,191000.0,12,2023-08-29,2024-08-23,Online,Motor Comprehensive
POL202680,CUST103503,Life,14700.0,694000.0,12,2023-11-15,2024-11-09,Direct,ULIP
POL202681,CUST100463,Travel,13900.0,599000.0,12,2022-12-03,2023-11-28,Agent,Domestic Travel
POL202682,CUST101382,Travel,4300.0,78000.0,12,2021-11-14,2022-11-09,Agent,Domestic Travel
POL202683,CUST103313,Life,8900.0,159000.0,12,2023-09-18,2024-09-12,Online,Endowment Plan
POL202684,CUST103619,Property,15000.0,225000.0,12,2022-03-25,2023-03-20,Bancassurance,Fire & Allied Perils
POL202685,CUST104956,Property,2000.0,43000.0,12,2023-01-07,2024-01-02,Online,Fire & Allied Perils
POL202686,CUST103543,Health,26200.0,533000.0,12,2023-11-22,2024-11-16,Bancassurance,Family Floater
POL202687,CUST101158,Motor,8300.0,163000.0,12,2023-04-13,2024-04-07,Agent,Motor Third-Party
POL202688,CUST103561,Life,22200.0,736000.0,24,2024-09-26,2026-09-16,Bancassurance,Endowment Plan
POL202689,CUST103757,Motor,10700.0,508000.0,12,2023-08-12,2024-08-06,Agent,Motor Comprehensive
POL202690,CUST103375,Property,41500.0,1478000.0,24,2021-10-14,2023-10-04,Agent,Property All-Risk
POL202691,CUST103730,Health,15500.0,617000.0,60,2021-02-06,2026-01-11,Agent,Individual Health
POL202692,CUST104087,Motor,2700.0,81000.0,24,2023-12-25,2025-12-14,Broker,Motor Own-Damage
POL202693,CUST102841,Property,24500.0,1093000.0,24,2024-08-22,2026-08-12,Agent,Property All-Risk
POL202694,CUST104974,Motor,10800.0,323000.0,24,2022-09-14,2024-09-03,Online,Motor Own-Damage
POL202695,CUST103222,Travel,35100.0,1016000.0,36,2023-10-21,2026-10-05,Direct,Domestic Travel
POL202696,CUST100276,Travel,58100.0,3342000.0,12,2022-03-30,2023-03-25,Direct,International Travel
POL202697,CUST100862,Life,8600.0,299000.0,12,2021-07-08,2022-07-03,Online,Term Life
POL202698,CUST102485,Life,10000.0,351000.0,12,2022-03-06,2023-03-01,Agent,Endowment Plan
POL202699,CUST102176,Motor,30200.0,552000.0,12,2024-07-04,2025-06-29,Bancassurance,Motor Own-Damage
POL202700,CUST104065,Health,13000.0,734000.0,12,2024-04-17,2025-04-12,Bancassurance,Individual Health
POL202701,CUST103362,Marine,32100.0,1014000.0,36,2023-09-15,2026-08-30,Broker,Marine Cargo
POL202702,CUST100000,Motor,6700.0,306000.0,24,2021-03-26,2023-03-16,Online,Motor Comprehensive
POL202703,CUST102278,Motor,6900.0,312000.0,12,2021-01-17,2022-01-12,Broker,Motor Third-Party
POL202704,CUST102725,Health,6300.0,346000.0,12,2023-12-29,2024-12-23,Agent,Critical Illness
POL202705,CUST104903,Life,5600.0,305000.0,24,2021-01-20,2023-01-10,Direct,ULIP
POL202706,CUST103298,Life,8700.0,191000.0,12,2022-01-16,2023-01-11,Online,ULIP
POL202707,CUST100901,Motor,16300.0,324000.0,12,2022-04-15,2023-04-10,Broker,Motor Third-Party
POL202708,CUST100958,Motor,60700.0,3339000.0,24,2022-04-07,2024-03-27,Online,Motor Own-Damage
POL202709,CUST101579,Property,6200.0,169000.0,36,2022-07-29,2025-07-13,Online,Property All-Risk
POL202710,CUST102004,Motor,16000.0,842000.0,12,2023-11-06,2024-10-31,Agent,Motor Third-Party
POL202711,CUST100543,Motor,20100.0,670000.0,24,2022-02-04,2024-01-25,Agent,Motor Comprehensive
POL202712,CUST103947,Motor,13300.0,408000.0,12,2022-12-17,2023-12-12,Agent,Motor Comprehensive
POL202713,CUST100338,Life,17200.0,396000.0,60,2022-12-07,2027-11-11,Bancassurance,ULIP
POL202714,CUST100333,Motor,11400.0,670000.0,12,2021-03-26,2022-03-21,Online,Motor Own-Damage
POL202715,CUST100636,Health,9600.0,172000.0,12,2022-09-23,2023-09-18,Agent,Family Floater
POL202716,CUST100674,Health,12300.0,474000.0,12,2024-02-29,2025-02-23,Direct,Critical Illness
POL202717,CUST102820,Motor,28500.0,1349000.0,12,2021-01-31,2022-01-26,Online,Motor Comprehensive
POL202718,CUST104090,Travel,2400.0,81000.0,12,2022-10-27,2023-10-22,Online,Domestic Travel
POL202719,CUST104712,Property,23100.0,654000.0,12,2024-01-13,2025-01-07,Broker,Fire & Allied Perils
POL202720,CUST104046,Life,14400.0,318000.0,24,2022-07-28,2024-07-17,Bancassurance,Term Life
POL202721,CUST103428,Health,6200.0,147000.0,24,2023-11-05,2025-10-25,Agent,Critical Illness
POL202722,CUST102952,Motor,4800.0,276000.0,12,2023-03-20,2024-03-14,Bancassurance,Motor Own-Damage
POL202723,CUST101547,Health,12100.0,406000.0,12,2023-10-07,2024-10-01,Bancassurance,Family Floater
POL202724,CUST102080,Motor,21800.0,359000.0,12,2023-09-10,2024-09-04,Direct,Motor Own-Damage
POL202725,CUST104362,Life,20400.0,665000.0,12,2022-05-21,2023-05-16,Agent,ULIP
POL202726,CUST100528,Motor,19000.0,807000.0,12,2024-10-14,2025-10-09,Agent,Motor Own-Damage
POL202727,CUST104126,Life,5700.0,244000.0,12,2023-05-29,2024-05-23,Online,Endowment Plan
POL202728,CUST104057,Health,25300.0,487000.0,24,2021-04-05,2023-03-26,Online,Critical Illness
POL202729,CUST100287,Health,17700.0,474000.0,60,2024-08-23,2029-07-28,Broker,Individual Health
POL202730,CUST101208,Motor,8200.0,394000.0,60,2023-09-12,2028-08-16,Direct,Motor Own-Damage
POL202731,CUST101550,Motor,26600.0,1580000.0,12,2021-02-07,2022-02-02,Online,Motor Own-Damage
POL202732,CUST104565,Health,7500.0,285000.0,24,2021-08-14,2023-08-04,Broker,Individual Health
POL202733,CUST102194,Health,19000.0,359000.0,24,2021-01-17,2023-01-07,Direct,Family Floater
POL202734,CUST103879,Travel,9900.0,538000.0,24,2021-01-06,2022-12-27,Agent,International Travel
POL202735,CUST103003,Health,13000.0,451000.0,12,2024-04-19,2025-04-14,Online,Family Floater
POL202736,CUST100404,Motor,20200.0,970000.0,12,2024-04-23,2025-04-18,Bancassurance,Motor Third-Party
POL202737,CUST103334,Health,16300.0,424000.0,12,2022-04-22,2023-04-17,Online,Individual Health
POL202738,CUST103177,Health,14700.0,797000.0,12,2024-10-23,2025-10-18,Agent,Family Floater
POL202739,CUST104354,Property,8600.0,232000.0,24,2021-02-13,2023-02-03,Broker,Property All-Risk
POL202740,CUST104603,Motor,9500.0,439000.0,24,2022-03-24,2024-03-13,Bancassurance,Motor Comprehensive
POL202741,CUST102937,Property,9800.0,324000.0,12,2023-10-05,2024-09-29,Bancassurance,Home Shield
POL202742,CUST104395,Life,28100.0,884000.0,12,2022-11-04,2023-10-30,Online,ULIP
POL202743,CUST100696,Motor,45600.0,1076000.0,12,2021-05-03,2022-04-28,Agent,Motor Own-Damage
POL202744,CUST103066,Health,8700.0,459000.0,6,2023-05-09,2023-11-05,Broker,Family Floater
POL202745,CUST102887,Health,36400.0,1268000.0,12,2022-07-04,2023-06-29,Broker,Individual Health
POL202746,CUST100859,Health,7900.0,267000.0,12,2023-06-01,2024-05-26,Agent,Critical Illness
POL202747,CUST102694,Health,19000.0,380000.0,12,2022-12-15,2023-12-10,Agent,Individual Health
POL202748,CUST103401,Life,7700.0,165000.0,24,2024-05-02,2026-04-22,Online,Endowment Plan
POL202749,CUST102075,Life,29800.0,943000.0,12,2023-07-06,2024-06-30,Bancassurance,ULIP
POL202750,CUST103330,Health,25300.0,429000.0,12,2022-05-18,2023-05-13,Agent,Individual Health
POL202751,CUST103725,Life,28700.0,1204000.0,24,2021-04-25,2023-04-15,Bancassurance,Term Life
POL202752,CUST102943,Property,11400.0,267000.0,12,2023-06-08,2024-06-02,Agent,Home Shield
POL202753,CUST101990,Health,8900.0,425000.0,12,2023-08-18,2024-08-12,Agent,Individual Health
POL202754,CUST101328,Health,28000.0,1236000.0,24,2021-05-08,2023-04-28,Agent,Individual Health
POL202755,CUST103303,Motor,14300.0,518000.0,12,2024-10-10,2025-10-05,Broker,Motor Third-Party
POL202756,CUST104501,Motor,14400.0,347000.0,12,2024-04-15,2025-04-10,Broker,Motor Third-Party
POL202757,CUST102309,Motor,11300.0,563000.0,60,2021-09-02,2026-08-07,Broker,Motor Comprehensive
POL202758,CUST102512,Health,13600.0,811000.0,24,2023-08-27,2025-08-16,Agent,Critical Illness
POL202759,CUST104560,Property,28100.0,1321000.0,12,2024-04-30,2025-04-25,Online,Fire & Allied Perils
POL202760,CUST101485,Motor,10600.0,505000.0,12,2023-05-26,2024-05-20,Online,Motor Comprehensive
POL202761,CUST104038,Life,10400.0,248000.0,12,2021-05-23,2022-05-18,Online,Endowment Plan
POL202762,CUST101276,Motor,9000.0,298000.0,12,2021-03-25,2022-03-20,Agent,Motor Third-Party
POL202763,CUST101289,Motor,13500.0,253000.0,12,2021-09-29,2022-09-24,Agent,Motor Third-Party
POL202764,CUST101405,Health,29500.0,552000.0,12,2021-03-15,2022-03-10,Agent,Critical Illness
POL202765,CUST100263,Health,8900.0,312000.0,12,2023-04-15,2024-04-09,Agent,Family Floater
POL202766,CUST102305,Motor,10000.0,263000.0,36,2021-05-04,2024-04-18,Online,Motor Own-Damage
POL202767,CUST101768,Motor,36500.0,1608000.0,12,2021-02-22,2022-02-17,Agent,Motor Comprehensive
POL202768,CUST101154,Health,9800.0,558000.0,36,2021-12-04,2024-11-18,Bancassurance,Critical Illness
POL202769,CUST103782,Health,15500.0,532000.0,12,2024-01-01,2024-12-26,Online,Individual Health
POL202770,CUST102587,Health,40600.0,840000.0,12,2022-09-17,2023-09-12,Bancassurance,Critical Illness
POL202771,CUST100978,Health,13700.0,333000.0,36,2021-03-26,2024-03-10,Bancassurance,Family Floater
POL202772,CUST100960,Health,47900.0,1705000.0,12,2022-10-01,2023-09-26,Broker,Individual Health
POL202773,CUST104047,Motor,8600.0,308000.0,24,2022-11-26,2024-11-15,Online,Motor Comprehensive
POL202774,CUST101354,Motor,46400.0,1836000.0,12,2021-08-17,2022-08-12,Online,Motor Third-Party
POL202775,CUST101974,Health,13400.0,745000.0,12,2024-06-14,2025-06-09,Agent,Family Floater
POL202776,CUST100598,Health,3100.0,174000.0,24,2022-10-11,2024-09-30,Online,Individual Health
POL202777,CUST104021,Marine,4000.0,175000.0,12,2021-04-25,2022-04-20,Bancassurance,Marine Hull
POL202778,CUST101786,Property,11500.0,252000.0,24,2023-01-24,2025-01-13,Broker,Home Shield
POL202779,CUST103524,Motor,17800.0,401000.0,12,2023-11-28,2024-11-22,Online,Motor Third-Party
POL202780,CUST102029,Motor,14200.0,404000.0,24,2021-05-27,2023-05-17,Broker,Motor Comprehensive
POL202781,CUST104008,Marine,31900.0,1519000.0,6,2024-06-05,2024-12-02,Online,Marine Cargo
POL202782,CUST102018,Health,20300.0,1072000.0,12,2021-07-01,2022-06-26,Agent,Individual Health
POL202783,CUST104478,Health,12900.0,573000.0,12,2021-06-15,2022-06-10,Online,Family Floater
POL202784,CUST103624,Life,16900.0,896000.0,36,2023-12-22,2026-12-06,Direct,ULIP
POL202785,CUST102404,Health,11900.0,307000.0,36,2022-01-27,2025-01-11,Agent,Critical Illness
POL202786,CUST102416,Motor,20800.0,949000.0,12,2024-12-27,2025-12-22,Agent,Motor Third-Party
POL202787,CUST103101,Motor,9200.0,251000.0,12,2022-08-13,2023-08-08,Agent,Motor Own-Damage
POL202788,CUST103465,Motor,21000.0,934000.0,12,2021-09-29,2022-09-24,Online,Motor Third-Party
POL202789,CUST103532,Motor,13900.0,226000.0,24,2023-10-14,2025-10-03,Agent,Motor Comprehensive
POL202790,CUST100165,Motor,11700.0,497000.0,12,2022-11-09,2023-11-04,Broker,Motor Own-Damage
POL202791,CUST101324,Life,31400.0,1729000.0,60,2024-04-25,2029-03-30,Online,Endowment Plan
POL202792,CUST102182,Health,40400.0,1082000.0,24,2021-10-01,2023-09-21,Online,Individual Health
POL202793,CUST102684,Motor,17400.0,938000.0,12,2024-07-12,2025-07-07,Agent,Motor Comprehensive
POL202794,CUST100448,Motor,12400.0,216000.0,12,2021-03-28,2022-03-23,Bancassurance,Motor Comprehensive
POL202795,CUST100998,Travel,12600.0,561000.0,36,2024-10-16,2027-10-01,Agent,International Travel
POL202796,CUST102310,Motor,12600.0,427000.0,12,2021-09-21,2022-09-16,Online,Motor Comprehensive
POL202797,CUST102235,Motor,2000.0,33000.0,12,2021-11-15,2022-11-10,Agent,Motor Third-Party
POL202798,CUST103075,Health,22300.0,978000.0,24,2022-06-10,2024-05-30,Bancassurance,Critical Illness
POL202799,CUST100348,Motor,19000.0,422000.0,12,2023-02-22,2024-02-17,Bancassurance,Motor Third-Party
POL202800,CUST103983,Motor,16300.0,609000.0,12,2023-03-12,2024-03-06,Bancassurance,Motor Third-Party
POL202801,CUST101505,Motor,25900.0,676000.0,12,2024-11-25,2025-11-20,Online,Motor Comprehensive
POL202802,CUST102751,Travel,7400.0,152000.0,24,2023-02-04,2025-01-24,Direct,International Travel
POL202803,CUST104736,Life,3200.0,64000.0,36,2024-12-06,2027-11-21,Direct,Term Life
POL202804,CUST101897,Health,12200.0,529000.0,24,2022-10-20,2024-10-09,Online,Critical Illness
POL202805,CUST101567,Marine,23300.0,557000.0,12,2021-06-29,2022-06-24,Agent,Marine Hull
POL202806,CUST101322,Life,17100.0,494000.0,12,2022-06-09,2023-06-04,Agent,Endowment Plan
POL202807,CUST103262,Motor,14300.0,344000.0,36,2024-06-29,2027-06-14,Direct,Motor Comprehensive
POL202808,CUST104787,Health,41300.0,855000.0,24,2022-07-14,2024-07-03,Online,Individual Health
POL202809,CUST102798,Health,33300.0,504000.0,12,2023-05-01,2024-04-25,Online,Individual Health
POL202810,CUST100991,Health,24800.0,909000.0,12,2021-01-04,2021-12-30,Agent,Individual Health
POL202811,CUST104730,Life,13800.0,685000.0,24,2022-08-22,2024-08-11,Broker,ULIP
POL202812,CUST100212,Motor,63700.0,1155000.0,24,2021-11-23,2023-11-13,Agent,Motor Comprehensive
POL202813,CUST102051,Motor,7800.0,177000.0,12,2024-04-15,2025-04-10,Bancassurance,Motor Comprehensive
POL202814,CUST100629,Health,29200.0,1606000.0,24,2021-09-12,2023-09-02,Agent,Family Floater
POL202815,CUST100166,Motor,30400.0,1705000.0,12,2021-05-21,2022-05-16,Bancassurance,Motor Third-Party
POL202816,CUST104987,Travel,11700.0,682000.0,36,2023-05-01,2026-04-15,Agent,International Travel
POL202817,CUST100425,Health,34300.0,1484000.0,24,2022-03-19,2024-03-08,Agent,Individual Health
POL202818,CUST104530,Motor,7400.0,116000.0,36,2022-10-15,2025-09-29,Agent,Motor Comprehensive
POL202819,CUST102724,Life,20300.0,421000.0,12,2023-03-25,2024-03-19,Agent,Term Life
POL202820,CUST101601,Property,28200.0,702000.0,12,2021-11-16,2022-11-11,Agent,Property All-Risk
POL202821,CUST104314,Health,19800.0,611000.0,12,2021-05-23,2022-05-18,Bancassurance,Individual Health
POL202822,CUST100019,Health,5600.0,172000.0,12,2021-07-12,2022-07-07,Agent,Family Floater
POL202823,CUST103451,Life,27900.0,642000.0,12,2024-10-25,2025-10-20,Agent,ULIP
POL202824,CUST103836,Motor,33400.0,767000.0,24,2023-09-14,2025-09-03,Agent,Motor Third-Party
POL202825,CUST101819,Life,18100.0,1049000.0,12,2022-12-15,2023-12-10,Bancassurance,Endowment Plan
POL202826,CUST101502,Life,4400.0,84000.0,6,2024-08-07,2025-02-03,Online,Endowment Plan
POL202827,CUST100045,Property,17400.0,276000.0,24,2021-10-12,2023-10-02,Bancassurance,Home Shield
POL202828,CUST100110,Marine,11000.0,177000.0,12,2022-01-09,2023-01-04,Bancassurance,Marine Hull
POL202829,CUST100219,Travel,16800.0,674000.0,36,2021-07-08,2024-06-22,Direct,Domestic Travel
POL202830,CUST102283,Motor,24500.0,612000.0,12,2023-06-17,2024-06-11,Bancassurance,Motor Comprehensive
POL202831,CUST102653,Property,7000.0,256000.0,24,2024-10-17,2026-10-07,Bancassurance,Home Shield
POL202832,CUST102120,Life,37400.0,1344000.0,6,2021-08-24,2022-02-20,Online,ULIP
POL202833,CUST103512,Health,13400.0,746000.0,12,2024-12-14,2025-12-09,Agent,Individual Health
POL202834,CUST101808,Marine,18300.0,408000.0,36,2021-12-19,2024-12-03,Bancassurance,Marine Cargo
POL202835,CUST103951,Property,11800.0,343000.0,24,2024-07-13,2026-07-03,Agent,Property All-Risk
POL202836,CUST103266,Property,24500.0,1117000.0,12,2021-09-25,2022-09-20,Agent,Home Shield
POL202837,CUST104685,Motor,37400.0,1451000.0,6,2021-03-11,2021-09-07,Online,Motor Comprehensive
POL202838,CUST103630,Motor,9600.0,396000.0,12,2023-03-03,2024-02-26,Agent,Motor Comprehensive
POL202839,CUST100639,Marine,22600.0,813000.0,24,2024-04-30,2026-04-20,Bancassurance,Marine Cargo
POL202840,CUST102795,Travel,10500.0,545000.0,12,2021-03-03,2022-02-26,Online,International Travel
POL202841,CUST103286,Motor,24100.0,492000.0,12,2024-04-19,2025-04-14,Direct,Motor Own-Damage
POL202842,CUST100069,Motor,16500.0,955000.0,36,2022-11-11,2025-10-26,Online,Motor Third-Party
POL202843,CUST100220,Life,27300.0,633000.0,12,2024-02-06,2025-01-31,Broker,Endowment Plan
POL202844,CUST100112,Motor,19200.0,450000.0,12,2024-08-08,2025-08-03,Agent,Motor Third-Party
POL202845,CUST100857,Life,49600.0,1260000.0,12,2021-02-28,2022-02-23,Agent,Endowment Plan
POL202846,CUST104408,Travel,11900.0,575000.0,24,2021-07-24,2023-07-14,Bancassurance,Domestic Travel
POL202847,CUST101200,Motor,6500.0,273000.0,12,2021-10-07,2022-10-02,Online,Motor Third-Party
POL202848,CUST100932,Life,11300.0,222000.0,36,2023-05-13,2026-04-27,Agent,Endowment Plan
POL202849,CUST102230,Health,11400.0,619000.0,12,2023-05-15,2024-05-09,Online,Critical Illness
POL202850,CUST101990,Motor,15200.0,904000.0,12,2021-03-02,2022-02-25,Online,Motor Comprehensive
POL202851,CUST104966,Health,12800.0,479000.0,6,2021-12-17,2022-06-15,Online,Critical Illness
POL202852,CUST100517,Health,18300.0,293000.0,24,2023-03-15,2025-03-04,Broker,Family Floater
POL202853,CUST104204,Property,4700.0,179000.0,12,2022-07-27,2023-07-22,Agent,Home Shield
POL202854,CUST101146,Health,12700.0,522000.0,12,2024-03-03,2025-02-26,Agent,Critical Illness
POL202855,CUST101549,Marine,12600.0,300000.0,12,2023-11-27,2024-11-21,Online,Marine Hull
POL202856,CUST102426,Motor,25300.0,418000.0,12,2021-10-12,2022-10-07,Bancassurance,Motor Own-Damage
POL202857,CUST104877,Travel,8700.0,321000.0,12,2021-03-08,2022-03-03,Broker,Domestic Travel
POL202858,CUST101177,Health,8400.0,456000.0,12,2022-07-14,2023-07-09,Agent,Individual Health
POL202859,CUST101719,Health,16300.0,426000.0,12,2023-05-24,2024-05-18,Bancassurance,Individual Health
POL202860,CUST103295,Motor,26200.0,828000.0,24,2022-09-01,2024-08-21,Online,Motor Comprehensive
POL202861,CUST103350,Motor,2000.0,111000.0,12,2022-01-11,2023-01-06,Online,Motor Comprehensive
POL202862,CUST101836,Health,24600.0,1044000.0,24,2024-06-13,2026-06-03,Agent,Individual Health
POL202863,CUST100656,Travel,22400.0,910000.0,12,2022-10-30,2023-10-25,Online,Domestic Travel
POL202864,CUST103942,Life,15400.0,459000.0,12,2021-03-03,2022-02-26,Bancassurance,ULIP
POL202865,CUST104502,Motor,17900.0,1044000.0,60,2021-02-18,2026-01-23,Direct,Motor Comprehensive
POL202866,CUST103009,Health,29300.0,1360000.0,12,2022-04-08,2023-04-03,Online,Individual Health
POL202867,CUST104364,Health,11300.0,222000.0,36,2022-11-23,2025-11-07,Agent,Critical Illness
POL202868,CUST101269,Property,6100.0,104000.0,36,2021-05-23,2024-05-07,Bancassurance,Home Shield
POL202869,CUST104320,Property,22500.0,962000.0,12,2023-06-10,2024-06-04,Agent,Home Shield
POL202870,CUST104041,Motor,21400.0,580000.0,12,2023-08-21,2024-08-15,Online,Motor Third-Party
POL202871,CUST104511,Motor,3300.0,66000.0,12,2022-02-23,2023-02-18,Broker,Motor Own-Damage
POL202872,CUST104660,Motor,38300.0,1835000.0,24,2023-01-20,2025-01-09,Online,Motor Third-Party
POL202873,CUST101726,Health,20500.0,1106000.0,12,2024-03-28,2025-03-23,Online,Critical Illness
POL202874,CUST100600,Motor,9100.0,320000.0,36,2023-02-18,2026-02-02,Agent,Motor Comprehensive
POL202875,CUST103745,Motor,21600.0,618000.0,60,2021-07-18,2026-06-22,Agent,Motor Own-Damage
POL202876,CUST103348,Property,19800.0,418000.0,12,2021-09-13,2022-09-08,Direct,Property All-Risk
POL202877,CUST103238,Health,12400.0,564000.0,6,2022-12-06,2023-06-04,Bancassurance,Critical Illness
POL202878,CUST103153,Travel,17800.0,278000.0,60,2022-06-25,2027-05-30,Online,Domestic Travel
POL202879,CUST100204,Life,17800.0,813000.0,12,2024-05-02,2025-04-27,Broker,Term Life
POL202880,CUST103348,Motor,16600.0,963000.0,12,2024-06-30,2025-06-25,Agent,Motor Third-Party
POL202881,CUST102420,Motor,15700.0,511000.0,24,2024-04-26,2026-04-16,Broker,Motor Third-Party
POL202882,CUST100155,Health,20000.0,955000.0,24,2023-06-22,2025-06-11,Agent,Individual Health
POL202883,CUST104277,Life,18200.0,319000.0,12,2023-05-14,2024-05-08,Online,ULIP
POL202884,CUST100140,Health,11400.0,346000.0,6,2024-06-11,2024-12-08,Agent,Individual Health
POL202885,CUST101167,Marine,7900.0,281000.0,24,2022-12-17,2024-12-06,Broker,Marine Cargo
POL202886,CUST101474,Property,17700.0,779000.0,12,2023-07-10,2024-07-04,Bancassurance,Home Shield
POL202887,CUST103914,Health,24500.0,698000.0,12,2022-01-04,2022-12-30,Bancassurance,Critical Illness
POL202888,CUST100401,Motor,17300.0,764000.0,12,2023-04-19,2024-04-13,Online,Motor Third-Party
POL202889,CUST101921,Health,11300.0,537000.0,6,2022-04-26,2022-10-23,Broker,Critical Illness
POL202890,CUST101830,Health,4500.0,99000.0,12,2024-08-04,2025-07-30,Agent,Critical Illness
POL202891,CUST102073,Motor,39000.0,2064000.0,12,2023-02-06,2024-02-01,Direct,Motor Own-Damage
POL202892,CUST104362,Property,20800.0,953000.0,24,2023-01-02,2024-12-22,Broker,Property All-Risk
POL202893,CUST101626,Health,19900.0,1185000.0,12,2023-10-14,2024-10-08,Bancassurance,Critical Illness
POL202894,CUST101772,Motor,12400.0,620000.0,12,2023-11-15,2024-11-09,Agent,Motor Comprehensive
POL202895,CUST102044,Property,4600.0,227000.0,24,2024-09-22,2026-09-12,Agent,Home Shield
POL202896,CUST101964,Life,10800.0,171000.0,12,2021-06-23,2022-06-18,Online,Term Life
POL202897,CUST104770,Motor,35500.0,1207000.0,24,2024-07-13,2026-07-03,Broker,Motor Comprehensive
POL202898,CUST101337,Health,6700.0,193000.0,36,2021-09-27,2024-09-11,Broker,Critical Illness
POL202899,CUST100567,Life,3900.0,194000.0,12,2024-11-18,2025-11-13,Bancassurance,Endowment Plan
POL202900,CUST102108,Health,38700.0,1727000.0,24,2022-10-26,2024-10-15,Agent,Critical Illness
POL202901,CUST100417,Health,9200.0,349000.0,12,2024-11-22,2025-11-17,Online,Individual Health
POL202902,CUST103987,Life,14400.0,451000.0,12,2022-05-17,2023-05-12,Agent,Endowment Plan
POL202903,CUST104460,Life,20100.0,392000.0,36,2021-10-14,2024-09-28,Online,Term Life
POL202904,CUST104154,Motor,45800.0,1332000.0,36,2021-12-07,2024-11-21,Bancassurance,Motor Own-Damage
POL202905,CUST104024,Motor,35100.0,1479000.0,12,2021-06-21,2022-06-16,Online,Motor Own-Damage
POL202906,CUST102105,Life,15500.0,438000.0,24,2022-04-27,2024-04-16,Agent,Term Life
POL202907,CUST103491,Motor,11200.0,226000.0,12,2023-07-18,2024-07-12,Agent,Motor Comprehensive
POL202908,CUST101984,Travel,7400.0,116000.0,24,2023-09-25,2025-09-14,Agent,International Travel
POL202909,CUST104272,Motor,21000.0,1173000.0,12,2024-09-04,2025-08-30,Broker,Motor Own-Damage
POL202910,CUST100975,Life,17300.0,433000.0,12,2023-07-27,2024-07-21,Broker,Endowment Plan
POL202911,CUST100703,Travel,4400.0,251000.0,12,2024-07-14,2025-07-09,Broker,International Travel
POL202912,CUST104878,Health,14300.0,229000.0,24,2021-06-20,2023-06-10,Online,Critical Illness
POL202913,CUST101802,Life,17600.0,602000.0,12,2022-10-23,2023-10-18,Bancassurance,Endowment Plan
POL202914,CUST101554,Motor,22100.0,823000.0,12,2024-12-08,2025-12-03,Agent,Motor Third-Party
POL202915,CUST103342,Life,8300.0,272000.0,12,2022-05-24,2023-05-19,Online,Endowment Plan
POL202916,CUST101713,Travel,17900.0,347000.0,12,2023-10-19,2024-10-13,Agent,International Travel
POL202917,CUST103736,Travel,7200.0,392000.0,6,2024-05-02,2024-10-29,Online,International Travel
POL202918,CUST102149,Health,20200.0,1138000.0,12,2021-11-23,2022-11-18,Bancassurance,Family Floater
POL202919,CUST103919,Property,14000.0,685000.0,12,2022-10-25,2023-10-20,Agent,Home Shield
POL202920,CUST100402,Property,47800.0,949000.0,36,2021-05-08,2024-04-22,Online,Home Shield
POL202921,CUST103637,Health,9400.0,248000.0,12,2021-09-23,2022-09-18,Direct,Family Floater
POL202922,CUST101642,Property,11900.0,336000.0,24,2024-07-21,2026-07-11,Bancassurance,Fire & Allied Perils
POL202923,CUST102114,Motor,4600.0,264000.0,24,2021-05-07,2023-04-27,Agent,Motor Comprehensive
POL202924,CUST104652,Travel,15900.0,811000.0,12,2022-06-14,2023-06-09,Online,International Travel
POL202925,CUST102411,Property,12900.0,447000.0,6,2023-08-03,2024-01-30,Bancassurance,Fire & Allied Perils
POL202926,CUST100372,Health,16900.0,637000.0,36,2021-12-03,2024-11-17,Online,Critical Illness
POL202927,CUST102291,Health,15400.0,784000.0,24,2021-09-10,2023-08-31,Broker,Family Floater
POL202928,CUST101202,Travel,48300.0,860000.0,12,2022-02-16,2023-02-11,Agent,Domestic Travel
POL202929,CUST102373,Motor,21300.0,696000.0,12,2024-11-17,2025-11-12,Agent,Motor Own-Damage
POL202930,CUST101088,Health,25500.0,442000.0,24,2022-01-27,2024-01-17,Bancassurance,Family Floater
POL202931,CUST103215,Health,17200.0,965000.0,24,2021-07-09,2023-06-29,Agent,Individual Health
POL202932,CUST101175,Health,18800.0,656000.0,24,2024-02-07,2026-01-27,Agent,Individual Health
POL202933,CUST102326,Motor,16800.0,388000.0,12,2022-11-29,2023-11-24,Bancassurance,Motor Comprehensive
POL202934,CUST104773,Motor,17000.0,1004000.0,12,2023-07-31,2024-07-25,Bancassurance,Motor Third-Party
POL202935,CUST103189,Travel,11200.0,610000.0,12,2024-03-17,2025-03-12,Bancassurance,International Travel
POL202936,CUST103542,Property,25100.0,950000.0,12,2022-05-22,2023-05-17,Online,Fire & Allied Perils
POL202937,CUST103861,Property,50100.0,2836000.0,12,2021-04-11,2022-04-06,Broker,Home Shield
POL202938,CUST104598,Health,17200.0,399000.0,12,2022-04-28,2023-04-23,Broker,Critical Illness
POL202939,CUST104430,Life,8700.0,430000.0,24,2022-04-03,2024-03-23,Bancassurance,ULIP
POL202940,CUST104288,Health,28500.0,1419000.0,12,2024-10-29,2025-10-24,Online,Family Floater
POL202941,CUST101705,Life,38500.0,1604000.0,12,2023-01-26,2024-01-21,Bancassurance,Term Life
POL202942,CUST103123,Property,11600.0,381000.0,6,2023-07-30,2024-01-26,Online,Fire & Allied Perils
POL202943,CUST104090,Motor,7400.0,205000.0,12,2022-06-17,2023-06-12,Bancassurance,Motor Comprehensive
POL202944,CUST102799,Travel,23600.0,1037000.0,12,2023-11-24,2024-11-18,Agent,Domestic Travel
POL202945,CUST100635,Marine,17500.0,517000.0,12,2021-03-22,2022-03-17,Bancassurance,Marine Hull
POL202946,CUST102545,Health,22300.0,465000.0,12,2022-03-12,2023-03-07,Direct,Family Floater
POL202947,CUST101080,Travel,16400.0,875000.0,12,2022-08-16,2023-08-11,Agent,Domestic Travel
POL202948,CUST103447,Marine,14300.0,729000.0,12,2024-12-16,2025-12-11,Online,Marine Cargo
POL202949,CUST104298,Motor,9100.0,258000.0,12,2024-05-22,2025-05-17,Agent,Motor Own-Damage
POL202950,CUST103509,Motor,20700.0,318000.0,12,2023-12-26,2024-12-20,Online,Motor Own-Damage
POL202951,CUST102754,Life,6600.0,170000.0,12,2021-12-31,2022-12-26,Bancassurance,ULIP
POL202952,CUST102997,Property,25000.0,1012000.0,24,2021-12-17,2023-12-07,Online,Home Shield
POL202953,CUST102692,Motor,24100.0,1107000.0,12,2024-07-24,2025-07-19,Broker,Motor Own-Damage
POL202954,CUST102244,Health,20200.0,670000.0,60,2024-09-08,2029-08-13,Agent,Family Floater
POL202955,CUST101134,Health,32700.0,1752000.0,12,2023-02-11,2024-02-06,Online,Critical Illness
POL202956,CUST103376,Health,13500.0,362000.0,12,2022-07-22,2023-07-17,Agent,Individual Health
POL202957,CUST101747,Motor,13200.0,758000.0,24,2023-04-18,2025-04-07,Broker,Motor Own-Damage
POL202958,CUST100783,Motor,12600.0,556000.0,12,2021-04-10,2022-04-05,Bancassurance,Motor Third-Party
POL202959,CUST104000,Property,18000.0,877000.0,12,2022-08-31,2023-08-26,Agent,Home Shield
POL202960,CUST102757,Motor,15100.0,593000.0,12,2022-07-02,2023-06-27,Online,Motor Own-Damage
POL202961,CUST102601,Life,12300.0,738000.0,12,2022-11-13,2023-11-08,Online,Endowment Plan
POL202962,CUST102596,Life,13000.0,291000.0,36,2024-03-28,2027-03-13,Bancassurance,ULIP
POL202963,CUST100388,Travel,19700.0,698000.0,24,2024-03-09,2026-02-27,Broker,Domestic Travel
POL202964,CUST102673,Travel,30800.0,828000.0,36,2022-09-24,2025-09-08,Direct,International Travel
POL202965,CUST102718,Travel,11000.0,299000.0,12,2024-02-05,2025-01-30,Bancassurance,International Travel
POL202966,CUST102554,Health,3000.0,155000.0,12,2023-01-31,2024-01-26,Online,Family Floater
POL202967,CUST100035,Motor,23300.0,950000.0,12,2024-11-10,2025-11-05,Agent,Motor Own-Damage
POL202968,CUST103751,Motor,8700.0,171000.0,24,2022-12-06,2024-11-25,Agent,Motor Comprehensive
POL202969,CUST103070,Health,30800.0,1750000.0,12,2021-02-11,2022-02-06,Broker,Family Floater
POL202970,CUST103787,Motor,25600.0,550000.0,12,2024-10-26,2025-10-21,Agent,Motor Comprehensive
POL202971,CUST102519,Motor,26900.0,1264000.0,6,2023-03-06,2023-09-02,Agent,Motor Comprehensive
POL202972,CUST101647,Health,16900.0,769000.0,60,2021-03-05,2026-02-07,Online,Individual Health
POL202973,CUST104165,Health,29900.0,1560000.0,24,2023-07-17,2025-07-06,Bancassurance,Critical Illness
POL202974,CUST101753,Life,20500.0,896000.0,24,2022-02-06,2024-01-27,Broker,Term Life
POL202975,CUST102266,Travel,19600.0,630000.0,24,2021-03-13,2023-03-03,Direct,International Travel
POL202976,CUST100082,Health,17700.0,427000.0,24,2024-02-11,2026-01-31,Agent,Critical Illness
POL202977,CUST100814,Motor,21800.0,856000.0,12,2024-11-25,2025-11-20,Direct,Motor Third-Party
POL202978,CUST100566,Health,5800.0,96000.0,12,2021-03-29,2022-03-24,Online,Critical Illness
POL202979,CUST102117,Health,12200.0,470000.0,12,2023-02-20,2024-02-15,Bancassurance,Family Floater
POL202980,CUST101311,Marine,12300.0,280000.0,6,2022-05-21,2022-11-17,Bancassurance,Marine Hull
POL202981,CUST101662,Health,15300.0,674000.0,24,2024-12-21,2026-12-11,Broker,Individual Health
POL202982,CUST103828,Health,8400.0,282000.0,12,2024-06-21,2025-06-16,Agent,Individual Health
POL202983,CUST103414,Life,10700.0,526000.0,12,2024-01-01,2024-12-26,Bancassurance,Endowment Plan
POL202984,CUST103989,Health,7000.0,291000.0,24,2021-05-25,2023-05-15,Bancassurance,Critical Illness
POL202985,CUST104079,Health,10600.0,397000.0,12,2021-11-19,2022-11-14,Bancassurance,Individual Health
POL202986,CUST101240,Motor,9300.0,415000.0,12,2021-08-29,2022-08-24,Online,Motor Comprehensive
POL202987,CUST103078,Health,10500.0,262000.0,36,2024-10-20,2027-10-05,Agent,Family Floater
POL202988,CUST104348,Motor,25900.0,1464000.0,24,2022-04-22,2024-04-11,Online,Motor Own-Damage
POL202989,CUST101523,Life,15600.0,284000.0,24,2021-02-10,2023-01-31,Broker,Endowment Plan
POL202990,CUST101878,Motor,14100.0,429000.0,12,2023-11-19,2024-11-13,Bancassurance,Motor Third-Party
POL202991,CUST102657,Motor,32500.0,571000.0,24,2023-12-17,2025-12-06,Bancassurance,Motor Third-Party
POL202992,CUST103990,Life,19800.0,819000.0,12,2022-06-22,2023-06-17,Agent,ULIP
POL202993,CUST100736,Health,20700.0,665000.0,12,2024-11-07,2025-11-02,Online,Family Floater
POL202994,CUST102334,Health,17700.0,311000.0,6,2024-04-24,2024-10-21,Online,Family Floater
POL202995,CUST101211,Travel,26200.0,1179000.0,12,2023-03-30,2024-03-24,Online,International Travel
POL202996,CUST103563,Life,28600.0,1662000.0,60,2021-01-07,2025-12-12,Direct,Endowment Plan
POL202997,CUST101209,Marine,19300.0,382000.0,24,2024-07-18,2026-07-08,Bancassurance,Marine Cargo
POL202998,CUST101781,Health,26100.0,650000.0,6,2021-04-05,2021-10-02,Online,Family Floater
POL202999,CUST101731,Health,21800.0,594000.0,24,2022-09-14,2024-09-03,Broker,Critical Illness
POL203000,CUST100353,Health,19800.0,903000.0,12,2024-05-12,2025-05-07,Online,Family Floater
POL203001,CUST103340,Health,13300.0,431000.0,12,2022-07-30,2023-07-25,Online,Individual Health
POL203002,CUST101270,Motor,10300.0,504000.0,12,2022-07-15,2023-07-10,Online,Motor Third-Party
POL203003,CUST102454,Motor,5900.0,211000.0,12,2024-10-05,2025-09-30,Agent,Motor Third-Party
POL203004,CUST103485,Property,37600.0,604000.0,12,2023-01-06,2024-01-01,Agent,Home Shield
POL203005,CUST103934,Property,26200.0,598000.0,36,2024-09-24,2027-09-09,Agent,Property All-Risk
POL203006,CUST104589,Motor,12500.0,368000.0,24,2024-08-15,2026-08-05,Online,Motor Comprehensive
POL203007,CUST100630,Motor,5200.0,226000.0,36,2024-02-03,2027-01-18,Bancassurance,Motor Third-Party
POL203008,CUST103141,Motor,21900.0,999000.0,6,2021-07-15,2022-01-11,Broker,Motor Own-Damage
POL203009,CUST101641,Life,13600.0,596000.0,6,2021-12-01,2022-05-30,Agent,ULIP
POL203010,CUST103844,Motor,27000.0,480000.0,24,2023-07-06,2025-06-25,Online,Motor Comprehensive
POL203011,CUST101943,Property,8900.0,281000.0,24,2022-05-27,2024-05-16,Agent,Property All-Risk
POL203012,CUST100070,Motor,12200.0,532000.0,24,2023-12-26,2025-12-15,Bancassurance,Motor Third-Party
POL203013,CUST104280,Life,14500.0,635000.0,12,2024-02-29,2025-02-23,Broker,ULIP
POL203014,CUST103800,Marine,23600.0,969000.0,6,2022-11-04,2023-05-03,Bancassurance,Marine Cargo
POL203015,CUST101652,Motor,10800.0,369000.0,24,2023-03-03,2025-02-20,Bancassurance,Motor Own-Damage
POL203016,CUST104177,Property,22000.0,339000.0,24,2021-12-30,2023-12-20,Online,Property All-Risk
POL203017,CUST102052,Marine,6200.0,249000.0,24,2023-11-29,2025-11-18,Agent,Marine Hull
POL203018,CUST102063,Health,15700.0,420000.0,24,2021-01-29,2023-01-19,Agent,Critical Illness
POL203019,CUST101499,Motor,34800.0,1074000.0,12,2021-07-07,2022-07-02,Online,Motor Own-Damage
POL203020,CUST102469,Health,43000.0,1801000.0,12,2023-04-16,2024-04-10,Bancassurance,Individual Health
POL203021,CUST104972,Health,29500.0,1078000.0,36,2021-01-20,2024-01-05,Broker,Critical Illness
POL203022,CUST100261,Travel,5100.0,176000.0,24,2021-09-30,2023-09-20,Broker,International Travel
POL203023,CUST102966,Health,14800.0,492000.0,12,2022-02-16,2023-02-11,Online,Critical Illness
POL203024,CUST100873,Property,16000.0,791000.0,12,2021-12-22,2022-12-17,Direct,Fire & Allied Perils
POL203025,CUST100619,Life,27400.0,1021000.0,12,2024-01-08,2025-01-02,Bancassurance,ULIP
POL203026,CUST100282,Motor,17400.0,746000.0,12,2022-05-07,2023-05-02,Agent,Motor Third-Party
POL203027,CUST101366,Health,8500.0,163000.0,12,2024-07-24,2025-07-19,Bancassurance,Individual Health
POL203028,CUST103656,Property,29800.0,1265000.0,24,2023-05-05,2025-04-24,Broker,Home Shield
POL203029,CUST103681,Health,40000.0,703000.0,12,2024-02-07,2025-02-01,Online,Individual Health
POL203030,CUST103999,Health,25100.0,1248000.0,12,2024-07-16,2025-07-11,Online,Critical Illness
POL203031,CUST100726,Travel,10500.0,162000.0,12,2022-10-25,2023-10-20,Agent,Domestic Travel
POL203032,CUST100543,Health,45300.0,2197000.0,12,2023-12-23,2024-12-17,Online,Critical Illness
POL203033,CUST104910,Property,26400.0,1025000.0,12,2024-04-11,2025-04-06,Online,Fire & Allied Perils
POL203034,CUST104607,Motor,24000.0,1124000.0,12,2023-03-22,2024-03-16,Online,Motor Comprehensive
POL203035,CUST103500,Property,39100.0,1017000.0,36,2023-04-20,2026-04-04,Online,Home Shield
POL203036,CUST104197,Life,26800.0,1036000.0,12,2021-05-29,2022-05-24,Bancassurance,Term Life
POL203037,CUST104021,Motor,15200.0,805000.0,36,2023-01-08,2025-12-23,Agent,Motor Own-Damage
POL203038,CUST102881,Motor,36400.0,894000.0,12,2021-09-23,2022-09-18,Agent,Motor Third-Party
POL203039,CUST102378,Motor,9100.0,147000.0,60,2022-09-14,2027-08-19,Agent,Motor Comprehensive
POL203040,CUST104891,Life,10200.0,499000.0,24,2022-01-27,2024-01-17,Direct,Term Life
POL203041,CUST103381,Health,11800.0,551000.0,36,2023-11-25,2026-11-09,Agent,Individual Health
POL203042,CUST104412,Motor,17800.0,387000.0,36,2023-05-18,2026-05-02,Agent,Motor Third-Party
POL203043,CUST101035,Life,19300.0,586000.0,12,2024-12-25,2025-12-20,Direct,ULIP
POL203044,CUST101113,Travel,14500.0,490000.0,12,2023-09-19,2024-09-13,Online,International Travel
POL203045,CUST103148,Motor,15000.0,251000.0,12,2024-07-21,2025-07-16,Bancassurance,Motor Comprehensive
POL203046,CUST104770,Life,19900.0,640000.0,12,2022-02-27,2023-02-22,Agent,ULIP
POL203047,CUST103102,Marine,9100.0,175000.0,12,2023-10-29,2024-10-23,Agent,Marine Cargo
POL203048,CUST102214,Health,22800.0,1361000.0,12,2023-03-29,2024-03-23,Bancassurance,Individual Health
POL203049,CUST100124,Travel,2800.0,166000.0,12,2024-05-22,2025-05-17,Broker,International Travel
POL203050,CUST100774,Life,16400.0,664000.0,12,2023-12-12,2024-12-06,Online,Term Life
POL203051,CUST101154,Life,11700.0,428000.0,24,2023-12-31,2025-12-20,Agent,Endowment Plan
POL203052,CUST101000,Property,44300.0,2590000.0,24,2023-04-22,2025-04-11,Agent,Fire & Allied Perils
POL203053,CUST103511,Motor,13900.0,626000.0,36,2024-04-04,2027-03-20,Online,Motor Own-Damage
POL203054,CUST103420,Health,17800.0,373000.0,12,2024-11-18,2025-11-13,Bancassurance,Critical Illness
POL203055,CUST101898,Life,14300.0,351000.0,60,2022-03-22,2027-02-24,Online,ULIP
POL203056,CUST104937,Motor,8000.0,356000.0,12,2021-10-18,2022-10-13,Broker,Motor Own-Damage
POL203057,CUST101968,Health,7800.0,450000.0,12,2021-07-15,2022-07-10,Online,Individual Health
POL203058,CUST102226,Property,6900.0,207000.0,12,2023-08-30,2024-08-24,Online,Property All-Risk
POL203059,CUST102631,Motor,16300.0,330000.0,12,2022-11-27,2023-11-22,Broker,Motor Third-Party
POL203060,CUST102865,Health,13500.0,664000.0,12,2021-03-13,2022-03-08,Bancassurance,Critical Illness
POL203061,CUST100955,Motor,5000.0,121000.0,60,2023-01-05,2027-12-10,Online,Motor Third-Party
POL203062,CUST101501,Motor,41000.0,793000.0,24,2021-04-08,2023-03-29,Broker,Motor Third-Party
POL203063,CUST103440,Health,24000.0,1105000.0,12,2022-09-29,2023-09-24,Broker,Critical Illness
POL203064,CUST104227,Motor,18000.0,712000.0,12,2021-01-05,2021-12-31,Bancassurance,Motor Comprehensive
POL203065,CUST102117,Health,3700.0,129000.0,12,2021-09-08,2022-09-03,Agent,Critical Illness
POL203066,CUST100575,Motor,20700.0,360000.0,12,2022-04-09,2023-04-04,Agent,Motor Own-Damage
POL203067,CUST104257,Marine,17400.0,271000.0,36,2024-08-21,2027-08-06,Broker,Marine Cargo
POL203068,CUST102911,Marine,26800.0,904000.0,12,2021-02-13,2022-02-08,Online,Marine Hull
POL203069,CUST102181,Motor,10400.0,438000.0,12,2021-11-29,2022-11-24,Online,Motor Comprehensive
POL203070,CUST102931,Motor,12200.0,664000.0,12,2024-06-17,2025-06-12,Agent,Motor Own-Damage
POL203071,CUST104114,Motor,19000.0,795000.0,24,2024-11-20,2026-11-10,Bancassurance,Motor Comprehensive
POL203072,CUST100005,Motor,11900.0,440000.0,12,2023-01-06,2024-01-01,Agent,Motor Own-Damage
POL203073,CUST101800,Life,20600.0,472000.0,24,2024-11-06,2026-10-27,Agent,ULIP
POL203074,CUST104702,Health,7900.0,174000.0,12,2023-11-05,2024-10-30,Direct,Family Floater
POL203075,CUST101503,Health,15500.0,659000.0,12,2022-06-17,2023-06-12,Online,Critical Illness
POL203076,CUST104871,Property,10500.0,325000.0,12,2023-10-16,2024-10-10,Online,Home Shield
POL203077,CUST101407,Property,26100.0,574000.0,24,2024-03-26,2026-03-16,Online,Fire & Allied Perils
POL203078,CUST102337,Health,46600.0,1534000.0,12,2024-07-24,2025-07-19,Online,Critical Illness
POL203079,CUST100349,Life,40200.0,1934000.0,6,2022-09-04,2023-03-03,Broker,Term Life
POL203080,CUST103628,Health,4600.0,85000.0,12,2021-05-30,2022-05-25,Broker,Individual Health
POL203081,CUST101197,Life,21600.0,453000.0,12,2023-10-19,2024-10-13,Agent,Endowment Plan
POL203082,CUST104243,Motor,10400.0,430000.0,12,2021-03-05,2022-02-28,Agent,Motor Comprehensive
POL203083,CUST100648,Health,7700.0,306000.0,12,2023-04-04,2024-03-29,Agent,Individual Health
POL203084,CUST100583,Motor,21300.0,468000.0,12,2023-11-08,2024-11-02,Broker,Motor Third-Party
POL203085,CUST102346,Motor,7700.0,324000.0,12,2023-02-08,2024-02-03,Online,Motor Own-Damage
POL203086,CUST100423,Health,30700.0,1334000.0,12,2024-04-14,2025-04-09,Broker,Family Floater
POL203087,CUST101646,Life,21500.0,403000.0,12,2024-04-04,2025-03-30,Agent,ULIP
POL203088,CUST103446,Health,27200.0,1296000.0,12,2021-01-18,2022-01-13,Online,Individual Health
POL203089,CUST102523,Travel,19100.0,383000.0,24,2023-10-27,2025-10-16,Agent,International Travel
POL203090,CUST102797,Health,7100.0,349000.0,6,2023-03-01,2023-08-28,Agent,Individual Health
POL203091,CUST100453,Travel,13200.0,342000.0,6,2022-07-13,2023-01-09,Broker,International Travel
POL203092,CUST103396,Motor,33800.0,850000.0,12,2022-08-06,2023-08-01,Online,Motor Third-Party
POL203093,CUST100455,Health,15200.0,686000.0,12,2024-05-30,2025-05-25,Bancassurance,Individual Health
POL203094,CUST102859,Motor,14500.0,650000.0,12,2024-08-23,2025-08-18,Agent,Motor Own-Damage
POL203095,CUST103953,Motor,35900.0,975000.0,12,2023-07-10,2024-07-04,Agent,Motor Own-Damage
POL203096,CUST103631,Motor,18700.0,1093000.0,12,2023-10-16,2024-10-10,Bancassurance,Motor Comprehensive
POL203097,CUST101764,Life,31800.0,1033000.0,24,2022-12-11,2024-11-30,Bancassurance,Endowment Plan
POL203098,CUST100774,Motor,15300.0,508000.0,12,2024-12-03,2025-11-28,Agent,Motor Own-Damage
POL203099,CUST104153,Motor,8900.0,214000.0,12,2023-11-11,2024-11-05,Agent,Motor Own-Damage
POL203100,CUST101078,Motor,3100.0,55000.0,24,2022-05-29,2024-05-18,Online,Motor Own-Damage
POL203101,CUST102478,Life,15100.0,783000.0,60,2024-06-14,2029-05-19,Online,Endowment Plan
POL203102,CUST101185,Health,17500.0,526000.0,12,2021-07-26,2022-07-21,Bancassurance,Critical Illness
POL203103,CUST100148,Motor,30100.0,1116000.0,12,2021-04-13,2022-04-08,Bancassurance,Motor Comprehensive
POL203104,CUST102082,Motor,2000.0,101000.0,24,2023-12-25,2025-12-14,Broker,Motor Own-Damage
POL203105,CUST102751,Life,22700.0,450000.0,12,2023-09-12,2024-09-06,Agent,ULIP
POL203106,CUST103797,Life,16600.0,711000.0,24,2024-01-02,2025-12-22,Agent,Term Life
POL203107,CUST103628,Health,14800.0,464000.0,12,2021-06-15,2022-06-10,Agent,Critical Illness
POL203108,CUST104156,Health,45400.0,2387000.0,12,2022-09-07,2023-09-02,Agent,Individual Health
POL203109,CUST104069,Motor,21600.0,702000.0,12,2023-09-29,2024-09-23,Agent,Motor Third-Party
POL203110,CUST102006,Health,36700.0,2126000.0,12,2021-10-06,2022-10-01,Agent,Family Floater
POL203111,CUST101705,Life,10200.0,324000.0,12,2024-01-09,2025-01-03,Agent,Term Life
POL203112,CUST103010,Property,12800.0,210000.0,12,2021-04-24,2022-04-19,Agent,Property All-Risk
POL203113,CUST102398,Health,30200.0,1197000.0,24,2023-01-06,2024-12-26,Online,Individual Health
POL203114,CUST101475,Life,9200.0,192000.0,12,2023-07-25,2024-07-19,Online,Term Life
POL203115,CUST100158,Health,9500.0,202000.0,24,2024-04-11,2026-04-01,Agent,Family Floater
POL203116,CUST102378,Life,8400.0,308000.0,24,2021-10-18,2023-10-08,Agent,Term Life
POL203117,CUST102346,Life,11700.0,327000.0,24,2024-05-10,2026-04-30,Bancassurance,Endowment Plan
POL203118,CUST104704,Life,19200.0,757000.0,24,2021-04-20,2023-04-10,Agent,ULIP
POL203119,CUST104062,Motor,22500.0,1005000.0,12,2022-10-15,2023-10-10,Direct,Motor Own-Damage
POL203120,CUST101346,Health,18200.0,1010000.0,12,2023-07-20,2024-07-14,Agent,Critical Illness
POL203121,CUST100551,Motor,13500.0,377000.0,12,2022-07-30,2023-07-25,Online,Motor Comprehensive
POL203122,CUST103939,Health,17000.0,646000.0,24,2023-07-01,2025-06-20,Agent,Individual Health
POL203123,CUST102436,Health,36900.0,1818000.0,12,2021-09-02,2022-08-28,Bancassurance,Family Floater
POL203124,CUST100210,Life,16700.0,688000.0,12,2023-02-14,2024-02-09,Agent,Endowment Plan
POL203125,CUST103769,Health,12900.0,403000.0,12,2024-09-26,2025-09-21,Agent,Critical Illness
POL203126,CUST101726,Health,2700.0,51000.0,6,2024-01-09,2024-07-07,Agent,Critical Illness
POL203127,CUST100855,Life,15800.0,372000.0,12,2024-08-19,2025-08-14,Online,ULIP
POL203128,CUST103293,Motor,29500.0,491000.0,6,2022-06-06,2022-12-03,Agent,Motor Own-Damage
POL203129,CUST103926,Motor,4900.0,209000.0,12,2021-09-14,2022-09-09,Agent,Motor Third-Party
POL203130,CUST103880,Motor,6900.0,261000.0,12,2023-01-26,2024-01-21,Agent,Motor Comprehensive
POL203131,CUST101371,Property,12000.0,342000.0,12,2021-03-13,2022-03-08,Online,Property All-Risk
POL203132,CUST102960,Motor,10900.0,629000.0,12,2024-10-24,2025-10-19,Agent,Motor Comprehensive
POL203133,CUST102329,Health,17600.0,661000.0,24,2023-08-06,2025-07-26,Online,Family Floater
POL203134,CUST104346,Motor,42700.0,2542000.0,36,2022-01-29,2025-01-13,Online,Motor Own-Damage
POL203135,CUST100948,Life,8100.0,256000.0,12,2022-07-04,2023-06-29,Agent,ULIP
POL203136,CUST104103,Marine,10700.0,460000.0,36,2021-07-03,2024-06-17,Online,Marine Cargo
POL203137,CUST101731,Property,15000.0,434000.0,12,2024-07-02,2025-06-27,Agent,Property All-Risk
POL203138,CUST103087,Motor,10200.0,581000.0,12,2022-07-15,2023-07-10,Agent,Motor Own-Damage
POL203139,CUST102510,Health,17500.0,465000.0,24,2024-09-09,2026-08-30,Agent,Family Floater
POL203140,CUST101740,Motor,22100.0,527000.0,12,2023-01-06,2024-01-01,Direct,Motor Third-Party
POL203141,CUST101157,Property,10900.0,476000.0,12,2021-07-20,2022-07-15,Agent,Home Shield
POL203142,CUST101818,Health,27000.0,801000.0,24,2024-03-21,2026-03-11,Broker,Individual Health
POL203143,CUST103037,Motor,13100.0,711000.0,24,2021-11-02,2023-10-23,Bancassurance,Motor Comprehensive
POL203144,CUST103075,Health,10100.0,207000.0,12,2022-12-13,2023-12-08,Broker,Family Floater
POL203145,CUST103116,Health,5800.0,103000.0,12,2021-03-24,2022-03-19,Broker,Individual Health
POL203146,CUST103282,Travel,23400.0,380000.0,24,2023-08-20,2025-08-09,Agent,International Travel
POL203147,CUST100255,Motor,19500.0,559000.0,24,2024-05-02,2026-04-22,Bancassurance,Motor Comprehensive
POL203148,CUST101972,Travel,7800.0,400000.0,24,2023-05-26,2025-05-15,Agent,International Travel
POL203149,CUST101574,Motor,9300.0,525000.0,36,2023-06-25,2026-06-09,Bancassurance,Motor Third-Party
POL203150,CUST101987,Motor,18500.0,1029000.0,60,2022-10-23,2027-09-27,Direct,Motor Own-Damage
POL203151,CUST101911,Life,22600.0,1286000.0,6,2024-10-12,2025-04-10,Bancassurance,Endowment Plan
POL203152,CUST100883,Health,19900.0,566000.0,12,2024-03-11,2025-03-06,Agent,Individual Health
POL203153,CUST104824,Marine,23400.0,933000.0,24,2021-11-27,2023-11-17,Bancassurance,Marine Cargo
POL203154,CUST100001,Health,50300.0,1548000.0,12,2021-06-23,2022-06-18,Online,Critical Illness
POL203155,CUST102977,Health,27200.0,1272000.0,6,2023-05-10,2023-11-06,Agent,Individual Health
POL203156,CUST102307,Motor,23800.0,1330000.0,12,2024-01-05,2024-12-30,Bancassurance,Motor Comprehensive
POL203157,CUST103517,Travel,11600.0,260000.0,24,2022-07-27,2024-07-16,Broker,Domestic Travel
POL203158,CUST104154,Life,7200.0,264000.0,12,2023-07-03,2024-06-27,Agent,Term Life
POL203159,CUST103244,Life,33900.0,1193000.0,12,2023-03-20,2024-03-14,Broker,Endowment Plan
POL203160,CUST103832,Property,12000.0,670000.0,12,2024-10-12,2025-10-07,Online,Property All-Risk
POL203161,CUST101369,Motor,21000.0,1152000.0,12,2022-03-03,2023-02-26,Online,Motor Third-Party
POL203162,CUST104969,Property,5600.0,301000.0,12,2022-02-27,2023-02-22,Broker,Home Shield
POL203163,CUST100436,Health,4100.0,199000.0,24,2023-08-29,2025-08-18,Online,Family Floater
POL203164,CUST103347,Property,27100.0,1525000.0,24,2021-09-07,2023-08-28,Bancassurance,Home Shield
POL203165,CUST100732,Life,10000.0,599000.0,6,2024-02-03,2024-08-01,Broker,Term Life
POL203166,CUST101169,Health,20900.0,436000.0,12,2022-02-28,2023-02-23,Online,Family Floater
POL203167,CUST104126,Property,10000.0,560000.0,12,2022-10-23,2023-10-18,Agent,Home Shield
POL203168,CUST103386,Life,22300.0,889000.0,24,2021-12-20,2023-12-10,Agent,ULIP
POL203169,CUST103167,Motor,15500.0,420000.0,12,2023-11-06,2024-10-31,Bancassurance,Motor Own-Damage
POL203170,CUST104142,Life,13900.0,565000.0,12,2024-06-12,2025-06-07,Online,ULIP
POL203171,CUST101392,Health,19800.0,739000.0,12,2023-10-10,2024-10-04,Agent,Family Floater
POL203172,CUST103204,Property,21600.0,850000.0,12,2023-07-27,2024-07-21,Online,Property All-Risk
POL203173,CUST101009,Property,10600.0,337000.0,36,2024-12-07,2027-11-22,Bancassurance,Fire & Allied Perils
POL203174,CUST102408,Motor,21000.0,925000.0,12,2023-01-12,2024-01-07,Agent,Motor Comprehensive
POL203175,CUST102024,Motor,22000.0,1000000.0,12,2022-01-08,2023-01-03,Online,Motor Comprehensive
POL203176,CUST103092,Motor,26800.0,477000.0,12,2023-12-27,2024-12-21,Direct,Motor Comprehensive
POL203177,CUST100324,Life,31800.0,1579000.0,60,2022-09-07,2027-08-12,Agent,Term Life
POL203178,CUST100129,Property,15900.0,628000.0,12,2021-03-31,2022-03-26,Online,Home Shield
POL203179,CUST100158,Life,10100.0,549000.0,12,2023-05-30,2024-05-24,Agent,Endowment Plan
POL203180,CUST101325,Property,8600.0,381000.0,12,2022-07-07,2023-07-02,Agent,Property All-Risk
POL203181,CUST102880,Life,11100.0,663000.0,24,2021-01-10,2022-12-31,Agent,Term Life
POL203182,CUST100788,Health,11700.0,566000.0,36,2022-05-22,2025-05-06,Agent,Individual Health
POL203183,CUST104956,Travel,12900.0,450000.0,36,2023-11-22,2026-11-06,Agent,Domestic Travel
POL203184,CUST102067,Motor,15600.0,402000.0,12,2024-09-06,2025-09-01,Online,Motor Third-Party
POL203185,CUST101515,Health,17800.0,774000.0,24,2024-09-01,2026-08-22,Broker,Individual Health
POL203186,CUST104465,Motor,18500.0,692000.0,12,2022-04-21,2023-04-16,Agent,Motor Comprehensive
POL203187,CUST100876,Motor,24700.0,851000.0,12,2024-07-13,2025-07-08,Agent,Motor Third-Party
POL203188,CUST100939,Life,33700.0,1762000.0,24,2022-03-15,2024-03-04,Agent,Term Life
POL203189,CUST101903,Motor,18600.0,1047000.0,36,2021-05-01,2024-04-15,Bancassurance,Motor Third-Party
POL203190,CUST100354,Health,11700.0,416000.0,12,2024-10-04,2025-09-29,Bancassurance,Critical Illness
POL203191,CUST103407,Motor,24400.0,400000.0,6,2022-08-30,2023-02-26,Broker,Motor Comprehensive
POL203192,CUST103884,Health,23500.0,1282000.0,12,2024-04-22,2025-04-17,Agent,Individual Health
POL203193,CUST101767,Motor,11000.0,187000.0,24,2024-06-23,2026-06-13,Bancassurance,Motor Own-Damage
POL203194,CUST104339,Marine,23800.0,838000.0,36,2023-12-15,2026-11-29,Broker,Marine Hull
POL203195,CUST100036,Health,2100.0,63000.0,24,2022-07-13,2024-07-02,Online,Critical Illness
POL203196,CUST102656,Property,8500.0,266000.0,6,2021-03-23,2021-09-19,Online,Fire & Allied Perils
POL203197,CUST103650,Health,7300.0,320000.0,12,2024-04-25,2025-04-20,Online,Individual Health
POL203198,CUST101882,Motor,8900.0,476000.0,12,2021-12-28,2022-12-23,Broker,Motor Comprehensive
POL203199,CUST104733,Life,24700.0,1171000.0,24,2024-08-26,2026-08-16,Bancassurance,ULIP
POL203200,CUST102152,Motor,13700.0,474000.0,24,2021-10-16,2023-10-06,Bancassurance,Motor Own-Damage
POL203201,CUST104590,Health,26500.0,1317000.0,12,2021-05-03,2022-04-28,Agent,Individual Health
POL203202,CUST103294,Health,35500.0,1565000.0,12,2024-05-25,2025-05-20,Direct,Critical Illness
POL203203,CUST101154,Property,34400.0,1276000.0,12,2021-06-01,2022-05-27,Broker,Fire & Allied Perils
POL203204,CUST104156,Marine,10800.0,324000.0,12,2024-09-26,2025-09-21,Online,Marine Cargo
POL203205,CUST100153,Motor,14100.0,521000.0,12,2021-10-24,2022-10-19,Bancassurance,Motor Comprehensive
POL203206,CUST100947,Life,15900.0,801000.0,12,2023-09-16,2024-09-10,Online,Endowment Plan
POL203207,CUST103899,Health,38400.0,1761000.0,12,2022-04-29,2023-04-24,Agent,Family Floater
POL203208,CUST104511,Property,10600.0,544000.0,12,2024-06-02,2025-05-28,Online,Property All-Risk
POL203209,CUST101940,Travel,29000.0,1720000.0,24,2022-01-23,2024-01-13,Online,Domestic Travel
POL203210,CUST103286,Health,20900.0,1226000.0,12,2022-12-01,2023-11-26,Online,Individual Health
POL203211,CUST103487,Motor,2700.0,152000.0,24,2023-08-01,2025-07-21,Agent,Motor Third-Party
POL203212,CUST103691,Property,13400.0,656000.0,36,2021-07-17,2024-07-01,Agent,Property All-Risk
POL203213,CUST104528,Health,8200.0,490000.0,12,2022-07-28,2023-07-23,Agent,Individual Health
POL203214,CUST100434,Marine,13100.0,476000.0,12,2023-12-15,2024-12-09,Online,Marine Hull
POL203215,CUST100962,Health,2800.0,60000.0,12,2024-12-24,2025-12-19,Bancassurance,Family Floater
POL203216,CUST104591,Travel,39700.0,2038000.0,24,2024-07-13,2026-07-03,Broker,Domestic Travel
POL203217,CUST102722,Motor,12300.0,280000.0,24,2024-11-27,2026-11-17,Direct,Motor Comprehensive
POL203218,CUST102640,Life,13200.0,503000.0,24,2024-06-17,2026-06-07,Bancassurance,Term Life
POL203219,CUST102014,Health,37500.0,2084000.0,24,2023-12-04,2025-11-23,Agent,Family Floater
POL203220,CUST101810,Life,6400.0,322000.0,12,2021-10-27,2022-10-22,Online,Endowment Plan
POL203221,CUST101224,Travel,21400.0,625000.0,12,2021-09-12,2022-09-07,Agent,Domestic Travel
POL203222,CUST101994,Life,9900.0,253000.0,12,2024-11-02,2025-10-28,Bancassurance,Term Life
POL203223,CUST100366,Life,4200.0,178000.0,36,2021-06-27,2024-06-11,Agent,Endowment Plan
POL203224,CUST101465,Motor,23000.0,1128000.0,12,2022-10-08,2023-10-03,Agent,Motor Own-Damage
POL203225,CUST104967,Motor,32400.0,1601000.0,12,2021-09-15,2022-09-10,Direct,Motor Comprehensive
POL203226,CUST100814,Health,15300.0,757000.0,24,2022-12-23,2024-12-12,Online,Critical Illness
POL203227,CUST103661,Health,25100.0,380000.0,24,2022-04-28,2024-04-17,Broker,Individual Health
POL203228,CUST100173,Motor,10600.0,493000.0,12,2022-12-25,2023-12-20,Agent,Motor Comprehensive
POL203229,CUST103669,Life,21800.0,972000.0,12,2024-05-25,2025-05-20,Agent,Term Life
POL203230,CUST101322,Life,16200.0,536000.0,60,2021-11-25,2026-10-30,Agent,ULIP
POL203231,CUST103511,Motor,11400.0,683000.0,12,2024-10-31,2025-10-26,Online,Motor Third-Party
POL203232,CUST102483,Motor,7900.0,278000.0,36,2022-12-19,2025-12-03,Broker,Motor Own-Damage
POL203233,CUST103878,Health,32000.0,581000.0,60,2022-06-15,2027-05-20,Direct,Individual Health
POL203234,CUST103333,Life,16600.0,294000.0,12,2023-04-26,2024-04-20,Agent,Term Life
POL203235,CUST102790,Marine,12600.0,431000.0,24,2024-03-16,2026-03-06,Agent,Marine Hull
POL203236,CUST103666,Health,13700.0,585000.0,60,2024-09-27,2029-09-01,Bancassurance,Individual Health
POL203237,CUST104829,Motor,22200.0,1331000.0,12,2021-11-12,2022-11-07,Bancassurance,Motor Third-Party
POL203238,CUST102978,Property,24600.0,851000.0,12,2024-11-03,2025-10-29,Online,Home Shield
POL203239,CUST100869,Motor,16300.0,665000.0,12,2023-08-23,2024-08-17,Online,Motor Third-Party
POL203240,CUST100580,Life,21100.0,1117000.0,24,2021-11-23,2023-11-13,Online,ULIP
POL203241,CUST102738,Health,13100.0,615000.0,24,2021-05-29,2023-05-19,Direct,Family Floater
POL203242,CUST102157,Marine,14200.0,795000.0,12,2021-07-22,2022-07-17,Broker,Marine Hull
POL203243,CUST103042,Life,23200.0,1016000.0,12,2021-05-07,2022-05-02,Bancassurance,Term Life
POL203244,CUST103337,Motor,12800.0,732000.0,12,2021-11-04,2022-10-30,Agent,Motor Own-Damage
POL203245,CUST100934,Health,7500.0,329000.0,12,2024-02-14,2025-02-08,Broker,Critical Illness
POL203246,CUST103715,Motor,22500.0,467000.0,6,2022-03-26,2022-09-22,Agent,Motor Own-Damage
POL203247,CUST104956,Motor,20200.0,615000.0,6,2022-05-16,2022-11-12,Bancassurance,Motor Own-Damage
POL203248,CUST101622,Health,27000.0,968000.0,12,2023-02-28,2024-02-23,Agent,Critical Illness
POL203249,CUST104643,Health,22300.0,1138000.0,24,2021-10-18,2023-10-08,Agent,Individual Health
POL203250,CUST104642,Property,19900.0,565000.0,36,2022-10-23,2025-10-07,Agent,Property All-Risk
POL203251,CUST102092,Motor,6700.0,249000.0,24,2022-07-18,2024-07-07,Agent,Motor Comprehensive
POL203252,CUST103976,Health,16000.0,401000.0,12,2021-01-14,2022-01-09,Online,Family Floater
POL203253,CUST104661,Property,11800.0,376000.0,12,2024-04-26,2025-04-21,Agent,Home Shield
POL203254,CUST104258,Health,22200.0,613000.0,12,2021-03-13,2022-03-08,Broker,Family Floater
POL203255,CUST101943,Health,39700.0,2274000.0,12,2024-01-08,2025-01-02,Online,Family Floater
POL203256,CUST103332,Property,24300.0,1353000.0,12,2023-12-02,2024-11-26,Agent,Fire & Allied Perils
POL203257,CUST102962,Life,6400.0,306000.0,24,2022-06-30,2024-06-19,Online,ULIP
POL203258,CUST102068,Health,19200.0,394000.0,12,2024-04-16,2025-04-11,Broker,Critical Illness
POL203259,CUST103197,Travel,11800.0,677000.0,12,2023-02-22,2024-02-17,Agent,International Travel
POL203260,CUST104670,Motor,23600.0,520000.0,12,2024-02-23,2025-02-17,Bancassurance,Motor Comprehensive
POL203261,CUST100130,Motor,25800.0,450000.0,12,2024-03-07,2025-03-02,Broker,Motor Comprehensive
POL203262,CUST104507,Health,15700.0,267000.0,6,2021-01-07,2021-07-06,Agent,Individual Health
POL203263,CUST101840,Motor,12900.0,356000.0,12,2023-09-12,2024-09-06,Broker,Motor Third-Party
POL203264,CUST104142,Motor,19800.0,441000.0,24,2022-11-07,2024-10-27,Agent,Motor Own-Damage
POL203265,CUST100539,Motor,11000.0,249000.0,12,2021-08-02,2022-07-28,Agent,Motor Third-Party
POL203266,CUST104455,Life,26300.0,731000.0,12,2024-09-27,2025-09-22,Online,Term Life
POL203267,CUST102240,Health,22400.0,1225000.0,60,2022-05-02,2027-04-06,Agent,Family Floater
POL203268,CUST104583,Property,12600.0,702000.0,24,2024-12-22,2026-12-12,Online,Fire & Allied Perils
POL203269,CUST102138,Motor,8200.0,457000.0,24,2023-03-12,2025-03-01,Online,Motor Own-Damage
POL203270,CUST103731,Life,18700.0,939000.0,60,2024-12-01,2029-11-05,Broker,Term Life
POL203271,CUST102980,Motor,29000.0,1296000.0,12,2023-08-27,2024-08-21,Agent,Motor Comprehensive
POL203272,CUST101001,Motor,25200.0,1046000.0,36,2024-07-05,2027-06-20,Agent,Motor Comprehensive
POL203273,CUST101246,Life,7400.0,442000.0,12,2021-05-17,2022-05-12,Bancassurance,Endowment Plan
POL203274,CUST102692,Motor,21100.0,613000.0,6,2023-07-22,2024-01-18,Online,Motor Comprehensive
POL203275,CUST102433,Life,22400.0,1076000.0,12,2023-12-19,2024-12-13,Bancassurance,ULIP
POL203276,CUST103079,Life,14300.0,256000.0,36,2024-07-01,2027-06-16,Agent,ULIP
POL203277,CUST104034,Life,16600.0,315000.0,12,2024-12-05,2025-11-30,Agent,Endowment Plan
POL203278,CUST103866,Life,24500.0,1013000.0,12,2024-08-21,2025-08-16,Agent,Term Life
POL203279,CUST100293,Marine,17700.0,948000.0,6,2023-01-28,2023-07-27,Agent,Marine Hull
POL203280,CUST102475,Motor,3600.0,200000.0,12,2023-04-25,2024-04-19,Agent,Motor Third-Party
POL203281,CUST100741,Travel,9700.0,158000.0,60,2024-12-22,2029-11-26,Agent,International Travel
POL203282,CUST102564,Motor,12400.0,345000.0,24,2021-07-16,2023-07-06,Online,Motor Own-Damage
POL203283,CUST102679,Health,9800.0,524000.0,12,2022-10-22,2023-10-17,Online,Critical Illness
POL203284,CUST104977,Marine,26200.0,1042000.0,12,2021-09-13,2022-09-08,Agent,Marine Cargo
POL203285,CUST101941,Motor,20700.0,465000.0,60,2023-04-03,2028-03-07,Bancassurance,Motor Comprehensive
POL203286,CUST102261,Property,6700.0,238000.0,6,2023-09-28,2024-03-26,Online,Fire & Allied Perils
POL203287,CUST102557,Life,20400.0,1030000.0,6,2021-02-14,2021-08-13,Broker,ULIP
POL203288,CUST100650,Property,27300.0,1364000.0,12,2023-07-18,2024-07-12,Agent,Fire & Allied Perils
POL203289,CUST100299,Motor,14300.0,767000.0,12,2024-07-12,2025-07-07,Broker,Motor Third-Party
POL203290,CUST103548,Health,19600.0,313000.0,36,2022-09-02,2025-08-17,Bancassurance,Critical Illness
POL203291,CUST101503,Motor,17300.0,500000.0,24,2024-09-07,2026-08-28,Online,Motor Third-Party
POL203292,CUST101812,Motor,7900.0,226000.0,12,2021-06-12,2022-06-07,Bancassurance,Motor Own-Damage
POL203293,CUST104961,Life,20400.0,544000.0,24,2021-03-09,2023-02-27,Online,Endowment Plan
POL203294,CUST101242,Life,11600.0,402000.0,24,2021-11-18,2023-11-08,Online,Term Life
POL203295,CUST104520,Life,35000.0,1178000.0,12,2024-08-05,2025-07-31,Bancassurance,Endowment Plan
POL203296,CUST103142,Life,7600.0,251000.0,12,2024-12-27,2025-12-22,Direct,ULIP
POL203297,CUST101325,Property,16200.0,561000.0,12,2021-10-06,2022-10-01,Broker,Property All-Risk
POL203298,CUST104771,Health,28200.0,819000.0,24,2021-01-13,2023-01-03,Agent,Individual Health
POL203299,CUST103111,Health,12600.0,745000.0,36,2023-10-04,2026-09-18,Agent,Family Floater
POL203300,CUST101564,Property,20200.0,822000.0,36,2024-04-29,2027-04-14,Agent,Fire & Allied Perils
POL203301,CUST102256,Life,73500.0,2636000.0,12,2022-07-27,2023-07-22,Agent,ULIP
POL203302,CUST101861,Motor,27000.0,696000.0,12,2023-06-15,2024-06-09,Online,Motor Third-Party
POL203303,CUST104227,Health,20800.0,551000.0,12,2024-06-17,2025-06-12,Agent,Individual Health
POL203304,CUST102327,Motor,25100.0,1234000.0,36,2021-03-02,2024-02-15,Online,Motor Own-Damage
POL203305,CUST100184,Property,21500.0,724000.0,24,2024-07-06,2026-06-26,Online,Fire & Allied Perils
POL203306,CUST103439,Motor,9400.0,279000.0,24,2022-09-12,2024-09-01,Agent,Motor Own-Damage
POL203307,CUST103784,Life,19900.0,465000.0,12,2024-09-12,2025-09-07,Agent,Term Life
POL203308,CUST101979,Life,48600.0,2903000.0,12,2024-04-04,2025-03-30,Agent,Endowment Plan
POL203309,CUST104609,Travel,31600.0,989000.0,24,2021-07-28,2023-07-18,Agent,Domestic Travel
POL203310,CUST102125,Health,13700.0,324000.0,12,2023-06-20,2024-06-14,Bancassurance,Family Floater
POL203311,CUST101320,Property,14700.0,708000.0,12,2022-02-13,2023-02-08,Agent,Fire & Allied Perils
POL203312,CUST103504,Life,50500.0,2810000.0,12,2024-09-13,2025-09-08,Agent,Endowment Plan
POL203313,CUST100638,Motor,16100.0,790000.0,12,2024-11-06,2025-11-01,Agent,Motor Comprehensive
POL203314,CUST104925,Health,12700.0,403000.0,36,2024-11-05,2027-10-21,Agent,Individual Health
POL203315,CUST103416,Health,9600.0,461000.0,24,2022-01-13,2024-01-03,Online,Individual Health
POL203316,CUST101582,Motor,18100.0,531000.0,36,2024-04-22,2027-04-07,Online,Motor Third-Party
POL203317,CUST100408,Health,12200.0,451000.0,12,2021-06-06,2022-06-01,Agent,Critical Illness
POL203318,CUST102926,Motor,17600.0,345000.0,12,2023-11-26,2024-11-20,Agent,Motor Own-Damage
POL203319,CUST102932,Property,20500.0,571000.0,12,2021-06-12,2022-06-07,Agent,Home Shield
POL203320,CUST103972,Health,33800.0,1280000.0,12,2021-06-08,2022-06-03,Online,Critical Illness
POL203321,CUST101417,Motor,14500.0,265000.0,24,2024-10-03,2026-09-23,Agent,Motor Comprehensive
POL203322,CUST101060,Life,3500.0,168000.0,12,2024-01-23,2025-01-17,Bancassurance,ULIP
POL203323,CUST102063,Property,14100.0,473000.0,12,2021-03-24,2022-03-19,Online,Fire & Allied Perils
POL203324,CUST104091,Travel,14200.0,552000.0,12,2023-07-19,2024-07-13,Bancassurance,International Travel
POL203325,CUST104540,Marine,13500.0,482000.0,36,2024-02-10,2027-01-25,Agent,Marine Cargo
POL203326,CUST101774,Marine,15700.0,738000.0,24,2022-07-08,2024-06-27,Bancassurance,Marine Hull
POL203327,CUST100238,Health,4600.0,201000.0,24,2024-03-21,2026-03-11,Broker,Individual Health
POL203328,CUST100555,Health,7800.0,364000.0,24,2024-02-24,2026-02-13,Agent,Family Floater
POL203329,CUST102722,Health,13100.0,333000.0,24,2022-04-28,2024-04-17,Bancassurance,Individual Health
POL203330,CUST100124,Marine,27000.0,1168000.0,12,2022-10-10,2023-10-05,Agent,Marine Hull
POL203331,CUST103619,Motor,16400.0,630000.0,12,2022-04-16,2023-04-11,Agent,Motor Comprehensive
POL203332,CUST100165,Health,22400.0,411000.0,12,2023-10-24,2024-10-18,Online,Individual Health
POL203333,CUST102118,Motor,7100.0,124000.0,24,2024-04-22,2026-04-12,Bancassurance,Motor Third-Party
POL203334,CUST103988,Property,10300.0,424000.0,12,2023-11-02,2024-10-27,Agent,Home Shield
POL203335,CUST102339,Health,2000.0,83000.0,12,2022-07-29,2023-07-24,Agent,Individual Health
POL203336,CUST103374,Property,4100.0,204000.0,36,2024-01-17,2027-01-01,Bancassurance,Home Shield
POL203337,CUST101669,Marine,46100.0,2278000.0,24,2024-08-22,2026-08-12,Direct,Marine Cargo
POL203338,CUST103967,Motor,6700.0,238000.0,12,2022-05-23,2023-05-18,Broker,Motor Own-Damage
POL203339,CUST102133,Life,8800.0,302000.0,24,2024-08-18,2026-08-08,Agent,Term Life
POL203340,CUST103764,Health,10100.0,328000.0,12,2021-09-27,2022-09-22,Online,Family Floater
POL203341,CUST104760,Health,38400.0,2205000.0,36,2024-08-08,2027-07-24,Bancassurance,Individual Health
POL203342,CUST101904,Motor,6900.0,318000.0,12,2023-11-29,2024-11-23,Online,Motor Own-Damage
POL203343,CUST101159,Life,15000.0,461000.0,12,2023-05-10,2024-05-04,Broker,ULIP
POL203344,CUST104665,Health,10600.0,494000.0,12,2022-08-04,2023-07-30,Agent,Individual Health
POL203345,CUST103404,Life,12200.0,480000.0,60,2023-12-20,2028-11-23,Online,Term Life
POL203346,CUST104389,Property,5800.0,237000.0,12,2024-11-22,2025-11-17,Agent,Home Shield
POL203347,CUST101891,Health,10800.0,607000.0,6,2024-07-06,2025-01-02,Bancassurance,Critical Illness
POL203348,CUST101741,Motor,23400.0,990000.0,36,2024-12-26,2027-12-11,Bancassurance,Motor Own-Damage
POL203349,CUST100620,Motor,14900.0,831000.0,12,2024-12-18,2025-12-13,Agent,Motor Own-Damage
POL203350,CUST103864,Motor,20100.0,781000.0,12,2024-10-11,2025-10-06,Agent,Motor Own-Damage
POL203351,CUST104220,Travel,7500.0,371000.0,12,2023-04-06,2024-03-31,Online,International Travel
POL203352,CUST104098,Health,25000.0,969000.0,6,2022-11-18,2023-05-17,Agent,Family Floater
POL203353,CUST101455,Life,15600.0,631000.0,12,2022-08-03,2023-07-29,Online,Endowment Plan
POL203354,CUST102442,Travel,12300.0,423000.0,12,2024-10-12,2025-10-07,Online,Domestic Travel
POL203355,CUST102465,Health,13400.0,597000.0,24,2022-08-04,2024-07-24,Bancassurance,Individual Health
POL203356,CUST100602,Health,16800.0,303000.0,60,2021-02-25,2026-01-30,Online,Individual Health
POL203357,CUST100000,Property,16400.0,750000.0,12,2021-10-16,2022-10-11,Agent,Property All-Risk
POL203358,CUST101670,Life,33800.0,1301000.0,24,2023-08-02,2025-07-22,Bancassurance,Term Life
POL203359,CUST102551,Motor,17200.0,819000.0,36,2023-05-12,2026-04-26,Agent,Motor Own-Damage
POL203360,CUST104944,Property,16800.0,260000.0,12,2024-11-28,2025-11-23,Broker,Home Shield
POL203361,CUST104368,Marine,14500.0,408000.0,36,2024-11-09,2027-10-25,Agent,Marine Hull
POL203362,CUST103579,Property,19000.0,770000.0,12,2021-01-18,2022-01-13,Agent,Property All-Risk
POL203363,CUST104813,Life,26500.0,951000.0,12,2024-04-08,2025-04-03,Agent,Term Life
POL203364,CUST103873,Life,4100.0,82000.0,24,2024-01-17,2026-01-06,Online,Term Life
POL203365,CUST102631,Life,3700.0,64000.0,12,2024-05-24,2025-05-19,Bancassurance,ULIP
POL203366,CUST104559,Motor,14200.0,471000.0,12,2023-05-17,2024-05-11,Online,Motor Third-Party
POL203367,CUST104599,Marine,9700.0,327000.0,12,2023-07-16,2024-07-10,Agent,Marine Cargo
POL203368,CUST101013,Motor,16300.0,523000.0,12,2021-04-10,2022-04-05,Agent,Motor Comprehensive
POL203369,CUST101413,Property,16500.0,945000.0,12,2023-02-17,2024-02-12,Online,Fire & Allied Perils
POL203370,CUST104842,Health,14100.0,342000.0,24,2021-11-05,2023-10-26,Online,Individual Health
POL203371,CUST100028,Life,30600.0,1444000.0,12,2021-10-31,2022-10-26,Bancassurance,ULIP
POL203372,CUST102590,Property,9000.0,209000.0,24,2021-07-17,2023-07-07,Online,Fire & Allied Perils
POL203373,CUST101914,Property,10300.0,175000.0,36,2023-02-02,2026-01-17,Online,Fire & Allied Perils
POL203374,CUST103723,Motor,35700.0,1534000.0,36,2023-12-22,2026-12-06,Agent,Motor Comprehensive
POL203375,CUST104791,Life,6700.0,355000.0,12,2021-05-09,2022-05-04,Agent,ULIP
POL203376,CUST101591,Motor,13500.0,403000.0,24,2024-02-17,2026-02-06,Online,Motor Own-Damage
POL203377,CUST101102,Motor,12600.0,497000.0,36,2024-11-12,2027-10-28,Broker,Motor Third-Party
POL203378,CUST101647,Health,20900.0,906000.0,12,2024-11-22,2025-11-17,Broker,Critical Illness
POL203379,CUST103578,Travel,15100.0,681000.0,24,2023-09-14,2025-09-03,Online,Domestic Travel
POL203380,CUST101797,Travel,6000.0,253000.0,12,2024-02-04,2025-01-29,Bancassurance,International Travel
POL203381,CUST103211,Health,11400.0,631000.0,24,2021-03-18,2023-03-08,Agent,Critical Illness
POL203382,CUST101740,Property,10600.0,246000.0,12,2024-02-17,2025-02-11,Broker,Property All-Risk
POL203383,CUST103702,Motor,23200.0,1122000.0,12,2023-06-21,2024-06-15,Online,Motor Comprehensive
POL203384,CUST100312,Motor,35600.0,2051000.0,36,2022-10-04,2025-09-18,Agent,Motor Comprehensive
POL203385,CUST101713,Life,30600.0,940000.0,12,2024-05-27,2025-05-22,Bancassurance,ULIP
POL203386,CUST101547,Property,14800.0,740000.0,36,2021-08-13,2024-07-28,Agent,Fire & Allied Perils
POL203387,CUST102989,Life,27400.0,1168000.0,24,2023-10-27,2025-10-16,Broker,Term Life
POL203388,CUST103236,Motor,27600.0,757000.0,12,2022-09-11,2023-09-06,Bancassurance,Motor Own-Damage
POL203389,CUST103635,Health,39900.0,1325000.0,24,2024-04-14,2026-04-04,Broker,Individual Health
POL203390,CUST104509,Motor,2000.0,109000.0,36,2021-06-04,2024-05-19,Online,Motor Third-Party
POL203391,CUST103981,Property,12200.0,447000.0,12,2021-08-17,2022-08-12,Bancassurance,Fire & Allied Perils
POL203392,CUST100208,Health,22600.0,637000.0,24,2024-05-21,2026-05-11,Broker,Critical Illness
POL203393,CUST103388,Health,10000.0,598000.0,60,2023-06-14,2028-05-18,Agent,Individual Health
POL203394,CUST100083,Health,6200.0,177000.0,12,2022-10-12,2023-10-07,Agent,Individual Health
POL203395,CUST102067,Motor,7300.0,123000.0,36,2023-11-18,2026-11-02,Online,Motor Third-Party
POL203396,CUST102961,Health,19400.0,465000.0,12,2024-03-05,2025-02-28,Broker,Critical Illness
POL203397,CUST101595,Life,10500.0,614000.0,24,2022-12-24,2024-12-13,Agent,Endowment Plan
POL203398,CUST103498,Motor,7400.0,215000.0,6,2024-10-23,2025-04-21,Agent,Motor Comprehensive
POL203399,CUST103980,Health,36100.0,1940000.0,12,2024-07-19,2025-07-14,Bancassurance,Critical Illness
POL203400,CUST103041,Travel,19200.0,1041000.0,12,2022-05-31,2023-05-26,Broker,Domestic Travel
POL203401,CUST102624,Motor,32900.0,525000.0,60,2022-11-26,2027-10-31,Broker,Motor Third-Party
POL203402,CUST104865,Motor,12400.0,596000.0,24,2021-10-30,2023-10-20,Direct,Motor Third-Party
POL203403,CUST103261,Life,25400.0,1002000.0,36,2021-10-31,2024-10-15,Online,Endowment Plan
POL203404,CUST101144,Life,8400.0,362000.0,36,2021-12-24,2024-12-08,Agent,ULIP
POL203405,CUST103282,Travel,10500.0,364000.0,24,2021-02-03,2023-01-24,Agent,Domestic Travel
POL203406,CUST102406,Motor,12100.0,250000.0,12,2023-12-22,2024-12-16,Online,Motor Comprehensive
POL203407,CUST100118,Property,10700.0,227000.0,60,2021-06-26,2026-05-31,Broker,Property All-Risk
POL203408,CUST104579,Health,7100.0,115000.0,12,2021-12-19,2022-12-14,Bancassurance,Family Floater
POL203409,CUST103978,Motor,11100.0,297000.0,36,2022-09-10,2025-08-25,Bancassurance,Motor Third-Party
POL203410,CUST103087,Health,5300.0,236000.0,24,2022-05-04,2024-04-23,Online,Critical Illness
POL203411,CUST103364,Health,16200.0,448000.0,24,2024-03-09,2026-02-27,Bancassurance,Critical Illness
POL203412,CUST102885,Motor,29100.0,934000.0,24,2023-06-11,2025-05-31,Online,Motor Third-Party
POL203413,CUST101715,Motor,9800.0,407000.0,6,2021-05-02,2021-10-29,Agent,Motor Comprehensive
POL203414,CUST104664,Motor,14000.0,610000.0,12,2022-10-14,2023-10-09,Online,Motor Third-Party
POL203415,CUST102765,Health,27600.0,1483000.0,12,2023-12-25,2024-12-19,Online,Individual Health
POL203416,CUST101694,Motor,36600.0,1143000.0,60,2021-11-08,2026-10-13,Bancassurance,Motor Comprehensive
POL203417,CUST103423,Motor,26400.0,1262000.0,12,2021-07-01,2022-06-26,Agent,Motor Third-Party
POL203418,CUST100785,Health,16500.0,504000.0,24,2022-12-06,2024-11-25,Online,Critical Illness
POL203419,CUST101597,Life,21300.0,1001000.0,24,2022-11-25,2024-11-14,Broker,Endowment Plan
POL203420,CUST100646,Travel,22400.0,1275000.0,24,2022-10-12,2024-10-01,Agent,International Travel
POL203421,CUST100425,Motor,21500.0,648000.0,12,2023-07-12,2024-07-06,Agent,Motor Own-Damage
POL203422,CUST104109,Travel,10500.0,392000.0,12,2023-08-14,2024-08-08,Broker,International Travel
POL203423,CUST102185,Life,24600.0,644000.0,24,2022-05-24,2024-05-13,Agent,Term Life
POL203424,CUST104284,Marine,28900.0,1113000.0,12,2022-08-13,2023-08-08,Agent,Marine Cargo
POL203425,CUST103187,Health,2600.0,100000.0,24,2024-05-19,2026-05-09,Agent,Critical Illness
POL203426,CUST101169,Health,12200.0,629000.0,12,2024-03-26,2025-03-21,Online,Individual Health
POL203427,CUST101056,Property,20200.0,1013000.0,24,2021-09-05,2023-08-26,Agent,Property All-Risk
POL203428,CUST102285,Health,17800.0,599000.0,24,2021-12-11,2023-12-01,Bancassurance,Individual Health
POL203429,CUST100473,Marine,20500.0,466000.0,24,2023-05-01,2025-04-20,Agent,Marine Cargo
POL203430,CUST102924,Marine,7800.0,206000.0,12,2023-01-08,2024-01-03,Online,Marine Hull
POL203431,CUST102296,Health,2500.0,94000.0,24,2023-06-25,2025-06-14,Bancassurance,Critical Illness
POL203432,CUST100695,Health,17000.0,997000.0,12,2024-03-16,2025-03-11,Agent,Critical Illness
POL203433,CUST102623,Health,14800.0,674000.0,12,2022-06-10,2023-06-05,Online,Family Floater
POL203434,CUST104244,Life,28500.0,771000.0,12,2022-01-27,2023-01-22,Agent,ULIP
POL203435,CUST104543,Life,20400.0,1217000.0,12,2021-01-03,2021-12-29,Broker,ULIP
POL203436,CUST102094,Life,2700.0,142000.0,12,2021-12-12,2022-12-07,Broker,Endowment Plan
POL203437,CUST100365,Motor,20700.0,723000.0,6,2024-11-08,2025-05-07,Bancassurance,Motor Third-Party
POL203438,CUST104317,Travel,33400.0,1529000.0,24,2023-04-17,2025-04-06,Agent,Domestic Travel
POL203439,CUST102755,Health,27900.0,563000.0,24,2024-07-02,2026-06-22,Agent,Individual Health
POL203440,CUST103800,Motor,20400.0,1208000.0,12,2023-02-26,2024-02-21,Broker,Motor Own-Damage
POL203441,CUST100226,Motor,11300.0,251000.0,60,2024-09-27,2029-09-01,Agent,Motor Comprehensive
POL203442,CUST101474,Motor,13800.0,736000.0,12,2024-10-22,2025-10-17,Agent,Motor Third-Party
POL203443,CUST101428,Health,13600.0,496000.0,24,2022-04-24,2024-04-13,Direct,Family Floater
POL203444,CUST103582,Motor,22500.0,1095000.0,24,2024-03-21,2026-03-11,Online,Motor Comprehensive
POL203445,CUST103405,Motor,21700.0,647000.0,24,2021-07-03,2023-06-23,Bancassurance,Motor Comprehensive
POL203446,CUST103703,Motor,16200.0,614000.0,12,2022-03-25,2023-03-20,Broker,Motor Own-Damage
POL203447,CUST101985,Motor,26700.0,1117000.0,36,2022-09-17,2025-09-01,Bancassurance,Motor Comprehensive
POL203448,CUST101556,Travel,9700.0,326000.0,24,2021-07-27,2023-07-17,Bancassurance,Domestic Travel
POL203449,CUST100946,Health,25500.0,917000.0,12,2021-03-23,2022-03-18,Agent,Critical Illness
POL203450,CUST101268,Motor,37000.0,2180000.0,24,2022-01-02,2023-12-23,Online,Motor Own-Damage
POL203451,CUST100821,Health,31300.0,1108000.0,12,2022-05-01,2023-04-26,Online,Family Floater
POL203452,CUST104117,Life,25600.0,569000.0,12,2022-08-14,2023-08-09,Agent,ULIP
POL203453,CUST103388,Health,11100.0,409000.0,12,2023-04-13,2024-04-07,Online,Individual Health
POL203454,CUST103389,Health,18800.0,1048000.0,12,2021-05-12,2022-05-07,Bancassurance,Family Floater
POL203455,CUST104429,Life,33700.0,889000.0,6,2023-08-23,2024-02-19,Bancassurance,Term Life
POL203456,CUST103697,Motor,22300.0,641000.0,12,2022-01-25,2023-01-20,Broker,Motor Own-Damage
POL203457,CUST101602,Motor,18200.0,494000.0,24,2024-04-07,2026-03-28,Agent,Motor Own-Damage
POL203458,CUST101565,Travel,22200.0,705000.0,12,2024-03-17,2025-03-12,Bancassurance,Domestic Travel
POL203459,CUST100636,Health,43000.0,1559000.0,24,2023-05-24,2025-05-13,Bancassurance,Critical Illness
POL203460,CUST103610,Motor,30700.0,923000.0,24,2023-04-24,2025-04-13,Online,Motor Third-Party
POL203461,CUST104371,Motor,39100.0,915000.0,60,2022-06-27,2027-06-01,Agent,Motor Comprehensive
POL203462,CUST103571,Life,29900.0,906000.0,12,2021-02-26,2022-02-21,Agent,ULIP
POL203463,CUST102353,Motor,13900.0,468000.0,12,2023-05-15,2024-05-09,Agent,Motor Comprehensive
POL203464,CUST101666,Health,8200.0,304000.0,24,2021-01-14,2023-01-04,Broker,Critical Illness
POL203465,CUST102191,Health,13700.0,610000.0,24,2024-05-27,2026-05-17,Agent,Family Floater
POL203466,CUST101352,Motor,17700.0,854000.0,12,2022-07-16,2023-07-11,Online,Motor Third-Party
POL203467,CUST100827,Health,28800.0,1502000.0,24,2023-03-13,2025-03-02,Agent,Family Floater
POL203468,CUST102156,Motor,26000.0,684000.0,24,2021-03-03,2023-02-21,Online,Motor Own-Damage
POL203469,CUST101183,Health,9600.0,410000.0,24,2022-05-09,2024-04-28,Agent,Family Floater
POL203470,CUST103695,Motor,18500.0,431000.0,12,2022-03-25,2023-03-20,Online,Motor Third-Party
POL203471,CUST104532,Travel,33400.0,1433000.0,24,2023-04-01,2025-03-21,Online,Domestic Travel
POL203472,CUST100967,Life,9900.0,558000.0,12,2021-12-02,2022-11-27,Direct,ULIP
POL203473,CUST100030,Motor,15200.0,824000.0,24,2022-01-23,2024-01-13,Online,Motor Third-Party
POL203474,CUST104371,Motor,13400.0,568000.0,12,2022-12-07,2023-12-02,Broker,Motor Comprehensive
POL203475,CUST101469,Life,27200.0,747000.0,12,2023-04-13,2024-04-07,Broker,Term Life
POL203476,CUST101276,Life,39900.0,848000.0,24,2023-03-23,2025-03-12,Agent,Endowment Plan
POL203477,CUST104276,Health,12800.0,449000.0,36,2022-04-26,2025-04-10,Bancassurance,Critical Illness
POL203478,CUST104198,Motor,11100.0,366000.0,36,2023-09-26,2026-09-10,Bancassurance,Motor Comprehensive
POL203479,CUST102903,Health,6900.0,313000.0,24,2021-07-09,2023-06-29,Agent,Individual Health
POL203480,CUST100779,Motor,17200.0,340000.0,24,2022-09-11,2024-08-31,Online,Motor Own-Damage
POL203481,CUST103527,Motor,28200.0,481000.0,12,2024-11-24,2025-11-19,Bancassurance,Motor Own-Damage
POL203482,CUST103697,Health,5100.0,243000.0,12,2023-05-26,2024-05-20,Broker,Critical Illness
POL203483,CUST102216,Life,15800.0,665000.0,12,2021-08-05,2022-07-31,Online,ULIP
POL203484,CUST102806,Health,20400.0,631000.0,60,2023-06-20,2028-05-24,Agent,Family Floater
POL203485,CUST102682,Motor,26000.0,1261000.0,12,2024-04-03,2025-03-29,Broker,Motor Comprehensive
POL203486,CUST103307,Motor,19800.0,692000.0,12,2022-04-29,2023-04-24,Online,Motor Third-Party
POL203487,CUST102578,Life,7900.0,400000.0,36,2021-10-10,2024-09-24,Agent,ULIP
POL203488,CUST104870,Health,11400.0,601000.0,12,2022-03-04,2023-02-27,Broker,Individual Health
POL203489,CUST100175,Life,35400.0,1720000.0,12,2024-01-06,2024-12-31,Bancassurance,Term Life
POL203490,CUST100262,Health,23900.0,1362000.0,24,2023-09-02,2025-08-22,Agent,Family Floater
POL203491,CUST100755,Health,12700.0,232000.0,12,2023-08-04,2024-07-29,Broker,Individual Health
POL203492,CUST100745,Health,15600.0,323000.0,24,2021-11-26,2023-11-16,Online,Family Floater
POL203493,CUST102493,Travel,8900.0,450000.0,12,2021-03-26,2022-03-21,Agent,International Travel
POL203494,CUST100395,Property,4600.0,220000.0,12,2021-04-01,2022-03-27,Agent,Property All-Risk
POL203495,CUST100956,Health,16400.0,560000.0,60,2022-12-21,2027-11-25,Broker,Critical Illness
POL203496,CUST102598,Life,10800.0,421000.0,12,2021-03-20,2022-03-15,Agent,Term Life
POL203497,CUST104498,Motor,20800.0,503000.0,24,2024-10-03,2026-09-23,Online,Motor Comprehensive
POL203498,CUST104014,Motor,45100.0,1368000.0,60,2022-05-05,2027-04-09,Agent,Motor Third-Party
POL203499,CUST101083,Health,20100.0,372000.0,12,2023-03-05,2024-02-28,Broker,Critical Illness
POL203500,CUST100274,Life,20000.0,331000.0,6,2024-11-27,2025-05-26,Agent,ULIP
POL203501,CUST103694,Marine,27900.0,1246000.0,24,2022-12-23,2024-12-12,Online,Marine Cargo
POL203502,CUST103897,Life,6800.0,283000.0,24,2022-12-23,2024-12-12,Direct,Term Life
POL203503,CUST104645,Life,22300.0,1038000.0,12,2021-04-25,2022-04-20,Online,Term Life
POL203504,CUST102165,Motor,8700.0,281000.0,24,2022-04-04,2024-03-24,Bancassurance,Motor Third-Party
POL203505,CUST100292,Travel,27600.0,1414000.0,24,2021-04-22,2023-04-12,Bancassurance,Domestic Travel
POL203506,CUST104707,Motor,20000.0,639000.0,12,2023-09-04,2024-08-29,Direct,Motor Own-Damage
POL203507,CUST101436,Travel,7400.0,214000.0,12,2022-11-30,2023-11-25,Online,Domestic Travel
POL203508,CUST101913,Motor,20200.0,847000.0,24,2021-07-27,2023-07-17,Direct,Motor Own-Damage
POL203509,CUST102071,Motor,2000.0,79000.0,12,2024-12-15,2025-12-10,Agent,Motor Comprehensive
POL203510,CUST104922,Health,6200.0,295000.0,12,2024-06-22,2025-06-17,Broker,Family Floater
POL203511,CUST101805,Motor,7200.0,256000.0,12,2021-03-04,2022-02-27,Agent,Motor Comprehensive
POL203512,CUST102782,Motor,5700.0,329000.0,6,2024-12-23,2025-06-21,Agent,Motor Comprehensive
POL203513,CUST102521,Life,28600.0,1059000.0,12,2023-08-08,2024-08-02,Online,ULIP
POL203514,CUST104949,Life,21300.0,335000.0,24,2023-06-30,2025-06-19,Broker,ULIP
POL203515,CUST104761,Motor,17800.0,730000.0,36,2024-07-10,2027-06-25,Online,Motor Own-Damage
POL203516,CUST103159,Health,9500.0,468000.0,24,2021-06-25,2023-06-15,Agent,Family Floater
POL203517,CUST100529,Life,22500.0,843000.0,12,2024-08-29,2025-08-24,Agent,Term Life
POL203518,CUST101731,Motor,18100.0,522000.0,24,2024-09-12,2026-09-02,Broker,Motor Third-Party
POL203519,CUST103330,Health,11900.0,473000.0,12,2023-11-30,2024-11-24,Agent,Critical Illness
POL203520,CUST104017,Life,19100.0,867000.0,12,2021-06-11,2022-06-06,Online,Term Life
POL203521,CUST103759,Marine,21400.0,924000.0,12,2023-03-13,2024-03-07,Online,Marine Cargo
POL203522,CUST102434,Health,7800.0,260000.0,12,2021-07-14,2022-07-09,Online,Critical Illness
POL203523,CUST103352,Life,33000.0,1062000.0,12,2022-03-05,2023-02-28,Agent,Endowment Plan
POL203524,CUST101544,Health,15000.0,772000.0,36,2023-11-14,2026-10-29,Online,Individual Health
POL203525,CUST103179,Life,21900.0,586000.0,12,2022-07-22,2023-07-17,Broker,Endowment Plan
POL203526,CUST102391,Property,14300.0,462000.0,24,2023-11-24,2025-11-13,Online,Fire & Allied Perils
POL203527,CUST103418,Health,20200.0,905000.0,12,2022-11-27,2023-11-22,Bancassurance,Individual Health
POL203528,CUST104359,Motor,13000.0,438000.0,12,2021-11-26,2022-11-21,Agent,Motor Own-Damage
POL203529,CUST104100,Property,13700.0,450000.0,24,2022-08-18,2024-08-07,Online,Property All-Risk
POL203530,CUST103661,Life,12800.0,264000.0,24,2023-09-27,2025-09-16,Online,Term Life
POL203531,CUST103839,Life,17700.0,675000.0,12,2024-04-05,2025-03-31,Agent,Term Life
POL203532,CUST100868,Health,24500.0,1458000.0,12,2024-09-15,2025-09-10,Online,Individual Health
POL203533,CUST100924,Motor,24800.0,1327000.0,24,2024-09-13,2026-09-03,Broker,Motor Own-Damage
POL203534,CUST104192,Health,24000.0,1207000.0,6,2024-05-02,2024-10-29,Bancassurance,Critical Illness
POL203535,CUST102704,Health,18700.0,689000.0,24,2022-07-03,2024-06-22,Bancassurance,Critical Illness
POL203536,CUST102157,Health,12000.0,624000.0,24,2022-01-23,2024-01-13,Online,Individual Health
POL203537,CUST103325,Motor,2700.0,151000.0,24,2022-11-26,2024-11-15,Online,Motor Comprehensive
POL203538,CUST100414,Property,24200.0,600000.0,12,2022-05-19,2023-05-14,Online,Home Shield
POL203539,CUST100825,Health,17600.0,657000.0,12,2023-10-26,2024-10-20,Bancassurance,Critical Illness
POL203540,CUST100735,Life,11000.0,589000.0,12,2024-11-25,2025-11-20,Online,ULIP
POL203541,CUST102830,Motor,2900.0,151000.0,12,2024-11-03,2025-10-29,Broker,Motor Third-Party
POL203542,CUST100330,Health,14900.0,816000.0,24,2022-11-09,2024-10-29,Broker,Family Floater
POL203543,CUST100223,Motor,25800.0,1499000.0,6,2022-11-08,2023-05-07,Bancassurance,Motor Own-Damage
POL203544,CUST103382,Life,8100.0,226000.0,12,2024-06-07,2025-06-02,Online,Endowment Plan
POL203545,CUST103674,Life,34000.0,1405000.0,12,2023-08-29,2024-08-23,Bancassurance,Endowment Plan
POL203546,CUST101287,Health,47900.0,1062000.0,12,2021-02-15,2022-02-10,Broker,Family Floater
POL203547,CUST103454,Travel,12000.0,464000.0,36,2021-11-20,2024-11-04,Broker,Domestic Travel
POL203548,CUST100481,Health,13000.0,238000.0,12,2021-02-17,2022-02-12,Online,Critical Illness
POL203549,CUST102047,Health,14400.0,488000.0,60,2021-03-26,2026-02-28,Bancassurance,Critical Illness
POL203550,CUST101828,Life,11700.0,450000.0,24,2021-08-31,2023-08-21,Bancassurance,Term Life
POL203551,CUST101732,Health,40400.0,1872000.0,36,2022-10-26,2025-10-10,Broker,Critical Illness
POL203552,CUST104334,Life,14400.0,355000.0,36,2022-02-02,2025-01-17,Agent,Term Life
POL203553,CUST100392,Travel,42300.0,2305000.0,36,2023-05-17,2026-05-01,Online,International Travel
POL203554,CUST103143,Life,7500.0,122000.0,12,2024-07-15,2025-07-10,Agent,Endowment Plan
POL203555,CUST101368,Motor,18200.0,776000.0,24,2021-05-14,2023-05-04,Online,Motor Own-Damage
POL203556,CUST102431,Motor,9600.0,538000.0,12,2021-07-29,2022-07-24,Bancassurance,Motor Comprehensive
POL203557,CUST101006,Property,6300.0,340000.0,24,2023-04-24,2025-04-13,Online,Home Shield
POL203558,CUST103665,Motor,10400.0,401000.0,12,2024-04-13,2025-04-08,Agent,Motor Own-Damage
POL203559,CUST100304,Health,11100.0,238000.0,6,2023-08-01,2024-01-28,Broker,Family Floater
POL203560,CUST100379,Marine,14400.0,279000.0,36,2023-10-07,2026-09-21,Online,Marine Hull
POL203561,CUST101643,Property,4900.0,230000.0,24,2024-09-17,2026-09-07,Agent,Home Shield
POL203562,CUST104413,Motor,38500.0,794000.0,24,2022-11-17,2024-11-06,Online,Motor Third-Party
POL203563,CUST100119,Life,19600.0,347000.0,36,2022-02-24,2025-02-08,Online,Term Life
POL203564,CUST100888,Health,23000.0,809000.0,60,2023-02-05,2028-01-10,Bancassurance,Family Floater
POL203565,CUST102458,Marine,17200.0,401000.0,24,2024-04-18,2026-04-08,Agent,Marine Hull
POL203566,CUST100106,Health,30300.0,1555000.0,12,2023-04-28,2024-04-22,Agent,Critical Illness
POL203567,CUST102671,Health,12900.0,508000.0,12,2024-11-09,2025-11-04,Agent,Individual Health
POL203568,CUST101811,Motor,17100.0,915000.0,24,2022-03-21,2024-03-10,Bancassurance,Motor Third-Party
POL203569,CUST103228,Motor,9000.0,293000.0,12,2023-08-23,2024-08-17,Bancassurance,Motor Own-Damage
POL203570,CUST100292,Health,15100.0,853000.0,12,2024-03-09,2025-03-04,Broker,Individual Health
POL203571,CUST100883,Life,16300.0,961000.0,24,2022-12-21,2024-12-10,Online,Term Life
POL203572,CUST100835,Health,9600.0,383000.0,24,2021-09-02,2023-08-23,Agent,Family Floater
POL203573,CUST103687,Property,19400.0,454000.0,12,2024-08-31,2025-08-26,Direct,Fire & Allied Perils
POL203574,CUST103694,Motor,20400.0,355000.0,12,2021-09-01,2022-08-27,Agent,Motor Own-Damage
POL203575,CUST100581,Health,23300.0,1312000.0,12,2023-02-18,2024-02-13,Online,Individual Health
POL203576,CUST102023,Life,20200.0,766000.0,24,2023-06-21,2025-06-10,Agent,Endowment Plan
POL203577,CUST103519,Life,15500.0,373000.0,12,2021-10-29,2022-10-24,Agent,ULIP
POL203578,CUST100034,Health,25800.0,822000.0,12,2022-04-13,2023-04-08,Broker,Family Floater
POL203579,CUST100503,Health,17000.0,967000.0,12,2023-06-29,2024-06-23,Online,Individual Health
POL203580,CUST103218,Motor,4000.0,233000.0,24,2021-01-21,2023-01-11,Bancassurance,Motor Comprehensive
POL203581,CUST102823,Life,6500.0,158000.0,12,2024-01-16,2025-01-10,Agent,Endowment Plan
POL203582,CUST103535,Marine,8900.0,336000.0,60,2023-07-28,2028-07-01,Online,Marine Cargo
POL203583,CUST102333,Property,10400.0,533000.0,12,2023-12-29,2024-12-23,Broker,Property All-Risk
POL203584,CUST104509,Life,19500.0,926000.0,12,2024-03-21,2025-03-16,Broker,Term Life
POL203585,CUST100627,Life,31000.0,1380000.0,12,2024-03-04,2025-02-27,Agent,ULIP
POL203586,CUST100773,Property,21500.0,1124000.0,12,2023-08-29,2024-08-23,Agent,Fire & Allied Perils
POL203587,CUST103176,Property,18900.0,976000.0,12,2022-10-08,2023-10-03,Agent,Fire & Allied Perils
POL203588,CUST104285,Motor,4800.0,203000.0,12,2022-11-24,2023-11-19,Agent,Motor Comprehensive
POL203589,CUST100114,Health,2900.0,108000.0,12,2023-11-07,2024-11-01,Agent,Family Floater
POL203590,CUST103543,Property,33500.0,1737000.0,12,2023-10-06,2024-09-30,Agent,Fire & Allied Perils
POL203591,CUST104862,Property,12500.0,617000.0,60,2021-05-10,2026-04-14,Online,Home Shield
POL203592,CUST102818,Life,19700.0,469000.0,12,2022-10-05,2023-09-30,Online,ULIP
POL203593,CUST104155,Health,21000.0,792000.0,36,2023-12-27,2026-12-11,Agent,Critical Illness
POL203594,CUST101308,Property,46700.0,1944000.0,24,2023-07-29,2025-07-18,Broker,Fire & Allied Perils
POL203595,CUST104024,Motor,39000.0,2280000.0,12,2021-03-18,2022-03-13,Online,Motor Own-Damage
POL203596,CUST102289,Motor,51300.0,1873000.0,12,2022-09-01,2023-08-27,Bancassurance,Motor Comprehensive
POL203597,CUST101492,Health,23200.0,634000.0,24,2024-04-20,2026-04-10,Agent,Critical Illness
POL203598,CUST100991,Health,35500.0,838000.0,12,2023-12-04,2024-11-28,Online,Individual Health
POL203599,CUST104264,Health,7800.0,444000.0,6,2021-06-12,2021-12-09,Online,Critical Illness
POL203600,CUST103588,Life,47200.0,1875000.0,12,2024-10-26,2025-10-21,Agent,ULIP
POL203601,CUST103943,Life,25400.0,668000.0,12,2021-10-19,2022-10-14,Agent,Term Life
POL203602,CUST103517,Motor,13700.0,465000.0,12,2023-12-26,2024-12-20,Agent,Motor Own-Damage
POL203603,CUST101278,Motor,26900.0,439000.0,12,2024-05-28,2025-05-23,Online,Motor Own-Damage
POL203604,CUST100957,Life,31200.0,473000.0,12,2023-05-21,2024-05-15,Direct,ULIP
POL203605,CUST103238,Marine,22000.0,669000.0,60,2021-05-18,2026-04-22,Bancassurance,Marine Cargo
POL203606,CUST101263,Marine,2000.0,94000.0,36,2021-08-02,2024-07-17,Broker,Marine Hull
POL203607,CUST103240,Motor,32300.0,1550000.0,24,2021-10-11,2023-10-01,Online,Motor Comprehensive
POL203608,CUST104505,Health,15700.0,239000.0,12,2021-05-12,2022-05-07,Broker,Family Floater
POL203609,CUST103744,Property,22000.0,1006000.0,12,2021-02-05,2022-01-31,Online,Fire & Allied Perils
POL203610,CUST102358,Motor,8700.0,428000.0,60,2021-01-25,2025-12-30,Broker,Motor Comprehensive
POL203611,CUST104544,Life,13800.0,351000.0,36,2022-11-22,2025-11-06,Broker,Endowment Plan
POL203612,CUST102755,Health,12200.0,267000.0,12,2022-12-22,2023-12-17,Agent,Family Floater
POL203613,CUST102349,Life,7700.0,360000.0,12,2022-05-31,2023-05-26,Bancassurance,ULIP
POL203614,CUST104793,Motor,4000.0,162000.0,24,2022-02-01,2024-01-22,Agent,Motor Comprehensive
POL203615,CUST101675,Health,14100.0,463000.0,24,2021-08-15,2023-08-05,Broker,Critical Illness
POL203616,CUST101035,Health,9100.0,373000.0,24,2021-09-05,2023-08-26,Bancassurance,Critical Illness
POL203617,CUST100694,Health,18500.0,952000.0,60,2022-10-30,2027-10-04,Broker,Family Floater
POL203618,CUST103135,Motor,20100.0,386000.0,12,2022-01-13,2023-01-08,Broker,Motor Comprehensive
POL203619,CUST102549,Health,39400.0,1500000.0,36,2023-02-19,2026-02-03,Bancassurance,Critical Illness
POL203620,CUST103870,Health,2000.0,55000.0,12,2024-11-09,2025-11-04,Online,Individual Health
POL203621,CUST100733,Motor,11800.0,328000.0,12,2024-11-27,2025-11-22,Agent,Motor Third-Party
POL203622,CUST101597,Health,31400.0,1564000.0,12,2021-11-20,2022-11-15,Bancassurance,Family Floater
POL203623,CUST100604,Motor,19600.0,867000.0,24,2022-11-07,2024-10-27,Online,Motor Third-Party
POL203624,CUST101544,Travel,21500.0,1181000.0,12,2023-02-11,2024-02-06,Agent,International Travel
POL203625,CUST104801,Motor,18000.0,567000.0,12,2022-02-21,2023-02-16,Agent,Motor Own-Damage
POL203626,CUST104484,Life,28500.0,1075000.0,24,2024-12-03,2026-11-23,Direct,ULIP
POL203627,CUST102480,Health,17900.0,385000.0,12,2021-10-31,2022-10-26,Online,Family Floater
POL203628,CUST100497,Motor,17600.0,939000.0,12,2021-07-17,2022-07-12,Online,Motor Own-Damage
POL203629,CUST104974,Property,8900.0,381000.0,12,2021-07-16,2022-07-11,Broker,Fire & Allied Perils
POL203630,CUST100786,Life,9900.0,554000.0,12,2021-12-20,2022-12-15,Online,Endowment Plan
POL203631,CUST100505,Life,19700.0,856000.0,24,2021-01-12,2023-01-02,Online,Term Life
POL203632,CUST102054,Motor,13000.0,273000.0,12,2023-05-13,2024-05-07,Agent,Motor Own-Damage
POL203633,CUST104705,Motor,6100.0,246000.0,12,2024-09-30,2025-09-25,Bancassurance,Motor Comprehensive
POL203634,CUST103991,Motor,12300.0,710000.0,24,2023-11-27,2025-11-16,Agent,Motor Own-Damage
POL203635,CUST101797,Health,25900.0,584000.0,12,2024-01-11,2025-01-05,Online,Critical Illness
POL203636,CUST102274,Marine,18600.0,554000.0,60,2024-05-30,2029-05-04,Online,Marine Hull
POL203637,CUST100303,Health,11200.0,493000.0,12,2023-04-08,2024-04-02,Agent,Family Floater
POL203638,CUST101352,Health,16100.0,654000.0,12,2023-08-24,2024-08-18,Online,Individual Health
POL203639,CUST103350,Motor,27400.0,637000.0,24,2024-02-21,2026-02-10,Agent,Motor Comprehensive
POL203640,CUST102101,Health,8800.0,196000.0,12,2021-02-10,2022-02-05,Online,Individual Health
POL203641,CUST104894,Motor,8300.0,179000.0,24,2022-03-02,2024-02-20,Agent,Motor Comprehensive
POL203642,CUST102227,Health,18200.0,712000.0,24,2021-11-12,2023-11-02,Broker,Critical Illness
POL203643,CUST104234,Travel,12400.0,695000.0,12,2023-05-06,2024-04-30,Agent,Domestic Travel
POL203644,CUST103635,Health,18200.0,684000.0,6,2023-03-12,2023-09-08,Agent,Critical Illness
POL203645,CUST102538,Motor,16700.0,558000.0,24,2021-09-16,2023-09-06,Agent,Motor Own-Damage
POL203646,CUST104343,Motor,18200.0,444000.0,24,2021-06-30,2023-06-20,Bancassurance,Motor Comprehensive
POL203647,CUST104354,Health,40200.0,2206000.0,24,2024-05-15,2026-05-05,Online,Critical Illness
POL203648,CUST101606,Motor,7200.0,428000.0,12,2021-07-16,2022-07-11,Agent,Motor Comprehensive
POL203649,CUST101392,Marine,23700.0,1113000.0,12,2024-04-04,2025-03-30,Online,Marine Cargo
POL203650,CUST103542,Health,20800.0,795000.0,12,2024-04-01,2025-03-27,Agent,Family Floater
POL203651,CUST100135,Health,23100.0,1296000.0,12,2024-04-20,2025-04-15,Broker,Critical Illness
POL203652,CUST103506,Life,4500.0,174000.0,24,2024-01-04,2025-12-24,Bancassurance,ULIP
POL203653,CUST102175,Motor,25100.0,767000.0,24,2024-03-15,2026-03-05,Bancassurance,Motor Own-Damage
POL203654,CUST103834,Motor,14200.0,332000.0,12,2021-10-21,2022-10-16,Online,Motor Third-Party
POL203655,CUST100650,Life,17800.0,377000.0,24,2022-05-27,2024-05-16,Broker,Term Life
POL203656,CUST102876,Motor,15200.0,535000.0,12,2022-12-22,2023-12-17,Online,Motor Own-Damage
POL203657,CUST102680,Motor,9500.0,309000.0,12,2024-07-15,2025-07-10,Agent,Motor Third-Party
POL203658,CUST100073,Marine,14400.0,350000.0,36,2024-11-30,2027-11-15,Online,Marine Hull
POL203659,CUST102623,Property,16600.0,629000.0,12,2022-06-27,2023-06-22,Agent,Fire & Allied Perils
POL203660,CUST103279,Motor,21900.0,1047000.0,12,2023-05-14,2024-05-08,Online,Motor Comprehensive
POL203661,CUST102026,Marine,19900.0,850000.0,12,2024-10-17,2025-10-12,Bancassurance,Marine Cargo
POL203662,CUST103061,Motor,15600.0,777000.0,12,2023-11-23,2024-11-17,Agent,Motor Third-Party
POL203663,CUST101631,Property,17000.0,874000.0,12,2022-12-18,2023-12-13,Online,Fire & Allied Perils
POL203664,CUST103057,Health,16900.0,357000.0,24,2023-08-14,2025-08-03,Broker,Family Floater
POL203665,CUST101217,Health,21600.0,1288000.0,6,2024-08-20,2025-02-16,Agent,Individual Health
POL203666,CUST101406,Life,25000.0,559000.0,12,2022-09-05,2023-08-31,Agent,Endowment Plan
POL203667,CUST100355,Motor,26400.0,1274000.0,24,2023-08-30,2025-08-19,Agent,Motor Third-Party
POL203668,CUST100489,Marine,13400.0,544000.0,12,2024-04-07,2025-04-02,Direct,Marine Cargo
POL203669,CUST100672,Motor,2200.0,84000.0,60,2022-11-10,2027-10-15,Agent,Motor Comprehensive
POL203670,CUST100946,Travel,14100.0,784000.0,24,2021-04-25,2023-04-15,Online,International Travel
POL203671,CUST103593,Motor,12700.0,642000.0,24,2021-05-07,2023-04-27,Agent,Motor Own-Damage
POL203672,CUST101081,Motor,16700.0,293000.0,12,2023-06-04,2024-05-29,Online,Motor Third-Party
POL203673,CUST101776,Motor,46400.0,2006000.0,24,2021-02-22,2023-02-12,Direct,Motor Third-Party
POL203674,CUST100868,Health,13300.0,496000.0,24,2022-08-25,2024-08-14,Agent,Individual Health
POL203675,CUST102119,Life,23100.0,776000.0,24,2021-02-05,2023-01-26,Online,Term Life
POL203676,CUST101222,Life,23400.0,387000.0,12,2024-07-02,2025-06-27,Online,ULIP
POL203677,CUST101644,Property,20300.0,1107000.0,12,2024-04-08,2025-04-03,Agent,Property All-Risk
POL203678,CUST100343,Health,4300.0,128000.0,12,2023-06-24,2024-06-18,Broker,Family Floater
POL203679,CUST102524,Health,15800.0,947000.0,12,2024-07-17,2025-07-12,Online,Individual Health
POL203680,CUST101346,Health,21500.0,1111000.0,12,2022-02-02,2023-01-28,Agent,Critical Illness
POL203681,CUST103256,Life,10500.0,537000.0,6,2024-09-21,2025-03-20,Agent,Endowment Plan
POL203682,CUST104989,Marine,4900.0,204000.0,12,2024-01-20,2025-01-14,Broker,Marine Hull
POL203683,CUST102425,Health,21700.0,1136000.0,12,2024-07-28,2025-07-23,Agent,Critical Illness
POL203684,CUST102556,Health,25600.0,673000.0,24,2022-08-01,2024-07-21,Broker,Individual Health
POL203685,CUST104152,Health,15200.0,633000.0,24,2021-12-25,2023-12-15,Agent,Critical Illness
POL203686,CUST101722,Motor,12000.0,495000.0,12,2024-02-09,2025-02-03,Broker,Motor Comprehensive
POL203687,CUST100705,Health,34000.0,1169000.0,24,2022-11-19,2024-11-08,Agent,Individual Health
POL203688,CUST103602,Motor,26100.0,1057000.0,12,2021-06-15,2022-06-10,Broker,Motor Comprehensive
POL203689,CUST103248,Property,8500.0,417000.0,12,2024-12-15,2025-12-10,Direct,Home Shield
POL203690,CUST102347,Motor,17900.0,419000.0,12,2022-06-19,2023-06-14,Agent,Motor Own-Damage
POL203691,CUST101933,Motor,9100.0,536000.0,6,2021-10-13,2022-04-11,Broker,Motor Own-Damage
POL203692,CUST100147,Motor,13600.0,491000.0,36,2023-04-10,2026-03-25,Online,Motor Own-Damage
POL203693,CUST102785,Health,31200.0,1441000.0,12,2022-11-16,2023-11-11,Online,Critical Illness
POL203694,CUST102736,Life,31300.0,1746000.0,12,2021-07-03,2022-06-28,Agent,Endowment Plan
POL203695,CUST102578,Marine,11800.0,691000.0,24,2022-09-07,2024-08-27,Broker,Marine Cargo
POL203696,CUST101520,Health,22700.0,940000.0,12,2023-01-07,2024-01-02,Broker,Family Floater
POL203697,CUST100758,Motor,8600.0,500000.0,36,2022-06-05,2025-05-20,Agent,Motor Own-Damage
POL203698,CUST102855,Life,45400.0,1857000.0,24,2024-07-10,2026-06-30,Broker,ULIP
POL203699,CUST103100,Life,4900.0,130000.0,36,2023-07-04,2026-06-18,Agent,Term Life
POL203700,CUST100866,Life,13300.0,530000.0,24,2021-04-04,2023-03-25,Agent,ULIP
POL203701,CUST100602,Health,22600.0,459000.0,24,2023-03-04,2025-02-21,Bancassurance,Family Floater
POL203702,CUST102412,Health,9600.0,458000.0,12,2022-10-01,2023-09-26,Direct,Critical Illness
POL203703,CUST100239,Motor,8500.0,217000.0,12,2024-08-22,2025-08-17,Online,Motor Comprehensive
POL203704,CUST100968,Motor,16100.0,542000.0,12,2024-03-04,2025-02-27,Direct,Motor Comprehensive
POL203705,CUST103181,Marine,11100.0,355000.0,12,2022-05-05,2023-04-30,Bancassurance,Marine Hull
POL203706,CUST101494,Motor,4400.0,113000.0,12,2021-06-23,2022-06-18,Online,Motor Third-Party
POL203707,CUST102302,Health,16100.0,763000.0,12,2023-08-28,2024-08-22,Online,Family Floater
POL203708,CUST103435,Motor,22200.0,652000.0,12,2021-03-16,2022-03-11,Agent,Motor Own-Damage
POL203709,CUST100883,Motor,14500.0,832000.0,12,2021-11-20,2022-11-15,Agent,Motor Own-Damage
POL203710,CUST101138,Marine,15800.0,242000.0,24,2022-12-08,2024-11-27,Agent,Marine Cargo
POL203711,CUST101487,Motor,20400.0,722000.0,12,2024-09-02,2025-08-28,Bancassurance,Motor Third-Party
POL203712,CUST102085,Health,38500.0,1382000.0,12,2024-10-12,2025-10-07,Online,Family Floater
POL203713,CUST102799,Property,12900.0,533000.0,12,2021-04-23,2022-04-18,Agent,Property All-Risk
POL203714,CUST100365,Motor,19500.0,398000.0,12,2023-08-19,2024-08-13,Agent,Motor Own-Damage
POL203715,CUST102369,Motor,15900.0,854000.0,24,2022-07-27,2024-07-16,Online,Motor Own-Damage
POL203716,CUST103435,Health,8200.0,205000.0,12,2024-06-09,2025-06-04,Agent,Individual Health
POL203717,CUST104257,Motor,24300.0,783000.0,12,2024-07-18,2025-07-13,Online,Motor Comprehensive
POL203718,CUST102694,Motor,33200.0,1341000.0,12,2024-10-02,2025-09-27,Bancassurance,Motor Comprehensive
POL203719,CUST103129,Life,22200.0,338000.0,12,2023-11-22,2024-11-16,Agent,ULIP
POL203720,CUST104068,Motor,3400.0,146000.0,6,2023-01-19,2023-07-18,Online,Motor Third-Party
POL203721,CUST103636,Life,13400.0,324000.0,12,2021-05-23,2022-05-18,Broker,Endowment Plan
POL203722,CUST102675,Marine,22100.0,1088000.0,12,2021-04-16,2022-04-11,Bancassurance,Marine Hull
POL203723,CUST102831,Motor,28200.0,788000.0,24,2022-11-14,2024-11-03,Bancassurance,Motor Third-Party
POL203724,CUST104971,Motor,5800.0,244000.0,36,2021-05-30,2024-05-14,Agent,Motor Own-Damage
POL203725,CUST103785,Motor,8000.0,300000.0,12,2023-02-16,2024-02-11,Direct,Motor Own-Damage
POL203726,CUST101205,Motor,19900.0,1088000.0,6,2023-11-11,2024-05-09,Broker,Motor Comprehensive
POL203727,CUST102268,Health,17200.0,534000.0,12,2023-03-27,2024-03-21,Direct,Critical Illness
POL203728,CUST103710,Health,16100.0,605000.0,12,2023-08-24,2024-08-18,Online,Critical Illness
POL203729,CUST102610,Motor,37300.0,1458000.0,12,2023-11-25,2024-11-19,Online,Motor Own-Damage
POL203730,CUST102161,Health,39300.0,785000.0,24,2021-12-01,2023-11-21,Broker,Individual Health
POL203731,CUST103041,Motor,9200.0,363000.0,24,2022-11-01,2024-10-21,Broker,Motor Own-Damage
POL203732,CUST101879,Life,4700.0,174000.0,24,2024-01-12,2026-01-01,Broker,Term Life
POL203733,CUST103390,Health,15500.0,352000.0,12,2023-04-06,2024-03-31,Agent,Family Floater
POL203734,CUST103657,Life,24000.0,1031000.0,12,2021-12-19,2022-12-14,Online,Term Life
POL203735,CUST104490,Health,29700.0,1129000.0,12,2022-06-16,2023-06-11,Bancassurance,Family Floater
POL203736,CUST104777,Health,13000.0,278000.0,12,2023-03-30,2024-03-24,Broker,Critical Illness
POL203737,CUST103557,Life,10500.0,454000.0,12,2021-06-19,2022-06-14,Agent,Term Life
POL203738,CUST103777,Motor,20600.0,744000.0,36,2022-06-26,2025-06-10,Bancassurance,Motor Comprehensive
POL203739,CUST103861,Life,14200.0,792000.0,6,2022-11-11,2023-05-10,Direct,ULIP
POL203740,CUST101650,Health,16700.0,655000.0,12,2023-10-24,2024-10-18,Online,Family Floater
POL203741,CUST104577,Health,22200.0,576000.0,36,2022-12-11,2025-11-25,Agent,Individual Health
POL203742,CUST102549,Health,14800.0,715000.0,60,2023-09-25,2028-08-29,Direct,Critical Illness
POL203743,CUST104337,Health,6500.0,221000.0,12,2024-05-30,2025-05-25,Agent,Individual Health
POL203744,CUST101085,Life,10700.0,562000.0,24,2024-04-18,2026-04-08,Broker,ULIP
POL203745,CUST101551,Motor,11100.0,392000.0,24,2022-01-20,2024-01-10,Agent,Motor Comprehensive
POL203746,CUST103101,Health,11100.0,272000.0,12,2022-02-15,2023-02-10,Bancassurance,Family Floater
POL203747,CUST102892,Motor,4200.0,157000.0,12,2024-12-15,2025-12-10,Agent,Motor Third-Party
POL203748,CUST102012,Motor,42600.0,837000.0,60,2022-08-09,2027-07-14,Broker,Motor Own-Damage
POL203749,CUST101104,Motor,8000.0,262000.0,36,2021-07-09,2024-06-23,Online,Motor Third-Party
POL203750,CUST101140,Life,24800.0,1003000.0,36,2021-11-27,2024-11-11,Agent,ULIP
POL203751,CUST103634,Life,9700.0,415000.0,24,2021-10-28,2023-10-18,Broker,ULIP
POL203752,CUST100105,Property,12900.0,412000.0,24,2023-02-09,2025-01-29,Direct,Property All-Risk
POL203753,CUST100597,Health,16400.0,361000.0,12,2023-10-16,2024-10-10,Direct,Individual Health
POL203754,CUST104626,Life,11500.0,338000.0,24,2021-03-06,2023-02-24,Agent,ULIP
POL203755,CUST104895,Marine,35400.0,1342000.0,24,2023-10-16,2025-10-05,Online,Marine Hull
POL203756,CUST100394,Motor,75200.0,2976000.0,12,2024-07-29,2025-07-24,Broker,Motor Comprehensive
POL203757,CUST100711,Life,4500.0,238000.0,36,2022-05-09,2025-04-23,Direct,Term Life
POL203758,CUST101646,Health,28600.0,497000.0,12,2022-05-11,2023-05-06,Broker,Critical Illness
POL203759,CUST102929,Motor,18000.0,704000.0,24,2024-06-25,2026-06-15,Broker,Motor Comprehensive
POL203760,CUST100952,Travel,13400.0,313000.0,24,2022-04-25,2024-04-14,Broker,International Travel
POL203761,CUST104911,Motor,26000.0,1424000.0,6,2024-03-15,2024-09-11,Agent,Motor Own-Damage
POL203762,CUST102470,Marine,30100.0,1380000.0,12,2022-08-26,2023-08-21,Direct,Marine Cargo
POL203763,CUST102685,Property,15500.0,421000.0,24,2021-06-17,2023-06-07,Online,Home Shield
POL203764,CUST100974,Property,33000.0,1358000.0,24,2022-04-24,2024-04-13,Agent,Home Shield
POL203765,CUST101538,Life,3800.0,205000.0,12,2024-11-24,2025-11-19,Bancassurance,Endowment Plan
POL203766,CUST103681,Life,23900.0,515000.0,12,2023-08-22,2024-08-16,Agent,Endowment Plan
POL203767,CUST103163,Health,16700.0,489000.0,12,2023-11-10,2024-11-04,Online,Critical Illness
POL203768,CUST101124,Health,18600.0,679000.0,60,2024-09-29,2029-09-03,Agent,Family Floater
POL203769,CUST102207,Property,28300.0,741000.0,12,2022-09-18,2023-09-13,Agent,Fire & Allied Perils
POL203770,CUST100927,Health,22500.0,473000.0,12,2023-01-15,2024-01-10,Online,Individual Health
POL203771,CUST102037,Health,43200.0,1019000.0,12,2023-12-22,2024-12-16,Online,Critical Illness
POL203772,CUST101084,Travel,47300.0,1416000.0,12,2024-03-27,2025-03-22,Bancassurance,Domestic Travel
POL203773,CUST104898,Health,14700.0,723000.0,60,2022-08-17,2027-07-22,Online,Critical Illness
POL203774,CUST101487,Property,7300.0,432000.0,12,2022-04-23,2023-04-18,Online,Property All-Risk
POL203775,CUST102369,Motor,16200.0,400000.0,24,2022-05-15,2024-05-04,Bancassurance,Motor Third-Party
POL203776,CUST103209,Motor,9200.0,475000.0,36,2022-09-01,2025-08-16,Online,Motor Comprehensive
POL203777,CUST100205,Life,12500.0,438000.0,36,2021-03-27,2024-03-11,Agent,Term Life
POL203778,CUST101048,Health,17700.0,359000.0,36,2024-08-08,2027-07-24,Direct,Individual Health
POL203779,CUST104944,Property,5700.0,239000.0,36,2022-10-22,2025-10-06,Agent,Fire & Allied Perils
POL203780,CUST103484,Motor,21800.0,711000.0,24,2021-03-18,2023-03-08,Bancassurance,Motor Third-Party
POL203781,CUST101209,Motor,15500.0,447000.0,36,2024-12-13,2027-11-28,Broker,Motor Own-Damage
POL203782,CUST102150,Property,10300.0,327000.0,24,2023-01-09,2024-12-29,Bancassurance,Fire & Allied Perils
POL203783,CUST104287,Health,2600.0,99000.0,60,2024-09-16,2029-08-21,Agent,Family Floater
POL203784,CUST100985,Health,27700.0,1037000.0,36,2024-04-28,2027-04-13,Broker,Critical Illness
POL203785,CUST101494,Motor,30200.0,991000.0,12,2024-05-02,2025-04-27,Agent,Motor Own-Damage
POL203786,CUST101200,Marine,28400.0,564000.0,6,2023-06-07,2023-12-04,Broker,Marine Hull
POL203787,CUST103324,Marine,9100.0,348000.0,60,2023-07-21,2028-06-24,Agent,Marine Hull
POL203788,CUST102636,Health,20700.0,1148000.0,12,2021-05-29,2022-05-24,Agent,Critical Illness
POL203789,CUST102503,Motor,30800.0,1011000.0,36,2021-04-26,2024-04-10,Agent,Motor Comprehensive
POL203790,CUST101893,Travel,19600.0,772000.0,12,2021-03-29,2022-03-24,Agent,Domestic Travel
POL203791,CUST101639,Marine,18600.0,810000.0,24,2023-04-26,2025-04-15,Bancassurance,Marine Cargo
POL203792,CUST102568,Health,40100.0,1375000.0,36,2024-07-11,2027-06-26,Broker,Critical Illness
POL203793,CUST103995,Life,38500.0,1955000.0,12,2022-08-24,2023-08-19,Broker,Endowment Plan
POL203794,CUST104062,Health,12500.0,207000.0,12,2022-08-16,2023-08-11,Bancassurance,Critical Illness
POL203795,CUST103922,Motor,11200.0,227000.0,36,2023-07-22,2026-07-06,Agent,Motor Comprehensive
POL203796,CUST100229,Life,9800.0,159000.0,12,2022-11-08,2023-11-03,Bancassurance,Endowment Plan
POL203797,CUST102450,Life,4300.0,246000.0,24,2024-03-21,2026-03-11,Online,Term Life
POL203798,CUST101968,Health,35300.0,684000.0,12,2021-09-20,2022-09-15,Direct,Critical Illness
POL203799,CUST104676,Property,19400.0,998000.0,12,2024-03-18,2025-03-13,Agent,Fire & Allied Perils
POL203800,CUST102077,Health,12700.0,245000.0,12,2022-11-17,2023-11-12,Agent,Family Floater
POL203801,CUST101234,Property,17300.0,601000.0,60,2021-08-08,2026-07-13,Broker,Fire & Allied Perils
POL203802,CUST101254,Motor,37100.0,1464000.0,24,2022-08-31,2024-08-20,Agent,Motor Own-Damage
POL203803,CUST100973,Travel,6000.0,303000.0,60,2023-12-07,2028-11-10,Online,Domestic Travel
POL203804,CUST102209,Motor,34600.0,762000.0,36,2024-02-15,2027-01-30,Agent,Motor Third-Party
POL203805,CUST101320,Motor,16400.0,726000.0,6,2024-03-11,2024-09-07,Bancassurance,Motor Third-Party
POL203806,CUST102833,Life,21500.0,1163000.0,36,2021-05-17,2024-05-01,Bancassurance,Term Life
POL203807,CUST101154,Motor,22200.0,1281000.0,12,2021-10-22,2022-10-17,Online,Motor Comprehensive
POL203808,CUST102924,Motor,38300.0,2269000.0,36,2023-07-21,2026-07-05,Online,Motor Third-Party
POL203809,CUST103078,Life,9500.0,539000.0,12,2024-07-05,2025-06-30,Bancassurance,ULIP
POL203810,CUST103349,Health,52200.0,1600000.0,12,2024-11-18,2025-11-13,Direct,Family Floater
POL203811,CUST104412,Property,6900.0,165000.0,24,2021-08-10,2023-07-31,Direct,Fire & Allied Perils
POL203812,CUST100383,Motor,10700.0,364000.0,36,2022-02-27,2025-02-11,Agent,Motor Own-Damage
POL203813,CUST100264,Health,24300.0,598000.0,60,2024-04-29,2029-04-03,Bancassurance,Critical Illness
POL203814,CUST102300,Health,35700.0,2026000.0,12,2023-11-24,2024-11-18,Bancassurance,Critical Illness
POL203815,CUST102580,Health,9800.0,350000.0,24,2022-05-14,2024-05-03,Bancassurance,Critical Illness
POL203816,CUST103788,Health,6300.0,182000.0,12,2021-05-20,2022-05-15,Agent,Individual Health
POL203817,CUST101134,Health,36800.0,2076000.0,6,2021-04-07,2021-10-04,Online,Family Floater
POL203818,CUST102275,Health,12900.0,367000.0,12,2022-12-07,2023-12-02,Agent,Family Floater
POL203819,CUST103056,Motor,13500.0,504000.0,24,2021-06-06,2023-05-27,Agent,Motor Third-Party
POL203820,CUST103282,Life,17900.0,638000.0,12,2022-06-12,2023-06-07,Online,ULIP
POL203821,CUST102715,Health,15900.0,838000.0,24,2021-12-23,2023-12-13,Broker,Family Floater
POL203822,CUST102952,Health,24700.0,909000.0,60,2023-11-18,2028-10-22,Agent,Critical Illness
POL203823,CUST100820,Motor,7200.0,222000.0,24,2023-09-23,2025-09-12,Broker,Motor Third-Party
POL203824,CUST102323,Marine,5800.0,119000.0,12,2024-10-28,2025-10-23,Online,Marine Hull
POL203825,CUST102707,Motor,21300.0,837000.0,36,2022-04-05,2025-03-20,Agent,Motor Comprehensive
POL203826,CUST100394,Marine,22000.0,989000.0,24,2024-01-21,2026-01-10,Online,Marine Cargo
POL203827,CUST104843,Motor,24700.0,658000.0,24,2021-03-06,2023-02-24,Bancassurance,Motor Third-Party
POL203828,CUST103166,Travel,23900.0,1073000.0,60,2021-10-05,2026-09-09,Online,Domestic Travel
POL203829,CUST103588,Health,5800.0,208000.0,12,2023-12-08,2024-12-02,Bancassurance,Critical Illness
POL203830,CUST102672,Health,23700.0,402000.0,6,2024-04-09,2024-10-06,Bancassurance,Individual Health
POL203831,CUST104653,Motor,23100.0,392000.0,12,2023-07-25,2024-07-19,Agent,Motor Own-Damage
POL203832,CUST100028,Travel,6600.0,117000.0,12,2021-02-14,2022-02-09,Bancassurance,International Travel
POL203833,CUST104790,Motor,30100.0,1014000.0,12,2021-02-18,2022-02-13,Agent,Motor Third-Party
POL203834,CUST101034,Life,9600.0,498000.0,12,2023-09-25,2024-09-19,Agent,Term Life
POL203835,CUST104422,Motor,8800.0,260000.0,12,2021-03-25,2022-03-20,Agent,Motor Comprehensive
POL203836,CUST100306,Health,25000.0,1083000.0,24,2021-03-10,2023-02-28,Direct,Family Floater
POL203837,CUST101564,Life,7600.0,403000.0,12,2024-03-28,2025-03-23,Agent,Endowment Plan
POL203838,CUST102851,Health,14500.0,583000.0,12,2024-05-11,2025-05-06,Agent,Family Floater
POL203839,CUST103288,Life,13200.0,747000.0,12,2022-07-22,2023-07-17,Broker,ULIP
POL203840,CUST100075,Property,11700.0,337000.0,12,2024-07-25,2025-07-20,Bancassurance,Fire & Allied Perils
POL203841,CUST101794,Health,10100.0,383000.0,60,2021-09-30,2026-09-04,Broker,Family Floater
POL203842,CUST104212,Motor,48200.0,1905000.0,12,2023-08-08,2024-08-02,Agent,Motor Third-Party
POL203843,CUST100915,Health,24200.0,554000.0,12,2023-05-20,2024-05-14,Bancassurance,Family Floater
POL203844,CUST104737,Life,10900.0,408000.0,12,2021-12-20,2022-12-15,Agent,ULIP
POL203845,CUST103551,Motor,2200.0,98000.0,24,2024-02-08,2026-01-28,Bancassurance,Motor Third-Party
POL203846,CUST104877,Life,11100.0,216000.0,12,2021-10-19,2022-10-14,Online,ULIP
POL203847,CUST104516,Motor,20100.0,882000.0,12,2023-10-24,2024-10-18,Online,Motor Own-Damage
POL203848,CUST101132,Travel,13100.0,506000.0,12,2021-11-19,2022-11-14,Bancassurance,Domestic Travel
POL203849,CUST104705,Life,20900.0,663000.0,36,2021-10-15,2024-09-29,Agent,ULIP
POL203850,CUST102475,Health,8100.0,261000.0,12,2022-03-30,2023-03-25,Broker,Family Floater
POL203851,CUST101292,Property,17900.0,958000.0,12,2022-07-27,2023-07-22,Agent,Property All-Risk
POL203852,CUST104455,Property,26000.0,1517000.0,12,2023-01-03,2023-12-29,Bancassurance,Fire & Allied Perils
POL203853,CUST102352,Motor,17300.0,535000.0,24,2022-01-16,2024-01-06,Agent,Motor Third-Party
POL203854,CUST103436,Health,13700.0,488000.0,12,2021-03-20,2022-03-15,Bancassurance,Critical Illness
POL203855,CUST103050,Health,22100.0,811000.0,12,2021-11-16,2022-11-11,Agent,Family Floater
POL203856,CUST101493,Health,3600.0,160000.0,24,2024-02-07,2026-01-27,Agent,Critical Illness
POL203857,CUST104914,Health,25900.0,669000.0,12,2021-12-08,2022-12-03,Broker,Family Floater
POL203858,CUST104169,Health,4100.0,127000.0,6,2022-12-30,2023-06-28,Agent,Family Floater
POL203859,CUST102646,Motor,28400.0,604000.0,60,2023-02-07,2028-01-12,Agent,Motor Third-Party
POL203860,CUST102869,Motor,13400.0,206000.0,24,2023-03-26,2025-03-15,Agent,Motor Comprehensive
POL203861,CUST100347,Motor,2800.0,66000.0,36,2021-11-07,2024-10-22,Broker,Motor Own-Damage
POL203862,CUST103649,Motor,27100.0,461000.0,12,2023-08-04,2024-07-29,Online,Motor Own-Damage
POL203863,CUST104549,Health,30700.0,795000.0,12,2022-03-14,2023-03-09,Broker,Individual Health
POL203864,CUST104847,Motor,14000.0,437000.0,12,2021-08-22,2022-08-17,Bancassurance,Motor Third-Party
POL203865,CUST102799,Motor,29400.0,526000.0,24,2021-01-03,2022-12-24,Online,Motor Third-Party
POL203866,CUST104987,Property,19300.0,1124000.0,12,2023-05-31,2024-05-25,Bancassurance,Fire & Allied Perils
POL203867,CUST103991,Life,22000.0,463000.0,12,2021-07-09,2022-07-04,Online,Endowment Plan
POL203868,CUST102524,Marine,33400.0,1788000.0,12,2022-08-11,2023-08-06,Agent,Marine Cargo
POL203869,CUST104001,Travel,20600.0,971000.0,12,2021-09-15,2022-09-10,Agent,International Travel
POL203870,CUST100783,Life,27200.0,1349000.0,12,2022-11-16,2023-11-11,Agent,Term Life
POL203871,CUST103378,Property,46000.0,1150000.0,12,2024-03-20,2025-03-15,Online,Home Shield
POL203872,CUST103097,Motor,27100.0,1552000.0,24,2023-05-29,2025-05-18,Agent,Motor Comprehensive
POL203873,CUST102465,Life,13200.0,335000.0,12,2023-10-03,2024-09-27,Agent,Endowment Plan
POL203874,CUST103219,Health,19700.0,315000.0,12,2021-12-21,2022-12-16,Broker,Critical Illness
POL203875,CUST104260,Life,11000.0,241000.0,60,2022-02-10,2027-01-15,Agent,Endowment Plan
POL203876,CUST102860,Motor,20200.0,621000.0,12,2021-05-06,2022-05-01,Agent,Motor Own-Damage
POL203877,CUST101895,Travel,14300.0,266000.0,24,2024-03-05,2026-02-23,Online,International Travel
POL203878,CUST102110,Health,21400.0,1103000.0,6,2022-08-27,2023-02-23,Online,Individual Health
POL203879,CUST102841,Property,27400.0,1102000.0,12,2024-11-13,2025-11-08,Agent,Property All-Risk
POL203880,CUST102907,Travel,10800.0,612000.0,12,2021-08-11,2022-08-06,Bancassurance,International Travel
POL203881,CUST101567,Property,17600.0,729000.0,12,2024-07-02,2025-06-27,Agent,Home Shield
POL203882,CUST102670,Health,9100.0,163000.0,12,2021-04-24,2022-04-19,Agent,Family Floater
POL203883,CUST101437,Health,11200.0,438000.0,12,2022-10-16,2023-10-11,Agent,Critical Illness
POL203884,CUST104723,Life,19200.0,356000.0,12,2023-11-25,2024-11-19,Online,Term Life
POL203885,CUST102672,Health,13700.0,784000.0,12,2023-08-02,2024-07-27,Agent,Family Floater
POL203886,CUST104188,Health,36800.0,1639000.0,12,2023-06-14,2024-06-08,Agent,Family Floater
POL203887,CUST101897,Life,5100.0,156000.0,12,2024-01-17,2025-01-11,Bancassurance,ULIP
POL203888,CUST101968,Marine,41100.0,1743000.0,12,2021-08-20,2022-08-15,Direct,Marine Cargo
POL203889,CUST101442,Health,27100.0,1323000.0,12,2022-03-29,2023-03-24,Bancassurance,Family Floater
POL203890,CUST102854,Motor,24100.0,1381000.0,24,2022-12-19,2024-12-08,Bancassurance,Motor Own-Damage
POL203891,CUST103081,Life,26100.0,1127000.0,12,2023-01-23,2024-01-18,Online,Term Life
POL203892,CUST102830,Life,25800.0,1171000.0,12,2024-08-27,2025-08-22,Bancassurance,Term Life
POL203893,CUST104184,Marine,13000.0,430000.0,12,2024-06-04,2025-05-30,Online,Marine Hull
POL203894,CUST102553,Life,27900.0,701000.0,12,2024-08-22,2025-08-17,Agent,Term Life
POL203895,CUST104105,Health,20200.0,623000.0,12,2022-01-16,2023-01-11,Agent,Family Floater
POL203896,CUST100290,Life,5800.0,260000.0,6,2022-10-09,2023-04-07,Bancassurance,ULIP
POL203897,CUST101800,Property,11300.0,613000.0,12,2024-02-07,2025-02-01,Agent,Home Shield
POL203898,CUST103562,Health,9100.0,409000.0,12,2024-08-29,2025-08-24,Agent,Individual Health
POL203899,CUST101917,Motor,15400.0,894000.0,12,2022-07-20,2023-07-15,Bancassurance,Motor Comprehensive
POL203900,CUST103656,Life,4100.0,186000.0,12,2024-05-24,2025-05-19,Agent,Term Life
POL203901,CUST102959,Motor,25400.0,1100000.0,36,2021-12-09,2024-11-23,Bancassurance,Motor Third-Party
POL203902,CUST102420,Travel,27900.0,434000.0,36,2021-06-27,2024-06-11,Broker,Domestic Travel
POL203903,CUST102789,Motor,12800.0,543000.0,12,2023-08-07,2024-08-01,Agent,Motor Own-Damage
POL203904,CUST104507,Health,21600.0,395000.0,36,2022-02-13,2025-01-28,Bancassurance,Family Floater
POL203905,CUST103392,Travel,37600.0,1448000.0,12,2023-01-31,2024-01-26,Bancassurance,Domestic Travel
POL203906,CUST104919,Motor,13500.0,559000.0,24,2022-01-21,2024-01-11,Agent,Motor Comprehensive
POL203907,CUST100478,Motor,13500.0,595000.0,24,2022-03-26,2024-03-15,Bancassurance,Motor Comprehensive
POL203908,CUST104064,Motor,14800.0,802000.0,12,2021-02-26,2022-02-21,Agent,Motor Own-Damage
POL203909,CUST104456,Travel,24200.0,878000.0,12,2023-08-12,2024-08-06,Online,Domestic Travel
POL203910,CUST104639,Travel,13400.0,491000.0,24,2023-03-11,2025-02-28,Bancassurance,Domestic Travel
POL203911,CUST102695,Health,15000.0,595000.0,24,2022-08-15,2024-08-04,Broker,Family Floater
POL203912,CUST102437,Life,23700.0,712000.0,12,2023-06-12,2024-06-06,Agent,Term Life
POL203913,CUST102918,Life,22900.0,623000.0,12,2022-09-05,2023-08-31,Online,ULIP
POL203914,CUST104571,Motor,12400.0,246000.0,24,2021-03-17,2023-03-07,Agent,Motor Own-Damage
POL203915,CUST104333,Motor,8900.0,470000.0,24,2023-02-27,2025-02-16,Bancassurance,Motor Third-Party
POL203916,CUST104675,Marine,13900.0,235000.0,24,2023-05-26,2025-05-15,Bancassurance,Marine Cargo
POL203917,CUST104845,Motor,15900.0,941000.0,12,2023-08-14,2024-08-08,Agent,Motor Own-Damage
POL203918,CUST103117,Health,19400.0,543000.0,12,2021-11-10,2022-11-05,Direct,Individual Health
POL203919,CUST101295,Motor,17400.0,811000.0,12,2022-05-18,2023-05-13,Bancassurance,Motor Comprehensive
POL203920,CUST100753,Health,7500.0,359000.0,12,2022-01-19,2023-01-14,Broker,Family Floater
POL203921,CUST104488,Motor,13200.0,434000.0,12,2023-02-19,2024-02-14,Online,Motor Own-Damage
POL203922,CUST100761,Motor,4300.0,144000.0,24,2021-02-10,2023-01-31,Direct,Motor Comprehensive
POL203923,CUST100352,Motor,19400.0,813000.0,12,2021-03-01,2022-02-24,Direct,Motor Third-Party
POL203924,CUST102361,Travel,8600.0,156000.0,24,2021-01-17,2023-01-07,Agent,International Travel
POL203925,CUST103716,Motor,6200.0,99000.0,12,2024-04-25,2025-04-20,Agent,Motor Comprehensive
POL203926,CUST103677,Health,14300.0,679000.0,12,2023-08-23,2024-08-17,Broker,Family Floater
POL203927,CUST101270,Health,21100.0,810000.0,12,2022-07-05,2023-06-30,Agent,Individual Health
POL203928,CUST102506,Health,17100.0,1025000.0,12,2021-11-12,2022-11-07,Bancassurance,Family Floater
POL203929,CUST104472,Property,39800.0,1132000.0,12,2024-02-17,2025-02-11,Agent,Property All-Risk
POL203930,CUST103999,Health,5100.0,162000.0,12,2024-11-01,2025-10-27,Broker,Individual Health
POL203931,CUST104583,Life,4900.0,213000.0,12,2024-05-17,2025-05-12,Agent,ULIP
POL203932,CUST103848,Health,11800.0,542000.0,24,2024-08-08,2026-07-29,Online,Critical Illness
POL203933,CUST100455,Property,27300.0,884000.0,24,2021-08-25,2023-08-15,Bancassurance,Property All-Risk
POL203934,CUST101018,Property,12400.0,254000.0,12,2021-02-28,2022-02-23,Online,Fire & Allied Perils
POL203935,CUST100845,Motor,9600.0,173000.0,12,2022-03-20,2023-03-15,Online,Motor Comprehensive
POL203936,CUST100663,Life,21900.0,330000.0,24,2024-04-26,2026-04-16,Agent,Term Life
POL203937,CUST104292,Property,13200.0,418000.0,24,2024-07-04,2026-06-24,Agent,Fire & Allied Perils
POL203938,CUST103529,Marine,32900.0,906000.0,12,2023-09-15,2024-09-09,Agent,Marine Cargo
POL203939,CUST104568,Travel,14600.0,233000.0,24,2023-03-16,2025-03-05,Online,International Travel
POL203940,CUST101601,Life,27500.0,1229000.0,12,2022-08-21,2023-08-16,Bancassurance,Endowment Plan
POL203941,CUST104899,Health,15300.0,474000.0,24,2023-08-07,2025-07-27,Online,Critical Illness
POL203942,CUST104656,Motor,21200.0,838000.0,12,2021-12-05,2022-11-30,Bancassurance,Motor Comprehensive
POL203943,CUST100530,Property,29800.0,1606000.0,12,2021-11-20,2022-11-15,Agent,Property All-Risk
POL203944,CUST104342,Marine,4900.0,154000.0,12,2023-04-09,2024-04-03,Bancassurance,Marine Cargo
POL203945,CUST100553,Motor,3800.0,94000.0,12,2022-10-19,2023-10-14,Bancassurance,Motor Own-Damage
POL203946,CUST102256,Health,5400.0,149000.0,12,2024-08-20,2025-08-15,Broker,Individual Health
POL203947,CUST100903,Motor,8900.0,149000.0,12,2021-07-17,2022-07-12,Broker,Motor Comprehensive
POL203948,CUST102902,Motor,30600.0,769000.0,60,2021-06-17,2026-05-22,Online,Motor Own-Damage
POL203949,CUST100088,Health,42900.0,2385000.0,12,2023-10-04,2024-09-28,Agent,Family Floater
POL203950,CUST104235,Health,16000.0,331000.0,12,2024-09-04,2025-08-30,Online,Critical Illness
POL203951,CUST102381,Life,12900.0,385000.0,36,2023-03-30,2026-03-14,Bancassurance,ULIP
POL203952,CUST104356,Motor,20600.0,428000.0,24,2023-09-22,2025-09-11,Direct,Motor Comprehensive
POL203953,CUST102166,Life,10700.0,189000.0,12,2021-05-10,2022-05-05,Bancassurance,Endowment Plan
POL203954,CUST102784,Life,19900.0,638000.0,24,2021-04-16,2023-04-06,Agent,ULIP
POL203955,CUST103690,Property,29900.0,1555000.0,24,2021-04-05,2023-03-26,Online,Property All-Risk
POL203956,CUST104859,Motor,20700.0,346000.0,12,2022-12-23,2023-12-18,Bancassurance,Motor Third-Party
POL203957,CUST101871,Health,8200.0,376000.0,12,2022-10-31,2023-10-26,Bancassurance,Individual Health
POL203958,CUST102604,Life,15600.0,269000.0,24,2021-03-27,2023-03-17,Online,ULIP
POL203959,CUST101622,Life,45700.0,2178000.0,12,2024-12-05,2025-11-30,Bancassurance,Endowment Plan
POL203960,CUST100205,Health,22000.0,1286000.0,12,2023-10-05,2024-09-29,Bancassurance,Individual Health
POL203961,CUST104365,Health,12200.0,335000.0,24,2023-02-22,2025-02-11,Direct,Family Floater
POL203962,CUST102813,Travel,10500.0,374000.0,36,2021-04-15,2024-03-30,Bancassurance,International Travel
POL203963,CUST101862,Health,12000.0,476000.0,36,2021-01-10,2023-12-26,Bancassurance,Individual Health
POL203964,CUST103885,Motor,25800.0,651000.0,24,2022-07-26,2024-07-15,Broker,Motor Third-Party
POL203965,CUST104093,Travel,19000.0,324000.0,12,2022-03-07,2023-03-02,Online,International Travel
POL203966,CUST104924,Property,8700.0,157000.0,24,2021-05-31,2023-05-21,Agent,Property All-Risk
POL203967,CUST102184,Motor,29000.0,918000.0,12,2022-04-30,2023-04-25,Bancassurance,Motor Third-Party
POL203968,CUST100526,Property,44900.0,1091000.0,36,2024-11-03,2027-10-19,Agent,Fire & Allied Perils
POL203969,CUST102426,Motor,19600.0,747000.0,6,2023-11-25,2024-05-23,Online,Motor Own-Damage
POL203970,CUST102202,Property,32000.0,573000.0,12,2022-02-15,2023-02-10,Bancassurance,Fire & Allied Perils
POL203971,CUST101037,Life,7900.0,363000.0,6,2023-12-09,2024-06-06,Online,Term Life
POL203972,CUST102933,Health,15000.0,328000.0,24,2022-12-27,2024-12-16,Bancassurance,Individual Health
POL203973,CUST102070,Marine,7300.0,121000.0,12,2023-10-18,2024-10-12,Bancassurance,Marine Hull
POL203974,CUST104407,Property,26400.0,695000.0,12,2021-12-12,2022-12-07,Direct,Home Shield
POL203975,CUST100238,Motor,16800.0,770000.0,12,2021-02-11,2022-02-06,Broker,Motor Comprehensive
POL203976,CUST103579,Life,3900.0,79000.0,36,2023-04-01,2026-03-16,Direct,Endowment Plan
POL203977,CUST103009,Property,8000.0,399000.0,60,2024-10-27,2029-10-01,Online,Fire & Allied Perils
POL203978,CUST101156,Health,15600.0,674000.0,12,2021-06-09,2022-06-04,Online,Family Floater
POL203979,CUST101762,Motor,5400.0,156000.0,24,2022-10-24,2024-10-13,Agent,Motor Third-Party
POL203980,CUST104296,Motor,8400.0,160000.0,12,2023-10-17,2024-10-11,Agent,Motor Comprehensive
POL203981,CUST101820,Travel,30600.0,1712000.0,24,2024-08-08,2026-07-29,Agent,International Travel
POL203982,CUST103321,Health,10300.0,262000.0,12,2021-09-10,2022-09-05,Agent,Individual Health
POL203983,CUST102562,Health,19400.0,843000.0,36,2024-05-28,2027-05-13,Agent,Family Floater
POL203984,CUST104475,Life,28100.0,1295000.0,12,2024-10-24,2025-10-19,Bancassurance,Endowment Plan
POL203985,CUST103302,Motor,25300.0,985000.0,24,2021-08-18,2023-08-08,Bancassurance,Motor Own-Damage
POL203986,CUST104171,Motor,38400.0,1585000.0,24,2023-04-29,2025-04-18,Online,Motor Comprehensive
POL203987,CUST104517,Motor,29300.0,830000.0,24,2022-07-23,2024-07-12,Broker,Motor Third-Party
POL203988,CUST100646,Motor,19000.0,787000.0,12,2024-08-18,2025-08-13,Broker,Motor Comprehensive
POL203989,CUST104168,Marine,6000.0,312000.0,24,2023-11-26,2025-11-15,Online,Marine Hull
POL203990,CUST104802,Motor,16000.0,799000.0,24,2021-05-04,2023-04-24,Broker,Motor Third-Party
POL203991,CUST100181,Motor,25400.0,636000.0,12,2024-09-06,2025-09-01,Agent,Motor Third-Party
POL203992,CUST102271,Health,9300.0,467000.0,12,2022-03-26,2023-03-21,Bancassurance,Critical Illness
POL203993,CUST101274,Marine,30900.0,1409000.0,24,2023-09-20,2025-09-09,Broker,Marine Cargo
POL203994,CUST104912,Motor,16800.0,582000.0,12,2023-03-21,2024-03-15,Broker,Motor Third-Party
POL203995,CUST101759,Motor,25300.0,933000.0,24,2022-05-17,2024-05-06,Direct,Motor Comprehensive
POL203996,CUST100935,Life,25200.0,964000.0,60,2023-05-13,2028-04-16,Broker,ULIP
POL203997,CUST100478,Health,25900.0,1296000.0,12,2024-08-21,2025-08-16,Agent,Individual Health
POL203998,CUST103966,Life,12400.0,527000.0,36,2024-03-17,2027-03-02,Online,Endowment Plan
POL203999,CUST100293,Motor,38700.0,2057000.0,12,2024-11-11,2025-11-06,Agent,Motor Comprehensive
POL204000,CUST101524,Property,34200.0,1776000.0,12,2021-01-24,2022-01-19,Broker,Home Shield
POL204001,CUST102771,Health,18000.0,1010000.0,12,2023-03-16,2024-03-10,Agent,Critical Illness
POL204002,CUST100224,Property,7700.0,419000.0,36,2023-10-31,2026-10-15,Online,Home Shield
POL204003,CUST100873,Travel,12700.0,202000.0,24,2022-03-24,2024-03-13,Broker,Domestic Travel
POL204004,CUST104970,Life,12400.0,388000.0,24,2023-03-18,2025-03-07,Agent,Endowment Plan
POL204005,CUST102289,Motor,5700.0,181000.0,36,2024-03-14,2027-02-27,Agent,Motor Third-Party
POL204006,CUST101517,Life,10800.0,496000.0,12,2024-11-01,2025-10-27,Online,ULIP
POL204007,CUST104348,Health,2000.0,81000.0,12,2022-01-17,2023-01-12,Online,Family Floater
POL204008,CUST100402,Motor,22700.0,1352000.0,12,2024-03-20,2025-03-15,Agent,Motor Comprehensive
POL204009,CUST101320,Motor,15100.0,647000.0,36,2022-11-29,2025-11-13,Bancassurance,Motor Comprehensive
POL204010,CUST104302,Motor,26100.0,1057000.0,36,2022-03-17,2025-03-01,Agent,Motor Third-Party
POL204011,CUST103764,Marine,13800.0,735000.0,12,2022-09-11,2023-09-06,Online,Marine Cargo
POL204012,CUST102160,Property,5400.0,273000.0,24,2021-01-28,2023-01-18,Broker,Property All-Risk
POL204013,CUST104903,Life,7400.0,164000.0,24,2021-12-18,2023-12-08,Agent,ULIP
POL204014,CUST102882,Property,16300.0,599000.0,12,2023-03-23,2024-03-17,Online,Property All-Risk
POL204015,CUST103726,Life,16200.0,966000.0,12,2024-01-13,2025-01-07,Online,ULIP
POL204016,CUST104924,Property,10700.0,501000.0,60,2023-01-27,2028-01-01,Agent,Fire & Allied Perils
POL204017,CUST102521,Motor,10500.0,169000.0,12,2024-01-17,2025-01-11,Broker,Motor Own-Damage
POL204018,CUST102403,Motor,26900.0,478000.0,12,2024-06-28,2025-06-23,Agent,Motor Third-Party
POL204019,CUST103318,Life,4200.0,201000.0,12,2023-02-04,2024-01-30,Direct,ULIP
POL204020,CUST100335,Property,20300.0,1011000.0,12,2021-05-26,2022-05-21,Agent,Property All-Risk
POL204021,CUST102143,Property,14000.0,726000.0,12,2024-05-24,2025-05-19,Agent,Home Shield
POL204022,CUST103455,Travel,26900.0,758000.0,24,2023-05-07,2025-04-26,Bancassurance,Domestic Travel
POL204023,CUST101894,Property,47100.0,2415000.0,24,2022-07-30,2024-07-19,Agent,Property All-Risk
POL204024,CUST103552,Motor,6700.0,400000.0,24,2024-12-25,2026-12-15,Online,Motor Comprehensive
POL204025,CUST102016,Motor,24300.0,994000.0,12,2023-08-22,2024-08-16,Online,Motor Third-Party
POL204026,CUST100971,Health,23600.0,989000.0,12,2021-02-06,2022-02-01,Agent,Critical Illness
POL204027,CUST100731,Life,9700.0,252000.0,12,2024-10-13,2025-10-08,Agent,ULIP
POL204028,CUST102727,Health,12100.0,299000.0,12,2021-03-21,2022-03-16,Bancassurance,Critical Illness
POL204029,CUST100967,Motor,14700.0,226000.0,12,2024-06-24,2025-06-19,Direct,Motor Third-Party
POL204030,CUST101846,Health,23000.0,568000.0,60,2021-01-05,2025-12-10,Broker,Critical Illness
POL204031,CUST102599,Property,17600.0,384000.0,24,2023-09-10,2025-08-30,Bancassurance,Fire & Allied Perils
POL204032,CUST100249,Motor,35100.0,1573000.0,60,2021-03-27,2026-03-01,Agent,Motor Third-Party
POL204033,CUST102102,Life,9000.0,152000.0,12,2021-03-16,2022-03-11,Online,Term Life
POL204034,CUST101558,Motor,16000.0,937000.0,24,2021-11-27,2023-11-17,Agent,Motor Own-Damage
POL204035,CUST101569,Health,19800.0,1117000.0,36,2021-12-16,2024-11-30,Online,Family Floater
POL204036,CUST104547,Life,13500.0,394000.0,12,2023-08-21,2024-08-15,Agent,Term Life
POL204037,CUST104624,Motor,8100.0,454000.0,12,2021-05-21,2022-05-16,Broker,Motor Own-Damage
POL204038,CUST101501,Life,31300.0,1143000.0,6,2023-01-05,2023-07-04,Agent,ULIP
POL204039,CUST104404,Life,19300.0,1036000.0,60,2024-12-24,2029-11-28,Bancassurance,ULIP
POL204040,CUST101115,Health,4200.0,193000.0,24,2021-05-06,2023-04-26,Online,Critical Illness
POL204041,CUST101734,Marine,11100.0,213000.0,60,2024-09-16,2029-08-21,Agent,Marine Hull
POL204042,CUST104704,Property,9400.0,443000.0,12,2022-06-04,2023-05-30,Direct,Fire & Allied Perils
POL204043,CUST100508,Health,39900.0,1747000.0,24,2021-12-17,2023-12-07,Agent,Family Floater
POL204044,CUST101911,Motor,14200.0,728000.0,12,2022-08-16,2023-08-11,Online,Motor Comprehensive
POL204045,CUST104025,Health,36000.0,1781000.0,12,2021-10-19,2022-10-14,Broker,Family Floater
POL204046,CUST104702,Health,21800.0,1045000.0,36,2023-07-15,2026-06-29,Direct,Critical Illness
POL204047,CUST104742,Motor,21100.0,930000.0,12,2021-10-07,2022-10-02,Broker,Motor Third-Party
POL204048,CUST104401,Life,10800.0,579000.0,24,2022-01-17,2024-01-07,Broker,Endowment Plan
POL204049,CUST104822,Marine,14100.0,706000.0,12,2022-11-17,2023-11-12,Online,Marine Hull
POL204050,CUST102352,Motor,6500.0,313000.0,36,2021-01-08,2023-12-24,Agent,Motor Own-Damage
POL204051,CUST101615,Life,28900.0,593000.0,12,2021-02-01,2022-01-27,Agent,Term Life
POL204052,CUST101924,Life,29000.0,1704000.0,24,2021-04-05,2023-03-26,Online,ULIP
POL204053,CUST100603,Life,21100.0,1148000.0,24,2021-04-27,2023-04-17,Online,Endowment Plan
POL204054,CUST100688,Property,17500.0,684000.0,12,2021-03-15,2022-03-10,Online,Property All-Risk
POL204055,CUST104868,Health,15300.0,849000.0,36,2021-12-24,2024-12-08,Agent,Critical Illness
POL204056,CUST100953,Health,39800.0,1561000.0,12,2024-04-18,2025-04-13,Agent,Individual Health
POL204057,CUST103081,Motor,31600.0,1256000.0,12,2023-05-23,2024-05-17,Online,Motor Own-Damage
POL204058,CUST101162,Motor,19400.0,1026000.0,24,2021-01-26,2023-01-16,Bancassurance,Motor Own-Damage
POL204059,CUST103320,Health,12300.0,399000.0,12,2021-01-29,2022-01-24,Online,Individual Health
POL204060,CUST102351,Motor,11500.0,545000.0,12,2022-02-16,2023-02-11,Agent,Motor Own-Damage
POL204061,CUST100525,Motor,38000.0,1944000.0,24,2021-02-17,2023-02-07,Bancassurance,Motor Own-Damage
POL204062,CUST101860,Motor,10000.0,555000.0,24,2022-05-25,2024-05-14,Agent,Motor Third-Party
POL204063,CUST103653,Motor,16000.0,691000.0,36,2023-09-14,2026-08-29,Agent,Motor Own-Damage
POL204064,CUST104001,Health,23500.0,658000.0,12,2024-03-30,2025-03-25,Agent,Family Floater
POL204065,CUST101447,Motor,27600.0,1385000.0,24,2023-02-04,2025-01-24,Agent,Motor Comprehensive
POL204066,CUST101483,Motor,20400.0,391000.0,24,2024-02-07,2026-01-27,Bancassurance,Motor Own-Damage
POL204067,CUST103648,Life,17900.0,792000.0,36,2023-06-05,2026-05-20,Agent,Endowment Plan
POL204068,CUST102122,Life,17200.0,806000.0,12,2023-11-09,2024-11-03,Bancassurance,Term Life
POL204069,CUST100350,Travel,14800.0,805000.0,36,2021-11-30,2024-11-14,Agent,International Travel
POL204070,CUST100613,Marine,8200.0,269000.0,24,2023-08-02,2025-07-22,Bancassurance,Marine Cargo
POL204071,CUST101868,Property,25600.0,1253000.0,36,2024-10-16,2027-10-01,Agent,Home Shield
POL204072,CUST101356,Life,12500.0,505000.0,24,2023-05-14,2025-05-03,Bancassurance,Term Life
POL204073,CUST100594,Motor,7200.0,312000.0,12,2024-08-20,2025-08-15,Agent,Motor Own-Damage
POL204074,CUST103915,Motor,8800.0,403000.0,12,2024-10-24,2025-10-19,Online,Motor Comprehensive
POL204075,CUST102294,Travel,19300.0,426000.0,12,2023-08-22,2024-08-16,Agent,International Travel
POL204076,CUST103535,Travel,24900.0,1203000.0,24,2021-01-08,2022-12-29,Agent,International Travel
POL204077,CUST100009,Health,18900.0,364000.0,12,2022-11-10,2023-11-05,Direct,Family Floater
POL204078,CUST102011,Health,15700.0,924000.0,6,2022-12-27,2023-06-25,Online,Family Floater
POL204079,CUST102390,Motor,16500.0,353000.0,12,2021-10-30,2022-10-25,Online,Motor Comprehensive
POL204080,CUST102887,Motor,10200.0,606000.0,24,2023-08-26,2025-08-15,Agent,Motor Third-Party
POL204081,CUST104840,Health,29300.0,770000.0,36,2021-11-28,2024-11-12,Online,Individual Health
POL204082,CUST102291,Motor,8900.0,297000.0,12,2023-07-08,2024-07-02,Bancassurance,Motor Own-Damage
POL204083,CUST102446,Health,20700.0,842000.0,12,2022-03-12,2023-03-07,Broker,Family Floater
POL204084,CUST104476,Property,28200.0,1031000.0,12,2024-11-30,2025-11-25,Online,Fire & Allied Perils
POL204085,CUST101992,Property,19700.0,922000.0,24,2024-08-01,2026-07-22,Agent,Home Shield
POL204086,CUST101973,Property,23800.0,1081000.0,24,2024-01-03,2025-12-23,Agent,Fire & Allied Perils
POL204087,CUST100798,Motor,10800.0,340000.0,60,2022-06-05,2027-05-10,Agent,Motor Comprehensive
POL204088,CUST103610,Health,20300.0,1005000.0,12,2023-05-20,2024-05-14,Online,Family Floater
POL204089,CUST100097,Life,27200.0,1006000.0,12,2024-05-02,2025-04-27,Bancassurance,Endowment Plan
POL204090,CUST101092,Life,25800.0,1105000.0,36,2022-02-02,2025-01-17,Direct,Endowment Plan
POL204091,CUST102090,Travel,27400.0,1281000.0,12,2022-02-05,2023-01-31,Online,Domestic Travel
POL204092,CUST102170,Motor,14200.0,606000.0,12,2024-07-31,2025-07-26,Agent,Motor Third-Party
POL204093,CUST100192,Motor,30200.0,559000.0,12,2022-10-02,2023-09-27,Direct,Motor Third-Party
POL204094,CUST102646,Health,18400.0,902000.0,12,2022-04-17,2023-04-12,Online,Critical Illness
POL204095,CUST104859,Health,13800.0,502000.0,12,2023-02-10,2024-02-05,Agent,Individual Health
POL204096,CUST100523,Health,38400.0,803000.0,12,2023-11-09,2024-11-03,Broker,Critical Illness
POL204097,CUST102467,Health,4400.0,104000.0,36,2021-01-07,2023-12-23,Online,Family Floater
POL204098,CUST102937,Motor,17600.0,440000.0,60,2022-05-08,2027-04-12,Bancassurance,Motor Third-Party
POL204099,CUST101620,Health,11200.0,615000.0,60,2024-04-14,2029-03-19,Agent,Critical Illness
POL204100,CUST102873,Life,25700.0,1083000.0,24,2023-05-21,2025-05-10,Broker,Term Life
POL204101,CUST101704,Motor,10600.0,185000.0,24,2023-05-28,2025-05-17,Agent,Motor Comprehensive
POL204102,CUST100793,Property,5800.0,296000.0,12,2022-09-20,2023-09-15,Bancassurance,Property All-Risk
POL204103,CUST104202,Life,13200.0,612000.0,12,2021-04-27,2022-04-22,Direct,Term Life
POL204104,CUST104993,Motor,14100.0,538000.0,24,2022-11-13,2024-11-02,Online,Motor Own-Damage
POL204105,CUST101929,Motor,11900.0,621000.0,36,2021-02-01,2024-01-17,Online,Motor Own-Damage
POL204106,CUST100462,Motor,7300.0,362000.0,12,2022-08-21,2023-08-16,Bancassurance,Motor Own-Damage
POL204107,CUST100817,Motor,15600.0,587000.0,12,2021-05-31,2022-05-26,Online,Motor Own-Damage
POL204108,CUST104476,Life,5000.0,241000.0,12,2024-02-28,2025-02-22,Online,ULIP
POL204109,CUST104404,Travel,15600.0,250000.0,12,2024-01-14,2025-01-08,Agent,International Travel
POL204110,CUST102457,Motor,16000.0,602000.0,60,2023-05-12,2028-04-15,Broker,Motor Comprehensive
POL204111,CUST104356,Motor,36200.0,1145000.0,36,2024-03-26,2027-03-11,Agent,Motor Comprehensive
POL204112,CUST101113,Property,19200.0,488000.0,12,2023-01-06,2024-01-01,Agent,Property All-Risk
POL204113,CUST102001,Health,5100.0,182000.0,12,2024-09-17,2025-09-12,Agent,Individual Health
POL204114,CUST100563,Health,22100.0,722000.0,12,2022-12-23,2023-12-18,Online,Family Floater
POL204115,CUST102724,Health,39300.0,916000.0,12,2021-03-02,2022-02-25,Agent,Individual Health
POL204116,CUST103497,Motor,10700.0,642000.0,24,2022-11-15,2024-11-04,Direct,Motor Comprehensive
POL204117,CUST104807,Motor,16000.0,277000.0,24,2021-05-20,2023-05-10,Online,Motor Third-Party
POL204118,CUST103772,Travel,14200.0,748000.0,12,2024-03-30,2025-03-25,Broker,International Travel
POL204119,CUST103324,Life,16600.0,812000.0,60,2023-03-18,2028-02-20,Agent,Term Life
POL204120,CUST103367,Motor,2100.0,39000.0,12,2022-12-29,2023-12-24,Agent,Motor Comprehensive
POL204121,CUST103145,Travel,16200.0,492000.0,12,2022-04-01,2023-03-27,Online,International Travel
POL204122,CUST102099,Health,15900.0,678000.0,24,2022-12-21,2024-12-10,Broker,Individual Health
POL204123,CUST102500,Motor,11400.0,251000.0,12,2024-12-12,2025-12-07,Agent,Motor Comprehensive
POL204124,CUST100862,Travel,14800.0,717000.0,24,2021-07-15,2023-07-05,Online,Domestic Travel
POL204125,CUST100100,Life,17600.0,542000.0,12,2022-01-28,2023-01-23,Broker,Endowment Plan
POL204126,CUST103947,Life,18700.0,400000.0,36,2021-12-25,2024-12-09,Agent,Term Life
POL204127,CUST102480,Motor,20500.0,945000.0,12,2021-07-15,2022-07-10,Agent,Motor Comprehensive
POL204128,CUST104356,Motor,32300.0,849000.0,12,2024-03-27,2025-03-22,Bancassurance,Motor Comprehensive
POL204129,CUST100608,Travel,23700.0,730000.0,24,2024-03-29,2026-03-19,Online,International Travel
POL204130,CUST101959,Motor,18700.0,647000.0,12,2024-04-19,2025-04-14,Bancassurance,Motor Third-Party
POL204131,CUST101286,Property,13900.0,479000.0,24,2022-10-01,2024-09-20,Agent,Property All-Risk
POL204132,CUST104206,Property,48900.0,2473000.0,12,2022-05-27,2023-05-22,Online,Home Shield
POL204133,CUST101884,Health,5000.0,221000.0,24,2022-02-15,2024-02-05,Agent,Family Floater
POL204134,CUST103178,Marine,20300.0,1084000.0,12,2021-10-16,2022-10-11,Online,Marine Hull
POL204135,CUST100421,Marine,26200.0,1302000.0,12,2022-07-08,2023-07-03,Agent,Marine Hull
POL204136,CUST102634,Property,17700.0,1011000.0,6,2024-02-28,2024-08-26,Online,Fire & Allied Perils
POL204137,CUST102206,Health,11000.0,338000.0,24,2021-04-18,2023-04-08,Agent,Family Floater
POL204138,CUST103053,Life,21900.0,899000.0,24,2024-08-29,2026-08-19,Online,Term Life
POL204139,CUST102926,Health,8700.0,460000.0,12,2022-06-02,2023-05-28,Broker,Family Floater
POL204140,CUST100538,Motor,26300.0,1362000.0,12,2023-10-20,2024-10-14,Online,Motor Own-Damage
POL204141,CUST100250,Marine,8200.0,422000.0,6,2023-03-25,2023-09-21,Agent,Marine Cargo
POL204142,CUST100626,Travel,34100.0,1172000.0,12,2022-07-07,2023-07-02,Bancassurance,Domestic Travel
POL204143,CUST101088,Motor,22000.0,811000.0,12,2023-04-22,2024-04-16,Broker,Motor Third-Party
POL204144,CUST103633,Life,18200.0,338000.0,12,2022-12-22,2023-12-17,Online,ULIP
POL204145,CUST101345,Travel,15300.0,350000.0,24,2021-11-14,2023-11-04,Agent,Domestic Travel
POL204146,CUST104849,Life,16400.0,572000.0,36,2024-07-03,2027-06-18,Agent,ULIP
POL204147,CUST100433,Motor,9400.0,273000.0,24,2023-02-06,2025-01-26,Agent,Motor Third-Party
POL204148,CUST102539,Motor,17500.0,452000.0,12,2021-08-10,2022-08-05,Bancassurance,Motor Own-Damage
POL204149,CUST103579,Health,13200.0,287000.0,6,2023-07-29,2024-01-25,Agent,Family Floater
POL204150,CUST100270,Travel,12500.0,611000.0,60,2021-03-11,2026-02-13,Online,International Travel
POL204151,CUST102570,Motor,47100.0,2425000.0,24,2022-09-26,2024-09-15,Broker,Motor Third-Party
POL204152,CUST100340,Health,13400.0,497000.0,12,2024-08-17,2025-08-12,Agent,Critical Illness
POL204153,CUST103949,Property,14500.0,756000.0,36,2022-08-28,2025-08-12,Online,Home Shield
POL204154,CUST102336,Property,29400.0,1651000.0,12,2023-04-16,2024-04-10,Agent,Home Shield
POL204155,CUST104323,Travel,9300.0,203000.0,12,2021-03-11,2022-03-06,Agent,Domestic Travel
POL204156,CUST103288,Property,33600.0,1760000.0,12,2023-07-21,2024-07-15,Bancassurance,Property All-Risk
POL204157,CUST101584,Life,14200.0,231000.0,12,2023-03-03,2024-02-26,Direct,ULIP
POL204158,CUST100774,Travel,10300.0,207000.0,12,2021-07-21,2022-07-16,Agent,Domestic Travel
POL204159,CUST100791,Life,4900.0,164000.0,12,2024-01-03,2024-12-28,Bancassurance,Endowment Plan
POL204160,CUST100165,Life,31300.0,1415000.0,24,2023-11-27,2025-11-16,Direct,Endowment Plan
POL204161,CUST101501,Motor,12000.0,444000.0,60,2022-08-18,2027-07-23,Online,Motor Own-Damage
POL204162,CUST103647,Health,14000.0,342000.0,60,2023-04-03,2028-03-07,Bancassurance,Individual Health
POL204163,CUST101773,Motor,14100.0,612000.0,12,2022-09-17,2023-09-12,Agent,Motor Own-Damage
POL204164,CUST100730,Marine,12000.0,649000.0,24,2022-05-07,2024-04-26,Agent,Marine Hull
POL204165,CUST100400,Motor,21900.0,1112000.0,12,2021-04-18,2022-04-13,Agent,Motor Third-Party
POL204166,CUST102190,Health,27300.0,774000.0,24,2023-09-05,2025-08-25,Agent,Critical Illness
POL204167,CUST101049,Travel,48700.0,2707000.0,12,2021-10-18,2022-10-13,Online,Domestic Travel
POL204168,CUST103670,Property,35200.0,1140000.0,24,2024-09-02,2026-08-23,Online,Home Shield
POL204169,CUST101684,Life,17900.0,992000.0,6,2024-12-03,2025-06-01,Agent,ULIP
POL204170,CUST100626,Life,26500.0,521000.0,24,2024-09-04,2026-08-25,Bancassurance,Term Life
POL204171,CUST101363,Motor,40700.0,2324000.0,12,2023-05-06,2024-04-30,Agent,Motor Third-Party
POL204172,CUST102213,Motor,28700.0,880000.0,12,2021-02-21,2022-02-16,Bancassurance,Motor Own-Damage
POL204173,CUST100188,Property,18500.0,643000.0,12,2023-12-22,2024-12-16,Online,Fire & Allied Perils
POL204174,CUST100557,Marine,22100.0,1165000.0,12,2021-05-15,2022-05-10,Agent,Marine Hull
POL204175,CUST104804,Health,33900.0,1561000.0,12,2024-04-02,2025-03-28,Online,Critical Illness
POL204176,CUST101737,Motor,4000.0,160000.0,12,2023-03-09,2024-03-03,Agent,Motor Comprehensive
POL204177,CUST103740,Motor,15200.0,692000.0,12,2023-05-02,2024-04-26,Agent,Motor Third-Party
POL204178,CUST104562,Health,3200.0,123000.0,24,2023-07-04,2025-06-23,Broker,Critical Illness
POL204179,CUST100567,Motor,7800.0,126000.0,12,2024-01-06,2024-12-31,Online,Motor Own-Damage
POL204180,CUST103430,Motor,2300.0,83000.0,12,2024-09-25,2025-09-20,Agent,Motor Third-Party
POL204181,CUST104165,Health,14500.0,612000.0,24,2023-02-04,2025-01-24,Agent,Individual Health
POL204182,CUST100115,Health,38700.0,809000.0,12,2023-06-19,2024-06-13,Broker,Family Floater
POL204183,CUST101554,Life,31600.0,795000.0,24,2024-04-13,2026-04-03,Agent,Endowment Plan
POL204184,CUST100672,Health,10300.0,261000.0,12,2024-03-10,2025-03-05,Online,Family Floater
POL204185,CUST100159,Health,22000.0,866000.0,24,2022-10-16,2024-10-05,Online,Critical Illness
POL204186,CUST101469,Motor,9000.0,226000.0,24,2023-10-30,2025-10-19,Broker,Motor Own-Damage
POL204187,CUST100914,Life,18000.0,454000.0,12,2021-06-04,2022-05-30,Bancassurance,Term Life
POL204188,CUST104477,Motor,36000.0,1229000.0,60,2022-09-25,2027-08-30,Online,Motor Comprehensive
POL204189,CUST101186,Marine,7200.0,363000.0,12,2021-05-13,2022-05-08,Agent,Marine Hull
POL204190,CUST103735,Motor,20100.0,554000.0,12,2022-05-06,2023-05-01,Broker,Motor Own-Damage
POL204191,CUST100257,Property,26000.0,684000.0,12,2022-12-22,2023-12-17,Bancassurance,Property All-Risk
POL204192,CUST103087,Health,11700.0,440000.0,12,2023-07-22,2024-07-16,Agent,Family Floater
POL204193,CUST103474,Life,20000.0,617000.0,12,2022-08-05,2023-07-31,Agent,Endowment Plan
POL204194,CUST100762,Life,10000.0,591000.0,24,2023-08-01,2025-07-21,Bancassurance,Endowment Plan
POL204195,CUST102155,Motor,18600.0,954000.0,24,2021-03-27,2023-03-17,Agent,Motor Third-Party
POL204196,CUST104644,Health,18600.0,607000.0,36,2022-06-04,2025-05-19,Online,Family Floater
POL204197,CUST103070,Motor,6400.0,130000.0,12,2021-04-23,2022-04-18,Online,Motor Own-Damage
POL204198,CUST104040,Health,5600.0,139000.0,24,2022-03-24,2024-03-13,Agent,Critical Illness
POL204199,CUST102123,Marine,4900.0,246000.0,12,2022-03-04,2023-02-27,Bancassurance,Marine Hull
POL204200,CUST101197,Life,22800.0,811000.0,12,2021-06-13,2022-06-08,Bancassurance,Term Life
POL204201,CUST102349,Life,20600.0,490000.0,12,2022-09-07,2023-09-02,Agent,ULIP
POL204202,CUST102021,Motor,17500.0,755000.0,24,2021-05-20,2023-05-10,Bancassurance,Motor Third-Party
POL204203,CUST104914,Health,14800.0,648000.0,24,2023-09-22,2025-09-11,Online,Critical Illness
POL204204,CUST102141,Life,27200.0,811000.0,36,2021-05-08,2024-04-22,Online,Endowment Plan
POL204205,CUST103136,Motor,13700.0,294000.0,24,2024-07-13,2026-07-03,Agent,Motor Third-Party
POL204206,CUST102937,Motor,10700.0,432000.0,24,2023-10-19,2025-10-08,Online,Motor Third-Party
POL204207,CUST101857,Motor,7700.0,311000.0,12,2022-05-26,2023-05-21,Online,Motor Comprehensive
POL204208,CUST101874,Motor,16800.0,597000.0,12,2023-02-17,2024-02-12,Agent,Motor Third-Party
POL204209,CUST104223,Travel,19100.0,1120000.0,36,2023-01-09,2025-12-24,Agent,International Travel
POL204210,CUST101050,Motor,3100.0,91000.0,24,2024-07-01,2026-06-21,Agent,Motor Comprehensive
POL204211,CUST102079,Motor,16300.0,613000.0,12,2021-10-20,2022-10-15,Online,Motor Comprehensive
POL204212,CUST103334,Motor,25200.0,1099000.0,60,2021-06-14,2026-05-19,Agent,Motor Comprehensive
POL204213,CUST100282,Motor,14000.0,645000.0,12,2022-09-20,2023-09-15,Online,Motor Third-Party
POL204214,CUST103387,Health,55300.0,2933000.0,24,2024-12-29,2026-12-19,Online,Family Floater
POL204215,CUST104163,Motor,16900.0,421000.0,12,2022-03-02,2023-02-25,Online,Motor Third-Party
POL204216,CUST102211,Motor,12400.0,667000.0,12,2022-10-23,2023-10-18,Agent,Motor Comprehensive
POL204217,CUST102914,Motor,13200.0,258000.0,12,2024-05-11,2025-05-06,Bancassurance,Motor Comprehensive
POL204218,CUST102433,Property,20900.0,375000.0,24,2024-02-23,2026-02-12,Agent,Home Shield
POL204219,CUST103329,Health,48300.0,2618000.0,12,2021-10-07,2022-10-02,Agent,Individual Health
POL204220,CUST100253,Life,10700.0,317000.0,12,2021-12-02,2022-11-27,Agent,Term Life
POL204221,CUST103086,Motor,23900.0,1215000.0,12,2021-09-04,2022-08-30,Online,Motor Third-Party
POL204222,CUST102280,Health,20100.0,1002000.0,24,2022-04-11,2024-03-31,Online,Individual Health
POL204223,CUST100178,Travel,36600.0,1661000.0,12,2021-12-22,2022-12-17,Broker,Domestic Travel
POL204224,CUST104001,Motor,10400.0,252000.0,12,2021-06-28,2022-06-23,Online,Motor Comprehensive
POL204225,CUST100758,Health,22100.0,754000.0,12,2021-03-27,2022-03-22,Agent,Critical Illness
POL204226,CUST102957,Motor,29200.0,1501000.0,12,2022-05-31,2023-05-26,Online,Motor Third-Party
POL204227,CUST104251,Motor,23600.0,458000.0,24,2022-01-24,2024-01-14,Agent,Motor Third-Party
POL204228,CUST104603,Health,27400.0,1035000.0,36,2022-06-29,2025-06-13,Broker,Critical Illness
POL204229,CUST103140,Health,13600.0,298000.0,12,2022-02-22,2023-02-17,Agent,Family Floater
POL204230,CUST103582,Health,19400.0,380000.0,24,2022-04-20,2024-04-09,Online,Critical Illness
POL204231,CUST102924,Health,32600.0,1137000.0,12,2021-05-29,2022-05-24,Broker,Family Floater
POL204232,CUST103888,Health,5700.0,165000.0,6,2024-08-16,2025-02-12,Bancassurance,Individual Health
POL204233,CUST104879,Health,13800.0,717000.0,6,2021-12-15,2022-06-13,Bancassurance,Family Floater
POL204234,CUST102292,Property,9900.0,366000.0,36,2024-05-25,2027-05-10,Online,Home Shield
POL204235,CUST102064,Life,9600.0,464000.0,24,2023-12-04,2025-11-23,Agent,Endowment Plan
POL204236,CUST100867,Motor,20400.0,913000.0,12,2021-06-05,2022-05-31,Broker,Motor Third-Party
POL204237,CUST104896,Motor,20200.0,1168000.0,24,2022-10-28,2024-10-17,Agent,Motor Comprehensive
POL204238,CUST104560,Life,14100.0,376000.0,12,2022-07-27,2023-07-22,Agent,Term Life
POL204239,CUST103531,Motor,18600.0,933000.0,24,2022-12-17,2024-12-06,Broker,Motor Comprehensive
POL204240,CUST103295,Marine,16200.0,380000.0,60,2022-04-07,2027-03-12,Bancassurance,Marine Hull
POL204241,CUST101023,Property,5000.0,269000.0,36,2023-07-18,2026-07-02,Broker,Fire & Allied Perils
POL204242,CUST104547,Motor,7600.0,413000.0,24,2024-09-20,2026-09-10,Online,Motor Own-Damage
POL204243,CUST100289,Property,23900.0,1238000.0,12,2022-04-02,2023-03-28,Online,Fire & Allied Perils
POL204244,CUST103087,Motor,8800.0,259000.0,12,2023-05-29,2024-05-23,Bancassurance,Motor Third-Party
POL204245,CUST101267,Motor,14000.0,302000.0,12,2022-04-08,2023-04-03,Broker,Motor Own-Damage
POL204246,CUST102272,Travel,21400.0,1133000.0,12,2024-07-23,2025-07-18,Agent,International Travel
POL204247,CUST100475,Property,20100.0,835000.0,12,2022-03-30,2023-03-25,Online,Fire & Allied Perils
POL204248,CUST100673,Health,11200.0,394000.0,12,2022-08-28,2023-08-23,Bancassurance,Family Floater
POL204249,CUST101884,Property,16900.0,567000.0,12,2022-04-16,2023-04-11,Agent,Fire & Allied Perils
POL204250,CUST101988,Motor,13700.0,268000.0,24,2023-06-23,2025-06-12,Broker,Motor Comprehensive
POL204251,CUST104407,Life,15600.0,688000.0,24,2024-09-30,2026-09-20,Agent,Endowment Plan
POL204252,CUST102987,Travel,35900.0,1380000.0,12,2021-07-22,2022-07-17,Online,Domestic Travel
POL204253,CUST100156,Property,22000.0,1282000.0,36,2022-04-24,2025-04-08,Bancassurance,Fire & Allied Perils
POL204254,CUST104653,Health,15600.0,708000.0,24,2021-06-20,2023-06-10,Online,Family Floater
POL204255,CUST103052,Health,17200.0,1005000.0,12,2023-03-10,2024-03-04,Bancassurance,Critical Illness
POL204256,CUST104146,Marine,3200.0,68000.0,24,2023-06-14,2025-06-03,Online,Marine Cargo
POL204257,CUST104620,Motor,62000.0,2834000.0,24,2023-10-08,2025-09-27,Online,Motor Own-Damage
POL204258,CUST102565,Travel,32400.0,1673000.0,12,2023-04-04,2024-03-29,Bancassurance,International Travel
POL204259,CUST100896,Health,13100.0,557000.0,12,2024-01-10,2025-01-04,Broker,Critical Illness
POL204260,CUST102239,Motor,4900.0,209000.0,12,2024-07-28,2025-07-23,Broker,Motor Third-Party
POL204261,CUST103433,Motor,13500.0,297000.0,12,2021-02-27,2022-02-22,Broker,Motor Own-Damage
POL204262,CUST100166,Health,29400.0,866000.0,60,2023-09-30,2028-09-03,Broker,Critical Illness
POL204263,CUST104730,Motor,27500.0,1195000.0,36,2024-04-05,2027-03-21,Agent,Motor Own-Damage
POL204264,CUST101755,Health,16800.0,610000.0,24,2021-11-07,2023-10-28,Direct,Critical Illness
POL204265,CUST103298,Marine,43100.0,2320000.0,6,2021-05-08,2021-11-04,Online,Marine Cargo
POL204266,CUST104906,Motor,14900.0,745000.0,6,2023-01-31,2023-07-30,Agent,Motor Own-Damage
POL204267,CUST104326,Life,14000.0,547000.0,12,2023-01-25,2024-01-20,Online,Term Life
POL204268,CUST103705,Health,21300.0,906000.0,12,2021-03-03,2022-02-26,Online,Critical Illness
POL204269,CUST101493,Life,10500.0,468000.0,24,2022-05-22,2024-05-11,Bancassurance,Endowment Plan
POL204270,CUST102623,Health,12100.0,538000.0,12,2023-08-15,2024-08-09,Agent,Family Floater
POL204271,CUST102507,Property,24200.0,1121000.0,60,2021-05-24,2026-04-28,Online,Home Shield
POL204272,CUST104311,Health,9800.0,366000.0,12,2021-06-28,2022-06-23,Agent,Critical Illness
POL204273,CUST100198,Health,21300.0,438000.0,12,2022-01-06,2023-01-01,Agent,Family Floater
POL204274,CUST100115,Motor,28200.0,1635000.0,12,2022-08-30,2023-08-25,Online,Motor Own-Damage
POL204275,CUST100590,Health,13200.0,208000.0,12,2022-10-06,2023-10-01,Online,Family Floater
POL204276,CUST104788,Motor,14700.0,231000.0,12,2021-02-26,2022-02-21,Agent,Motor Third-Party
POL204277,CUST102702,Life,18000.0,1030000.0,24,2022-05-15,2024-05-04,Online,Endowment Plan
POL204278,CUST103498,Health,9800.0,365000.0,36,2023-09-01,2026-08-16,Agent,Individual Health
POL204279,CUST100472,Property,12900.0,668000.0,24,2022-11-06,2024-10-26,Online,Home Shield
POL204280,CUST100066,Health,6100.0,197000.0,24,2023-09-26,2025-09-15,Agent,Critical Illness
POL204281,CUST103251,Life,8500.0,292000.0,60,2023-02-22,2028-01-27,Agent,ULIP
POL204282,CUST103527,Motor,15900.0,743000.0,6,2021-08-02,2022-01-29,Agent,Motor Own-Damage
POL204283,CUST102135,Life,20400.0,773000.0,24,2021-12-03,2023-11-23,Broker,Endowment Plan
POL204284,CUST100415,Travel,20500.0,1138000.0,12,2021-09-14,2022-09-09,Agent,Domestic Travel
POL204285,CUST102448,Health,11200.0,517000.0,24,2023-07-28,2025-07-17,Online,Individual Health
POL204286,CUST103197,Motor,11300.0,438000.0,24,2022-04-16,2024-04-05,Broker,Motor Comprehensive
POL204287,CUST101067,Life,12300.0,644000.0,24,2023-01-04,2024-12-24,Agent,ULIP
POL204288,CUST101504,Motor,16800.0,664000.0,12,2024-12-24,2025-12-19,Agent,Motor Comprehensive
POL204289,CUST103733,Health,8500.0,242000.0,12,2021-06-22,2022-06-17,Broker,Family Floater
POL204290,CUST101060,Motor,5500.0,112000.0,36,2024-07-18,2027-07-03,Bancassurance,Motor Own-Damage
POL204291,CUST100495,Health,18300.0,563000.0,36,2023-05-04,2026-04-18,Agent,Individual Health
POL204292,CUST103140,Property,11600.0,505000.0,24,2022-11-08,2024-10-28,Agent,Home Shield
POL204293,CUST100115,Motor,20600.0,1219000.0,12,2023-08-12,2024-08-06,Bancassurance,Motor Own-Damage
POL204294,CUST102170,Health,44200.0,2146000.0,12,2024-03-23,2025-03-18,Bancassurance,Individual Health
POL204295,CUST102847,Motor,11900.0,510000.0,12,2023-08-14,2024-08-08,Bancassurance,Motor Comprehensive
POL204296,CUST100322,Motor,21500.0,518000.0,12,2021-01-06,2022-01-01,Bancassurance,Motor Third-Party
POL204297,CUST103266,Life,3800.0,178000.0,12,2024-08-14,2025-08-09,Bancassurance,Endowment Plan
POL204298,CUST104111,Life,13300.0,512000.0,12,2021-06-20,2022-06-15,Broker,ULIP
POL204299,CUST104867,Property,17700.0,854000.0,24,2022-11-22,2024-11-11,Broker,Fire & Allied Perils
POL204300,CUST101330,Motor,3300.0,104000.0,12,2023-11-30,2024-11-24,Online,Motor Own-Damage
POL204301,CUST101635,Motor,33800.0,1234000.0,12,2024-03-22,2025-03-17,Bancassurance,Motor Comprehensive
POL204302,CUST103091,Health,10000.0,387000.0,12,2024-07-31,2025-07-26,Broker,Individual Health
POL204303,CUST102996,Life,26000.0,814000.0,24,2023-07-10,2025-06-29,Bancassurance,Term Life
POL204304,CUST103046,Life,22500.0,923000.0,12,2021-06-17,2022-06-12,Broker,Endowment Plan
POL204305,CUST101573,Life,38100.0,1045000.0,12,2022-06-23,2023-06-18,Agent,Endowment Plan
POL204306,CUST100280,Property,3900.0,72000.0,12,2024-02-19,2025-02-13,Agent,Property All-Risk
POL204307,CUST100124,Motor,19300.0,444000.0,12,2024-04-26,2025-04-21,Online,Motor Comprehensive
POL204308,CUST104986,Travel,15600.0,581000.0,24,2021-03-28,2023-03-18,Online,Domestic Travel
POL204309,CUST102031,Travel,3100.0,56000.0,12,2022-07-06,2023-07-01,Broker,International Travel
POL204310,CUST102238,Motor,14800.0,480000.0,24,2022-05-24,2024-05-13,Bancassurance,Motor Third-Party
POL204311,CUST103130,Health,13800.0,627000.0,6,2024-06-20,2024-12-17,Bancassurance,Critical Illness
POL204312,CUST101026,Property,7100.0,270000.0,12,2024-01-25,2025-01-19,Agent,Property All-Risk
POL204313,CUST101909,Health,14200.0,567000.0,12,2023-09-04,2024-08-29,Online,Family Floater
POL204314,CUST102183,Motor,13400.0,638000.0,12,2022-11-30,2023-11-25,Online,Motor Third-Party
POL204315,CUST100474,Health,11900.0,243000.0,12,2021-04-25,2022-04-20,Agent,Family Floater
POL204316,CUST103015,Health,19700.0,529000.0,60,2023-12-24,2028-11-27,Online,Critical Illness
POL204317,CUST100968,Property,24500.0,833000.0,12,2023-07-31,2024-07-25,Agent,Fire & Allied Perils
POL204318,CUST100015,Property,10100.0,273000.0,12,2022-02-19,2023-02-14,Online,Fire & Allied Perils
POL204319,CUST103104,Travel,15100.0,525000.0,12,2022-05-07,2023-05-02,Agent,Domestic Travel
POL204320,CUST101500,Health,37500.0,2071000.0,24,2023-09-04,2025-08-24,Bancassurance,Individual Health
POL204321,CUST103589,Property,15000.0,302000.0,36,2021-03-02,2024-02-15,Broker,Fire & Allied Perils
POL204322,CUST102681,Motor,9900.0,280000.0,12,2024-02-27,2025-02-21,Direct,Motor Own-Damage
POL204323,CUST100145,Health,7900.0,427000.0,36,2023-05-14,2026-04-28,Online,Family Floater
POL204324,CUST103472,Marine,21900.0,885000.0,36,2021-10-18,2024-10-02,Agent,Marine Hull
POL204325,CUST100203,Property,10400.0,610000.0,36,2023-02-22,2026-02-06,Bancassurance,Property All-Risk
POL204326,CUST101566,Life,9100.0,207000.0,12,2021-09-29,2022-09-24,Bancassurance,ULIP
POL204327,CUST103430,Motor,21100.0,1034000.0,24,2022-03-14,2024-03-03,Bancassurance,Motor Third-Party
POL204328,CUST102019,Motor,6400.0,338000.0,12,2021-03-07,2022-03-02,Bancassurance,Motor Own-Damage
POL204329,CUST101924,Life,20400.0,1186000.0,12,2024-04-27,2025-04-22,Agent,Term Life
POL204330,CUST101106,Health,8200.0,181000.0,12,2022-07-12,2023-07-07,Online,Family Floater
POL204331,CUST102219,Health,9200.0,360000.0,12,2023-09-20,2024-09-14,Online,Critical Illness
POL204332,CUST101465,Property,6300.0,209000.0,24,2021-01-21,2023-01-11,Bancassurance,Home Shield
POL204333,CUST104730,Motor,9500.0,402000.0,12,2024-06-11,2025-06-06,Online,Motor Own-Damage
POL204334,CUST103436,Health,29600.0,550000.0,12,2023-02-09,2024-02-04,Online,Critical Illness
POL204335,CUST104544,Motor,58900.0,2139000.0,12,2021-08-27,2022-08-22,Bancassurance,Motor Own-Damage
POL204336,CUST101686,Motor,14300.0,233000.0,24,2022-02-10,2024-01-31,Agent,Motor Own-Damage
POL204337,CUST104750,Motor,12800.0,370000.0,36,2022-08-13,2025-07-28,Bancassurance,Motor Comprehensive
POL204338,CUST101398,Motor,24700.0,1284000.0,12,2024-12-15,2025-12-10,Bancassurance,Motor Own-Damage
POL204339,CUST101545,Health,20600.0,742000.0,12,2024-08-10,2025-08-05,Bancassurance,Critical Illness
POL204340,CUST101492,Health,27600.0,1471000.0,12,2024-06-26,2025-06-21,Bancassurance,Family Floater
POL204341,CUST102947,Health,19500.0,344000.0,12,2021-09-28,2022-09-23,Online,Family Floater
POL204342,CUST103063,Property,29700.0,1381000.0,12,2023-03-14,2024-03-08,Online,Fire & Allied Perils
POL204343,CUST100324,Health,18900.0,334000.0,24,2021-02-17,2023-02-07,Bancassurance,Critical Illness
POL204344,CUST102804,Life,37600.0,827000.0,24,2024-08-05,2026-07-26,Broker,Endowment Plan
POL204345,CUST104764,Life,24300.0,1243000.0,12,2021-03-29,2022-03-24,Agent,Term Life
POL204346,CUST102034,Health,35700.0,567000.0,12,2024-11-06,2025-11-01,Agent,Individual Health
POL204347,CUST103498,Health,12800.0,411000.0,12,2021-10-03,2022-09-28,Agent,Individual Health
POL204348,CUST103161,Marine,14000.0,800000.0,12,2023-05-27,2024-05-21,Online,Marine Hull
POL204349,CUST104899,Health,18100.0,398000.0,24,2024-04-11,2026-04-01,Agent,Individual Health
POL204350,CUST103213,Health,4900.0,283000.0,24,2022-06-07,2024-05-27,Bancassurance,Critical Illness
POL204351,CUST102354,Health,18800.0,448000.0,12,2022-03-02,2023-02-25,Agent,Critical Illness
POL204352,CUST100065,Property,15500.0,421000.0,12,2024-07-12,2025-07-07,Online,Fire & Allied Perils
POL204353,CUST104019,Health,16500.0,721000.0,12,2023-09-15,2024-09-09,Bancassurance,Family Floater
POL204354,CUST101695,Health,13700.0,210000.0,36,2022-01-25,2025-01-09,Agent,Family Floater
POL204355,CUST104624,Health,18100.0,849000.0,12,2021-01-08,2022-01-03,Bancassurance,Family Floater
POL204356,CUST101221,Property,12100.0,673000.0,12,2022-04-24,2023-04-19,Bancassurance,Fire & Allied Perils
POL204357,CUST102186,Health,29100.0,902000.0,12,2022-01-05,2022-12-31,Broker,Family Floater
POL204358,CUST104145,Travel,23500.0,993000.0,12,2023-08-07,2024-08-01,Online,Domestic Travel
POL204359,CUST100758,Property,18200.0,566000.0,24,2022-07-26,2024-07-15,Bancassurance,Home Shield
POL204360,CUST101377,Motor,5400.0,249000.0,6,2021-02-17,2021-08-16,Direct,Motor Own-Damage
POL204361,CUST103959,Health,4900.0,190000.0,6,2023-08-11,2024-02-07,Online,Family Floater
POL204362,CUST101586,Marine,16500.0,621000.0,36,2021-06-21,2024-06-05,Agent,Marine Hull
POL204363,CUST104788,Motor,8700.0,151000.0,12,2021-06-25,2022-06-20,Bancassurance,Motor Third-Party
POL204364,CUST102688,Health,21800.0,976000.0,12,2023-03-21,2024-03-15,Bancassurance,Critical Illness
POL204365,CUST104126,Motor,3300.0,125000.0,12,2022-04-06,2023-04-01,Broker,Motor Third-Party
POL204366,CUST102736,Motor,41100.0,1210000.0,24,2021-07-23,2023-07-13,Online,Motor Own-Damage
POL204367,CUST100225,Health,7000.0,256000.0,36,2023-08-07,2026-07-22,Online,Family Floater
POL204368,CUST104054,Life,27700.0,827000.0,24,2024-06-04,2026-05-25,Agent,ULIP
POL204369,CUST102098,Life,13300.0,362000.0,12,2021-08-18,2022-08-13,Bancassurance,Endowment Plan
POL204370,CUST101939,Motor,5200.0,106000.0,12,2024-06-29,2025-06-24,Agent,Motor Third-Party
POL204371,CUST103681,Health,14000.0,349000.0,12,2021-04-12,2022-04-07,Bancassurance,Critical Illness
POL204372,CUST101405,Health,33600.0,700000.0,60,2023-01-19,2027-12-24,Broker,Individual Health
POL204373,CUST102140,Life,13200.0,204000.0,60,2023-11-18,2028-10-22,Broker,Endowment Plan
POL204374,CUST103041,Health,32000.0,1542000.0,24,2021-05-15,2023-05-05,Agent,Individual Health
POL204375,CUST102966,Travel,15800.0,304000.0,36,2024-09-25,2027-09-10,Bancassurance,Domestic Travel
POL204376,CUST103641,Property,23200.0,760000.0,12,2022-02-13,2023-02-08,Direct,Fire & Allied Perils
POL204377,CUST100411,Life,10900.0,481000.0,12,2024-01-30,2025-01-24,Agent,ULIP
POL204378,CUST104962,Health,3500.0,164000.0,24,2023-05-03,2025-04-22,Agent,Family Floater
POL204379,CUST103040,Life,9400.0,173000.0,12,2022-06-14,2023-06-09,Agent,Term Life
POL204380,CUST103091,Health,7300.0,399000.0,24,2021-03-22,2023-03-12,Bancassurance,Critical Illness
POL204381,CUST104413,Property,18300.0,348000.0,12,2024-06-24,2025-06-19,Direct,Home Shield
POL204382,CUST102453,Marine,21100.0,804000.0,36,2022-06-02,2025-05-17,Broker,Marine Cargo
POL204383,CUST100151,Travel,13800.0,718000.0,12,2023-01-05,2023-12-31,Agent,International Travel
POL204384,CUST100665,Life,10200.0,363000.0,24,2021-09-18,2023-09-08,Broker,Term Life
POL204385,CUST104737,Life,37000.0,2219000.0,6,2022-08-21,2023-02-17,Agent,Term Life
POL204386,CUST104934,Health,15900.0,744000.0,12,2023-04-22,2024-04-16,Online,Individual Health
POL204387,CUST100419,Motor,19900.0,602000.0,24,2024-12-02,2026-11-22,Broker,Motor Own-Damage
POL204388,CUST103424,Life,12000.0,221000.0,24,2024-06-27,2026-06-17,Bancassurance,ULIP
POL204389,CUST103303,Travel,5400.0,282000.0,36,2024-10-12,2027-09-27,Bancassurance,Domestic Travel
POL204390,CUST100825,Property,9200.0,498000.0,12,2024-08-05,2025-07-31,Online,Home Shield
POL204391,CUST103936,Property,15200.0,659000.0,12,2022-01-05,2022-12-31,Broker,Fire & Allied Perils
POL204392,CUST102298,Health,6200.0,185000.0,12,2021-05-23,2022-05-18,Bancassurance,Critical Illness
POL204393,CUST101152,Life,21900.0,886000.0,60,2022-10-24,2027-09-28,Broker,Term Life
POL204394,CUST102801,Life,15500.0,234000.0,24,2021-05-19,2023-05-09,Online,Endowment Plan
POL204395,CUST104525,Health,14400.0,486000.0,12,2023-09-16,2024-09-10,Agent,Family Floater
POL204396,CUST101084,Motor,3600.0,214000.0,36,2023-11-26,2026-11-10,Broker,Motor Comprehensive
POL204397,CUST103094,Health,15100.0,371000.0,24,2023-12-23,2025-12-12,Broker,Individual Health
POL204398,CUST103662,Motor,17200.0,787000.0,24,2021-01-10,2022-12-31,Online,Motor Comprehensive
POL204399,CUST103126,Life,8500.0,168000.0,12,2021-01-11,2022-01-06,Agent,ULIP
POL204400,CUST103251,Travel,11400.0,545000.0,6,2022-12-27,2023-06-25,Agent,Domestic Travel
POL204401,CUST103628,Life,17000.0,592000.0,12,2022-09-03,2023-08-29,Agent,ULIP
POL204402,CUST101168,Motor,8900.0,270000.0,12,2023-08-22,2024-08-16,Agent,Motor Third-Party
POL204403,CUST100508,Health,11300.0,427000.0,24,2023-11-09,2025-10-29,Agent,Individual Health
POL204404,CUST104948,Health,9800.0,508000.0,24,2022-07-22,2024-07-11,Online,Individual Health
POL204405,CUST101598,Life,21300.0,1123000.0,12,2024-03-26,2025-03-21,Bancassurance,Endowment Plan
POL204406,CUST104743,Motor,28200.0,871000.0,12,2022-09-16,2023-09-11,Agent,Motor Third-Party
POL204407,CUST101342,Health,17300.0,752000.0,24,2023-09-26,2025-09-15,Broker,Family Floater
POL204408,CUST101327,Property,12900.0,381000.0,24,2022-10-05,2024-09-24,Online,Home Shield
POL204409,CUST100124,Motor,23200.0,820000.0,12,2021-04-27,2022-04-22,Bancassurance,Motor Comprehensive
POL204410,CUST102209,Life,5300.0,236000.0,12,2022-03-09,2023-03-04,Bancassurance,Term Life
POL204411,CUST104724,Marine,14900.0,395000.0,12,2024-11-13,2025-11-08,Agent,Marine Cargo
POL204412,CUST104473,Property,29100.0,862000.0,6,2022-09-07,2023-03-06,Bancassurance,Home Shield
POL204413,CUST101523,Travel,10400.0,234000.0,12,2023-04-30,2024-04-24,Direct,Domestic Travel
POL204414,CUST102031,Property,19900.0,837000.0,12,2024-03-18,2025-03-13,Bancassurance,Property All-Risk
POL204415,CUST103347,Health,24200.0,1284000.0,12,2023-03-11,2024-03-05,Agent,Individual Health
POL204416,CUST104774,Health,16900.0,952000.0,12,2024-05-05,2025-04-30,Online,Individual Health
POL204417,CUST103020,Motor,9100.0,523000.0,60,2021-07-18,2026-06-22,Agent,Motor Own-Damage
POL204418,CUST101002,Motor,11300.0,566000.0,12,2023-05-24,2024-05-18,Broker,Motor Third-Party
POL204419,CUST101780,Life,21500.0,780000.0,12,2022-08-01,2023-07-27,Bancassurance,Term Life
POL204420,CUST103620,Motor,21200.0,1093000.0,12,2022-03-20,2023-03-15,Online,Motor Own-Damage
POL204421,CUST100117,Health,16200.0,429000.0,12,2022-07-15,2023-07-10,Broker,Critical Illness
POL204422,CUST102997,Property,4200.0,160000.0,12,2022-08-16,2023-08-11,Online,Home Shield
POL204423,CUST103845,Motor,6600.0,372000.0,36,2022-09-01,2025-08-16,Bancassurance,Motor Own-Damage
POL204424,CUST101730,Motor,14700.0,603000.0,12,2023-10-25,2024-10-19,Bancassurance,Motor Comprehensive
POL204425,CUST102694,Life,10100.0,429000.0,36,2024-07-13,2027-06-28,Broker,ULIP
POL204426,CUST103588,Motor,7600.0,326000.0,12,2022-11-24,2023-11-19,Agent,Motor Third-Party
POL204427,CUST102975,Health,5200.0,266000.0,12,2023-04-03,2024-03-28,Bancassurance,Family Floater
POL204428,CUST100121,Motor,7700.0,145000.0,36,2021-06-28,2024-06-12,Bancassurance,Motor Own-Damage
POL204429,CUST102927,Property,46800.0,1489000.0,24,2022-09-07,2024-08-27,Broker,Fire & Allied Perils
POL204430,CUST101154,Life,17900.0,1023000.0,24,2023-08-29,2025-08-18,Agent,ULIP
POL204431,CUST103699,Life,21300.0,1245000.0,12,2024-03-08,2025-03-03,Online,Term Life
POL204432,CUST101306,Motor,13400.0,538000.0,12,2021-05-17,2022-05-12,Online,Motor Comprehensive
POL204433,CUST104890,Life,26300.0,750000.0,12,2023-02-20,2024-02-15,Direct,Endowment Plan
POL204434,CUST100587,Health,20300.0,1082000.0,12,2024-12-12,2025-12-07,Broker,Family Floater
POL204435,CUST104453,Health,17000.0,937000.0,24,2022-09-10,2024-08-30,Bancassurance,Individual Health
POL204436,CUST100169,Motor,17200.0,488000.0,24,2022-04-14,2024-04-03,Agent,Motor Third-Party
POL204437,CUST103414,Motor,9500.0,456000.0,36,2023-10-26,2026-10-10,Broker,Motor Own-Damage
POL204438,CUST101764,Motor,9100.0,526000.0,12,2021-08-20,2022-08-15,Agent,Motor Comprehensive
POL204439,CUST100976,Motor,17700.0,610000.0,12,2023-06-12,2024-06-06,Online,Motor Comprehensive
POL204440,CUST101091,Motor,24600.0,459000.0,36,2023-05-21,2026-05-05,Online,Motor Own-Damage
POL204441,CUST100192,Motor,30000.0,1575000.0,12,2022-07-18,2023-07-13,Agent,Motor Own-Damage
POL204442,CUST100664,Property,22500.0,1020000.0,12,2024-01-09,2025-01-03,Agent,Home Shield
POL204443,CUST101960,Health,31900.0,1567000.0,12,2022-01-30,2023-01-25,Agent,Critical Illness
POL204444,CUST100786,Life,29100.0,1301000.0,12,2023-11-15,2024-11-09,Agent,Term Life
POL204445,CUST104840,Motor,14100.0,478000.0,12,2023-02-25,2024-02-20,Agent,Motor Own-Damage
POL204446,CUST104131,Motor,36200.0,2114000.0,12,2022-01-26,2023-01-21,Agent,Motor Comprehensive
POL204447,CUST102361,Travel,15700.0,675000.0,24,2024-11-30,2026-11-20,Broker,Domestic Travel
POL204448,CUST100474,Motor,15100.0,583000.0,24,2023-02-28,2025-02-17,Bancassurance,Motor Own-Damage
POL204449,CUST104930,Property,21400.0,857000.0,12,2023-11-05,2024-10-30,Agent,Home Shield
POL204450,CUST103624,Life,29900.0,1476000.0,6,2023-10-08,2024-04-05,Agent,Endowment Plan
POL204451,CUST100916,Health,10500.0,445000.0,12,2024-08-27,2025-08-22,Online,Individual Health
POL204452,CUST100269,Life,15700.0,287000.0,12,2024-04-03,2025-03-29,Online,Term Life
POL204453,CUST103098,Property,14000.0,385000.0,24,2021-09-27,2023-09-17,Online,Home Shield
POL204454,CUST100203,Property,8500.0,324000.0,12,2022-12-08,2023-12-03,Online,Fire & Allied Perils
POL204455,CUST103071,Health,10500.0,236000.0,12,2023-09-27,2024-09-21,Online,Individual Health
POL204456,CUST102211,Motor,8800.0,471000.0,24,2021-01-12,2023-01-02,Online,Motor Comprehensive
POL204457,CUST104402,Health,20800.0,1039000.0,6,2022-02-09,2022-08-08,Agent,Critical Illness
POL204458,CUST101909,Motor,13600.0,667000.0,60,2022-09-09,2027-08-14,Online,Motor Comprehensive
POL204459,CUST102239,Health,12300.0,443000.0,36,2021-09-23,2024-09-07,Agent,Individual Health
POL204460,CUST102728,Life,19500.0,547000.0,12,2023-06-17,2024-06-11,Agent,ULIP
POL204461,CUST104915,Motor,19800.0,1044000.0,12,2022-03-16,2023-03-11,Online,Motor Third-Party
POL204462,CUST103513,Property,29100.0,898000.0,12,2021-07-25,2022-07-20,Direct,Property All-Risk
POL204463,CUST103346,Travel,4000.0,161000.0,24,2022-12-09,2024-11-28,Agent,Domestic Travel
POL204464,CUST101549,Motor,25900.0,730000.0,12,2024-09-13,2025-09-08,Bancassurance,Motor Third-Party
POL204465,CUST102416,Motor,8200.0,486000.0,12,2021-08-09,2022-08-04,Online,Motor Own-Damage
POL204466,CUST100972,Health,18700.0,876000.0,24,2021-09-18,2023-09-08,Broker,Individual Health
POL204467,CUST101958,Motor,7800.0,456000.0,12,2021-06-15,2022-06-10,Online,Motor Third-Party
POL204468,CUST104110,Motor,22300.0,1299000.0,60,2021-08-11,2026-07-16,Online,Motor Third-Party
POL204469,CUST100497,Marine,11000.0,269000.0,24,2022-09-19,2024-09-08,Agent,Marine Cargo
POL204470,CUST100826,Motor,20400.0,977000.0,24,2021-01-02,2022-12-23,Bancassurance,Motor Own-Damage
POL204471,CUST102929,Motor,9900.0,356000.0,12,2021-07-06,2022-07-01,Broker,Motor Third-Party
POL204472,CUST103992,Health,5000.0,217000.0,12,2021-12-31,2022-12-26,Agent,Family Floater
POL204473,CUST104875,Motor,10100.0,363000.0,24,2021-01-01,2022-12-22,Online,Motor Comprehensive
POL204474,CUST102935,Property,19800.0,348000.0,12,2024-05-05,2025-04-30,Agent,Property All-Risk
POL204475,CUST103284,Property,13400.0,612000.0,24,2022-03-18,2024-03-07,Agent,Fire & Allied Perils
POL204476,CUST101446,Health,23800.0,879000.0,24,2023-11-17,2025-11-06,Agent,Individual Health
POL204477,CUST102049,Motor,14600.0,307000.0,36,2023-09-15,2026-08-30,Bancassurance,Motor Third-Party
POL204478,CUST101571,Marine,18200.0,810000.0,24,2021-08-08,2023-07-29,Online,Marine Cargo
POL204479,CUST100545,Life,5700.0,126000.0,24,2021-07-30,2023-07-20,Agent,Term Life
POL204480,CUST101853,Health,19800.0,1078000.0,24,2024-09-24,2026-09-14,Bancassurance,Family Floater
POL204481,CUST101087,Health,25300.0,404000.0,24,2022-12-21,2024-12-10,Direct,Critical Illness
POL204482,CUST102955,Health,4000.0,136000.0,12,2023-07-24,2024-07-18,Bancassurance,Critical Illness
POL204483,CUST103768,Motor,6800.0,207000.0,12,2023-10-17,2024-10-11,Agent,Motor Comprehensive
POL204484,CUST104898,Health,39300.0,2152000.0,36,2023-01-10,2025-12-25,Agent,Critical Illness
POL204485,CUST104400,Life,17700.0,858000.0,24,2023-08-09,2025-07-29,Agent,ULIP
POL204486,CUST101591,Health,13600.0,366000.0,36,2021-07-03,2024-06-17,Online,Family Floater
POL204487,CUST104692,Life,12600.0,381000.0,24,2024-08-17,2026-08-07,Broker,Endowment Plan
POL204488,CUST104709,Life,2200.0,96000.0,12,2024-07-22,2025-07-17,Online,Term Life
POL204489,CUST102517,Life,22100.0,1294000.0,36,2024-01-18,2027-01-02,Agent,ULIP
POL204490,CUST101025,Health,13100.0,436000.0,12,2023-05-27,2024-05-21,Online,Critical Illness
POL204491,CUST103887,Motor,16200.0,851000.0,12,2022-09-18,2023-09-13,Bancassurance,Motor Comprehensive
POL204492,CUST100564,Life,25400.0,1201000.0,12,2021-07-20,2022-07-15,Broker,ULIP
POL204493,CUST101805,Property,14500.0,678000.0,24,2022-06-05,2024-05-25,Bancassurance,Home Shield
POL204494,CUST102660,Motor,28100.0,723000.0,12,2022-12-06,2023-12-01,Bancassurance,Motor Third-Party
POL204495,CUST104318,Marine,5100.0,83000.0,12,2024-02-10,2025-02-04,Direct,Marine Cargo
POL204496,CUST104882,Travel,19100.0,690000.0,24,2021-02-24,2023-02-14,Agent,International Travel
POL204497,CUST104089,Life,11200.0,475000.0,24,2022-09-25,2024-09-14,Agent,Term Life
POL204498,CUST102424,Motor,19600.0,715000.0,12,2021-04-22,2022-04-17,Direct,Motor Own-Damage
POL204499,CUST100424,Life,13500.0,436000.0,24,2023-07-03,2025-06-22,Broker,ULIP
POL204500,CUST103999,Health,29200.0,817000.0,12,2021-09-29,2022-09-24,Agent,Family Floater
POL204501,CUST104283,Health,22900.0,1229000.0,36,2023-01-02,2025-12-17,Agent,Family Floater
POL204502,CUST102362,Motor,11500.0,260000.0,6,2022-09-15,2023-03-14,Broker,Motor Comprehensive
POL204503,CUST102770,Life,10900.0,166000.0,12,2023-02-12,2024-02-07,Agent,ULIP
POL204504,CUST104250,Health,19000.0,377000.0,12,2024-04-09,2025-04-04,Agent,Family Floater
POL204505,CUST100660,Health,14000.0,489000.0,12,2021-09-25,2022-09-20,Agent,Individual Health
POL204506,CUST104063,Health,17500.0,704000.0,24,2023-09-08,2025-08-28,Agent,Critical Illness
POL204507,CUST102563,Health,21100.0,979000.0,24,2022-06-27,2024-06-16,Agent,Family Floater
POL204508,CUST103430,Health,25800.0,1038000.0,12,2023-09-27,2024-09-21,Agent,Individual Health
POL204509,CUST100952,Health,12800.0,558000.0,24,2022-03-17,2024-03-06,Bancassurance,Family Floater
POL204510,CUST103077,Motor,9000.0,182000.0,24,2021-04-21,2023-04-11,Bancassurance,Motor Own-Damage
POL204511,CUST101341,Health,29400.0,1022000.0,24,2022-04-23,2024-04-12,Agent,Individual Health
POL204512,CUST102590,Motor,25400.0,1192000.0,12,2021-10-18,2022-10-13,Agent,Motor Own-Damage
POL204513,CUST102624,Property,19800.0,586000.0,60,2023-02-05,2028-01-10,Online,Home Shield
POL204514,CUST104783,Health,21900.0,582000.0,12,2022-10-10,2023-10-05,Agent,Critical Illness
POL204515,CUST103350,Property,15100.0,414000.0,60,2024-07-01,2029-06-05,Agent,Fire & Allied Perils
POL204516,CUST102786,Health,21500.0,689000.0,12,2024-10-01,2025-09-26,Agent,Family Floater
POL204517,CUST102009,Motor,32200.0,488000.0,12,2021-09-08,2022-09-03,Online,Motor Third-Party
POL204518,CUST101685,Motor,8300.0,462000.0,24,2023-07-05,2025-06-24,Agent,Motor Comprehensive
POL204519,CUST103261,Motor,9700.0,235000.0,24,2021-07-22,2023-07-12,Bancassurance,Motor Own-Damage
POL204520,CUST104411,Health,23000.0,1232000.0,12,2021-11-03,2022-10-29,Bancassurance,Critical Illness
POL204521,CUST102862,Property,3400.0,60000.0,60,2021-12-19,2026-11-23,Agent,Property All-Risk
POL204522,CUST103300,Motor,33300.0,918000.0,6,2021-01-09,2021-07-08,Broker,Motor Third-Party
POL204523,CUST101639,Health,37000.0,1460000.0,12,2022-10-29,2023-10-24,Direct,Critical Illness
POL204524,CUST102790,Motor,9100.0,196000.0,12,2021-04-05,2022-03-31,Bancassurance,Motor Own-Damage
POL204525,CUST102859,Health,9200.0,547000.0,12,2022-06-20,2023-06-15,Direct,Individual Health
POL204526,CUST103410,Life,2100.0,85000.0,24,2021-09-15,2023-09-05,Agent,Term Life
POL204527,CUST101581,Motor,9000.0,462000.0,36,2024-12-16,2027-12-01,Online,Motor Comprehensive
POL204528,CUST101744,Motor,15600.0,429000.0,12,2023-07-08,2024-07-02,Bancassurance,Motor Third-Party
POL204529,CUST101796,Life,4800.0,113000.0,24,2021-04-08,2023-03-29,Bancassurance,Endowment Plan
POL204530,CUST102104,Health,26900.0,1429000.0,24,2021-07-29,2023-07-19,Broker,Individual Health
POL204531,CUST101460,Health,25800.0,643000.0,12,2024-06-20,2025-06-15,Direct,Critical Illness
POL204532,CUST100977,Life,17900.0,577000.0,12,2021-03-02,2022-02-25,Agent,Term Life
POL204533,CUST102501,Motor,11100.0,536000.0,12,2023-04-07,2024-04-01,Agent,Motor Comprehensive
POL204534,CUST104275,Property,10200.0,260000.0,24,2023-04-20,2025-04-09,Agent,Fire & Allied Perils
POL204535,CUST100158,Property,22300.0,992000.0,12,2023-11-02,2024-10-27,Bancassurance,Property All-Risk
POL204536,CUST103327,Health,30200.0,1752000.0,24,2021-09-17,2023-09-07,Online,Critical Illness
POL204537,CUST104082,Health,11100.0,435000.0,12,2024-12-17,2025-12-12,Broker,Critical Illness
POL204538,CUST104121,Health,30700.0,834000.0,12,2021-11-23,2022-11-18,Direct,Individual Health
POL204539,CUST104263,Property,20000.0,1146000.0,12,2021-05-21,2022-05-16,Bancassurance,Fire & Allied Perils
POL204540,CUST101586,Motor,31200.0,1755000.0,12,2024-11-11,2025-11-06,Agent,Motor Third-Party
POL204541,CUST100504,Life,12800.0,552000.0,12,2024-02-15,2025-02-09,Online,Term Life
POL204542,CUST104977,Health,6900.0,337000.0,24,2024-04-03,2026-03-24,Online,Critical Illness
POL204543,CUST103499,Property,31200.0,1524000.0,12,2024-08-08,2025-08-03,Agent,Property All-Risk
POL204544,CUST101786,Travel,10500.0,368000.0,12,2024-05-04,2025-04-29,Online,International Travel
POL204545,CUST104260,Motor,27300.0,735000.0,12,2024-11-25,2025-11-20,Broker,Motor Third-Party
POL204546,CUST101768,Health,3400.0,61000.0,6,2021-02-16,2021-08-15,Agent,Critical Illness
POL204547,CUST103746,Health,16100.0,276000.0,24,2022-01-23,2024-01-13,Bancassurance,Family Floater
POL204548,CUST104803,Health,20200.0,351000.0,12,2024-11-18,2025-11-13,Agent,Individual Health
POL204549,CUST103839,Motor,17800.0,458000.0,24,2022-12-28,2024-12-17,Agent,Motor Comprehensive
POL204550,CUST103275,Life,18000.0,361000.0,24,2022-12-04,2024-11-23,Agent,Endowment Plan
POL204551,CUST100955,Life,14800.0,254000.0,24,2022-11-12,2024-11-01,Direct,ULIP
POL204552,CUST104667,Travel,14100.0,582000.0,12,2021-05-08,2022-05-03,Online,Domestic Travel
POL204553,CUST102128,Life,19100.0,579000.0,24,2023-03-10,2025-02-27,Direct,ULIP
POL204554,CUST103115,Life,29700.0,1781000.0,24,2022-04-05,2024-03-25,Broker,ULIP
POL204555,CUST103059,Motor,10500.0,473000.0,36,2022-03-28,2025-03-12,Bancassurance,Motor Comprehensive
POL204556,CUST101232,Motor,22900.0,1311000.0,24,2021-05-29,2023-05-19,Bancassurance,Motor Own-Damage
POL204557,CUST103015,Life,7000.0,125000.0,12,2024-02-06,2025-01-31,Online,Term Life
POL204558,CUST101953,Life,21000.0,562000.0,12,2022-04-23,2023-04-18,Agent,Endowment Plan
POL204559,CUST101747,Property,11800.0,592000.0,24,2023-01-20,2025-01-09,Agent,Fire & Allied Perils
POL204560,CUST104294,Health,9400.0,403000.0,36,2021-07-06,2024-06-20,Broker,Family Floater
POL204561,CUST103609,Motor,18800.0,588000.0,12,2021-05-15,2022-05-10,Online,Motor Third-Party
POL204562,CUST102447,Motor,32400.0,1712000.0,12,2022-01-01,2022-12-27,Broker,Motor Own-Damage
POL204563,CUST100095,Health,8600.0,323000.0,24,2021-09-14,2023-09-04,Online,Family Floater
POL204564,CUST103544,Health,7500.0,422000.0,24,2021-04-09,2023-03-30,Agent,Family Floater
POL204565,CUST103690,Motor,16000.0,634000.0,12,2023-07-15,2024-07-09,Agent,Motor Third-Party
POL204566,CUST100832,Motor,9700.0,402000.0,24,2022-01-10,2023-12-31,Agent,Motor Comprehensive
POL204567,CUST103784,Health,16300.0,472000.0,6,2023-05-01,2023-10-28,Agent,Family Floater
POL204568,CUST101998,Health,12700.0,236000.0,12,2022-05-13,2023-05-08,Bancassurance,Individual Health
POL204569,CUST103663,Travel,7600.0,119000.0,12,2024-01-05,2024-12-30,Agent,Domestic Travel
POL204570,CUST104197,Property,10600.0,297000.0,12,2024-08-27,2025-08-22,Broker,Property All-Risk
POL204571,CUST103501,Motor,27400.0,1459000.0,60,2024-10-27,2029-10-01,Online,Motor Third-Party
POL204572,CUST104705,Life,13700.0,414000.0,60,2021-10-04,2026-09-08,Agent,Term Life
POL204573,CUST100381,Health,15600.0,819000.0,12,2023-08-10,2024-08-04,Bancassurance,Individual Health
POL204574,CUST101621,Marine,9500.0,566000.0,12,2024-04-23,2025-04-18,Broker,Marine Cargo
POL204575,CUST100296,Life,18800.0,647000.0,24,2023-09-03,2025-08-23,Agent,Term Life
POL204576,CUST100862,Motor,23500.0,813000.0,36,2024-04-08,2027-03-24,Online,Motor Own-Damage
POL204577,CUST101868,Motor,17100.0,912000.0,36,2021-10-08,2024-09-22,Agent,Motor Third-Party
POL204578,CUST100117,Travel,13300.0,535000.0,12,2023-03-31,2024-03-25,Agent,International Travel
POL204579,CUST101980,Marine,25800.0,1353000.0,24,2021-01-25,2023-01-15,Online,Marine Hull
POL204580,CUST100636,Health,15900.0,741000.0,12,2022-10-01,2023-09-26,Broker,Family Floater
POL204581,CUST100566,Health,29300.0,933000.0,24,2021-06-11,2023-06-01,Agent,Critical Illness
POL204582,CUST104178,Health,21700.0,956000.0,12,2022-08-09,2023-08-04,Broker,Family Floater
POL204583,CUST103720,Property,13100.0,213000.0,24,2023-09-28,2025-09-17,Bancassurance,Property All-Risk
POL204584,CUST102278,Health,5800.0,218000.0,24,2024-08-22,2026-08-12,Agent,Critical Illness
POL204585,CUST102836,Motor,22100.0,421000.0,6,2021-10-09,2022-04-07,Agent,Motor Comprehensive
POL204586,CUST101458,Health,29400.0,1171000.0,12,2024-10-24,2025-10-19,Agent,Family Floater
POL204587,CUST102428,Health,8400.0,433000.0,12,2021-05-21,2022-05-16,Agent,Critical Illness
POL204588,CUST103878,Health,15000.0,333000.0,36,2023-10-21,2026-10-05,Broker,Family Floater
POL204589,CUST102607,Property,21900.0,718000.0,12,2024-08-25,2025-08-20,Bancassurance,Home Shield
POL204590,CUST103967,Travel,13100.0,518000.0,12,2024-06-15,2025-06-10,Agent,International Travel
POL204591,CUST102423,Motor,16100.0,388000.0,24,2022-06-27,2024-06-16,Agent,Motor Comprehensive
POL204592,CUST101810,Marine,35700.0,588000.0,36,2024-02-19,2027-02-03,Online,Marine Hull
POL204593,CUST104474,Life,18600.0,280000.0,12,2023-09-10,2024-09-04,Bancassurance,Endowment Plan
POL204594,CUST104506,Life,9700.0,257000.0,36,2023-11-09,2026-10-24,Broker,Endowment Plan
POL204595,CUST101143,Motor,15900.0,458000.0,12,2024-01-16,2025-01-10,Agent,Motor Comprehensive
POL204596,CUST102315,Health,16100.0,578000.0,12,2021-12-19,2022-12-14,Online,Individual Health
POL204597,CUST103862,Travel,8500.0,452000.0,36,2022-07-11,2025-06-25,Agent,Domestic Travel
POL204598,CUST101306,Life,43300.0,1461000.0,12,2022-08-29,2023-08-24,Agent,ULIP
POL204599,CUST103744,Life,2800.0,53000.0,60,2023-07-06,2028-06-09,Direct,ULIP
POL204600,CUST104498,Motor,5900.0,175000.0,36,2021-12-30,2024-12-14,Online,Motor Third-Party
POL204601,CUST101179,Health,8300.0,239000.0,12,2021-07-14,2022-07-09,Bancassurance,Family Floater
POL204602,CUST100764,Health,5900.0,240000.0,24,2024-01-05,2025-12-25,Agent,Individual Health
POL204603,CUST104723,Life,4500.0,199000.0,24,2022-06-20,2024-06-09,Agent,Endowment Plan
POL204604,CUST104979,Property,35700.0,536000.0,12,2022-03-16,2023-03-11,Agent,Property All-Risk
POL204605,CUST104292,Health,22700.0,892000.0,12,2024-12-25,2025-12-20,Bancassurance,Critical Illness
POL204606,CUST103066,Motor,26400.0,689000.0,36,2023-10-25,2026-10-09,Agent,Motor Comprehensive
POL204607,CUST100427,Motor,12600.0,621000.0,12,2023-10-25,2024-10-19,Bancassurance,Motor Comprehensive
POL204608,CUST104576,Motor,30200.0,912000.0,12,2022-04-28,2023-04-23,Agent,Motor Third-Party
POL204609,CUST100994,Motor,22100.0,1242000.0,12,2021-07-09,2022-07-04,Broker,Motor Own-Damage
POL204610,CUST100894,Health,12300.0,404000.0,12,2021-04-02,2022-03-28,Online,Family Floater
POL204611,CUST103585,Property,20700.0,637000.0,12,2024-02-04,2025-01-29,Online,Fire & Allied Perils
POL204612,CUST101945,Health,6400.0,135000.0,12,2024-07-26,2025-07-21,Bancassurance,Critical Illness
POL204613,CUST104338,Property,19000.0,434000.0,24,2024-05-17,2026-05-07,Agent,Property All-Risk
POL204614,CUST104366,Travel,14300.0,648000.0,60,2022-08-29,2027-08-03,Bancassurance,International Travel
POL204615,CUST104026,Motor,35500.0,1445000.0,12,2022-07-10,2023-07-05,Online,Motor Own-Damage
POL204616,CUST104185,Life,27600.0,1097000.0,24,2021-12-02,2023-11-22,Broker,ULIP
POL204617,CUST102729,Motor,6300.0,132000.0,24,2024-06-26,2026-06-16,Direct,Motor Comprehensive
POL204618,CUST104359,Motor,8900.0,176000.0,24,2023-02-21,2025-02-10,Online,Motor Third-Party
POL204619,CUST104576,Motor,44300.0,1538000.0,12,2021-06-18,2022-06-13,Online,Motor Own-Damage
POL204620,CUST101402,Motor,12600.0,730000.0,12,2021-07-14,2022-07-09,Bancassurance,Motor Third-Party
POL204621,CUST102126,Life,6200.0,210000.0,12,2021-03-25,2022-03-20,Agent,Term Life
POL204622,CUST103088,Life,23300.0,1297000.0,24,2021-01-17,2023-01-07,Online,ULIP
POL204623,CUST104296,Life,32600.0,1908000.0,12,2023-10-28,2024-10-22,Online,Term Life
POL204624,CUST101947,Health,13900.0,278000.0,12,2021-02-05,2022-01-31,Agent,Family Floater
POL204625,CUST101300,Property,20300.0,1149000.0,12,2023-12-10,2024-12-04,Broker,Property All-Risk
POL204626,CUST101603,Property,15100.0,717000.0,24,2024-12-17,2026-12-07,Bancassurance,Property All-Risk
POL204627,CUST103997,Property,23500.0,453000.0,24,2024-04-28,2026-04-18,Online,Home Shield
POL204628,CUST102600,Life,9700.0,463000.0,12,2024-03-07,2025-03-02,Bancassurance,Endowment Plan
POL204629,CUST101274,Health,18100.0,673000.0,12,2024-02-19,2025-02-13,Online,Family Floater
POL204630,CUST103575,Health,27200.0,579000.0,12,2024-05-18,2025-05-13,Online,Individual Health
POL204631,CUST103300,Health,12300.0,316000.0,12,2021-04-09,2022-04-04,Agent,Critical Illness
POL204632,CUST102592,Motor,26000.0,1219000.0,6,2022-12-20,2023-06-18,Online,Motor Own-Damage
POL204633,CUST103098,Property,22900.0,672000.0,12,2022-04-23,2023-04-18,Agent,Home Shield
POL204634,CUST101152,Marine,7400.0,428000.0,60,2023-02-15,2028-01-20,Online,Marine Hull
POL204635,CUST100913,Travel,9900.0,514000.0,12,2022-07-08,2023-07-03,Online,Domestic Travel
POL204636,CUST104037,Motor,24500.0,978000.0,24,2021-09-26,2023-09-16,Broker,Motor Third-Party
POL204637,CUST103400,Motor,9800.0,423000.0,24,2023-06-08,2025-05-28,Agent,Motor Third-Party
POL204638,CUST104888,Motor,2900.0,163000.0,12,2022-12-29,2023-12-24,Bancassurance,Motor Third-Party
POL204639,CUST104694,Property,17300.0,509000.0,12,2021-11-06,2022-11-01,Agent,Property All-Risk
POL204640,CUST101814,Life,16600.0,853000.0,6,2023-04-27,2023-10-24,Bancassurance,Endowment Plan
POL204641,CUST102312,Life,23700.0,834000.0,6,2021-08-06,2022-02-02,Online,ULIP
POL204642,CUST104246,Marine,31300.0,1697000.0,36,2024-04-15,2027-03-31,Agent,Marine Cargo
POL204643,CUST100016,Motor,16600.0,298000.0,60,2023-06-02,2028-05-06,Online,Motor Third-Party
POL204644,CUST104319,Health,19200.0,908000.0,36,2024-05-30,2027-05-15,Online,Individual Health
POL204645,CUST100838,Property,6000.0,308000.0,12,2022-11-20,2023-11-15,Bancassurance,Home Shield
POL204646,CUST101302,Motor,12800.0,545000.0,12,2024-04-11,2025-04-06,Broker,Motor Own-Damage
POL204647,CUST102409,Health,50900.0,1436000.0,24,2021-12-19,2023-12-09,Agent,Family Floater
POL204648,CUST103526,Health,21600.0,468000.0,12,2024-10-23,2025-10-18,Online,Family Floater
POL204649,CUST101769,Life,32000.0,1544000.0,12,2024-11-29,2025-11-24,Broker,Endowment Plan
POL204650,CUST104692,Travel,12700.0,264000.0,12,2024-08-14,2025-08-09,Online,International Travel
POL204651,CUST103914,Motor,11600.0,615000.0,12,2023-12-27,2024-12-21,Bancassurance,Motor Third-Party
POL204652,CUST103699,Health,11400.0,428000.0,6,2022-02-10,2022-08-09,Agent,Family Floater
POL204653,CUST103862,Travel,26700.0,860000.0,12,2023-07-05,2024-06-29,Agent,Domestic Travel
POL204654,CUST100150,Health,14200.0,364000.0,24,2021-10-15,2023-10-05,Bancassurance,Critical Illness
POL204655,CUST104114,Life,5900.0,93000.0,24,2022-06-26,2024-06-15,Agent,ULIP
POL204656,CUST103022,Marine,15000.0,836000.0,6,2022-07-03,2022-12-30,Online,Marine Cargo
POL204657,CUST100931,Motor,11700.0,494000.0,12,2021-08-01,2022-07-27,Agent,Motor Own-Damage
POL204658,CUST103892,Motor,27600.0,1285000.0,12,2021-05-03,2022-04-28,Agent,Motor Third-Party
POL204659,CUST100528,Motor,42900.0,2523000.0,12,2021-11-19,2022-11-14,Online,Motor Comprehensive
POL204660,CUST103090,Motor,6000.0,149000.0,24,2024-04-27,2026-04-17,Online,Motor Comprehensive
POL204661,CUST102846,Health,22000.0,392000.0,6,2023-03-15,2023-09-11,Agent,Critical Illness
POL204662,CUST100143,Motor,29800.0,1097000.0,12,2022-11-11,2023-11-06,Online,Motor Comprehensive
POL204663,CUST101873,Health,24500.0,832000.0,24,2024-09-29,2026-09-19,Online,Critical Illness
POL204664,CUST100600,Life,11600.0,207000.0,12,2021-06-25,2022-06-20,Bancassurance,Endowment Plan
POL204665,CUST104732,Motor,13400.0,486000.0,12,2021-07-27,2022-07-22,Bancassurance,Motor Own-Damage
POL204666,CUST104008,Health,16300.0,642000.0,12,2022-10-27,2023-10-22,Agent,Individual Health
POL204667,CUST104979,Motor,10400.0,211000.0,12,2023-10-12,2024-10-06,Agent,Motor Comprehensive
POL204668,CUST102440,Life,18200.0,842000.0,12,2023-03-17,2024-03-11,Bancassurance,Endowment Plan
POL204669,CUST101643,Health,33200.0,1015000.0,60,2024-06-12,2029-05-17,Online,Critical Illness
POL204670,CUST104789,Motor,21900.0,885000.0,12,2022-06-12,2023-06-07,Online,Motor Own-Damage
POL204671,CUST101533,Travel,4900.0,214000.0,12,2023-10-12,2024-10-06,Agent,Domestic Travel
POL204672,CUST102074,Property,15200.0,473000.0,24,2022-04-05,2024-03-25,Bancassurance,Home Shield
POL204673,CUST100668,Life,40400.0,1943000.0,36,2022-01-12,2024-12-27,Direct,Term Life
POL204674,CUST104108,Life,9600.0,427000.0,6,2022-10-09,2023-04-07,Broker,Endowment Plan
POL204675,CUST100598,Health,24500.0,431000.0,12,2023-05-04,2024-04-28,Agent,Critical Illness
POL204676,CUST100177,Motor,7500.0,158000.0,12,2022-01-01,2022-12-27,Online,Motor Third-Party
POL204677,CUST104166,Health,21700.0,369000.0,24,2024-10-31,2026-10-21,Online,Individual Health
POL204678,CUST104205,Property,13400.0,725000.0,12,2022-07-04,2023-06-29,Online,Property All-Risk
POL204679,CUST104268,Travel,35500.0,1090000.0,12,2022-12-21,2023-12-16,Online,Domestic Travel
POL204680,CUST104295,Life,35400.0,1377000.0,12,2023-10-28,2024-10-22,Bancassurance,Term Life
POL204681,CUST100708,Health,6200.0,240000.0,12,2022-04-08,2023-04-03,Broker,Critical Illness
POL204682,CUST101810,Life,14900.0,541000.0,24,2024-08-11,2026-08-01,Online,Endowment Plan
POL204683,CUST103826,Life,12600.0,416000.0,24,2024-01-15,2026-01-04,Online,Endowment Plan
POL204684,CUST101547,Motor,24100.0,736000.0,24,2021-03-19,2023-03-09,Broker,Motor Own-Damage
POL204685,CUST103891,Health,52500.0,1400000.0,24,2022-08-07,2024-07-27,Bancassurance,Critical Illness
POL204686,CUST104549,Motor,14400.0,369000.0,36,2024-11-17,2027-11-02,Agent,Motor Third-Party
POL204687,CUST104806,Health,33400.0,1472000.0,12,2024-01-17,2025-01-11,Agent,Family Floater
POL204688,CUST103888,Property,13800.0,643000.0,24,2022-09-09,2024-08-29,Online,Property All-Risk
POL204689,CUST103986,Health,17600.0,457000.0,36,2024-10-29,2027-10-14,Bancassurance,Family Floater
POL204690,CUST102989,Life,14500.0,307000.0,12,2024-05-17,2025-05-12,Broker,Term Life
POL204691,CUST100390,Health,24200.0,1204000.0,12,2023-01-17,2024-01-12,Agent,Family Floater
POL204692,CUST102181,Motor,36800.0,674000.0,24,2023-08-21,2025-08-10,Agent,Motor Comprehensive
POL204693,CUST104766,Life,27100.0,1079000.0,12,2023-11-04,2024-10-29,Online,ULIP
POL204694,CUST104560,Life,13200.0,487000.0,12,2024-04-17,2025-04-12,Direct,Endowment Plan
POL204695,CUST101193,Property,7400.0,343000.0,24,2021-08-24,2023-08-14,Broker,Property All-Risk
POL204696,CUST103736,Life,10400.0,529000.0,12,2021-08-15,2022-08-10,Bancassurance,Term Life
POL204697,CUST101535,Property,31800.0,1796000.0,12,2022-06-30,2023-06-25,Broker,Property All-Risk
POL204698,CUST102084,Motor,18000.0,492000.0,24,2021-07-03,2023-06-23,Agent,Motor Third-Party
POL204699,CUST103244,Life,19100.0,320000.0,12,2021-11-03,2022-10-29,Online,Endowment Plan
POL204700,CUST102483,Health,26200.0,1064000.0,12,2021-03-10,2022-03-05,Agent,Family Floater
POL204701,CUST103021,Life,16500.0,532000.0,12,2024-09-22,2025-09-17,Agent,ULIP
POL204702,CUST100492,Life,28100.0,983000.0,12,2021-11-14,2022-11-09,Agent,Endowment Plan
POL204703,CUST101483,Motor,14600.0,771000.0,24,2022-01-18,2024-01-08,Agent,Motor Own-Damage
POL204704,CUST104053,Health,12800.0,400000.0,36,2023-08-01,2026-07-16,Bancassurance,Critical Illness
POL204705,CUST103096,Life,8000.0,314000.0,12,2022-05-13,2023-05-08,Bancassurance,Term Life
POL204706,CUST104208,Motor,3400.0,72000.0,12,2023-01-05,2023-12-31,Bancassurance,Motor Own-Damage
POL204707,CUST104826,Life,18200.0,922000.0,24,2021-01-22,2023-01-12,Bancassurance,Endowment Plan
POL204708,CUST101778,Property,25200.0,934000.0,12,2023-08-30,2024-08-24,Agent,Home Shield
POL204709,CUST101321,Motor,25100.0,745000.0,24,2024-10-10,2026-09-30,Broker,Motor Own-Damage
POL204710,CUST101548,Health,32500.0,1127000.0,36,2024-11-20,2027-11-05,Broker,Family Floater
POL204711,CUST102861,Marine,15800.0,408000.0,12,2024-09-02,2025-08-28,Online,Marine Hull
POL204712,CUST101261,Motor,32200.0,1298000.0,12,2021-08-24,2022-08-19,Online,Motor Own-Damage
POL204713,CUST101951,Motor,17000.0,428000.0,12,2021-12-12,2022-12-07,Bancassurance,Motor Comprehensive
POL204714,CUST100867,Life,7900.0,246000.0,12,2021-11-20,2022-11-15,Online,Endowment Plan
POL204715,CUST101928,Life,21500.0,406000.0,12,2024-03-17,2025-03-12,Broker,ULIP
POL204716,CUST104738,Property,8300.0,237000.0,12,2021-11-25,2022-11-20,Online,Fire & Allied Perils
POL204717,CUST102119,Life,15800.0,508000.0,12,2023-10-28,2024-10-22,Agent,ULIP
POL204718,CUST103795,Health,29300.0,1466000.0,12,2023-11-24,2024-11-18,Agent,Critical Illness
POL204719,CUST102152,Health,2400.0,106000.0,24,2024-10-07,2026-09-27,Online,Family Floater
POL204720,CUST102167,Motor,4600.0,93000.0,12,2021-02-16,2022-02-11,Bancassurance,Motor Third-Party
POL204721,CUST103292,Life,17500.0,737000.0,12,2021-07-02,2022-06-27,Agent,ULIP
POL204722,CUST100550,Motor,10600.0,370000.0,24,2022-05-07,2024-04-26,Broker,Motor Third-Party
POL204723,CUST101776,Travel,29400.0,991000.0,12,2023-12-10,2024-12-04,Online,Domestic Travel
POL204724,CUST100697,Motor,38700.0,762000.0,12,2023-03-13,2024-03-07,Bancassurance,Motor Own-Damage
POL204725,CUST100994,Motor,14000.0,578000.0,12,2022-04-14,2023-04-09,Agent,Motor Comprehensive
POL204726,CUST103548,Property,23400.0,535000.0,12,2021-01-20,2022-01-15,Agent,Fire & Allied Perils
POL204727,CUST100873,Motor,6200.0,171000.0,36,2021-02-01,2024-01-17,Direct,Motor Third-Party
POL204728,CUST101015,Health,19600.0,1017000.0,12,2024-09-22,2025-09-17,Agent,Critical Illness
POL204729,CUST102863,Marine,8800.0,155000.0,12,2024-12-29,2025-12-24,Broker,Marine Hull
POL204730,CUST101739,Property,9500.0,476000.0,6,2024-11-04,2025-05-03,Agent,Property All-Risk
POL204731,CUST100613,Motor,15100.0,491000.0,6,2023-12-11,2024-06-08,Online,Motor Third-Party
POL204732,CUST104785,Motor,9600.0,267000.0,12,2024-04-14,2025-04-09,Bancassurance,Motor Third-Party
POL204733,CUST104616,Life,20100.0,758000.0,12,2023-01-11,2024-01-06,Bancassurance,Term Life
POL204734,CUST102905,Health,16500.0,445000.0,12,2022-11-19,2023-11-14,Broker,Critical Illness
POL204735,CUST102624,Motor,11100.0,588000.0,12,2024-11-10,2025-11-05,Agent,Motor Comprehensive
POL204736,CUST104041,Motor,10500.0,179000.0,12,2023-05-04,2024-04-28,Agent,Motor Comprehensive
POL204737,CUST104869,Property,22000.0,994000.0,12,2024-01-27,2025-01-21,Agent,Fire & Allied Perils
POL204738,CUST100519,Health,25000.0,1281000.0,24,2021-02-07,2023-01-28,Agent,Critical Illness
POL204739,CUST100488,Property,17500.0,432000.0,12,2021-10-15,2022-10-10,Broker,Property All-Risk
POL204740,CUST101651,Motor,23900.0,1188000.0,12,2024-03-21,2025-03-16,Agent,Motor Comprehensive
POL204741,CUST101522,Life,8100.0,286000.0,24,2022-10-30,2024-10-19,Online,Endowment Plan
POL204742,CUST104478,Health,9000.0,536000.0,36,2021-01-19,2024-01-04,Online,Family Floater
POL204743,CUST102541,Health,11400.0,364000.0,36,2023-06-19,2026-06-03,Agent,Individual Health
POL204744,CUST104052,Life,7700.0,227000.0,12,2023-07-08,2024-07-02,Agent,ULIP
POL204745,CUST103336,Motor,2700.0,149000.0,12,2022-02-19,2023-02-14,Broker,Motor Third-Party
POL204746,CUST103617,Property,14200.0,635000.0,12,2021-05-11,2022-05-06,Online,Property All-Risk
POL204747,CUST104782,Life,10100.0,502000.0,36,2022-08-24,2025-08-08,Online,Endowment Plan
POL204748,CUST102937,Motor,12800.0,432000.0,24,2024-03-01,2026-02-19,Broker,Motor Own-Damage
POL204749,CUST103881,Life,9500.0,353000.0,12,2021-01-11,2022-01-06,Agent,Endowment Plan
POL204750,CUST101344,Marine,12400.0,734000.0,24,2023-02-13,2025-02-02,Online,Marine Hull
POL204751,CUST101298,Health,16500.0,649000.0,12,2023-03-20,2024-03-14,Agent,Critical Illness
POL204752,CUST102927,Health,23300.0,1132000.0,6,2021-08-18,2022-02-14,Broker,Critical Illness
POL204753,CUST104508,Property,31000.0,1831000.0,36,2022-10-29,2025-10-13,Bancassurance,Fire & Allied Perils
POL204754,CUST100253,Motor,13800.0,658000.0,36,2021-04-08,2024-03-23,Agent,Motor Third-Party
POL204755,CUST102505,Life,10000.0,472000.0,24,2022-06-01,2024-05-21,Agent,ULIP
POL204756,CUST101011,Motor,4900.0,99000.0,12,2021-12-25,2022-12-20,Online,Motor Own-Damage
POL204757,CUST104422,Life,46400.0,1138000.0,12,2023-01-02,2023-12-28,Broker,Term Life
POL204758,CUST102591,Health,24700.0,1240000.0,6,2024-11-16,2025-05-15,Agent,Family Floater
POL204759,CUST100210,Motor,17900.0,1060000.0,6,2021-11-20,2022-05-19,Direct,Motor Comprehensive
POL204760,CUST100009,Property,6500.0,224000.0,12,2021-06-26,2022-06-21,Agent,Home Shield
POL204761,CUST103198,Health,3000.0,148000.0,12,2023-03-23,2024-03-17,Online,Family Floater
POL204762,CUST101161,Health,4800.0,74000.0,12,2022-10-28,2023-10-23,Agent,Family Floater
POL204763,CUST100206,Life,11600.0,239000.0,36,2021-02-21,2024-02-06,Agent,Term Life
POL204764,CUST100761,Health,10300.0,191000.0,12,2022-02-02,2023-01-28,Agent,Critical Illness
POL204765,CUST100771,Motor,9800.0,194000.0,12,2023-07-24,2024-07-18,Agent,Motor Own-Damage
POL204766,CUST101727,Life,10800.0,190000.0,12,2023-08-25,2024-08-19,Broker,Term Life
POL204767,CUST103590,Travel,27000.0,435000.0,24,2024-04-12,2026-04-02,Online,Domestic Travel
POL204768,CUST104291,Motor,6500.0,294000.0,12,2024-01-25,2025-01-19,Direct,Motor Third-Party
POL204769,CUST102660,Property,4500.0,157000.0,24,2022-07-22,2024-07-11,Agent,Property All-Risk
POL204770,CUST104737,Life,7900.0,311000.0,24,2024-10-01,2026-09-21,Agent,Term Life
POL204771,CUST103956,Motor,8100.0,246000.0,12,2022-08-22,2023-08-17,Agent,Motor Own-Damage
POL204772,CUST100825,Life,11400.0,377000.0,24,2022-11-11,2024-10-31,Broker,Term Life
POL204773,CUST103677,Health,4900.0,109000.0,12,2021-07-26,2022-07-21,Agent,Individual Health
POL204774,CUST101155,Property,21100.0,926000.0,24,2022-11-06,2024-10-26,Online,Fire & Allied Perils
POL204775,CUST104816,Life,9900.0,208000.0,36,2024-10-05,2027-09-20,Agent,Term Life
POL204776,CUST104234,Motor,14400.0,787000.0,12,2022-02-12,2023-02-07,Bancassurance,Motor Comprehensive
POL204777,CUST100321,Motor,16000.0,443000.0,12,2024-12-16,2025-12-11,Online,Motor Third-Party
POL204778,CUST100863,Health,12700.0,340000.0,60,2023-12-28,2028-12-01,Agent,Critical Illness
POL204779,CUST102207,Health,2100.0,50000.0,60,2021-11-09,2026-10-14,Broker,Individual Health
POL204780,CUST103706,Travel,25000.0,496000.0,12,2024-12-19,2025-12-14,Agent,International Travel
POL204781,CUST102761,Property,30500.0,802000.0,12,2024-05-06,2025-05-01,Agent,Fire & Allied Perils
POL204782,CUST100427,Property,6900.0,413000.0,24,2022-06-05,2024-05-25,Online,Fire & Allied Perils
POL204783,CUST103142,Health,9600.0,154000.0,12,2024-07-16,2025-07-11,Direct,Critical Illness
POL204784,CUST103241,Motor,8400.0,312000.0,12,2023-10-24,2024-10-18,Agent,Motor Third-Party
POL204785,CUST104648,Life,5900.0,183000.0,24,2021-01-21,2023-01-11,Bancassurance,ULIP
POL204786,CUST101328,Motor,22700.0,1136000.0,12,2024-01-31,2025-01-25,Agent,Motor Own-Damage
POL204787,CUST100191,Motor,20000.0,854000.0,24,2024-07-07,2026-06-27,Agent,Motor Third-Party
POL204788,CUST103747,Motor,9800.0,160000.0,24,2024-04-03,2026-03-24,Agent,Motor Third-Party
POL204789,CUST103513,Marine,9600.0,179000.0,12,2022-11-03,2023-10-29,Direct,Marine Cargo
POL204790,CUST102596,Life,17600.0,785000.0,12,2023-06-02,2024-05-27,Broker,Term Life
POL204791,CUST103460,Motor,13200.0,608000.0,12,2024-01-08,2025-01-02,Online,Motor Own-Damage
POL204792,CUST100894,Marine,17800.0,778000.0,12,2022-08-16,2023-08-11,Broker,Marine Cargo
POL204793,CUST100628,Property,10900.0,485000.0,12,2022-08-01,2023-07-27,Online,Property All-Risk
POL204794,CUST102011,Life,16800.0,884000.0,24,2023-05-14,2025-05-03,Bancassurance,Endowment Plan
POL204795,CUST104470,Motor,25700.0,828000.0,12,2021-01-26,2022-01-21,Agent,Motor Comprehensive
POL204796,CUST102571,Health,14400.0,422000.0,12,2021-05-27,2022-05-22,Online,Individual Health
POL204797,CUST103196,Health,35000.0,1818000.0,12,2024-06-10,2025-06-05,Online,Family Floater
POL204798,CUST104979,Life,18100.0,543000.0,12,2024-11-16,2025-11-11,Bancassurance,Endowment Plan
POL204799,CUST101513,Life,3400.0,198000.0,12,2022-10-15,2023-10-10,Online,Endowment Plan
POL204800,CUST102401,Motor,13700.0,650000.0,60,2021-08-16,2026-07-21,Online,Motor Own-Damage
POL204801,CUST103428,Health,21800.0,1016000.0,24,2021-06-28,2023-06-18,Bancassurance,Critical Illness
POL204802,CUST100756,Health,19300.0,1078000.0,12,2021-11-15,2022-11-10,Agent,Individual Health
POL204803,CUST102009,Property,21600.0,1069000.0,12,2022-07-22,2023-07-17,Agent,Property All-Risk
POL204804,CUST102776,Motor,16500.0,279000.0,12,2023-05-25,2024-05-19,Agent,Motor Comprehensive
POL204805,CUST101518,Life,34000.0,1211000.0,24,2022-02-20,2024-02-10,Agent,Endowment Plan
POL204806,CUST101101,Travel,23200.0,743000.0,24,2023-02-27,2025-02-16,Bancassurance,Domestic Travel
POL204807,CUST102189,Life,15700.0,536000.0,12,2023-09-21,2024-09-15,Agent,Endowment Plan
POL204808,CUST104397,Health,18100.0,501000.0,24,2021-04-07,2023-03-28,Agent,Critical Illness
POL204809,CUST102080,Life,44100.0,1101000.0,12,2023-04-01,2024-03-26,Agent,Endowment Plan
POL204810,CUST104170,Property,32300.0,1274000.0,24,2023-03-29,2025-03-18,Agent,Home Shield
POL204811,CUST103382,Property,13500.0,654000.0,24,2023-11-14,2025-11-03,Online,Fire & Allied Perils
POL204812,CUST100643,Motor,18300.0,426000.0,12,2023-08-29,2024-08-23,Bancassurance,Motor Comprehensive
POL204813,CUST104570,Motor,33800.0,927000.0,12,2024-11-14,2025-11-09,Agent,Motor Third-Party
POL204814,CUST102941,Motor,7900.0,355000.0,24,2022-12-02,2024-11-21,Agent,Motor Own-Damage
POL204815,CUST102844,Motor,11800.0,532000.0,24,2021-12-16,2023-12-06,Agent,Motor Comprehensive
POL204816,CUST103482,Life,26600.0,502000.0,12,2023-04-23,2024-04-17,Agent,Endowment Plan
POL204817,CUST100208,Motor,9400.0,174000.0,24,2021-09-18,2023-09-08,Agent,Motor Comprehensive
POL204818,CUST101258,Life,13400.0,501000.0,12,2021-06-19,2022-06-14,Agent,Term Life
POL204819,CUST103973,Life,17700.0,932000.0,6,2023-09-01,2024-02-28,Agent,Term Life
POL204820,CUST103131,Health,24500.0,612000.0,24,2024-08-03,2026-07-24,Online,Individual Health
POL204821,CUST101947,Motor,6400.0,384000.0,12,2023-04-05,2024-03-30,Agent,Motor Third-Party
POL204822,CUST102313,Health,25500.0,1529000.0,60,2024-12-22,2029-11-26,Agent,Individual Health
POL204823,CUST103098,Motor,16800.0,708000.0,6,2023-03-27,2023-09-23,Bancassurance,Motor Comprehensive
POL204824,CUST102410,Marine,17500.0,1019000.0,36,2023-06-16,2026-05-31,Agent,Marine Cargo
POL204825,CUST102286,Health,5000.0,163000.0,12,2023-07-14,2024-07-08,Bancassurance,Family Floater
POL204826,CUST102756,Motor,15100.0,567000.0,12,2023-03-15,2024-03-09,Direct,Motor Own-Damage
POL204827,CUST101407,Motor,7100.0,331000.0,12,2022-01-24,2023-01-19,Agent,Motor Third-Party
POL204828,CUST102850,Life,35600.0,647000.0,12,2023-10-21,2024-10-15,Broker,Endowment Plan
POL204829,CUST103460,Life,12700.0,630000.0,24,2023-02-26,2025-02-15,Agent,Term Life
POL204830,CUST103548,Travel,31300.0,1789000.0,24,2024-07-15,2026-07-05,Bancassurance,Domestic Travel
POL204831,CUST103101,Motor,17200.0,699000.0,24,2021-07-27,2023-07-17,Agent,Motor Third-Party
POL204832,CUST102262,Motor,31600.0,785000.0,36,2021-09-27,2024-09-11,Online,Motor Own-Damage
POL204833,CUST103275,Property,3800.0,79000.0,12,2023-07-17,2024-07-11,Direct,Home Shield
POL204834,CUST103613,Health,9000.0,223000.0,24,2022-12-27,2024-12-16,Online,Individual Health
POL204835,CUST101551,Health,30300.0,729000.0,36,2022-08-10,2025-07-25,Bancassurance,Individual Health
POL204836,CUST102429,Marine,39700.0,2132000.0,12,2022-08-14,2023-08-09,Online,Marine Hull
POL204837,CUST103389,Health,13800.0,292000.0,12,2023-08-19,2024-08-13,Agent,Family Floater
POL204838,CUST103314,Health,11000.0,645000.0,12,2021-08-22,2022-08-17,Online,Family Floater
POL204839,CUST102480,Travel,6100.0,305000.0,60,2022-12-05,2027-11-09,Agent,International Travel
POL204840,CUST101315,Motor,4500.0,216000.0,60,2022-08-25,2027-07-30,Broker,Motor Third-Party
POL204841,CUST104550,Motor,4200.0,180000.0,24,2023-04-02,2025-03-22,Broker,Motor Comprehensive
POL204842,CUST102708,Motor,15900.0,271000.0,6,2024-07-05,2025-01-01,Bancassurance,Motor Third-Party
POL204843,CUST102704,Motor,15300.0,724000.0,12,2021-03-02,2022-02-25,Agent,Motor Own-Damage
POL204844,CUST102339,Health,7100.0,229000.0,36,2021-06-16,2024-05-31,Agent,Critical Illness
POL204845,CUST103800,Property,10000.0,206000.0,12,2022-11-29,2023-11-24,Broker,Home Shield
POL204846,CUST101510,Travel,12900.0,676000.0,12,2021-09-22,2022-09-17,Agent,International Travel
POL204847,CUST104686,Life,3600.0,108000.0,12,2023-03-27,2024-03-21,Bancassurance,ULIP
POL204848,CUST100311,Marine,17700.0,745000.0,36,2023-07-26,2026-07-10,Online,Marine Hull
POL204849,CUST100062,Health,19100.0,421000.0,24,2024-11-20,2026-11-10,Agent,Individual Health
POL204850,CUST102550,Health,21900.0,455000.0,24,2021-11-07,2023-10-28,Online,Critical Illness
POL204851,CUST104296,Motor,20700.0,726000.0,12,2021-09-06,2022-09-01,Bancassurance,Motor Third-Party
POL204852,CUST100048,Health,14400.0,244000.0,12,2021-09-11,2022-09-06,Direct,Family Floater
POL204853,CUST103394,Health,35400.0,1510000.0,24,2023-12-25,2025-12-14,Direct,Family Floater
POL204854,CUST101949,Motor,11300.0,210000.0,12,2024-09-10,2025-09-05,Bancassurance,Motor Own-Damage
POL204855,CUST100108,Travel,20500.0,790000.0,24,2022-04-01,2024-03-21,Bancassurance,Domestic Travel
POL204856,CUST101853,Motor,6800.0,212000.0,12,2022-10-05,2023-09-30,Agent,Motor Third-Party
POL204857,CUST103233,Life,6700.0,198000.0,12,2024-12-12,2025-12-07,Agent,ULIP
POL204858,CUST103168,Motor,6900.0,342000.0,24,2021-11-09,2023-10-30,Online,Motor Comprehensive
POL204859,CUST104244,Health,19600.0,712000.0,6,2021-03-15,2021-09-11,Online,Critical Illness
POL204860,CUST104937,Life,8200.0,194000.0,12,2023-01-10,2024-01-05,Agent,Term Life
POL204861,CUST100272,Motor,19500.0,632000.0,12,2023-03-30,2024-03-24,Broker,Motor Third-Party
POL204862,CUST104290,Motor,20100.0,651000.0,12,2021-04-08,2022-04-03,Agent,Motor Comprehensive
POL204863,CUST100048,Life,37500.0,1455000.0,12,2023-04-23,2024-04-17,Broker,ULIP
POL204864,CUST104875,Life,6500.0,287000.0,12,2021-12-06,2022-12-01,Bancassurance,Term Life
POL204865,CUST103869,Health,5800.0,167000.0,36,2021-07-19,2024-07-03,Agent,Individual Health
POL204866,CUST104754,Health,16400.0,478000.0,24,2023-04-13,2025-04-02,Online,Family Floater
POL204867,CUST100338,Motor,29800.0,1512000.0,12,2024-06-11,2025-06-06,Broker,Motor Own-Damage
POL204868,CUST100370,Motor,15900.0,368000.0,60,2021-09-23,2026-08-28,Direct,Motor Comprehensive
POL204869,CUST104927,Marine,60400.0,2684000.0,12,2021-08-03,2022-07-29,Online,Marine Hull
POL204870,CUST101409,Motor,19200.0,1142000.0,6,2024-09-10,2025-03-09,Direct,Motor Own-Damage
POL204871,CUST101907,Health,18400.0,924000.0,24,2024-03-23,2026-03-13,Bancassurance,Critical Illness
POL204872,CUST101484,Life,12800.0,346000.0,60,2021-12-24,2026-11-28,Broker,Endowment Plan
POL204873,CUST100783,Property,21000.0,347000.0,60,2022-03-03,2027-02-05,Bancassurance,Fire & Allied Perils
POL204874,CUST100355,Motor,29200.0,818000.0,12,2022-02-23,2023-02-18,Agent,Motor Comprehensive
POL204875,CUST100676,Life,17300.0,262000.0,12,2022-09-30,2023-09-25,Direct,Endowment Plan
POL204876,CUST104233,Life,27600.0,1141000.0,12,2023-10-30,2024-10-24,Agent,ULIP
POL204877,CUST100134,Motor,17100.0,610000.0,12,2024-02-19,2025-02-13,Agent,Motor Comprehensive
POL204878,CUST104476,Motor,6100.0,257000.0,12,2024-06-18,2025-06-13,Agent,Motor Comprehensive
POL204879,CUST101100,Property,5200.0,263000.0,6,2024-12-21,2025-06-19,Online,Home Shield
POL204880,CUST103024,Health,23500.0,597000.0,12,2021-05-01,2022-04-26,Agent,Individual Health
POL204881,CUST101286,Motor,17500.0,556000.0,12,2023-08-18,2024-08-12,Online,Motor Comprehensive
POL204882,CUST104454,Health,28600.0,1023000.0,12,2023-03-25,2024-03-19,Online,Critical Illness
POL204883,CUST100202,Health,24000.0,1191000.0,12,2024-07-31,2025-07-26,Online,Individual Health
POL204884,CUST103571,Motor,5200.0,185000.0,12,2023-12-08,2024-12-02,Direct,Motor Own-Damage
POL204885,CUST104672,Motor,11600.0,284000.0,12,2024-04-26,2025-04-21,Online,Motor Own-Damage
POL204886,CUST102202,Health,8400.0,465000.0,24,2024-06-16,2026-06-06,Agent,Individual Health
POL204887,CUST102253,Health,15500.0,276000.0,36,2024-03-23,2027-03-08,Agent,Critical Illness
POL204888,CUST100749,Health,14600.0,639000.0,12,2021-05-08,2022-05-03,Online,Individual Health
POL204889,CUST104393,Motor,4800.0,138000.0,12,2023-06-27,2024-06-21,Bancassurance,Motor Own-Damage
POL204890,CUST104792,Life,10900.0,403000.0,12,2024-12-23,2025-12-18,Bancassurance,Term Life
POL204891,CUST102482,Life,10900.0,638000.0,24,2022-11-08,2024-10-28,Agent,ULIP
POL204892,CUST103461,Health,20200.0,843000.0,12,2021-05-25,2022-05-20,Bancassurance,Individual Health
POL204893,CUST103790,Motor,15000.0,679000.0,24,2021-03-10,2023-02-28,Bancassurance,Motor Third-Party
POL204894,CUST101770,Motor,9900.0,439000.0,24,2024-03-18,2026-03-08,Online,Motor Comprehensive
POL204895,CUST100019,Travel,8900.0,421000.0,12,2024-05-30,2025-05-25,Online,Domestic Travel
POL204896,CUST100643,Motor,4700.0,164000.0,12,2021-08-04,2022-07-30,Bancassurance,Motor Third-Party
POL204897,CUST104484,Health,23400.0,369000.0,24,2024-10-31,2026-10-21,Agent,Individual Health
POL204898,CUST103994,Life,23800.0,1310000.0,6,2023-06-21,2023-12-18,Bancassurance,ULIP
POL204899,CUST100474,Property,30200.0,1216000.0,12,2022-04-22,2023-04-17,Broker,Fire & Allied Perils
POL204900,CUST104010,Marine,10500.0,589000.0,12,2022-05-12,2023-05-07,Broker,Marine Hull
POL204901,CUST104415,Health,35400.0,1704000.0,12,2021-12-06,2022-12-01,Direct,Critical Illness
POL204902,CUST102715,Travel,23700.0,1159000.0,12,2022-05-12,2023-05-07,Online,International Travel
POL204903,CUST102256,Motor,25400.0,1127000.0,12,2021-06-15,2022-06-10,Online,Motor Third-Party
POL204904,CUST104999,Property,12300.0,717000.0,12,2022-06-25,2023-06-20,Bancassurance,Property All-Risk
POL204905,CUST104359,Motor,11800.0,599000.0,12,2021-08-15,2022-08-10,Agent,Motor Comprehensive
POL204906,CUST101932,Travel,22000.0,761000.0,12,2023-11-17,2024-11-11,Broker,International Travel
POL204907,CUST102384,Property,30800.0,841000.0,12,2023-11-23,2024-11-17,Agent,Home Shield
POL204908,CUST104710,Property,35500.0,1164000.0,12,2022-07-21,2023-07-16,Online,Fire & Allied Perils
POL204909,CUST104607,Life,32700.0,758000.0,12,2024-12-24,2025-12-19,Bancassurance,Term Life
POL204910,CUST103151,Motor,19900.0,512000.0,12,2024-09-24,2025-09-19,Online,Motor Own-Damage
POL204911,CUST103242,Health,6800.0,152000.0,12,2024-01-23,2025-01-17,Bancassurance,Individual Health
POL204912,CUST103682,Motor,2000.0,35000.0,12,2021-10-18,2022-10-13,Online,Motor Third-Party
POL204913,CUST101444,Life,24700.0,807000.0,24,2022-12-08,2024-11-27,Online,Endowment Plan
POL204914,CUST104585,Motor,8800.0,433000.0,12,2021-01-08,2022-01-03,Bancassurance,Motor Own-Damage
POL204915,CUST101470,Motor,42300.0,766000.0,12,2021-03-18,2022-03-13,Broker,Motor Comprehensive
POL204916,CUST104155,Motor,32000.0,1404000.0,12,2021-09-14,2022-09-09,Agent,Motor Comprehensive
POL204917,CUST104100,Property,15800.0,934000.0,12,2023-10-05,2024-09-29,Broker,Property All-Risk
POL204918,CUST101443,Health,16900.0,599000.0,6,2024-11-01,2025-04-30,Broker,Individual Health
POL204919,CUST104038,Health,22200.0,609000.0,12,2021-01-31,2022-01-26,Broker,Critical Illness
POL204920,CUST104336,Motor,16600.0,714000.0,12,2023-07-26,2024-07-20,Bancassurance,Motor Third-Party
POL204921,CUST102483,Health,23100.0,1057000.0,36,2022-11-05,2025-10-20,Bancassurance,Critical Illness
POL204922,CUST102698,Health,15700.0,443000.0,12,2023-06-17,2024-06-11,Bancassurance,Family Floater
POL204923,CUST102546,Motor,11700.0,386000.0,36,2022-09-12,2025-08-27,Agent,Motor Third-Party
POL204924,CUST100224,Life,8900.0,510000.0,12,2024-11-28,2025-11-23,Broker,Endowment Plan
POL204925,CUST102702,Health,12200.0,472000.0,24,2021-12-25,2023-12-15,Agent,Individual Health
POL204926,CUST103369,Travel,17800.0,1057000.0,12,2022-10-24,2023-10-19,Agent,International Travel
POL204927,CUST102806,Motor,8400.0,318000.0,12,2023-10-20,2024-10-14,Online,Motor Comprehensive
POL204928,CUST102498,Health,26800.0,600000.0,36,2022-04-02,2025-03-17,Agent,Critical Illness
POL204929,CUST102506,Marine,17900.0,912000.0,36,2024-12-11,2027-11-26,Online,Marine Hull
POL204930,CUST102683,Marine,13600.0,730000.0,24,2021-01-15,2023-01-05,Broker,Marine Cargo
POL204931,CUST104645,Health,8100.0,133000.0,24,2023-07-01,2025-06-20,Agent,Individual Health
POL204932,CUST102057,Motor,28200.0,719000.0,12,2022-02-12,2023-02-07,Agent,Motor Comprehensive
POL204933,CUST101121,Health,34500.0,1217000.0,12,2021-06-17,2022-06-12,Bancassurance,Individual Health
POL204934,CUST100320,Life,2600.0,147000.0,12,2022-11-29,2023-11-24,Agent,Endowment Plan
POL204935,CUST104353,Motor,17000.0,932000.0,24,2023-05-21,2025-05-10,Online,Motor Own-Damage
POL204936,CUST100901,Motor,31200.0,1386000.0,12,2021-01-03,2021-12-29,Broker,Motor Comprehensive
POL204937,CUST102085,Health,22400.0,1106000.0,60,2023-07-14,2028-06-17,Bancassurance,Individual Health
POL204938,CUST103782,Motor,5300.0,114000.0,24,2024-06-11,2026-06-01,Agent,Motor Comprehensive
POL204939,CUST100892,Property,13100.0,531000.0,12,2021-01-12,2022-01-07,Online,Property All-Risk
POL204940,CUST101171,Motor,7500.0,377000.0,12,2023-03-10,2024-03-04,Agent,Motor Comprehensive
POL204941,CUST103176,Travel,8300.0,212000.0,12,2024-11-08,2025-11-03,Agent,International Travel
POL204942,CUST103138,Health,16100.0,332000.0,12,2024-07-07,2025-07-02,Broker,Individual Health
POL204943,CUST101216,Travel,20800.0,873000.0,60,2022-11-21,2027-10-26,Broker,International Travel
POL204944,CUST102709,Life,10800.0,609000.0,60,2023-11-02,2028-10-06,Online,Term Life
POL204945,CUST103520,Motor,15200.0,894000.0,24,2022-03-28,2024-03-17,Online,Motor Third-Party
POL204946,CUST101106,Motor,20800.0,711000.0,12,2023-07-04,2024-06-28,Online,Motor Comprehensive
POL204947,CUST102216,Motor,5400.0,195000.0,60,2021-07-23,2026-06-27,Online,Motor Comprehensive
POL204948,CUST101402,Life,8200.0,354000.0,36,2023-11-04,2026-10-19,Online,ULIP
POL204949,CUST104700,Motor,9200.0,154000.0,24,2022-11-11,2024-10-31,Agent,Motor Own-Damage
POL204950,CUST101917,Life,12300.0,485000.0,6,2023-12-17,2024-06-14,Agent,ULIP
POL204951,CUST104279,Property,13300.0,575000.0,12,2024-03-27,2025-03-22,Agent,Home Shield
POL204952,CUST104400,Health,16400.0,338000.0,12,2022-08-09,2023-08-04,Bancassurance,Critical Illness
POL204953,CUST100838,Life,10800.0,565000.0,12,2022-03-05,2023-02-28,Agent,Endowment Plan
POL204954,CUST104706,Marine,21700.0,848000.0,24,2023-11-14,2025-11-03,Bancassurance,Marine Cargo
POL204955,CUST100245,Life,11400.0,617000.0,12,2022-07-16,2023-07-11,Online,Endowment Plan
POL204956,CUST101933,Motor,6800.0,272000.0,60,2024-06-19,2029-05-24,Online,Motor Comprehensive
POL204957,CUST100794,Motor,10000.0,289000.0,12,2022-11-16,2023-11-11,Online,Motor Third-Party
POL204958,CUST100230,Health,7500.0,239000.0,6,2024-01-03,2024-07-01,Online,Individual Health
POL204959,CUST102759,Motor,3100.0,180000.0,12,2024-10-14,2025-10-09,Bancassurance,Motor Comprehensive
POL204960,CUST103004,Health,39700.0,1401000.0,12,2023-09-13,2024-09-07,Broker,Critical Illness
POL204961,CUST102909,Travel,3100.0,117000.0,12,2023-05-18,2024-05-12,Online,International Travel
POL204962,CUST102087,Health,11900.0,585000.0,24,2024-05-04,2026-04-24,Bancassurance,Individual Health
POL204963,CUST103934,Motor,15000.0,775000.0,24,2024-04-03,2026-03-24,Agent,Motor Comprehensive
POL204964,CUST102461,Motor,14700.0,829000.0,24,2021-11-03,2023-10-24,Online,Motor Own-Damage
POL204965,CUST102675,Marine,2800.0,129000.0,6,2022-08-02,2023-01-29,Bancassurance,Marine Cargo
POL204966,CUST102209,Motor,16000.0,455000.0,24,2022-04-19,2024-04-08,Agent,Motor Third-Party
POL204967,CUST101036,Motor,28200.0,613000.0,12,2024-04-05,2025-03-31,Online,Motor Comprehensive
POL204968,CUST103272,Health,5300.0,189000.0,12,2023-04-22,2024-04-16,Bancassurance,Critical Illness
POL204969,CUST104145,Health,15800.0,304000.0,12,2021-06-24,2022-06-19,Online,Individual Health
POL204970,CUST101522,Health,16000.0,898000.0,12,2021-10-25,2022-10-20,Agent,Critical Illness
POL204971,CUST102317,Health,13800.0,815000.0,6,2022-03-07,2022-09-03,Bancassurance,Individual Health
POL204972,CUST104463,Health,43000.0,1653000.0,12,2023-10-12,2024-10-06,Bancassurance,Family Floater
POL204973,CUST101032,Motor,13600.0,228000.0,24,2023-05-23,2025-05-12,Broker,Motor Own-Damage
POL204974,CUST102106,Health,10200.0,289000.0,12,2024-01-06,2024-12-31,Bancassurance,Individual Health
POL204975,CUST101347,Life,4300.0,140000.0,24,2022-09-21,2024-09-10,Agent,Endowment Plan
POL204976,CUST101708,Health,30600.0,997000.0,12,2021-02-07,2022-02-02,Broker,Individual Health
POL204977,CUST102296,Travel,7400.0,345000.0,12,2022-03-29,2023-03-24,Broker,International Travel
POL204978,CUST104614,Motor,17300.0,1024000.0,12,2023-08-22,2024-08-16,Bancassurance,Motor Comprehensive
POL204979,CUST100062,Health,32600.0,525000.0,12,2022-04-15,2023-04-10,Broker,Critical Illness
POL204980,CUST101790,Life,19800.0,1157000.0,24,2021-02-14,2023-02-04,Bancassurance,Endowment Plan
POL204981,CUST104329,Health,5100.0,287000.0,6,2024-03-20,2024-09-16,Online,Critical Illness
POL204982,CUST100415,Motor,22400.0,1199000.0,24,2021-03-11,2023-03-01,Agent,Motor Third-Party
POL204983,CUST102532,Health,9800.0,339000.0,24,2023-11-10,2025-10-30,Agent,Individual Health
POL204984,CUST100776,Travel,21400.0,698000.0,24,2021-08-06,2023-07-27,Bancassurance,International Travel
POL204985,CUST102796,Health,39500.0,1445000.0,12,2024-02-09,2025-02-03,Bancassurance,Individual Health
POL204986,CUST103571,Motor,20300.0,902000.0,12,2021-12-01,2022-11-26,Agent,Motor Own-Damage
POL204987,CUST103176,Motor,14500.0,389000.0,12,2023-04-14,2024-04-08,Agent,Motor Comprehensive
POL204988,CUST102811,Health,2000.0,66000.0,36,2024-06-14,2027-05-30,Online,Family Floater
POL204989,CUST103713,Motor,9000.0,524000.0,60,2021-10-05,2026-09-09,Agent,Motor Own-Damage
POL204990,CUST102673,Property,7100.0,130000.0,12,2023-03-25,2024-03-19,Agent,Property All-Risk
POL204991,CUST103064,Travel,20100.0,485000.0,12,2024-03-25,2025-03-20,Bancassurance,Domestic Travel
POL204992,CUST100409,Travel,31400.0,530000.0,12,2021-03-22,2022-03-17,Agent,Domestic Travel
POL204993,CUST100106,Health,18800.0,784000.0,12,2022-09-29,2023-09-24,Agent,Critical Illness
POL204994,CUST100820,Health,15900.0,610000.0,24,2024-11-04,2026-10-25,Online,Critical Illness
POL204995,CUST102699,Health,15800.0,284000.0,36,2024-04-07,2027-03-23,Agent,Critical Illness
POL204996,CUST101981,Motor,14100.0,505000.0,12,2022-11-13,2023-11-08,Bancassurance,Motor Comprehensive
POL204997,CUST101830,Health,29400.0,699000.0,24,2021-02-12,2023-02-02,Agent,Family Floater
POL204998,CUST102240,Motor,23300.0,1027000.0,36,2023-03-15,2026-02-27,Direct,Motor Third-Party
POL204999,CUST104947,Motor,34400.0,1767000.0,24,2021-03-08,2023-02-26,Agent,Motor Comprehensive
POL205000,CUST101882,Property,32500.0,644000.0,24,2023-10-30,2025-10-19,Bancassurance,Property All-Risk
POL205001,CUST102220,Property,46900.0,2297000.0,12,2022-04-10,2023-04-05,Online,Fire & Allied Perils
POL205002,CUST102513,Marine,25900.0,902000.0,24,2024-05-09,2026-04-29,Broker,Marine Cargo
POL205003,CUST103871,Health,23600.0,899000.0,12,2022-09-29,2023-09-24,Agent,Critical Illness
POL205004,CUST103667,Property,14600.0,514000.0,24,2023-05-11,2025-04-30,Online,Property All-Risk
POL205005,CUST104896,Health,16200.0,765000.0,60,2021-09-13,2026-08-18,Agent,Critical Illness
POL205006,CUST103178,Motor,27500.0,1294000.0,12,2023-07-02,2024-06-26,Online,Motor Third-Party
POL205007,CUST104769,Health,12500.0,518000.0,12,2022-12-18,2023-12-13,Agent,Critical Illness
POL205008,CUST103056,Health,30100.0,758000.0,12,2021-05-06,2022-05-01,Agent,Individual Health
POL205009,CUST102691,Health,14500.0,466000.0,12,2023-08-21,2024-08-15,Bancassurance,Family Floater
POL205010,CUST102788,Property,16800.0,867000.0,6,2021-03-20,2021-09-16,Agent,Fire & Allied Perils
POL205011,CUST102400,Health,37900.0,1102000.0,24,2024-08-30,2026-08-20,Agent,Family Floater
POL205012,CUST101004,Marine,24000.0,1352000.0,36,2022-01-15,2024-12-30,Agent,Marine Cargo
POL205013,CUST101831,Motor,17100.0,478000.0,12,2022-11-03,2023-10-29,Broker,Motor Comprehensive
POL205014,CUST103023,Life,43800.0,1742000.0,24,2023-03-12,2025-03-01,Bancassurance,Endowment Plan
POL205015,CUST103030,Marine,10800.0,459000.0,24,2023-07-19,2025-07-08,Online,Marine Hull
POL205016,CUST100792,Health,9300.0,210000.0,12,2024-08-02,2025-07-28,Broker,Family Floater
POL205017,CUST104017,Property,8900.0,331000.0,12,2022-12-26,2023-12-21,Agent,Property All-Risk
POL205018,CUST103564,Life,18400.0,492000.0,36,2021-09-11,2024-08-26,Agent,ULIP
POL205019,CUST102625,Motor,16500.0,425000.0,12,2024-10-11,2025-10-06,Agent,Motor Third-Party
POL205020,CUST102261,Life,20400.0,754000.0,60,2024-10-04,2029-09-08,Online,Endowment Plan
POL205021,CUST102788,Life,4500.0,128000.0,24,2022-08-06,2024-07-26,Broker,Endowment Plan
POL205022,CUST102907,Motor,4800.0,200000.0,24,2022-01-21,2024-01-11,Bancassurance,Motor Comprehensive
POL205023,CUST102139,Health,9300.0,436000.0,12,2023-11-25,2024-11-19,Agent,Family Floater
POL205024,CUST104313,Motor,18500.0,884000.0,12,2024-04-11,2025-04-06,Broker,Motor Comprehensive
POL205025,CUST100791,Motor,12300.0,300000.0,12,2021-06-06,2022-06-01,Bancassurance,Motor Third-Party
POL205026,CUST101865,Travel,7200.0,217000.0,12,2022-02-21,2023-02-16,Agent,International Travel
POL205027,CUST101988,Travel,8400.0,493000.0,60,2022-02-21,2027-01-26,Agent,Domestic Travel
POL205028,CUST100498,Life,24500.0,1377000.0,24,2022-08-15,2024-08-04,Online,Term Life
POL205029,CUST100445,Health,34400.0,1941000.0,12,2023-05-02,2024-04-26,Broker,Critical Illness
POL205030,CUST104456,Health,13000.0,551000.0,12,2023-10-23,2024-10-17,Online,Individual Health
POL205031,CUST103872,Motor,7400.0,297000.0,12,2024-05-07,2025-05-02,Direct,Motor Own-Damage
POL205032,CUST101824,Health,19000.0,740000.0,12,2024-07-11,2025-07-06,Agent,Critical Illness
POL205033,CUST101330,Property,40900.0,1957000.0,12,2022-08-14,2023-08-09,Bancassurance,Property All-Risk
POL205034,CUST102032,Health,17300.0,296000.0,12,2021-12-25,2022-12-20,Online,Family Floater
POL205035,CUST103524,Health,18200.0,405000.0,12,2021-04-06,2022-04-01,Direct,Individual Health
POL205036,CUST101480,Motor,14800.0,402000.0,12,2024-02-02,2025-01-27,Broker,Motor Third-Party
POL205037,CUST100331,Marine,21300.0,937000.0,12,2021-12-14,2022-12-09,Bancassurance,Marine Hull
POL205038,CUST102100,Motor,18200.0,490000.0,12,2024-12-21,2025-12-16,Broker,Motor Own-Damage
POL205039,CUST102993,Health,4100.0,87000.0,12,2022-04-29,2023-04-24,Bancassurance,Critical Illness
POL205040,CUST102604,Health,21000.0,407000.0,12,2022-08-07,2023-08-02,Agent,Critical Illness
POL205041,CUST100861,Health,17400.0,963000.0,12,2023-11-26,2024-11-20,Agent,Family Floater
POL205042,CUST104216,Life,7800.0,354000.0,24,2021-05-23,2023-05-13,Direct,Term Life
POL205043,CUST103157,Life,10400.0,353000.0,12,2021-12-31,2022-12-26,Broker,Endowment Plan
POL205044,CUST103600,Life,5500.0,107000.0,12,2023-04-14,2024-04-08,Online,ULIP
POL205045,CUST104787,Motor,22900.0,999000.0,12,2022-11-13,2023-11-08,Online,Motor Comprehensive
POL205046,CUST102566,Travel,26400.0,1133000.0,12,2021-12-14,2022-12-09,Online,Domestic Travel
POL205047,CUST102894,Life,19100.0,293000.0,24,2022-05-20,2024-05-09,Online,Term Life
POL205048,CUST103819,Marine,12600.0,371000.0,36,2021-05-15,2024-04-29,Agent,Marine Hull
POL205049,CUST103869,Motor,16200.0,802000.0,12,2024-06-29,2025-06-24,Agent,Motor Own-Damage
POL205050,CUST104238,Travel,18800.0,1013000.0,12,2023-06-01,2024-05-26,Bancassurance,Domestic Travel
POL205051,CUST103522,Life,18600.0,491000.0,24,2024-07-21,2026-07-11,Agent,Term Life
POL205052,CUST100290,Health,24300.0,853000.0,12,2022-05-29,2023-05-24,Bancassurance,Family Floater
POL205053,CUST101751,Motor,10700.0,533000.0,24,2024-03-19,2026-03-09,Direct,Motor Comprehensive
POL205054,CUST102961,Motor,17300.0,724000.0,24,2022-03-18,2024-03-07,Agent,Motor Third-Party
POL205055,CUST102224,Property,9100.0,281000.0,24,2022-06-09,2024-05-29,Online,Fire & Allied Perils
POL205056,CUST100216,Health,22900.0,1345000.0,12,2024-08-21,2025-08-16,Broker,Family Floater
POL205057,CUST101337,Life,9700.0,368000.0,12,2022-07-03,2023-06-28,Online,ULIP
POL205058,CUST101540,Life,43800.0,1891000.0,12,2021-06-10,2022-06-05,Agent,Endowment Plan
POL205059,CUST100180,Property,16400.0,618000.0,24,2023-06-26,2025-06-15,Online,Home Shield
POL205060,CUST103812,Health,12500.0,260000.0,60,2022-10-14,2027-09-18,Online,Individual Health
POL205061,CUST101889,Marine,11000.0,435000.0,12,2024-06-25,2025-06-20,Agent,Marine Hull
POL205062,CUST103956,Motor,16300.0,450000.0,12,2023-11-08,2024-11-02,Online,Motor Own-Damage
POL205063,CUST104351,Property,38200.0,614000.0,12,2024-05-04,2025-04-29,Online,Fire & Allied Perils
POL205064,CUST104419,Health,8000.0,178000.0,12,2023-06-25,2024-06-19,Broker,Individual Health
POL205065,CUST104541,Motor,23200.0,1315000.0,12,2021-07-12,2022-07-07,Online,Motor Comprehensive
POL205066,CUST102491,Health,9300.0,475000.0,12,2023-07-25,2024-07-19,Bancassurance,Critical Illness
POL205067,CUST101212,Property,7200.0,115000.0,12,2023-05-06,2024-04-30,Online,Property All-Risk
POL205068,CUST100420,Life,20400.0,866000.0,12,2024-03-21,2025-03-16,Agent,Term Life
POL205069,CUST103119,Motor,12800.0,531000.0,24,2021-01-30,2023-01-20,Online,Motor Third-Party
POL205070,CUST100633,Motor,15600.0,565000.0,24,2022-05-11,2024-04-30,Agent,Motor Own-Damage
POL205071,CUST101206,Life,19400.0,417000.0,12,2021-08-14,2022-08-09,Agent,Term Life
POL205072,CUST101221,Motor,38200.0,2181000.0,36,2022-10-23,2025-10-07,Bancassurance,Motor Third-Party
POL205073,CUST101367,Motor,22700.0,872000.0,12,2024-12-30,2025-12-25,Agent,Motor Own-Damage
POL205074,CUST101860,Life,12800.0,614000.0,12,2022-04-25,2023-04-20,Direct,Term Life
POL205075,CUST101656,Health,24300.0,1293000.0,12,2021-02-19,2022-02-14,Agent,Individual Health
POL205076,CUST102632,Motor,6500.0,379000.0,6,2022-01-10,2022-07-09,Broker,Motor Third-Party
POL205077,CUST104786,Health,14100.0,281000.0,24,2023-12-17,2025-12-06,Broker,Individual Health
POL205078,CUST103229,Health,11600.0,375000.0,24,2022-06-19,2024-06-08,Broker,Family Floater
POL205079,CUST103380,Life,48300.0,1867000.0,12,2021-10-20,2022-10-15,Bancassurance,ULIP
POL205080,CUST100812,Motor,9200.0,377000.0,24,2022-05-08,2024-04-27,Agent,Motor Comprehensive
POL205081,CUST100570,Health,22600.0,1265000.0,24,2023-10-13,2025-10-02,Bancassurance,Individual Health
POL205082,CUST100944,Health,11100.0,407000.0,12,2022-09-10,2023-09-05,Direct,Family Floater
POL205083,CUST104242,Health,8800.0,435000.0,12,2022-02-19,2023-02-14,Agent,Critical Illness
POL205084,CUST100864,Motor,10000.0,352000.0,60,2024-06-04,2029-05-09,Agent,Motor Third-Party
POL205085,CUST104919,Motor,17200.0,555000.0,6,2023-01-07,2023-07-06,Online,Motor Third-Party
POL205086,CUST103774,Life,15200.0,406000.0,36,2022-05-25,2025-05-09,Bancassurance,Term Life
POL205087,CUST104145,Motor,12700.0,364000.0,24,2024-05-30,2026-05-20,Agent,Motor Third-Party
POL205088,CUST101510,Travel,27000.0,1178000.0,24,2022-10-11,2024-09-30,Agent,International Travel
POL205089,CUST100781,Travel,13500.0,236000.0,12,2021-10-27,2022-10-22,Broker,International Travel
POL205090,CUST100833,Health,25800.0,750000.0,12,2022-09-22,2023-09-17,Agent,Family Floater
POL205091,CUST104288,Life,15800.0,717000.0,12,2024-02-21,2025-02-15,Agent,Term Life
POL205092,CUST102156,Life,7900.0,150000.0,12,2022-02-18,2023-02-13,Direct,Term Life
POL205093,CUST102045,Motor,16800.0,661000.0,12,2021-10-01,2022-09-26,Broker,Motor Own-Damage
POL205094,CUST101237,Health,16700.0,596000.0,36,2022-12-04,2025-11-18,Online,Family Floater
POL205095,CUST101781,Travel,53900.0,966000.0,12,2024-08-01,2025-07-27,Online,Domestic Travel
POL205096,CUST101846,Motor,32400.0,597000.0,12,2024-06-19,2025-06-14,Agent,Motor Third-Party
POL205097,CUST103747,Health,35800.0,1505000.0,12,2024-07-09,2025-07-04,Bancassurance,Family Floater
POL205098,CUST104120,Life,15100.0,585000.0,24,2022-02-07,2024-01-28,Online,Term Life
POL205099,CUST102335,Motor,11000.0,522000.0,24,2024-05-21,2026-05-11,Agent,Motor Comprehensive
POL205100,CUST101669,Health,13700.0,590000.0,24,2022-12-12,2024-12-01,Online,Family Floater
POL205101,CUST102258,Marine,13200.0,490000.0,12,2022-04-29,2023-04-24,Online,Marine Hull
POL205102,CUST100874,Motor,26300.0,906000.0,24,2022-12-07,2024-11-26,Broker,Motor Comprehensive
POL205103,CUST100342,Motor,11500.0,337000.0,12,2023-11-14,2024-11-08,Agent,Motor Comprehensive
POL205104,CUST101162,Motor,24500.0,412000.0,60,2023-10-08,2028-09-11,Agent,Motor Own-Damage
POL205105,CUST100122,Life,28600.0,530000.0,24,2024-02-21,2026-02-10,Agent,ULIP
POL205106,CUST100171,Health,21300.0,874000.0,12,2023-01-01,2023-12-27,Direct,Family Floater
POL205107,CUST101192,Health,6900.0,283000.0,12,2021-10-07,2022-10-02,Online,Critical Illness
POL205108,CUST104505,Property,20500.0,349000.0,24,2021-11-27,2023-11-17,Online,Home Shield
POL205109,CUST100925,Travel,6400.0,221000.0,24,2021-11-05,2023-10-26,Online,International Travel
POL205110,CUST103484,Motor,16500.0,952000.0,12,2022-06-23,2023-06-18,Agent,Motor Third-Party
POL205111,CUST100735,Property,13900.0,326000.0,12,2021-06-24,2022-06-19,Online,Fire & Allied Perils
POL205112,CUST102316,Health,22000.0,1090000.0,12,2021-09-11,2022-09-06,Online,Individual Health
POL205113,CUST103034,Motor,12200.0,462000.0,12,2023-08-08,2024-08-02,Broker,Motor Own-Damage
POL205114,CUST102804,Motor,11300.0,565000.0,12,2021-05-09,2022-05-04,Bancassurance,Motor Comprehensive
POL205115,CUST103998,Health,12300.0,335000.0,12,2023-04-22,2024-04-16,Online,Individual Health
POL205116,CUST101270,Marine,12900.0,765000.0,12,2021-08-28,2022-08-23,Bancassurance,Marine Hull
POL205117,CUST103713,Health,6300.0,197000.0,12,2021-12-09,2022-12-04,Agent,Individual Health
POL205118,CUST102018,Life,29300.0,1266000.0,12,2021-05-25,2022-05-20,Online,ULIP
POL205119,CUST102226,Motor,13500.0,618000.0,12,2023-04-21,2024-04-15,Bancassurance,Motor Comprehensive
POL205120,CUST101599,Motor,24500.0,1096000.0,12,2021-05-15,2022-05-10,Bancassurance,Motor Third-Party
POL205121,CUST104984,Travel,20100.0,781000.0,24,2024-09-29,2026-09-19,Bancassurance,Domestic Travel
POL205122,CUST104122,Property,13800.0,627000.0,36,2021-07-26,2024-07-10,Broker,Fire & Allied Perils
POL205123,CUST102314,Health,11800.0,538000.0,12,2022-06-02,2023-05-28,Online,Individual Health
POL205124,CUST103717,Motor,5900.0,284000.0,12,2022-07-01,2023-06-26,Agent,Motor Own-Damage
POL205125,CUST104578,Motor,10600.0,505000.0,12,2021-06-20,2022-06-15,Bancassurance,Motor Own-Damage
POL205126,CUST101419,Travel,7000.0,317000.0,12,2021-07-28,2022-07-23,Agent,Domestic Travel
POL205127,CUST101630,Motor,8400.0,470000.0,24,2022-12-26,2024-12-15,Agent,Motor Third-Party
POL205128,CUST103811,Motor,24200.0,1341000.0,12,2022-12-13,2023-12-08,Agent,Motor Own-Damage
POL205129,CUST101419,Life,11900.0,201000.0,24,2022-09-13,2024-09-02,Agent,Term Life
POL205130,CUST100469,Travel,9700.0,574000.0,24,2022-01-09,2023-12-30,Broker,Domestic Travel
POL205131,CUST102976,Motor,12200.0,619000.0,24,2024-12-03,2026-11-23,Online,Motor Own-Damage
POL205132,CUST101012,Property,7000.0,292000.0,24,2024-05-07,2026-04-27,Agent,Fire & Allied Perils
POL205133,CUST102933,Health,7600.0,322000.0,12,2022-05-15,2023-05-10,Agent,Individual Health
POL205134,CUST100531,Life,25900.0,842000.0,12,2021-06-18,2022-06-13,Direct,Term Life
POL205135,CUST102392,Motor,34000.0,1169000.0,12,2022-08-08,2023-08-03,Agent,Motor Third-Party
POL205136,CUST101191,Property,15300.0,490000.0,36,2023-11-11,2026-10-26,Online,Fire & Allied Perils
POL205137,CUST102643,Life,4400.0,254000.0,12,2024-04-14,2025-04-09,Online,Term Life
POL205138,CUST101130,Travel,32700.0,1371000.0,24,2021-04-17,2023-04-07,Broker,International Travel
POL205139,CUST101256,Health,42000.0,930000.0,36,2021-11-21,2024-11-05,Broker,Critical Illness
POL205140,CUST104502,Marine,18500.0,919000.0,12,2024-11-15,2025-11-10,Online,Marine Hull
POL205141,CUST104909,Health,10200.0,472000.0,12,2022-06-15,2023-06-10,Online,Family Floater
POL205142,CUST101636,Health,24500.0,1066000.0,12,2023-11-05,2024-10-30,Bancassurance,Family Floater
POL205143,CUST103228,Motor,14800.0,398000.0,12,2024-03-07,2025-03-02,Agent,Motor Comprehensive
POL205144,CUST101776,Property,22900.0,981000.0,12,2024-06-13,2025-06-08,Online,Property All-Risk
POL205145,CUST100850,Health,5300.0,274000.0,12,2024-12-04,2025-11-29,Bancassurance,Critical Illness
POL205146,CUST100498,Life,11500.0,259000.0,12,2021-05-15,2022-05-10,Bancassurance,ULIP
POL205147,CUST104452,Life,6800.0,269000.0,12,2022-04-28,2023-04-23,Online,ULIP
POL205148,CUST100329,Property,8500.0,207000.0,24,2023-06-09,2025-05-29,Online,Home Shield
POL205149,CUST102460,Health,5100.0,203000.0,36,2021-07-09,2024-06-23,Online,Critical Illness
POL205150,CUST101096,Life,8500.0,373000.0,36,2021-01-11,2023-12-27,Online,Term Life
POL205151,CUST103801,Health,29000.0,1493000.0,12,2023-02-23,2024-02-18,Broker,Family Floater
POL205152,CUST100672,Life,9200.0,344000.0,24,2022-06-26,2024-06-15,Direct,Endowment Plan
POL205153,CUST102884,Health,5000.0,284000.0,24,2021-08-31,2023-08-21,Bancassurance,Critical Illness
POL205154,CUST101723,Property,9100.0,510000.0,60,2024-12-05,2029-11-09,Bancassurance,Property All-Risk
POL205155,CUST102604,Property,5300.0,274000.0,12,2022-11-14,2023-11-09,Agent,Fire & Allied Perils
POL205156,CUST100930,Health,15700.0,628000.0,12,2022-06-19,2023-06-14,Agent,Family Floater
POL205157,CUST100584,Motor,9400.0,221000.0,12,2024-10-08,2025-10-03,Bancassurance,Motor Comprehensive
POL205158,CUST100890,Health,13100.0,580000.0,24,2023-04-21,2025-04-10,Bancassurance,Family Floater
POL205159,CUST102882,Property,10200.0,477000.0,12,2021-12-25,2022-12-20,Bancassurance,Property All-Risk
POL205160,CUST103237,Marine,13100.0,488000.0,12,2023-01-25,2024-01-20,Bancassurance,Marine Hull
POL205161,CUST104522,Motor,4800.0,281000.0,12,2024-02-02,2025-01-27,Broker,Motor Third-Party
POL205162,CUST104710,Travel,8800.0,170000.0,60,2022-04-01,2027-03-06,Agent,International Travel
POL205163,CUST103762,Motor,20500.0,1096000.0,24,2022-01-14,2024-01-04,Online,Motor Third-Party
POL205164,CUST100062,Marine,21500.0,1197000.0,60,2021-03-26,2026-02-28,Online,Marine Cargo
POL205165,CUST103517,Travel,13500.0,584000.0,24,2023-04-04,2025-03-24,Bancassurance,International Travel
POL205166,CUST103527,Health,14200.0,780000.0,12,2024-06-25,2025-06-20,Online,Individual Health
POL205167,CUST103530,Travel,3900.0,96000.0,24,2021-04-14,2023-04-04,Direct,International Travel
POL205168,CUST103295,Health,18200.0,556000.0,24,2023-08-31,2025-08-20,Online,Critical Illness
POL205169,CUST103437,Health,28800.0,667000.0,12,2021-06-09,2022-06-04,Online,Family Floater
POL205170,CUST102925,Property,5300.0,154000.0,12,2024-11-27,2025-11-22,Agent,Home Shield
POL205171,CUST103097,Motor,23500.0,527000.0,12,2021-09-15,2022-09-10,Broker,Motor Third-Party
POL205172,CUST103461,Motor,5200.0,116000.0,12,2023-06-22,2024-06-16,Agent,Motor Third-Party
POL205173,CUST100217,Motor,15500.0,254000.0,12,2024-12-28,2025-12-23,Online,Motor Own-Damage
POL205174,CUST102543,Life,4700.0,228000.0,12,2021-06-04,2022-05-30,Broker,Term Life
POL205175,CUST100638,Life,5800.0,166000.0,12,2023-02-06,2024-02-01,Online,ULIP
POL205176,CUST104634,Property,8300.0,353000.0,6,2022-10-09,2023-04-07,Agent,Property All-Risk
POL205177,CUST104948,Marine,7500.0,347000.0,24,2021-02-18,2023-02-08,Bancassurance,Marine Hull
POL205178,CUST100791,Property,27200.0,1229000.0,12,2022-01-22,2023-01-17,Broker,Fire & Allied Perils
POL205179,CUST104457,Life,16200.0,922000.0,36,2023-09-26,2026-09-10,Agent,Term Life
POL205180,CUST102367,Marine,7700.0,365000.0,12,2024-09-29,2025-09-24,Agent,Marine Hull
POL205181,CUST103361,Motor,20600.0,880000.0,24,2023-11-21,2025-11-10,Agent,Motor Comprehensive
POL205182,CUST103265,Life,22600.0,474000.0,12,2021-11-06,2022-11-01,Online,Endowment Plan
POL205183,CUST100588,Motor,18700.0,298000.0,6,2023-05-13,2023-11-09,Agent,Motor Comprehensive
POL205184,CUST104543,Motor,17200.0,819000.0,24,2022-10-12,2024-10-01,Agent,Motor Comprehensive
POL205185,CUST103203,Motor,17300.0,935000.0,6,2022-05-14,2022-11-10,Broker,Motor Third-Party
POL205186,CUST102437,Motor,7400.0,310000.0,12,2024-10-11,2025-10-06,Online,Motor Third-Party
POL205187,CUST103074,Travel,15400.0,918000.0,24,2021-08-18,2023-08-08,Bancassurance,International Travel
POL205188,CUST104884,Health,27300.0,1500000.0,12,2021-05-07,2022-05-02,Agent,Individual Health
POL205189,CUST103236,Marine,36800.0,2107000.0,36,2021-12-14,2024-11-28,Agent,Marine Hull
POL205190,CUST103282,Health,14100.0,675000.0,12,2023-12-24,2024-12-18,Agent,Critical Illness
POL205191,CUST104383,Life,9800.0,572000.0,60,2022-06-25,2027-05-30,Agent,Endowment Plan
POL205192,CUST103496,Health,8200.0,345000.0,6,2023-07-26,2024-01-22,Agent,Critical Illness
POL205193,CUST100714,Travel,26100.0,942000.0,36,2022-09-14,2025-08-29,Bancassurance,International Travel
POL205194,CUST104091,Motor,8200.0,140000.0,12,2022-09-23,2023-09-18,Agent,Motor Third-Party
POL205195,CUST104498,Life,12800.0,723000.0,12,2022-01-22,2023-01-17,Agent,Endowment Plan
POL205196,CUST103669,Travel,12600.0,413000.0,12,2021-05-28,2022-05-23,Broker,International Travel
POL205197,CUST100761,Property,22100.0,428000.0,24,2022-01-21,2024-01-11,Broker,Home Shield
POL205198,CUST102613,Property,18000.0,847000.0,24,2024-05-07,2026-04-27,Bancassurance,Home Shield
POL205199,CUST100270,Motor,41800.0,1253000.0,12,2024-12-01,2025-11-26,Broker,Motor Comprehensive
POL205200,CUST103863,Health,17700.0,699000.0,24,2021-02-09,2023-01-30,Direct,Individual Health
POL205201,CUST104786,Motor,26600.0,1592000.0,12,2023-03-03,2024-02-26,Bancassurance,Motor Own-Damage
POL205202,CUST100178,Health,10900.0,485000.0,12,2024-02-21,2025-02-15,Online,Critical Illness
POL205203,CUST100545,Motor,17800.0,287000.0,6,2023-08-17,2024-02-13,Broker,Motor Comprehensive
POL205204,CUST104663,Property,27500.0,481000.0,24,2023-06-02,2025-05-22,Online,Property All-Risk
POL205205,CUST103998,Travel,25500.0,1048000.0,12,2022-09-04,2023-08-30,Agent,International Travel
POL205206,CUST104115,Life,6000.0,104000.0,12,2021-10-09,2022-10-04,Online,ULIP
POL205207,CUST101042,Property,7600.0,116000.0,12,2021-08-17,2022-08-12,Bancassurance,Fire & Allied Perils
POL205208,CUST103188,Health,18100.0,533000.0,12,2023-03-30,2024-03-24,Agent,Critical Illness
POL205209,CUST104143,Motor,12900.0,226000.0,12,2023-07-19,2024-07-13,Online,Motor Own-Damage
POL205210,CUST100343,Life,14900.0,798000.0,24,2023-10-11,2025-09-30,Agent,Endowment Plan
POL205211,CUST101418,Motor,12600.0,401000.0,36,2022-11-16,2025-10-31,Agent,Motor Own-Damage
POL205212,CUST101474,Health,24300.0,889000.0,12,2022-07-21,2023-07-16,Agent,Critical Illness
POL205213,CUST102707,Marine,16600.0,816000.0,24,2024-05-20,2026-05-10,Direct,Marine Cargo
POL205214,CUST101268,Health,13600.0,407000.0,12,2024-03-14,2025-03-09,Agent,Critical Illness
POL205215,CUST101709,Motor,49700.0,1467000.0,24,2021-07-20,2023-07-10,Broker,Motor Own-Damage
POL205216,CUST101285,Motor,27200.0,737000.0,12,2024-10-28,2025-10-23,Broker,Motor Third-Party
POL205217,CUST100318,Life,30700.0,1809000.0,12,2021-04-26,2022-04-21,Bancassurance,Endowment Plan
POL205218,CUST103360,Motor,7100.0,173000.0,12,2023-12-21,2024-12-15,Agent,Motor Comprehensive
POL205219,CUST103193,Life,51900.0,2376000.0,12,2024-01-11,2025-01-05,Online,ULIP
POL205220,CUST104380,Health,48200.0,2122000.0,6,2021-01-04,2021-07-03,Online,Critical Illness
POL205221,CUST102880,Property,24100.0,862000.0,6,2022-12-20,2023-06-18,Online,Fire & Allied Perils
POL205222,CUST103408,Marine,16300.0,804000.0,60,2022-05-15,2027-04-19,Online,Marine Hull
POL205223,CUST101796,Motor,9500.0,220000.0,60,2021-01-17,2025-12-22,Agent,Motor Comprehensive
POL205224,CUST101943,Property,25600.0,475000.0,6,2024-08-25,2025-02-21,Direct,Fire & Allied Perils
POL205225,CUST102061,Motor,42700.0,1868000.0,12,2023-04-05,2024-03-30,Online,Motor Own-Damage
POL205226,CUST104846,Motor,16700.0,447000.0,12,2022-05-09,2023-05-04,Online,Motor Third-Party
POL205227,CUST102362,Health,7600.0,413000.0,24,2021-05-01,2023-04-21,Online,Critical Illness
POL205228,CUST104312,Health,15200.0,618000.0,12,2021-10-05,2022-09-30,Agent,Family Floater
POL205229,CUST101603,Travel,11300.0,263000.0,12,2022-09-25,2023-09-20,Online,International Travel
POL205230,CUST103427,Property,8400.0,234000.0,12,2021-07-30,2022-07-25,Bancassurance,Home Shield
POL205231,CUST101370,Marine,5000.0,209000.0,6,2021-06-15,2021-12-12,Bancassurance,Marine Cargo
POL205232,CUST101987,Motor,39800.0,2266000.0,12,2024-03-16,2025-03-11,Bancassurance,Motor Own-Damage
POL205233,CUST104294,Life,32200.0,1036000.0,36,2021-02-03,2024-01-19,Broker,ULIP
POL205234,CUST103419,Life,12200.0,216000.0,60,2021-12-22,2026-11-26,Broker,Endowment Plan
POL205235,CUST102431,Motor,2800.0,129000.0,12,2022-01-08,2023-01-03,Broker,Motor Comprehensive
POL205236,CUST102039,Property,20000.0,801000.0,12,2022-10-31,2023-10-26,Online,Fire & Allied Perils
POL205237,CUST103998,Property,33900.0,1659000.0,24,2024-01-15,2026-01-04,Online,Home Shield
POL205238,CUST100775,Marine,42200.0,1585000.0,36,2023-01-05,2025-12-20,Agent,Marine Cargo
POL205239,CUST104243,Travel,19800.0,652000.0,12,2021-06-12,2022-06-07,Agent,Domestic Travel
POL205240,CUST103094,Motor,9600.0,330000.0,24,2024-11-06,2026-10-27,Online,Motor Third-Party
POL205241,CUST101644,Marine,18200.0,938000.0,12,2024-03-06,2025-03-01,Broker,Marine Cargo
POL205242,CUST103490,Travel,13900.0,452000.0,12,2023-08-04,2024-07-29,Online,International Travel
POL205243,CUST104955,Life,12700.0,456000.0,12,2023-11-28,2024-11-22,Broker,Term Life
POL205244,CUST101746,Motor,2000.0,53000.0,12,2024-11-02,2025-10-28,Bancassurance,Motor Own-Damage
POL205245,CUST101965,Health,29800.0,466000.0,12,2024-03-18,2025-03-13,Bancassurance,Critical Illness
POL205246,CUST104646,Motor,20500.0,503000.0,36,2021-11-01,2024-10-16,Broker,Motor Third-Party
POL205247,CUST101721,Motor,6200.0,318000.0,60,2023-03-27,2028-02-29,Online,Motor Third-Party
POL205248,CUST104271,Marine,29900.0,1680000.0,12,2024-06-10,2025-06-05,Agent,Marine Cargo
POL205249,CUST104498,Travel,39900.0,1930000.0,24,2023-07-16,2025-07-05,Agent,Domestic Travel
POL205250,CUST102914,Marine,9200.0,319000.0,12,2021-10-28,2022-10-23,Agent,Marine Cargo
POL205251,CUST100410,Motor,20100.0,917000.0,24,2022-08-17,2024-08-06,Agent,Motor Third-Party
POL205252,CUST100301,Life,13700.0,282000.0,12,2022-02-08,2023-02-03,Direct,ULIP
POL205253,CUST101404,Health,4700.0,90000.0,12,2022-12-03,2023-11-28,Agent,Critical Illness
POL205254,CUST100086,Health,18100.0,424000.0,12,2024-11-29,2025-11-24,Agent,Critical Illness
POL205255,CUST103813,Health,24800.0,1046000.0,6,2022-05-09,2022-11-05,Online,Critical Illness
POL205256,CUST103199,Travel,18200.0,617000.0,12,2022-12-24,2023-12-19,Broker,Domestic Travel
POL205257,CUST102273,Property,32900.0,764000.0,12,2024-10-29,2025-10-24,Agent,Property All-Risk
POL205258,CUST104069,Property,17500.0,692000.0,12,2022-06-12,2023-06-07,Agent,Home Shield
POL205259,CUST100667,Motor,4700.0,263000.0,12,2024-12-30,2025-12-25,Agent,Motor Comprehensive
POL205260,CUST102501,Health,10100.0,402000.0,24,2023-08-12,2025-08-01,Bancassurance,Critical Illness
POL205261,CUST101692,Life,28000.0,1072000.0,12,2021-02-11,2022-02-06,Agent,Term Life
POL205262,CUST100117,Life,2000.0,62000.0,12,2024-02-12,2025-02-06,Agent,ULIP
POL205263,CUST102392,Marine,10600.0,165000.0,6,2022-04-22,2022-10-19,Agent,Marine Cargo
POL205264,CUST100724,Motor,17800.0,464000.0,24,2022-10-24,2024-10-13,Direct,Motor Own-Damage
POL205265,CUST100229,Motor,28200.0,842000.0,36,2021-07-04,2024-06-18,Online,Motor Own-Damage
POL205266,CUST101056,Marine,35000.0,1241000.0,60,2024-05-05,2029-04-09,Broker,Marine Cargo
POL205267,CUST100973,Health,13500.0,763000.0,12,2022-02-13,2023-02-08,Online,Family Floater
POL205268,CUST103138,Health,15700.0,448000.0,24,2023-07-25,2025-07-14,Broker,Critical Illness
POL205269,CUST103965,Marine,11100.0,323000.0,12,2021-03-16,2022-03-11,Bancassurance,Marine Hull
POL205270,CUST102430,Life,16500.0,486000.0,12,2024-06-08,2025-06-03,Broker,Endowment Plan
POL205271,CUST103205,Life,6900.0,170000.0,24,2023-11-20,2025-11-09,Direct,Endowment Plan
POL205272,CUST100511,Motor,20800.0,717000.0,6,2024-10-17,2025-04-15,Bancassurance,Motor Third-Party
POL205273,CUST103933,Life,2300.0,112000.0,12,2023-07-30,2024-07-24,Broker,ULIP
POL205274,CUST102508,Health,19600.0,942000.0,36,2023-07-26,2026-07-10,Direct,Family Floater
POL205275,CUST102142,Life,13800.0,209000.0,12,2023-12-16,2024-12-10,Online,Term Life
POL205276,CUST104347,Health,28700.0,1423000.0,12,2023-11-06,2024-10-31,Agent,Family Floater
POL205277,CUST101568,Motor,24400.0,798000.0,12,2024-11-28,2025-11-23,Online,Motor Third-Party
POL205278,CUST102195,Health,12300.0,195000.0,12,2021-04-28,2022-04-23,Agent,Family Floater
POL205279,CUST104630,Health,23500.0,1400000.0,24,2022-12-16,2024-12-05,Broker,Critical Illness
POL205280,CUST100748,Health,7300.0,397000.0,12,2024-03-05,2025-02-28,Broker,Individual Health
POL205281,CUST102609,Motor,5200.0,162000.0,12,2021-09-09,2022-09-04,Agent,Motor Own-Damage
POL205282,CUST102890,Marine,19300.0,882000.0,12,2024-11-25,2025-11-20,Online,Marine Hull
POL205283,CUST103500,Health,4900.0,214000.0,24,2023-06-11,2025-05-31,Direct,Family Floater
POL205284,CUST104646,Health,36800.0,2184000.0,36,2022-11-21,2025-11-05,Agent,Critical Illness
POL205285,CUST101719,Life,3900.0,90000.0,12,2021-05-06,2022-05-01,Online,Term Life
POL205286,CUST100579,Life,27300.0,671000.0,24,2022-08-16,2024-08-05,Agent,ULIP
POL205287,CUST101995,Health,13800.0,623000.0,24,2024-11-03,2026-10-24,Bancassurance,Critical Illness
POL205288,CUST100782,Motor,21300.0,392000.0,24,2023-10-18,2025-10-07,Broker,Motor Own-Damage
POL205289,CUST103639,Motor,16700.0,867000.0,36,2023-11-25,2026-11-09,Bancassurance,Motor Third-Party
POL205290,CUST102834,Motor,10600.0,261000.0,24,2021-11-06,2023-10-27,Agent,Motor Comprehensive
POL205291,CUST103787,Motor,9500.0,470000.0,12,2022-07-28,2023-07-23,Bancassurance,Motor Comprehensive
POL205292,CUST101699,Life,22200.0,486000.0,24,2021-06-21,2023-06-11,Agent,ULIP
POL205293,CUST104772,Health,28900.0,1396000.0,12,2024-01-25,2025-01-19,Broker,Family Floater
POL205294,CUST104477,Motor,18100.0,337000.0,12,2024-09-16,2025-09-11,Broker,Motor Third-Party
POL205295,CUST104578,Life,20800.0,409000.0,12,2022-08-12,2023-08-07,Online,ULIP
POL205296,CUST103563,Motor,17300.0,297000.0,24,2021-04-09,2023-03-30,Online,Motor Own-Damage
POL205297,CUST100935,Marine,6200.0,277000.0,24,2024-09-07,2026-08-28,Direct,Marine Cargo
POL205298,CUST100735,Health,6600.0,148000.0,6,2023-10-13,2024-04-10,Agent,Individual Health
POL205299,CUST104785,Life,34900.0,1094000.0,24,2022-11-30,2024-11-19,Agent,Term Life
POL205300,CUST104353,Motor,13800.0,759000.0,24,2022-03-17,2024-03-06,Online,Motor Comprehensive
POL205301,CUST104403,Health,26700.0,782000.0,12,2022-03-11,2023-03-06,Online,Critical Illness
POL205302,CUST103211,Health,11900.0,267000.0,24,2021-01-16,2023-01-06,Bancassurance,Critical Illness
POL205303,CUST104283,Travel,8700.0,393000.0,24,2023-08-27,2025-08-16,Agent,International Travel
POL205304,CUST102468,Motor,11700.0,259000.0,36,2021-12-15,2024-11-29,Bancassurance,Motor Own-Damage
POL205305,CUST100810,Health,23100.0,1104000.0,12,2021-09-06,2022-09-01,Agent,Family Floater
POL205306,CUST101282,Property,9400.0,329000.0,12,2024-04-25,2025-04-20,Agent,Fire & Allied Perils
POL205307,CUST104257,Health,17400.0,993000.0,6,2021-12-06,2022-06-04,Broker,Family Floater
POL205308,CUST103248,Health,21000.0,534000.0,24,2021-01-30,2023-01-20,Bancassurance,Family Floater
POL205309,CUST104987,Marine,15600.0,576000.0,12,2022-11-20,2023-11-15,Bancassurance,Marine Hull
POL205310,CUST104492,Health,17200.0,917000.0,24,2021-11-07,2023-10-28,Agent,Individual Health
POL205311,CUST103796,Motor,17400.0,769000.0,24,2023-11-11,2025-10-31,Broker,Motor Comprehensive
POL205312,CUST100192,Marine,9300.0,225000.0,12,2023-12-13,2024-12-07,Bancassurance,Marine Hull
POL205313,CUST100925,Motor,13000.0,236000.0,36,2022-09-01,2025-08-16,Online,Motor Own-Damage
POL205314,CUST101875,Property,8900.0,358000.0,12,2024-12-06,2025-12-01,Agent,Home Shield
POL205315,CUST100178,Motor,12600.0,512000.0,60,2024-02-05,2029-01-09,Bancassurance,Motor Own-Damage
POL205316,CUST104678,Motor,24200.0,597000.0,12,2023-08-28,2024-08-22,Agent,Motor Own-Damage
POL205317,CUST101140,Health,24100.0,1219000.0,12,2022-07-07,2023-07-02,Bancassurance,Family Floater
POL205318,CUST101914,Property,17600.0,451000.0,12,2023-02-19,2024-02-14,Broker,Home Shield
POL205319,CUST103372,Motor,15300.0,899000.0,36,2022-04-07,2025-03-22,Agent,Motor Comprehensive
POL205320,CUST100179,Motor,20200.0,950000.0,12,2022-07-23,2023-07-18,Bancassurance,Motor Comprehensive
POL205321,CUST103181,Motor,17100.0,723000.0,12,2023-07-05,2024-06-29,Agent,Motor Comprehensive
POL205322,CUST100507,Motor,12500.0,556000.0,12,2023-12-05,2024-11-29,Agent,Motor Third-Party
POL205323,CUST104512,Motor,14800.0,226000.0,12,2023-04-18,2024-04-12,Bancassurance,Motor Comprehensive
POL205324,CUST103453,Marine,7500.0,234000.0,24,2021-11-08,2023-10-29,Broker,Marine Cargo
POL205325,CUST101678,Life,6900.0,373000.0,12,2023-02-25,2024-02-20,Bancassurance,ULIP
POL205326,CUST103500,Health,32200.0,1818000.0,12,2021-04-30,2022-04-25,Online,Individual Health
POL205327,CUST101570,Motor,23000.0,543000.0,24,2022-02-27,2024-02-17,Broker,Motor Comprehensive
POL205328,CUST100575,Motor,10900.0,604000.0,24,2023-10-22,2025-10-11,Agent,Motor Own-Damage
POL205329,CUST100048,Health,14800.0,471000.0,6,2021-01-11,2021-07-10,Agent,Family Floater
POL205330,CUST101096,Health,12000.0,556000.0,12,2024-08-17,2025-08-12,Agent,Individual Health
POL205331,CUST103538,Marine,14600.0,794000.0,12,2023-12-26,2024-12-20,Agent,Marine Hull
POL205332,CUST102819,Motor,23200.0,580000.0,36,2024-06-27,2027-06-12,Agent,Motor Comprehensive
POL205333,CUST101365,Health,2300.0,49000.0,12,2022-06-17,2023-06-12,Online,Family Floater
POL205334,CUST103432,Life,19600.0,711000.0,12,2022-07-05,2023-06-30,Bancassurance,ULIP
POL205335,CUST101941,Health,6200.0,267000.0,12,2021-01-16,2022-01-11,Agent,Family Floater
POL205336,CUST100783,Property,64800.0,2628000.0,12,2024-10-02,2025-09-27,Agent,Fire & Allied Perils
POL205337,CUST103395,Life,26300.0,1199000.0,12,2022-01-17,2023-01-12,Bancassurance,ULIP
POL205338,CUST102281,Motor,5600.0,316000.0,12,2021-04-28,2022-04-23,Agent,Motor Third-Party
POL205339,CUST103322,Property,5700.0,115000.0,12,2021-06-29,2022-06-24,Agent,Home Shield
POL205340,CUST102810,Health,9900.0,578000.0,12,2021-04-06,2022-04-01,Agent,Critical Illness
POL205341,CUST100506,Motor,14600.0,325000.0,12,2021-03-13,2022-03-08,Online,Motor Own-Damage
POL205342,CUST100248,Life,9400.0,536000.0,24,2023-03-06,2025-02-23,Agent,Endowment Plan
POL205343,CUST100503,Life,10300.0,506000.0,24,2022-04-02,2024-03-22,Bancassurance,Term Life
POL205344,CUST101118,Motor,2800.0,144000.0,36,2023-10-08,2026-09-22,Agent,Motor Third-Party
POL205345,CUST101120,Health,49800.0,2707000.0,12,2021-07-09,2022-07-04,Broker,Critical Illness
POL205346,CUST104594,Marine,14400.0,289000.0,36,2022-02-05,2025-01-20,Online,Marine Cargo
POL205347,CUST103915,Life,37900.0,1701000.0,12,2023-02-19,2024-02-14,Bancassurance,Endowment Plan
POL205348,CUST104399,Health,10300.0,315000.0,12,2023-05-07,2024-05-01,Broker,Individual Health
POL205349,CUST102371,Health,46100.0,1480000.0,12,2024-12-11,2025-12-06,Broker,Individual Health
POL205350,CUST101612,Life,20800.0,804000.0,24,2021-03-24,2023-03-14,Online,Term Life
POL205351,CUST102014,Life,15400.0,646000.0,12,2022-09-28,2023-09-23,Bancassurance,Endowment Plan
POL205352,CUST104339,Motor,34400.0,1604000.0,12,2024-08-05,2025-07-31,Bancassurance,Motor Own-Damage
POL205353,CUST101777,Health,5800.0,246000.0,12,2023-09-28,2024-09-22,Broker,Family Floater
POL205354,CUST103162,Health,14900.0,376000.0,24,2023-03-28,2025-03-17,Agent,Family Floater
POL205355,CUST100723,Life,13000.0,407000.0,24,2024-11-16,2026-11-06,Online,Endowment Plan
POL205356,CUST104908,Life,26500.0,1425000.0,24,2024-10-10,2026-09-30,Broker,ULIP
POL205357,CUST103208,Life,3800.0,179000.0,24,2023-03-20,2025-03-09,Broker,Term Life
POL205358,CUST104831,Life,11300.0,403000.0,12,2023-04-30,2024-04-24,Bancassurance,ULIP
POL205359,CUST101473,Health,2800.0,72000.0,24,2024-10-21,2026-10-11,Online,Critical Illness
POL205360,CUST103084,Property,11700.0,614000.0,12,2024-05-22,2025-05-17,Agent,Home Shield
POL205361,CUST101370,Marine,30900.0,810000.0,12,2023-02-26,2024-02-21,Broker,Marine Cargo
POL205362,CUST102339,Property,11700.0,652000.0,12,2024-10-19,2025-10-14,Bancassurance,Home Shield
POL205363,CUST101614,Property,8700.0,303000.0,12,2021-04-11,2022-04-06,Online,Property All-Risk
POL205364,CUST100711,Marine,22800.0,1022000.0,12,2022-11-18,2023-11-13,Bancassurance,Marine Cargo
POL205365,CUST102210,Motor,9100.0,228000.0,12,2024-03-20,2025-03-15,Online,Motor Third-Party
POL205366,CUST102651,Health,28600.0,626000.0,36,2022-04-27,2025-04-11,Bancassurance,Family Floater
POL205367,CUST100785,Health,37000.0,950000.0,12,2024-06-06,2025-06-01,Agent,Individual Health
POL205368,CUST101991,Health,16000.0,641000.0,12,2022-04-17,2023-04-12,Bancassurance,Critical Illness
POL205369,CUST100468,Property,20400.0,937000.0,24,2024-02-01,2026-01-21,Direct,Home Shield
POL205370,CUST103228,Health,30100.0,1104000.0,12,2022-06-25,2023-06-20,Agent,Family Floater
POL205371,CUST101564,Motor,15700.0,792000.0,12,2024-01-22,2025-01-16,Bancassurance,Motor Third-Party
POL205372,CUST100447,Motor,4800.0,105000.0,12,2022-01-22,2023-01-17,Agent,Motor Third-Party
POL205373,CUST102566,Motor,31900.0,1824000.0,12,2022-05-12,2023-05-07,Online,Motor Own-Damage
POL205374,CUST104174,Health,20700.0,869000.0,12,2024-10-05,2025-09-30,Agent,Family Floater
POL205375,CUST104956,Motor,12500.0,374000.0,24,2024-02-09,2026-01-29,Direct,Motor Third-Party
POL205376,CUST104835,Motor,6200.0,246000.0,12,2023-02-10,2024-02-05,Agent,Motor Own-Damage
POL205377,CUST100868,Health,11700.0,408000.0,12,2021-06-02,2022-05-28,Bancassurance,Critical Illness
POL205378,CUST101046,Life,18400.0,945000.0,12,2023-06-04,2024-05-29,Direct,Endowment Plan
POL205379,CUST104464,Life,19800.0,552000.0,12,2022-08-20,2023-08-15,Agent,ULIP
POL205380,CUST103163,Motor,24400.0,1051000.0,24,2021-04-11,2023-04-01,Agent,Motor Third-Party
POL205381,CUST102715,Travel,33100.0,1584000.0,12,2021-12-30,2022-12-25,Online,Domestic Travel
POL205382,CUST104009,Motor,23600.0,1387000.0,12,2024-07-12,2025-07-07,Agent,Motor Comprehensive
POL205383,CUST100323,Life,15500.0,296000.0,12,2023-11-23,2024-11-17,Bancassurance,ULIP
POL205384,CUST102772,Marine,10300.0,443000.0,12,2021-04-28,2022-04-23,Agent,Marine Hull
POL205385,CUST102862,Marine,8300.0,260000.0,12,2024-01-11,2025-01-05,Bancassurance,Marine Cargo
POL205386,CUST104677,Health,25600.0,837000.0,12,2023-01-23,2024-01-18,Agent,Individual Health
POL205387,CUST102336,Motor,14900.0,509000.0,12,2024-05-19,2025-05-14,Broker,Motor Own-Damage
POL205388,CUST102559,Property,7200.0,217000.0,12,2024-06-18,2025-06-13,Agent,Home Shield
POL205389,CUST104003,Life,19900.0,772000.0,24,2023-10-11,2025-09-30,Broker,ULIP
POL205390,CUST101352,Property,19300.0,501000.0,12,2021-06-03,2022-05-29,Online,Property All-Risk
POL205391,CUST100349,Health,48700.0,2593000.0,6,2021-10-02,2022-03-31,Broker,Individual Health
POL205392,CUST102358,Marine,3000.0,158000.0,24,2024-04-28,2026-04-18,Online,Marine Hull
POL205393,CUST103052,Marine,5100.0,98000.0,6,2022-02-13,2022-08-12,Direct,Marine Cargo
POL205394,CUST102439,Life,3300.0,61000.0,12,2023-11-11,2024-11-05,Broker,Endowment Plan
POL205395,CUST103531,Travel,8600.0,291000.0,12,2023-02-15,2024-02-10,Bancassurance,International Travel
POL205396,CUST101268,Health,14700.0,663000.0,24,2023-03-01,2025-02-18,Broker,Critical Illness
POL205397,CUST100071,Motor,12400.0,522000.0,24,2023-08-12,2025-08-01,Broker,Motor Comprehensive
POL205398,CUST103934,Life,35000.0,851000.0,12,2022-05-04,2023-04-29,Broker,Term Life
POL205399,CUST104253,Life,12700.0,505000.0,36,2022-11-20,2025-11-04,Online,Term Life
POL205400,CUST103088,Health,3600.0,57000.0,12,2023-11-24,2024-11-18,Broker,Critical Illness
POL205401,CUST101569,Motor,44200.0,992000.0,12,2024-02-02,2025-01-27,Online,Motor Own-Damage
POL205402,CUST101851,Life,25700.0,709000.0,12,2024-10-05,2025-09-30,Agent,ULIP
POL205403,CUST102398,Motor,24800.0,1188000.0,24,2021-10-02,2023-09-22,Agent,Motor Third-Party
POL205404,CUST102108,Life,6300.0,308000.0,12,2021-08-27,2022-08-22,Online,Endowment Plan
POL205405,CUST101118,Marine,16500.0,339000.0,36,2024-07-07,2027-06-22,Bancassurance,Marine Cargo
POL205406,CUST101858,Motor,31300.0,707000.0,24,2021-01-09,2022-12-30,Agent,Motor Third-Party
POL205407,CUST101490,Property,27900.0,665000.0,12,2024-03-23,2025-03-18,Agent,Home Shield
POL205408,CUST102239,Motor,9200.0,374000.0,6,2021-01-07,2021-07-06,Agent,Motor Comprehensive
POL205409,CUST101877,Health,14700.0,277000.0,12,2022-12-05,2023-11-30,Online,Family Floater
POL205410,CUST102640,Marine,28000.0,1412000.0,12,2024-12-13,2025-12-08,Agent,Marine Cargo
POL205411,CUST104033,Motor,16500.0,750000.0,12,2023-05-01,2024-04-25,Online,Motor Comprehensive
POL205412,CUST101654,Motor,12200.0,574000.0,12,2023-03-25,2024-03-19,Agent,Motor Third-Party
POL205413,CUST100289,Travel,7000.0,198000.0,24,2023-07-14,2025-07-03,Agent,International Travel
POL205414,CUST104090,Motor,14700.0,585000.0,24,2023-01-10,2024-12-30,Broker,Motor Own-Damage
POL205415,CUST100931,Health,33500.0,963000.0,12,2021-02-08,2022-02-03,Broker,Critical Illness
POL205416,CUST104641,Health,30900.0,1063000.0,24,2021-10-05,2023-09-25,Online,Family Floater
POL205417,CUST102643,Motor,19000.0,361000.0,12,2023-08-29,2024-08-23,Agent,Motor Third-Party
POL205418,CUST102614,Motor,17700.0,422000.0,12,2022-03-23,2023-03-18,Agent,Motor Third-Party
POL205419,CUST102044,Property,24000.0,449000.0,12,2022-06-27,2023-06-22,Bancassurance,Fire & Allied Perils
POL205420,CUST103556,Health,2000.0,86000.0,12,2023-06-07,2024-06-01,Online,Family Floater
POL205421,CUST103264,Health,18000.0,921000.0,12,2021-03-08,2022-03-03,Bancassurance,Family Floater
POL205422,CUST104652,Life,18000.0,1063000.0,24,2021-08-06,2023-07-27,Broker,Term Life
POL205423,CUST100082,Health,5000.0,229000.0,36,2023-05-31,2026-05-15,Online,Family Floater
POL205424,CUST100959,Health,7400.0,397000.0,24,2023-01-01,2024-12-21,Broker,Individual Health
POL205425,CUST101388,Travel,22300.0,681000.0,6,2023-08-20,2024-02-16,Online,Domestic Travel
POL205426,CUST100948,Property,16900.0,864000.0,24,2021-01-25,2023-01-15,Agent,Property All-Risk
POL205427,CUST104741,Health,15600.0,393000.0,12,2023-07-15,2024-07-09,Agent,Critical Illness
POL205428,CUST100363,Health,12100.0,483000.0,36,2023-12-22,2026-12-06,Agent,Family Floater
POL205429,CUST100606,Property,33300.0,1065000.0,24,2024-12-06,2026-11-26,Agent,Fire & Allied Perils
POL205430,CUST102210,Life,22600.0,1038000.0,12,2021-10-20,2022-10-15,Agent,Term Life
POL205431,CUST101321,Health,20200.0,836000.0,12,2024-03-08,2025-03-03,Online,Critical Illness
POL205432,CUST101655,Health,7000.0,350000.0,24,2024-11-30,2026-11-20,Agent,Family Floater
POL205433,CUST103019,Motor,20200.0,513000.0,36,2022-05-01,2025-04-15,Bancassurance,Motor Comprehensive
POL205434,CUST102802,Travel,55200.0,3047000.0,12,2024-11-05,2025-10-31,Broker,International Travel
POL205435,CUST104321,Life,4100.0,119000.0,24,2023-03-24,2025-03-13,Agent,ULIP
POL205436,CUST102255,Health,25600.0,463000.0,24,2021-05-16,2023-05-06,Online,Individual Health
POL205437,CUST104686,Health,15600.0,511000.0,12,2023-12-16,2024-12-10,Bancassurance,Critical Illness
POL205438,CUST100950,Marine,15400.0,254000.0,12,2022-11-29,2023-11-24,Broker,Marine Cargo
POL205439,CUST100972,Health,29300.0,1305000.0,12,2021-04-20,2022-04-15,Broker,Critical Illness
POL205440,CUST101955,Life,9100.0,214000.0,12,2022-02-22,2023-02-17,Direct,Term Life
POL205441,CUST100584,Property,12100.0,584000.0,12,2023-01-14,2024-01-09,Agent,Property All-Risk
POL205442,CUST100144,Marine,13600.0,760000.0,12,2023-03-16,2024-03-10,Broker,Marine Cargo
POL205443,CUST101856,Health,8600.0,357000.0,12,2022-11-11,2023-11-06,Broker,Critical Illness
POL205444,CUST102686,Property,13300.0,597000.0,12,2023-04-16,2024-04-10,Bancassurance,Home Shield
POL205445,CUST101388,Health,9400.0,322000.0,12,2023-11-15,2024-11-09,Online,Critical Illness
POL205446,CUST101355,Travel,16000.0,304000.0,12,2024-01-12,2025-01-06,Agent,International Travel
POL205447,CUST100486,Motor,26000.0,894000.0,12,2023-01-04,2023-12-30,Broker,Motor Third-Party
POL205448,CUST100561,Health,8400.0,281000.0,12,2023-07-25,2024-07-19,Agent,Critical Illness
POL205449,CUST104416,Health,17200.0,557000.0,12,2024-05-05,2025-04-30,Bancassurance,Individual Health
POL205450,CUST100329,Property,15100.0,651000.0,24,2021-09-07,2023-08-28,Online,Home Shield
POL205451,CUST103513,Motor,14700.0,559000.0,24,2022-07-07,2024-06-26,Broker,Motor Third-Party
POL205452,CUST103572,Motor,8000.0,447000.0,12,2023-02-09,2024-02-04,Online,Motor Third-Party
POL205453,CUST101016,Property,29600.0,1453000.0,12,2022-01-11,2023-01-06,Online,Fire & Allied Perils
POL205454,CUST101236,Health,29600.0,1393000.0,12,2024-10-01,2025-09-26,Agent,Family Floater
POL205455,CUST101838,Health,14500.0,808000.0,24,2023-03-03,2025-02-20,Broker,Individual Health
POL205456,CUST103293,Motor,24600.0,900000.0,12,2021-02-17,2022-02-12,Agent,Motor Comprehensive
POL205457,CUST100183,Marine,10300.0,580000.0,60,2021-07-09,2026-06-13,Broker,Marine Hull
POL205458,CUST104077,Life,26300.0,885000.0,6,2021-03-05,2021-09-01,Agent,Endowment Plan
POL205459,CUST101704,Life,8200.0,229000.0,12,2022-01-15,2023-01-10,Bancassurance,Endowment Plan
POL205460,CUST102499,Marine,7400.0,374000.0,60,2021-12-27,2026-12-01,Bancassurance,Marine Hull
POL205461,CUST104549,Property,16400.0,837000.0,24,2021-07-21,2023-07-11,Online,Fire & Allied Perils
POL205462,CUST100665,Health,40500.0,1356000.0,12,2024-01-21,2025-01-15,Online,Individual Health
POL205463,CUST104738,Motor,7000.0,305000.0,12,2022-03-14,2023-03-09,Agent,Motor Own-Damage
POL205464,CUST103072,Life,4300.0,232000.0,24,2024-12-29,2026-12-19,Agent,Term Life
POL205465,CUST102134,Life,26000.0,424000.0,12,2021-04-29,2022-04-24,Online,Term Life
POL205466,CUST100358,Motor,17000.0,840000.0,36,2021-09-22,2024-09-06,Agent,Motor Comprehensive
POL205467,CUST100337,Marine,18100.0,555000.0,24,2023-08-10,2025-07-30,Broker,Marine Hull
POL205468,CUST104085,Health,12400.0,705000.0,24,2022-03-01,2024-02-19,Broker,Individual Health
POL205469,CUST102009,Health,21400.0,455000.0,24,2024-05-18,2026-05-08,Agent,Family Floater
POL205470,CUST103807,Health,24700.0,1086000.0,60,2024-06-12,2029-05-17,Online,Individual Health
POL205471,CUST104166,Marine,5800.0,285000.0,12,2022-06-05,2023-05-31,Agent,Marine Cargo
POL205472,CUST102010,Motor,5000.0,108000.0,6,2023-08-10,2024-02-06,Agent,Motor Own-Damage
POL205473,CUST101582,Health,7600.0,413000.0,24,2022-10-14,2024-10-03,Agent,Family Floater
POL205474,CUST101345,Health,10000.0,332000.0,12,2022-03-31,2023-03-26,Online,Family Floater
POL205475,CUST103183,Travel,13700.0,224000.0,24,2021-03-26,2023-03-16,Agent,International Travel
POL205476,CUST103547,Health,16700.0,744000.0,12,2023-10-18,2024-10-12,Agent,Critical Illness
POL205477,CUST101747,Health,22600.0,344000.0,12,2022-03-26,2023-03-21,Online,Family Floater
POL205478,CUST102836,Travel,10000.0,572000.0,24,2021-09-19,2023-09-09,Agent,International Travel
POL205479,CUST102699,Life,25300.0,963000.0,36,2021-06-30,2024-06-14,Agent,Term Life
POL205480,CUST100725,Motor,16900.0,921000.0,12,2023-11-05,2024-10-30,Direct,Motor Comprehensive
POL205481,CUST102628,Motor,18700.0,842000.0,12,2022-07-10,2023-07-05,Broker,Motor Comprehensive
POL205482,CUST103795,Life,5800.0,332000.0,12,2021-06-10,2022-06-05,Online,Endowment Plan
POL205483,CUST104810,Health,8600.0,339000.0,12,2023-04-02,2024-03-27,Bancassurance,Individual Health
POL205484,CUST101669,Motor,11900.0,353000.0,12,2023-04-17,2024-04-11,Online,Motor Third-Party
POL205485,CUST101193,Health,66100.0,1231000.0,12,2024-04-21,2025-04-16,Bancassurance,Family Floater
POL205486,CUST104469,Travel,25000.0,660000.0,60,2022-12-15,2027-11-19,Agent,International Travel
POL205487,CUST104597,Life,14300.0,797000.0,12,2021-10-12,2022-10-07,Bancassurance,Endowment Plan
POL205488,CUST104147,Health,10500.0,622000.0,6,2022-09-30,2023-03-29,Online,Critical Illness
POL205489,CUST101677,Motor,41700.0,695000.0,12,2023-11-28,2024-11-22,Online,Motor Comprehensive
POL205490,CUST101379,Health,17500.0,465000.0,12,2023-03-09,2024-03-03,Bancassurance,Critical Illness
POL205491,CUST103124,Travel,8800.0,212000.0,24,2022-02-06,2024-01-27,Direct,International Travel
POL205492,CUST101276,Life,7400.0,283000.0,24,2024-12-14,2026-12-04,Agent,Endowment Plan
POL205493,CUST103847,Motor,20600.0,734000.0,60,2024-06-20,2029-05-25,Bancassurance,Motor Own-Damage
POL205494,CUST101989,Life,14200.0,840000.0,12,2023-02-20,2024-02-15,Agent,ULIP
POL205495,CUST101635,Motor,28300.0,875000.0,12,2024-03-20,2025-03-15,Bancassurance,Motor Own-Damage
POL205496,CUST104022,Health,6800.0,283000.0,36,2021-08-12,2024-07-27,Bancassurance,Individual Health
POL205497,CUST101775,Motor,25500.0,1295000.0,12,2024-01-01,2024-12-26,Agent,Motor Comprehensive
POL205498,CUST100653,Marine,26800.0,420000.0,12,2021-10-06,2022-10-01,Agent,Marine Hull
POL205499,CUST103974,Life,31900.0,1613000.0,12,2024-04-11,2025-04-06,Online,Term Life
POL205500,CUST101580,Health,9500.0,439000.0,12,2021-12-18,2022-12-13,Bancassurance,Critical Illness
POL205501,CUST103276,Health,25500.0,1426000.0,12,2023-03-03,2024-02-26,Broker,Critical Illness
POL205502,CUST103295,Property,12100.0,706000.0,12,2023-12-04,2024-11-28,Direct,Property All-Risk
POL205503,CUST100415,Motor,8100.0,328000.0,12,2021-02-05,2022-01-31,Broker,Motor Third-Party
POL205504,CUST100167,Motor,14400.0,692000.0,12,2021-09-27,2022-09-22,Online,Motor Comprehensive
POL205505,CUST104101,Property,3200.0,190000.0,12,2021-11-18,2022-11-13,Online,Fire & Allied Perils
POL205506,CUST100279,Property,18600.0,985000.0,24,2021-10-30,2023-10-20,Online,Home Shield
POL205507,CUST101659,Motor,14700.0,605000.0,60,2024-02-24,2029-01-28,Agent,Motor Own-Damage
POL205508,CUST103810,Motor,5400.0,117000.0,12,2024-11-28,2025-11-23,Agent,Motor Own-Damage
POL205509,CUST100888,Life,18900.0,599000.0,36,2022-09-02,2025-08-17,Agent,Term Life
POL205510,CUST102611,Motor,24700.0,1345000.0,12,2024-01-11,2025-01-05,Broker,Motor Comprehensive
POL205511,CUST100578,Life,13700.0,257000.0,12,2021-11-26,2022-11-21,Agent,ULIP
POL205512,CUST102788,Life,11300.0,620000.0,12,2022-07-10,2023-07-05,Broker,Endowment Plan
POL205513,CUST103567,Life,21000.0,911000.0,12,2021-08-29,2022-08-24,Online,ULIP
POL205514,CUST101244,Health,34300.0,1764000.0,24,2023-05-04,2025-04-23,Direct,Individual Health
POL205515,CUST101409,Property,13300.0,440000.0,12,2022-02-26,2023-02-21,Online,Home Shield
POL205516,CUST102658,Marine,44200.0,1273000.0,12,2022-11-12,2023-11-07,Agent,Marine Hull
POL205517,CUST103956,Life,29400.0,1724000.0,36,2023-09-11,2026-08-26,Bancassurance,Term Life
POL205518,CUST102725,Health,11700.0,486000.0,36,2023-06-20,2026-06-04,Agent,Critical Illness
POL205519,CUST103507,Travel,9000.0,413000.0,12,2022-10-13,2023-10-08,Agent,International Travel
POL205520,CUST102068,Health,21500.0,1220000.0,12,2024-10-24,2025-10-19,Online,Family Floater
POL205521,CUST100643,Motor,7000.0,255000.0,12,2024-07-22,2025-07-17,Bancassurance,Motor Own-Damage
POL205522,CUST104822,Motor,7000.0,131000.0,24,2024-02-22,2026-02-11,Bancassurance,Motor Own-Damage
POL205523,CUST103981,Health,12100.0,317000.0,12,2021-02-19,2022-02-14,Bancassurance,Critical Illness
POL205524,CUST100246,Motor,11600.0,499000.0,12,2023-02-03,2024-01-29,Agent,Motor Own-Damage
POL205525,CUST101379,Property,39400.0,1944000.0,36,2024-12-09,2027-11-24,Agent,Property All-Risk
POL205526,CUST102074,Motor,26500.0,1001000.0,36,2021-08-02,2024-07-17,Broker,Motor Comprehensive
POL205527,CUST100407,Health,27100.0,1189000.0,12,2023-03-27,2024-03-21,Bancassurance,Family Floater
POL205528,CUST104287,Property,21000.0,959000.0,36,2021-04-03,2024-03-18,Agent,Fire & Allied Perils
POL205529,CUST100863,Motor,12100.0,204000.0,12,2023-11-10,2024-11-04,Bancassurance,Motor Own-Damage
POL205530,CUST101031,Health,13500.0,491000.0,12,2022-12-13,2023-12-08,Online,Individual Health
POL205531,CUST101583,Travel,19900.0,1084000.0,12,2021-12-22,2022-12-17,Online,International Travel
POL205532,CUST104674,Motor,8000.0,141000.0,12,2021-04-07,2022-04-02,Agent,Motor Third-Party
POL205533,CUST101129,Health,7900.0,358000.0,24,2021-06-14,2023-06-04,Agent,Family Floater
POL205534,CUST102127,Motor,24900.0,991000.0,24,2024-12-01,2026-11-21,Online,Motor Third-Party
POL205535,CUST103411,Life,22400.0,1061000.0,12,2024-05-29,2025-05-24,Bancassurance,Endowment Plan
POL205536,CUST100782,Health,7500.0,413000.0,24,2023-01-08,2024-12-28,Online,Family Floater
POL205537,CUST100445,Travel,7400.0,407000.0,12,2024-10-09,2025-10-04,Agent,Domestic Travel
POL205538,CUST100465,Life,7700.0,401000.0,36,2021-08-25,2024-08-09,Bancassurance,ULIP
POL205539,CUST100918,Life,24600.0,848000.0,24,2021-04-11,2023-04-01,Broker,Term Life
POL205540,CUST101635,Marine,28800.0,663000.0,36,2021-12-08,2024-11-22,Online,Marine Cargo
POL205541,CUST104703,Motor,8100.0,383000.0,24,2022-10-07,2024-09-26,Bancassurance,Motor Comprehensive
POL205542,CUST104598,Property,17300.0,846000.0,12,2021-11-29,2022-11-24,Agent,Fire & Allied Perils
POL205543,CUST102846,Life,7900.0,171000.0,24,2024-10-31,2026-10-21,Online,Term Life
POL205544,CUST104695,Life,32500.0,1571000.0,12,2023-01-19,2024-01-14,Bancassurance,Endowment Plan
POL205545,CUST100144,Life,4600.0,222000.0,12,2021-12-12,2022-12-07,Agent,Term Life
POL205546,CUST102816,Motor,18600.0,733000.0,12,2022-10-05,2023-09-30,Online,Motor Comprehensive
POL205547,CUST102220,Property,12000.0,642000.0,12,2024-12-15,2025-12-10,Online,Property All-Risk
POL205548,CUST100590,Life,8100.0,450000.0,24,2023-07-06,2025-06-25,Agent,Endowment Plan
POL205549,CUST102765,Property,5700.0,131000.0,12,2021-05-27,2022-05-22,Online,Home Shield
POL205550,CUST102282,Property,7000.0,160000.0,36,2022-08-10,2025-07-25,Online,Home Shield
POL205551,CUST103817,Health,13500.0,259000.0,24,2024-08-08,2026-07-29,Online,Individual Health
POL205552,CUST102088,Travel,10000.0,564000.0,12,2023-09-13,2024-09-07,Online,Domestic Travel
POL205553,CUST102145,Motor,16800.0,376000.0,6,2023-06-29,2023-12-26,Agent,Motor Comprehensive
POL205554,CUST101155,Motor,40500.0,1582000.0,12,2022-07-04,2023-06-29,Bancassurance,Motor Third-Party
POL205555,CUST102362,Health,25900.0,497000.0,12,2024-08-27,2025-08-22,Broker,Family Floater
POL205556,CUST100380,Motor,24800.0,1032000.0,12,2022-03-25,2023-03-20,Broker,Motor Third-Party
POL205557,CUST102831,Health,24300.0,827000.0,6,2021-10-07,2022-04-05,Broker,Individual Health
POL205558,CUST101907,Motor,20500.0,522000.0,12,2021-03-01,2022-02-24,Broker,Motor Third-Party
POL205559,CUST101368,Life,28500.0,1300000.0,12,2024-01-03,2024-12-28,Broker,ULIP
POL205560,CUST101859,Travel,11000.0,397000.0,24,2024-03-07,2026-02-25,Bancassurance,Domestic Travel
POL205561,CUST104459,Property,20500.0,759000.0,36,2021-02-28,2024-02-13,Agent,Home Shield
POL205562,CUST103519,Health,4400.0,258000.0,6,2023-01-04,2023-07-03,Direct,Individual Health
POL205563,CUST104262,Travel,24500.0,715000.0,60,2021-12-22,2026-11-26,Online,Domestic Travel
POL205564,CUST101971,Property,16500.0,985000.0,12,2021-10-17,2022-10-12,Agent,Home Shield
POL205565,CUST101968,Property,15000.0,791000.0,24,2024-08-04,2026-07-25,Agent,Home Shield
POL205566,CUST100065,Motor,7600.0,169000.0,12,2022-10-31,2023-10-26,Online,Motor Comprehensive
POL205567,CUST103410,Life,6100.0,188000.0,12,2023-09-09,2024-09-03,Online,ULIP
POL205568,CUST100100,Motor,11600.0,338000.0,12,2022-04-26,2023-04-21,Agent,Motor Comprehensive
POL205569,CUST104861,Motor,16500.0,790000.0,12,2023-09-20,2024-09-14,Online,Motor Third-Party
POL205570,CUST103437,Motor,26200.0,706000.0,12,2021-11-11,2022-11-06,Online,Motor Comprehensive
POL205571,CUST102327,Life,28600.0,789000.0,12,2022-09-18,2023-09-13,Bancassurance,ULIP
POL205572,CUST103303,Motor,34600.0,1665000.0,12,2023-08-29,2024-08-23,Bancassurance,Motor Third-Party
POL205573,CUST104968,Health,26700.0,1332000.0,24,2021-10-04,2023-09-24,Agent,Family Floater
POL205574,CUST100801,Life,21400.0,1029000.0,12,2022-11-09,2023-11-04,Bancassurance,ULIP
POL205575,CUST103729,Health,6000.0,224000.0,24,2023-02-07,2025-01-27,Agent,Individual Health
POL205576,CUST104331,Health,15000.0,727000.0,12,2022-09-21,2023-09-16,Online,Family Floater
POL205577,CUST102932,Property,34600.0,1439000.0,60,2022-01-13,2026-12-18,Online,Property All-Risk
POL205578,CUST103313,Marine,40600.0,2176000.0,12,2022-11-15,2023-11-10,Agent,Marine Hull
POL205579,CUST102530,Property,5800.0,272000.0,60,2022-01-04,2026-12-09,Direct,Fire & Allied Perils
POL205580,CUST100770,Life,12000.0,511000.0,12,2023-08-11,2024-08-05,Bancassurance,Term Life
POL205581,CUST104904,Motor,35800.0,1534000.0,12,2022-03-08,2023-03-03,Agent,Motor Own-Damage
POL205582,CUST101438,Motor,29000.0,817000.0,12,2024-03-11,2025-03-06,Bancassurance,Motor Third-Party
POL205583,CUST101928,Health,15900.0,662000.0,36,2022-03-22,2025-03-06,Online,Family Floater
POL205584,CUST104868,Marine,18800.0,1107000.0,24,2022-11-07,2024-10-27,Broker,Marine Cargo
POL205585,CUST100283,Motor,20700.0,1192000.0,12,2023-01-04,2023-12-30,Broker,Motor Third-Party
POL205586,CUST102038,Motor,29600.0,605000.0,6,2023-03-04,2023-08-31,Online,Motor Comprehensive
POL205587,CUST102779,Property,29100.0,952000.0,24,2021-08-13,2023-08-03,Online,Home Shield
POL205588,CUST101183,Life,12800.0,323000.0,36,2023-08-01,2026-07-16,Bancassurance,Endowment Plan
POL205589,CUST103350,Health,34500.0,1716000.0,12,2023-02-07,2024-02-02,Agent,Critical Illness
POL205590,CUST102620,Property,36800.0,1480000.0,6,2021-09-13,2022-03-12,Bancassurance,Home Shield
POL205591,CUST101310,Life,14000.0,769000.0,60,2023-07-15,2028-06-18,Bancassurance,Term Life
POL205592,CUST101027,Marine,35700.0,742000.0,12,2024-01-31,2025-01-25,Online,Marine Hull
POL205593,CUST101433,Health,13900.0,597000.0,12,2022-12-14,2023-12-09,Bancassurance,Family Floater
POL205594,CUST103958,Health,24100.0,887000.0,60,2021-02-18,2026-01-23,Bancassurance,Individual Health
POL205595,CUST102604,Motor,38800.0,1605000.0,24,2023-09-18,2025-09-07,Online,Motor Third-Party
POL205596,CUST103971,Health,31600.0,1635000.0,12,2021-12-13,2022-12-08,Direct,Critical Illness
POL205597,CUST103591,Motor,10100.0,536000.0,12,2023-06-16,2024-06-10,Bancassurance,Motor Comprehensive
POL205598,CUST104004,Motor,20500.0,308000.0,12,2024-12-09,2025-12-04,Bancassurance,Motor Comprehensive
POL205599,CUST104275,Motor,22600.0,1208000.0,12,2022-04-20,2023-04-15,Online,Motor Own-Damage
POL205600,CUST103086,Health,18500.0,1094000.0,24,2023-07-01,2025-06-20,Agent,Family Floater
POL205601,CUST101801,Motor,10700.0,529000.0,12,2024-05-31,2025-05-26,Online,Motor Third-Party
POL205602,CUST103470,Motor,10200.0,243000.0,12,2022-09-09,2023-09-04,Agent,Motor Own-Damage
POL205603,CUST104722,Health,14400.0,408000.0,12,2022-08-20,2023-08-15,Agent,Individual Health
POL205604,CUST101607,Motor,6100.0,119000.0,24,2023-12-11,2025-11-30,Bancassurance,Motor Third-Party
POL205605,CUST102438,Motor,22200.0,1321000.0,12,2024-12-05,2025-11-30,Agent,Motor Comprehensive
POL205606,CUST104394,Travel,3800.0,128000.0,24,2022-07-24,2024-07-13,Bancassurance,International Travel
POL205607,CUST102986,Health,42500.0,2364000.0,12,2023-01-22,2024-01-17,Broker,Family Floater
POL205608,CUST100720,Property,15600.0,774000.0,60,2022-06-12,2027-05-17,Online,Fire & Allied Perils
POL205609,CUST101752,Motor,10300.0,319000.0,12,2021-11-04,2022-10-30,Online,Motor Third-Party
POL205610,CUST101272,Health,7100.0,189000.0,36,2024-01-01,2026-12-16,Agent,Critical Illness
POL205611,CUST102387,Motor,30300.0,1075000.0,12,2021-02-02,2022-01-28,Agent,Motor Own-Damage
POL205612,CUST104963,Health,20600.0,619000.0,60,2022-11-14,2027-10-19,Broker,Individual Health
POL205613,CUST104196,Property,18500.0,741000.0,24,2023-11-02,2025-10-22,Online,Fire & Allied Perils
POL205614,CUST104801,Marine,20800.0,340000.0,12,2022-11-19,2023-11-14,Agent,Marine Cargo
POL205615,CUST103707,Health,21000.0,904000.0,12,2021-05-31,2022-05-26,Bancassurance,Individual Health
POL205616,CUST102538,Motor,22300.0,1225000.0,24,2021-06-12,2023-06-02,Direct,Motor Own-Damage
POL205617,CUST103299,Life,19900.0,500000.0,12,2022-06-10,2023-06-05,Broker,ULIP
POL205618,CUST102495,Life,24400.0,744000.0,24,2024-04-19,2026-04-09,Bancassurance,ULIP
POL205619,CUST100205,Health,21400.0,1199000.0,12,2022-02-12,2023-02-07,Bancassurance,Critical Illness
POL205620,CUST100584,Health,4200.0,195000.0,12,2022-05-21,2023-05-16,Bancassurance,Family Floater
POL205621,CUST102774,Health,9700.0,151000.0,12,2024-07-22,2025-07-17,Agent,Family Floater
POL205622,CUST103298,Health,9700.0,325000.0,60,2023-04-05,2028-03-09,Online,Family Floater
POL205623,CUST101268,Health,10300.0,211000.0,12,2024-09-03,2025-08-29,Bancassurance,Individual Health
POL205624,CUST100155,Motor,7600.0,195000.0,12,2022-08-22,2023-08-17,Agent,Motor Own-Damage
POL205625,CUST100348,Health,19500.0,966000.0,12,2023-02-02,2024-01-28,Agent,Critical Illness
POL205626,CUST101571,Health,25000.0,473000.0,24,2023-06-08,2025-05-28,Online,Individual Health
POL205627,CUST104305,Health,5100.0,153000.0,12,2024-03-09,2025-03-04,Online,Critical Illness
POL205628,CUST102091,Health,8300.0,184000.0,24,2023-02-09,2025-01-29,Online,Critical Illness
POL205629,CUST104866,Life,5800.0,288000.0,12,2022-08-18,2023-08-13,Agent,Term Life
POL205630,CUST104469,Health,3500.0,114000.0,24,2024-10-31,2026-10-21,Agent,Critical Illness
POL205631,CUST104291,Motor,16600.0,609000.0,36,2022-04-05,2025-03-20,Broker,Motor Third-Party
POL205632,CUST104842,Health,4100.0,87000.0,36,2024-10-30,2027-10-15,Agent,Family Floater
POL205633,CUST101210,Motor,16100.0,899000.0,6,2023-10-13,2024-04-10,Agent,Motor Third-Party
POL205634,CUST104869,Health,18600.0,1006000.0,12,2021-09-07,2022-09-02,Broker,Family Floater
POL205635,CUST104619,Health,15600.0,788000.0,36,2023-09-13,2026-08-28,Agent,Individual Health
POL205636,CUST103994,Health,15800.0,828000.0,24,2024-07-28,2026-07-18,Bancassurance,Individual Health
POL205637,CUST100962,Health,14400.0,861000.0,36,2021-07-13,2024-06-27,Broker,Individual Health
POL205638,CUST101449,Motor,26200.0,1029000.0,24,2022-10-03,2024-09-22,Agent,Motor Third-Party
POL205639,CUST103261,Health,37000.0,2000000.0,36,2024-07-17,2027-07-02,Bancassurance,Individual Health
POL205640,CUST100226,Motor,19400.0,1056000.0,12,2022-11-15,2023-11-10,Direct,Motor Own-Damage
POL205641,CUST104108,Travel,10000.0,366000.0,12,2023-02-27,2024-02-22,Agent,Domestic Travel
POL205642,CUST102128,Health,8200.0,188000.0,24,2023-12-15,2025-12-04,Online,Critical Illness
POL205643,CUST100108,Life,3900.0,158000.0,24,2021-04-09,2023-03-30,Online,Endowment Plan
POL205644,CUST101486,Motor,32800.0,1651000.0,12,2023-01-10,2024-01-05,Online,Motor Own-Damage
POL205645,CUST101975,Marine,13400.0,606000.0,24,2021-02-22,2023-02-12,Bancassurance,Marine Hull
POL205646,CUST103275,Health,14000.0,662000.0,12,2023-11-17,2024-11-11,Online,Critical Illness
POL205647,CUST103011,Health,16400.0,385000.0,24,2023-02-08,2025-01-28,Online,Family Floater
POL205648,CUST101855,Life,11600.0,229000.0,12,2022-09-04,2023-08-30,Broker,Endowment Plan
POL205649,CUST103096,Health,18300.0,528000.0,24,2022-08-23,2024-08-12,Agent,Family Floater
POL205650,CUST104453,Travel,18900.0,745000.0,12,2023-11-23,2024-11-17,Agent,International Travel
POL205651,CUST101750,Motor,20500.0,505000.0,12,2024-03-24,2025-03-19,Agent,Motor Comprehensive
POL205652,CUST101870,Property,5800.0,137000.0,24,2022-12-19,2024-12-08,Online,Fire & Allied Perils
POL205653,CUST100508,Travel,2900.0,172000.0,36,2024-05-08,2027-04-23,Bancassurance,Domestic Travel
POL205654,CUST101889,Health,25600.0,1254000.0,24,2021-06-13,2023-06-03,Bancassurance,Individual Health
POL205655,CUST101420,Property,13700.0,427000.0,36,2024-03-22,2027-03-07,Agent,Fire & Allied Perils
POL205656,CUST103795,Motor,9100.0,187000.0,6,2023-05-25,2023-11-21,Agent,Motor Own-Damage
POL205657,CUST100565,Life,27400.0,597000.0,12,2021-10-08,2022-10-03,Agent,Term Life
POL205658,CUST102950,Health,9400.0,309000.0,12,2023-09-13,2024-09-07,Bancassurance,Family Floater
POL205659,CUST103860,Health,8700.0,213000.0,24,2023-10-15,2025-10-04,Bancassurance,Critical Illness
POL205660,CUST101276,Health,11000.0,177000.0,12,2021-12-27,2022-12-22,Broker,Critical Illness
POL205661,CUST100338,Life,9900.0,508000.0,6,2024-11-12,2025-05-11,Agent,ULIP
POL205662,CUST103383,Life,10000.0,267000.0,12,2023-08-31,2024-08-25,Agent,Endowment Plan
POL205663,CUST102941,Motor,24100.0,1295000.0,12,2021-08-09,2022-08-04,Bancassurance,Motor Comprehensive
POL205664,CUST102814,Health,34100.0,1955000.0,24,2024-12-24,2026-12-14,Bancassurance,Individual Health
POL205665,CUST104398,Motor,7800.0,287000.0,24,2024-03-26,2026-03-16,Online,Motor Own-Damage
POL205666,CUST100520,Life,16000.0,422000.0,60,2022-12-07,2027-11-11,Broker,Term Life
POL205667,CUST100988,Motor,10200.0,447000.0,24,2024-07-28,2026-07-18,Bancassurance,Motor Own-Damage
POL205668,CUST102336,Health,28900.0,1668000.0,12,2022-04-01,2023-03-27,Agent,Family Floater
POL205669,CUST102810,Travel,19400.0,948000.0,36,2021-10-21,2024-10-05,Broker,Domestic Travel
POL205670,CUST104593,Travel,16200.0,355000.0,24,2021-09-06,2023-08-27,Bancassurance,International Travel
POL205671,CUST103093,Health,23400.0,1218000.0,36,2023-10-22,2026-10-06,Agent,Family Floater
POL205672,CUST101058,Motor,27200.0,1097000.0,12,2021-10-16,2022-10-11,Agent,Motor Comprehensive
POL205673,CUST104259,Life,23000.0,819000.0,12,2021-11-22,2022-11-17,Bancassurance,Term Life
POL205674,CUST102073,Health,22600.0,524000.0,24,2021-11-28,2023-11-18,Broker,Family Floater
POL205675,CUST104341,Motor,36600.0,1438000.0,12,2023-06-20,2024-06-14,Agent,Motor Third-Party
POL205676,CUST101379,Travel,20200.0,975000.0,36,2022-06-12,2025-05-27,Broker,Domestic Travel
POL205677,CUST103957,Health,8900.0,285000.0,24,2022-09-22,2024-09-11,Agent,Individual Health
POL205678,CUST102684,Health,17300.0,1001000.0,12,2021-02-07,2022-02-02,Online,Family Floater
POL205679,CUST102778,Health,12000.0,272000.0,12,2022-10-03,2023-09-28,Agent,Family Floater
POL205680,CUST104875,Marine,35200.0,562000.0,12,2022-11-28,2023-11-23,Agent,Marine Hull
POL205681,CUST100771,Property,12600.0,477000.0,12,2021-07-04,2022-06-29,Broker,Fire & Allied Perils
POL205682,CUST101549,Motor,12900.0,293000.0,6,2024-07-17,2025-01-13,Online,Motor Third-Party
POL205683,CUST100915,Life,14300.0,628000.0,12,2024-10-30,2025-10-25,Broker,Endowment Plan
POL205684,CUST104164,Property,18400.0,635000.0,24,2022-11-12,2024-11-01,Agent,Fire & Allied Perils
POL205685,CUST104252,Life,10500.0,352000.0,6,2021-02-10,2021-08-09,Bancassurance,Term Life
POL205686,CUST104191,Motor,10500.0,372000.0,12,2023-01-14,2024-01-09,Agent,Motor Own-Damage
POL205687,CUST101190,Health,8800.0,180000.0,12,2021-04-23,2022-04-18,Broker,Individual Health
POL205688,CUST101297,Property,33200.0,908000.0,12,2023-04-15,2024-04-09,Online,Fire & Allied Perils
POL205689,CUST102010,Motor,21800.0,766000.0,60,2021-11-29,2026-11-03,Bancassurance,Motor Third-Party
POL205690,CUST103863,Health,13700.0,677000.0,12,2024-11-24,2025-11-19,Agent,Critical Illness
POL205691,CUST103756,Life,11400.0,625000.0,24,2023-01-07,2024-12-27,Agent,Endowment Plan
POL205692,CUST104940,Life,8600.0,234000.0,12,2022-03-01,2023-02-24,Bancassurance,ULIP
POL205693,CUST103921,Motor,12500.0,276000.0,6,2023-07-16,2024-01-12,Agent,Motor Third-Party
POL205694,CUST104770,Motor,13800.0,434000.0,12,2024-11-01,2025-10-27,Agent,Motor Own-Damage
POL205695,CUST101331,Health,29300.0,925000.0,12,2021-11-16,2022-11-11,Online,Individual Health
POL205696,CUST103028,Motor,8300.0,294000.0,12,2024-01-19,2025-01-13,Online,Motor Third-Party
POL205697,CUST102665,Health,18000.0,766000.0,12,2024-09-02,2025-08-28,Agent,Individual Health
POL205698,CUST100758,Health,21300.0,725000.0,12,2022-10-10,2023-10-05,Broker,Critical Illness
POL205699,CUST104735,Motor,9800.0,259000.0,12,2024-09-17,2025-09-12,Broker,Motor Own-Damage
POL205700,CUST100596,Health,4900.0,91000.0,36,2024-05-14,2027-04-29,Broker,Family Floater
POL205701,CUST104274,Travel,17600.0,900000.0,12,2023-01-28,2024-01-23,Agent,Domestic Travel
POL205702,CUST101334,Health,8500.0,410000.0,24,2024-10-27,2026-10-17,Online,Individual Health
POL205703,CUST101107,Motor,19100.0,1022000.0,36,2021-09-16,2024-08-31,Online,Motor Own-Damage
POL205704,CUST103006,Motor,17800.0,419000.0,36,2024-10-04,2027-09-19,Online,Motor Comprehensive
POL205705,CUST102337,Health,25800.0,1374000.0,12,2022-03-24,2023-03-19,Agent,Individual Health
POL205706,CUST101931,Health,27000.0,1503000.0,12,2022-10-21,2023-10-16,Bancassurance,Family Floater
POL205707,CUST104516,Property,5500.0,292000.0,36,2022-03-12,2025-02-24,Agent,Home Shield
POL205708,CUST103495,Life,21400.0,358000.0,60,2024-08-20,2029-07-25,Direct,Term Life
POL205709,CUST103044,Health,19000.0,581000.0,24,2022-02-24,2024-02-14,Agent,Family Floater
POL205710,CUST103938,Health,18600.0,1089000.0,12,2023-10-25,2024-10-19,Direct,Critical Illness
POL205711,CUST104016,Health,27400.0,1075000.0,12,2023-02-09,2024-02-04,Online,Critical Illness
POL205712,CUST100902,Motor,8800.0,437000.0,24,2021-04-24,2023-04-14,Agent,Motor Comprehensive
POL205713,CUST102206,Health,27100.0,783000.0,12,2024-01-21,2025-01-15,Bancassurance,Family Floater
POL205714,CUST104526,Motor,21300.0,748000.0,12,2021-02-23,2022-02-18,Online,Motor Third-Party
POL205715,CUST104072,Health,4900.0,158000.0,12,2021-09-21,2022-09-16,Agent,Family Floater
POL205716,CUST100302,Health,11100.0,564000.0,12,2022-08-07,2023-08-02,Online,Individual Health
POL205717,CUST101231,Property,15900.0,345000.0,12,2022-10-01,2023-09-26,Agent,Property All-Risk
POL205718,CUST101324,Motor,5300.0,189000.0,12,2023-07-31,2024-07-25,Agent,Motor Third-Party
POL205719,CUST102566,Marine,21000.0,1153000.0,6,2021-03-31,2021-09-27,Online,Marine Hull
POL205720,CUST104074,Health,27300.0,1471000.0,12,2024-07-29,2025-07-24,Online,Critical Illness
POL205721,CUST102415,Life,24500.0,1266000.0,12,2021-03-11,2022-03-06,Broker,Term Life
POL205722,CUST100918,Life,23000.0,454000.0,12,2021-02-24,2022-02-19,Broker,ULIP
POL205723,CUST102786,Property,11800.0,485000.0,12,2023-12-16,2024-12-10,Agent,Fire & Allied Perils
POL205724,CUST101100,Life,21000.0,620000.0,12,2022-01-30,2023-01-25,Online,Endowment Plan
POL205725,CUST103390,Motor,35700.0,2096000.0,36,2021-12-26,2024-12-10,Agent,Motor Own-Damage
POL205726,CUST104878,Health,7100.0,291000.0,24,2023-12-28,2025-12-17,Online,Critical Illness
POL205727,CUST103161,Travel,6400.0,356000.0,24,2023-06-01,2025-05-21,Agent,Domestic Travel
POL205728,CUST104561,Health,8600.0,199000.0,24,2022-06-15,2024-06-04,Agent,Critical Illness
POL205729,CUST102722,Property,15200.0,794000.0,36,2022-04-06,2025-03-21,Broker,Home Shield
POL205730,CUST104063,Property,8300.0,279000.0,24,2023-05-31,2025-05-20,Agent,Fire & Allied Perils
POL205731,CUST104700,Health,23500.0,866000.0,6,2024-06-11,2024-12-08,Bancassurance,Individual Health
POL205732,CUST100869,Property,16100.0,838000.0,12,2022-08-05,2023-07-31,Broker,Fire & Allied Perils
POL205733,CUST103328,Health,15800.0,379000.0,12,2022-09-21,2023-09-16,Agent,Critical Illness
POL205734,CUST101275,Motor,27300.0,610000.0,36,2021-10-30,2024-10-14,Bancassurance,Motor Comprehensive
POL205735,CUST100423,Life,5600.0,97000.0,12,2023-02-15,2024-02-10,Agent,Endowment Plan
POL205736,CUST101175,Property,18800.0,739000.0,12,2021-03-30,2022-03-25,Agent,Home Shield
POL205737,CUST100712,Health,19300.0,896000.0,12,2024-03-31,2025-03-26,Agent,Individual Health
POL205738,CUST100945,Motor,32400.0,1840000.0,12,2023-02-24,2024-02-19,Agent,Motor Own-Damage
POL205739,CUST100033,Life,46600.0,2310000.0,12,2022-02-27,2023-02-22,Agent,ULIP
POL205740,CUST104852,Life,6800.0,291000.0,12,2021-09-28,2022-09-23,Online,ULIP
POL205741,CUST102201,Life,11400.0,432000.0,12,2022-01-24,2023-01-19,Bancassurance,Endowment Plan
POL205742,CUST100830,Health,3900.0,139000.0,60,2021-04-12,2026-03-17,Agent,Individual Health
POL205743,CUST101716,Health,8000.0,277000.0,12,2024-10-25,2025-10-20,Agent,Family Floater
POL205744,CUST103733,Health,33700.0,1728000.0,24,2022-03-28,2024-03-17,Online,Family Floater
POL205745,CUST103160,Motor,24300.0,754000.0,60,2024-09-10,2029-08-15,Broker,Motor Third-Party
POL205746,CUST100255,Property,13500.0,393000.0,24,2024-09-14,2026-09-04,Direct,Property All-Risk
POL205747,CUST100739,Motor,15000.0,828000.0,12,2021-01-21,2022-01-16,Agent,Motor Own-Damage
POL205748,CUST102719,Health,6700.0,363000.0,12,2023-03-29,2024-03-23,Bancassurance,Critical Illness
POL205749,CUST104849,Property,7300.0,351000.0,24,2024-03-03,2026-02-21,Agent,Home Shield
POL205750,CUST100354,Health,15500.0,689000.0,24,2021-12-17,2023-12-07,Online,Critical Illness
POL205751,CUST104311,Property,10800.0,339000.0,12,2024-11-30,2025-11-25,Online,Home Shield
POL205752,CUST100308,Motor,23600.0,1168000.0,24,2023-06-23,2025-06-12,Bancassurance,Motor Own-Damage
POL205753,CUST102477,Health,26300.0,1324000.0,12,2024-02-21,2025-02-15,Agent,Critical Illness
POL205754,CUST101151,Life,11400.0,430000.0,24,2024-01-30,2026-01-19,Bancassurance,Endowment Plan
POL205755,CUST102117,Marine,19400.0,630000.0,12,2021-07-27,2022-07-22,Bancassurance,Marine Cargo
POL205756,CUST104628,Life,15000.0,305000.0,24,2024-05-26,2026-05-16,Broker,Term Life
POL205757,CUST101078,Motor,14700.0,603000.0,12,2021-06-25,2022-06-20,Agent,Motor Third-Party
POL205758,CUST103194,Motor,33000.0,1268000.0,12,2024-12-17,2025-12-12,Bancassurance,Motor Comprehensive
POL205759,CUST101666,Property,5900.0,258000.0,24,2023-07-07,2025-06-26,Broker,Fire & Allied Perils
POL205760,CUST103257,Health,32400.0,506000.0,12,2023-06-21,2024-06-15,Bancassurance,Family Floater
POL205761,CUST100274,Motor,24800.0,1069000.0,12,2024-10-19,2025-10-14,Bancassurance,Motor Comprehensive
POL205762,CUST101488,Health,18800.0,978000.0,12,2022-09-24,2023-09-19,Agent,Individual Health
POL205763,CUST104788,Motor,23200.0,963000.0,24,2022-12-30,2024-12-19,Online,Motor Comprehensive
POL205764,CUST103618,Motor,14400.0,509000.0,24,2023-09-19,2025-09-08,Bancassurance,Motor Own-Damage
POL205765,CUST104683,Marine,11100.0,664000.0,12,2021-11-21,2022-11-16,Online,Marine Cargo
POL205766,CUST103407,Health,8700.0,371000.0,24,2021-06-10,2023-05-31,Online,Critical Illness
POL205767,CUST100926,Motor,25200.0,1283000.0,12,2024-12-03,2025-11-28,Online,Motor Own-Damage
POL205768,CUST102308,Marine,17700.0,442000.0,12,2023-12-13,2024-12-07,Online,Marine Cargo
POL205769,CUST104389,Travel,38800.0,921000.0,12,2023-04-14,2024-04-08,Agent,International Travel
POL205770,CUST103413,Marine,23900.0,1352000.0,12,2022-02-11,2023-02-06,Agent,Marine Cargo
POL205771,CUST102601,Life,18800.0,1067000.0,12,2024-03-11,2025-03-06,Bancassurance,Term Life
POL205772,CUST104335,Travel,10800.0,224000.0,12,2023-08-31,2024-08-25,Broker,Domestic Travel
POL205773,CUST100567,Motor,11900.0,695000.0,12,2022-09-23,2023-09-18,Agent,Motor Third-Party
POL205774,CUST104801,Property,10200.0,488000.0,24,2022-11-12,2024-11-01,Agent,Fire & Allied Perils
POL205775,CUST100630,Health,20400.0,581000.0,24,2024-10-13,2026-10-03,Online,Individual Health
POL205776,CUST104982,Motor,14100.0,350000.0,12,2022-01-05,2022-12-31,Online,Motor Own-Damage
POL205777,CUST104022,Motor,11000.0,487000.0,6,2021-04-20,2021-10-17,Online,Motor Third-Party
POL205778,CUST102441,Motor,40600.0,787000.0,12,2024-01-29,2025-01-23,Bancassurance,Motor Own-Damage
POL205779,CUST102381,Property,28900.0,1358000.0,24,2021-11-26,2023-11-16,Agent,Property All-Risk
POL205780,CUST100163,Marine,15800.0,822000.0,24,2024-07-05,2026-06-25,Bancassurance,Marine Hull
POL205781,CUST101584,Motor,16700.0,633000.0,24,2023-05-21,2025-05-10,Agent,Motor Third-Party
POL205782,CUST101145,Property,24600.0,1283000.0,6,2023-04-14,2023-10-11,Bancassurance,Fire & Allied Perils
POL205783,CUST103533,Life,14400.0,653000.0,12,2021-12-21,2022-12-16,Bancassurance,ULIP
POL205784,CUST100984,Motor,6800.0,279000.0,24,2024-05-09,2026-04-29,Bancassurance,Motor Third-Party
POL205785,CUST104029,Life,10400.0,356000.0,12,2024-01-28,2025-01-22,Agent,Term Life
POL205786,CUST101502,Motor,16800.0,745000.0,12,2024-05-11,2025-05-06,Agent,Motor Own-Damage
POL205787,CUST104251,Motor,16700.0,983000.0,36,2023-02-21,2026-02-05,Bancassurance,Motor Own-Damage
POL205788,CUST101802,Health,5000.0,102000.0,12,2021-12-21,2022-12-16,Agent,Critical Illness
POL205789,CUST103762,Marine,24500.0,554000.0,24,2023-04-13,2025-04-02,Online,Marine Hull
POL205790,CUST103343,Motor,5300.0,238000.0,60,2023-06-10,2028-05-14,Online,Motor Comprehensive
POL205791,CUST104947,Health,8100.0,480000.0,6,2021-10-12,2022-04-10,Broker,Critical Illness
POL205792,CUST102628,Health,25700.0,963000.0,36,2024-12-21,2027-12-06,Agent,Family Floater
POL205793,CUST101763,Life,13800.0,453000.0,24,2022-08-28,2024-08-17,Online,ULIP
POL205794,CUST103248,Marine,30500.0,1776000.0,24,2021-06-17,2023-06-07,Direct,Marine Cargo
POL205795,CUST100148,Health,27500.0,758000.0,12,2024-01-22,2025-01-16,Agent,Individual Health
POL205796,CUST104859,Property,6800.0,203000.0,12,2023-08-03,2024-07-28,Broker,Home Shield
POL205797,CUST103390,Life,12400.0,421000.0,12,2021-04-01,2022-03-27,Agent,ULIP
POL205798,CUST100245,Motor,10800.0,414000.0,12,2022-06-20,2023-06-15,Agent,Motor Third-Party
POL205799,CUST100862,Health,11600.0,202000.0,24,2021-05-28,2023-05-18,Online,Critical Illness
POL205800,CUST100071,Health,10600.0,351000.0,36,2022-07-21,2025-07-05,Direct,Critical Illness
POL205801,CUST103335,Life,7900.0,326000.0,60,2021-03-20,2026-02-22,Broker,Endowment Plan
POL205802,CUST103327,Motor,28900.0,594000.0,12,2021-03-30,2022-03-25,Agent,Motor Comprehensive
POL205803,CUST100814,Motor,8400.0,300000.0,12,2024-04-08,2025-04-03,Agent,Motor Third-Party
POL205804,CUST102731,Travel,13500.0,389000.0,12,2022-02-15,2023-02-10,Online,Domestic Travel
POL205805,CUST102448,Marine,8000.0,160000.0,12,2023-12-08,2024-12-02,Broker,Marine Cargo
POL205806,CUST102413,Health,17200.0,967000.0,12,2024-06-02,2025-05-28,Bancassurance,Individual Health
POL205807,CUST103090,Property,13200.0,411000.0,12,2023-09-28,2024-09-22,Online,Home Shield
POL205808,CUST104266,Travel,11200.0,416000.0,12,2021-03-28,2022-03-23,Bancassurance,International Travel
POL205809,CUST104572,Motor,28700.0,1108000.0,6,2024-04-13,2024-10-10,Bancassurance,Motor Own-Damage
POL205810,CUST100794,Life,14300.0,321000.0,12,2022-03-24,2023-03-19,Broker,Term Life
POL205811,CUST104720,Motor,15200.0,615000.0,12,2023-09-12,2024-09-06,Broker,Motor Comprehensive
POL205812,CUST102868,Property,5000.0,130000.0,6,2024-12-11,2025-06-09,Online,Home Shield
POL205813,CUST100905,Motor,16700.0,705000.0,12,2021-03-20,2022-03-15,Agent,Motor Third-Party
POL205814,CUST104659,Property,23700.0,481000.0,24,2021-08-01,2023-07-22,Bancassurance,Fire & Allied Perils
POL205815,CUST101848,Motor,9400.0,476000.0,36,2024-05-04,2027-04-19,Online,Motor Comprehensive
POL205816,CUST102229,Health,13200.0,711000.0,12,2024-01-18,2025-01-12,Agent,Individual Health
POL205817,CUST104835,Property,32000.0,1892000.0,12,2024-10-07,2025-10-02,Online,Fire & Allied Perils
POL205818,CUST102899,Motor,11000.0,608000.0,24,2024-12-22,2026-12-12,Online,Motor Comprehensive
POL205819,CUST100715,Marine,21700.0,974000.0,12,2021-04-13,2022-04-08,Online,Marine Cargo
POL205820,CUST100349,Motor,13700.0,295000.0,36,2024-07-22,2027-07-07,Bancassurance,Motor Own-Damage
POL205821,CUST104102,Health,29000.0,549000.0,12,2021-10-19,2022-10-14,Bancassurance,Critical Illness
POL205822,CUST101745,Life,18500.0,343000.0,36,2024-06-02,2027-05-18,Online,Endowment Plan
POL205823,CUST100498,Motor,10100.0,533000.0,12,2023-07-11,2024-07-05,Bancassurance,Motor Third-Party
POL205824,CUST100206,Life,6500.0,321000.0,60,2024-12-26,2029-11-30,Broker,Endowment Plan
POL205825,CUST104727,Health,35800.0,896000.0,12,2024-12-04,2025-11-29,Agent,Family Floater
POL205826,CUST102861,Life,20400.0,523000.0,36,2022-02-02,2025-01-17,Broker,ULIP
POL205827,CUST102620,Life,18300.0,354000.0,6,2023-01-30,2023-07-29,Broker,Endowment Plan
POL205828,CUST102952,Health,12000.0,705000.0,12,2024-11-03,2025-10-29,Online,Family Floater
POL205829,CUST102093,Motor,5700.0,150000.0,12,2024-02-08,2025-02-02,Broker,Motor Third-Party
POL205830,CUST104754,Motor,19100.0,1015000.0,6,2023-03-01,2023-08-28,Bancassurance,Motor Comprehensive
POL205831,CUST103010,Travel,18600.0,919000.0,12,2023-11-09,2024-11-03,Agent,Domestic Travel
POL205832,CUST103192,Health,21600.0,1104000.0,12,2021-06-05,2022-05-31,Bancassurance,Individual Health
POL205833,CUST104467,Motor,30600.0,1325000.0,12,2023-11-25,2024-11-19,Broker,Motor Third-Party
POL205834,CUST100014,Motor,17600.0,433000.0,24,2024-06-17,2026-06-07,Online,Motor Comprehensive
POL205835,CUST101595,Life,5200.0,130000.0,24,2022-09-29,2024-09-18,Broker,ULIP
POL205836,CUST104166,Health,22400.0,1277000.0,24,2021-07-11,2023-07-01,Online,Family Floater
POL205837,CUST100481,Motor,36500.0,1457000.0,12,2021-05-26,2022-05-21,Agent,Motor Comprehensive
POL205838,CUST101648,Marine,14800.0,669000.0,24,2021-09-16,2023-09-06,Broker,Marine Cargo
POL205839,CUST100817,Travel,14400.0,560000.0,12,2023-05-03,2024-04-27,Agent,Domestic Travel
POL205840,CUST103571,Marine,13600.0,414000.0,12,2021-01-01,2021-12-27,Direct,Marine Cargo
POL205841,CUST104218,Health,16200.0,757000.0,24,2024-12-29,2026-12-19,Agent,Critical Illness
POL205842,CUST101320,Health,19000.0,1020000.0,12,2022-07-06,2023-07-01,Agent,Critical Illness
POL205843,CUST103437,Motor,21400.0,546000.0,12,2022-12-19,2023-12-14,Agent,Motor Comprehensive
POL205844,CUST103801,Health,10900.0,243000.0,12,2022-09-01,2023-08-27,Broker,Individual Health
POL205845,CUST104527,Life,11300.0,203000.0,24,2023-10-07,2025-09-26,Online,Endowment Plan
POL205846,CUST104637,Motor,2000.0,111000.0,12,2022-01-14,2023-01-09,Agent,Motor Own-Damage
POL205847,CUST102277,Health,5200.0,239000.0,6,2024-06-16,2024-12-13,Agent,Individual Health
POL205848,CUST100396,Health,12700.0,597000.0,12,2024-04-12,2025-04-07,Broker,Individual Health
POL205849,CUST103722,Life,19200.0,335000.0,36,2024-01-13,2026-12-28,Agent,ULIP
POL205850,CUST102721,Motor,12200.0,402000.0,24,2024-07-10,2026-06-30,Online,Motor Third-Party
POL205851,CUST102296,Property,23600.0,415000.0,60,2024-01-16,2028-12-20,Online,Fire & Allied Perils
POL205852,CUST102702,Health,10400.0,478000.0,12,2022-03-07,2023-03-02,Agent,Family Floater
POL205853,CUST103219,Life,10800.0,328000.0,12,2023-09-12,2024-09-06,Online,ULIP
POL205854,CUST101432,Travel,27700.0,1638000.0,60,2023-01-29,2028-01-03,Broker,Domestic Travel
POL205855,CUST101641,Motor,18900.0,897000.0,24,2023-09-27,2025-09-16,Agent,Motor Own-Damage
POL205856,CUST101708,Marine,25600.0,548000.0,36,2024-10-07,2027-09-22,Broker,Marine Cargo
POL205857,CUST102465,Property,19400.0,450000.0,12,2021-04-21,2022-04-16,Agent,Fire & Allied Perils
POL205858,CUST103380,Travel,16700.0,342000.0,24,2021-09-21,2023-09-11,Online,Domestic Travel
POL205859,CUST100210,Health,19000.0,498000.0,24,2024-10-13,2026-10-03,Online,Family Floater
POL205860,CUST101463,Motor,7500.0,440000.0,24,2021-11-16,2023-11-06,Agent,Motor Own-Damage
POL205861,CUST103640,Motor,3600.0,214000.0,12,2022-12-14,2023-12-09,Agent,Motor Own-Damage
POL205862,CUST100153,Property,7000.0,195000.0,24,2022-07-04,2024-06-23,Online,Fire & Allied Perils
POL205863,CUST103976,Motor,5100.0,133000.0,12,2024-04-25,2025-04-20,Bancassurance,Motor Comprehensive
POL205864,CUST103845,Health,18600.0,494000.0,24,2021-12-20,2023-12-10,Online,Family Floater
POL205865,CUST101595,Travel,28000.0,1057000.0,12,2021-08-14,2022-08-09,Agent,International Travel
POL205866,CUST103125,Health,7300.0,268000.0,12,2021-02-23,2022-02-18,Online,Critical Illness
POL205867,CUST102451,Motor,18000.0,633000.0,12,2022-03-30,2023-03-25,Online,Motor Third-Party
POL205868,CUST101252,Life,33700.0,626000.0,12,2024-08-04,2025-07-30,Bancassurance,Term Life
POL205869,CUST100746,Motor,24800.0,660000.0,36,2024-05-20,2027-05-05,Agent,Motor Own-Damage
POL205870,CUST104807,Health,19800.0,702000.0,24,2021-03-18,2023-03-08,Agent,Critical Illness
POL205871,CUST104297,Motor,15800.0,390000.0,12,2024-11-27,2025-11-22,Agent,Motor Third-Party
POL205872,CUST104492,Health,18900.0,815000.0,24,2022-06-18,2024-06-07,Bancassurance,Critical Illness
POL205873,CUST100703,Motor,17100.0,375000.0,12,2021-07-15,2022-07-10,Agent,Motor Own-Damage
POL205874,CUST104821,Property,14300.0,446000.0,24,2021-05-20,2023-05-10,Agent,Home Shield
POL205875,CUST103129,Health,8200.0,403000.0,12,2022-03-03,2023-02-26,Agent,Critical Illness
POL205876,CUST102561,Health,10700.0,445000.0,12,2022-05-24,2023-05-19,Online,Family Floater
POL205877,CUST101709,Travel,18100.0,1015000.0,24,2023-07-20,2025-07-09,Agent,Domestic Travel
POL205878,CUST101175,Property,26700.0,747000.0,36,2021-06-08,2024-05-23,Broker,Property All-Risk
POL205879,CUST101626,Health,7500.0,116000.0,6,2023-01-17,2023-07-16,Agent,Family Floater
POL205880,CUST100869,Travel,42600.0,1610000.0,6,2021-06-12,2021-12-09,Agent,International Travel
POL205881,CUST103950,Motor,4800.0,120000.0,12,2023-06-27,2024-06-21,Bancassurance,Motor Third-Party
POL205882,CUST104742,Health,9000.0,185000.0,24,2023-07-25,2025-07-14,Online,Critical Illness
POL205883,CUST104835,Marine,18500.0,292000.0,36,2023-09-30,2026-09-14,Broker,Marine Cargo
POL205884,CUST104454,Health,22500.0,931000.0,12,2022-10-09,2023-10-04,Online,Family Floater
POL205885,CUST100661,Health,10800.0,350000.0,12,2022-09-10,2023-09-05,Online,Individual Health
POL205886,CUST103704,Property,16100.0,476000.0,24,2022-02-03,2024-01-24,Agent,Fire & Allied Perils
POL205887,CUST104289,Motor,14300.0,460000.0,12,2024-09-14,2025-09-09,Direct,Motor Third-Party
POL205888,CUST102552,Motor,12800.0,632000.0,12,2024-10-26,2025-10-21,Agent,Motor Comprehensive
POL205889,CUST102790,Life,8900.0,226000.0,24,2021-06-01,2023-05-22,Agent,ULIP
POL205890,CUST101922,Motor,18300.0,694000.0,12,2024-11-17,2025-11-12,Online,Motor Third-Party
POL205891,CUST104112,Motor,18800.0,1123000.0,60,2023-03-19,2028-02-21,Online,Motor Own-Damage
POL205892,CUST103517,Health,15700.0,271000.0,12,2023-06-14,2024-06-08,Direct,Family Floater
POL205893,CUST103145,Health,23600.0,1052000.0,24,2023-09-14,2025-09-03,Bancassurance,Critical Illness
POL205894,CUST100047,Health,18300.0,837000.0,36,2021-10-25,2024-10-09,Bancassurance,Critical Illness
POL205895,CUST104802,Life,9900.0,337000.0,12,2024-10-07,2025-10-02,Broker,Term Life
POL205896,CUST102621,Health,33900.0,1740000.0,12,2024-09-20,2025-09-15,Broker,Individual Health
POL205897,CUST104779,Life,20900.0,945000.0,12,2022-08-20,2023-08-15,Online,ULIP
POL205898,CUST103393,Motor,13100.0,616000.0,12,2022-06-19,2023-06-14,Agent,Motor Own-Damage
POL205899,CUST102604,Health,12000.0,250000.0,12,2024-08-06,2025-08-01,Bancassurance,Individual Health
POL205900,CUST103768,Travel,11800.0,468000.0,12,2022-12-08,2023-12-03,Bancassurance,Domestic Travel
POL205901,CUST101233,Health,7800.0,176000.0,24,2022-02-01,2024-01-22,Bancassurance,Family Floater
POL205902,CUST102255,Motor,10500.0,195000.0,12,2023-12-13,2024-12-07,Agent,Motor Own-Damage
POL205903,CUST100125,Travel,17100.0,583000.0,24,2021-01-24,2023-01-14,Online,Domestic Travel
POL205904,CUST103725,Health,21300.0,414000.0,12,2023-12-19,2024-12-13,Direct,Individual Health
POL205905,CUST101620,Health,31600.0,475000.0,12,2023-08-20,2024-08-14,Online,Critical Illness
POL205906,CUST100479,Motor,13200.0,775000.0,12,2022-11-02,2023-10-28,Agent,Motor Own-Damage
POL205907,CUST103981,Life,18000.0,980000.0,36,2023-03-17,2026-03-01,Bancassurance,Endowment Plan
POL205908,CUST101166,Motor,17800.0,416000.0,12,2023-02-26,2024-02-21,Online,Motor Own-Damage
POL205909,CUST101119,Life,10400.0,226000.0,12,2021-12-20,2022-12-15,Online,Endowment Plan
POL205910,CUST100723,Life,20200.0,615000.0,24,2024-11-21,2026-11-11,Broker,Term Life
POL205911,CUST103017,Life,6400.0,128000.0,12,2023-01-01,2023-12-27,Bancassurance,Endowment Plan
POL205912,CUST101699,Motor,14800.0,448000.0,12,2022-12-25,2023-12-20,Broker,Motor Own-Damage
POL205913,CUST102853,Motor,13200.0,617000.0,12,2023-06-10,2024-06-04,Broker,Motor Third-Party
POL205914,CUST101720,Property,10900.0,281000.0,12,2023-10-29,2024-10-23,Online,Fire & Allied Perils
POL205915,CUST103766,Marine,18800.0,941000.0,60,2022-11-16,2027-10-21,Broker,Marine Hull
POL205916,CUST101869,Motor,31700.0,1792000.0,6,2021-11-06,2022-05-05,Online,Motor Comprehensive
POL205917,CUST103964,Health,25300.0,423000.0,12,2022-08-25,2023-08-20,Agent,Individual Health
POL205918,CUST102329,Life,17500.0,688000.0,24,2023-06-24,2025-06-13,Bancassurance,Term Life
POL205919,CUST100074,Property,24200.0,446000.0,12,2021-12-26,2022-12-21,Bancassurance,Home Shield
POL205920,CUST102181,Marine,36900.0,1469000.0,12,2021-09-18,2022-09-13,Agent,Marine Hull
POL205921,CUST101225,Life,10000.0,167000.0,12,2021-08-05,2022-07-31,Agent,ULIP
POL205922,CUST102452,Motor,14800.0,553000.0,24,2022-06-19,2024-06-08,Bancassurance,Motor Own-Damage
POL205923,CUST100623,Property,19900.0,681000.0,12,2024-02-14,2025-02-08,Online,Fire & Allied Perils
POL205924,CUST103762,Property,20800.0,1208000.0,12,2022-10-17,2023-10-12,Bancassurance,Fire & Allied Perils
POL205925,CUST103122,Health,13300.0,308000.0,12,2022-03-26,2023-03-21,Agent,Family Floater
POL205926,CUST100710,Health,17700.0,352000.0,12,2023-09-07,2024-09-01,Direct,Family Floater
POL205927,CUST104891,Motor,13700.0,251000.0,24,2024-03-02,2026-02-20,Agent,Motor Comprehensive
POL205928,CUST101753,Health,15300.0,326000.0,6,2021-04-29,2021-10-26,Bancassurance,Individual Health
POL205929,CUST101049,Property,5200.0,215000.0,24,2024-10-05,2026-09-25,Online,Fire & Allied Perils
POL205930,CUST100000,Motor,31700.0,1864000.0,12,2021-05-27,2022-05-22,Direct,Motor Comprehensive
POL205931,CUST101233,Property,4400.0,184000.0,12,2023-11-23,2024-11-17,Bancassurance,Property All-Risk
POL205932,CUST100141,Motor,11400.0,505000.0,12,2021-03-18,2022-03-13,Bancassurance,Motor Third-Party
POL205933,CUST102415,Motor,21300.0,909000.0,12,2022-03-15,2023-03-10,Bancassurance,Motor Third-Party
POL205934,CUST103032,Life,26900.0,616000.0,12,2022-07-11,2023-07-06,Agent,Endowment Plan
POL205935,CUST101850,Motor,13600.0,782000.0,24,2021-10-14,2023-10-04,Agent,Motor Third-Party
POL205936,CUST104380,Life,22700.0,1354000.0,24,2021-10-22,2023-10-12,Bancassurance,Endowment Plan
POL205937,CUST104830,Health,14900.0,328000.0,12,2022-06-15,2023-06-10,Direct,Critical Illness
POL205938,CUST101529,Life,18700.0,490000.0,24,2024-01-29,2026-01-18,Bancassurance,ULIP
POL205939,CUST103188,Travel,11800.0,480000.0,12,2022-12-19,2023-12-14,Bancassurance,Domestic Travel
POL205940,CUST102009,Health,21500.0,1212000.0,12,2024-04-19,2025-04-14,Agent,Critical Illness
POL205941,CUST101368,Motor,7300.0,300000.0,36,2024-03-27,2027-03-12,Online,Motor Third-Party
POL205942,CUST101049,Property,41900.0,1340000.0,12,2021-12-24,2022-12-19,Bancassurance,Home Shield
POL205943,CUST102607,Motor,10600.0,340000.0,36,2022-10-16,2025-09-30,Bancassurance,Motor Own-Damage
POL205944,CUST100713,Motor,7800.0,257000.0,12,2023-06-17,2024-06-11,Online,Motor Third-Party
POL205945,CUST103362,Property,15500.0,882000.0,12,2022-02-08,2023-02-03,Agent,Home Shield
POL205946,CUST104420,Motor,12800.0,636000.0,12,2022-12-16,2023-12-11,Broker,Motor Third-Party
POL205947,CUST101840,Life,31400.0,1602000.0,24,2022-03-11,2024-02-29,Online,Endowment Plan
POL205948,CUST102860,Motor,38100.0,645000.0,12,2021-10-20,2022-10-15,Agent,Motor Comprehensive
POL205949,CUST104880,Life,10800.0,312000.0,12,2021-04-18,2022-04-13,Direct,ULIP
POL205950,CUST103524,Life,19900.0,1000000.0,24,2023-07-18,2025-07-07,Agent,Endowment Plan
POL205951,CUST102019,Health,18700.0,380000.0,24,2022-12-05,2024-11-24,Bancassurance,Individual Health
POL205952,CUST104409,Health,19500.0,522000.0,24,2023-12-13,2025-12-02,Bancassurance,Family Floater
POL205953,CUST100212,Motor,8900.0,463000.0,6,2021-04-09,2021-10-06,Online,Motor Third-Party
POL205954,CUST102941,Motor,8800.0,353000.0,36,2024-05-07,2027-04-22,Bancassurance,Motor Comprehensive
POL205955,CUST101262,Property,16400.0,648000.0,12,2024-10-28,2025-10-23,Direct,Home Shield
POL205956,CUST100901,Marine,19000.0,537000.0,24,2022-03-17,2024-03-06,Broker,Marine Hull
POL205957,CUST102584,Property,6800.0,130000.0,12,2024-11-23,2025-11-18,Agent,Property All-Risk
POL205958,CUST103566,Life,11500.0,620000.0,12,2021-08-14,2022-08-09,Agent,Endowment Plan
POL205959,CUST103690,Health,14400.0,334000.0,12,2023-02-14,2024-02-09,Broker,Critical Illness
POL205960,CUST103739,Life,27600.0,1068000.0,12,2024-09-22,2025-09-17,Online,ULIP
POL205961,CUST101443,Life,23800.0,992000.0,6,2022-09-21,2023-03-20,Online,ULIP
POL205962,CUST102069,Motor,31000.0,1130000.0,12,2024-09-21,2025-09-16,Online,Motor Comprehensive
POL205963,CUST100565,Health,15500.0,800000.0,12,2021-10-24,2022-10-19,Broker,Family Floater
POL205964,CUST103084,Motor,12300.0,187000.0,12,2022-02-22,2023-02-17,Bancassurance,Motor Own-Damage
POL205965,CUST104019,Health,30000.0,939000.0,60,2023-07-28,2028-07-01,Bancassurance,Family Floater
POL205966,CUST102422,Life,15200.0,707000.0,6,2021-03-24,2021-09-20,Agent,Endowment Plan
POL205967,CUST101563,Health,21400.0,367000.0,36,2021-12-14,2024-11-28,Agent,Critical Illness
POL205968,CUST101664,Life,4200.0,237000.0,12,2023-11-01,2024-10-26,Direct,ULIP
POL205969,CUST103250,Travel,14800.0,474000.0,24,2021-07-13,2023-07-03,Online,Domestic Travel
POL205970,CUST103362,Marine,15300.0,639000.0,36,2022-06-17,2025-06-01,Bancassurance,Marine Cargo
POL205971,CUST102381,Property,15100.0,233000.0,12,2023-03-25,2024-03-19,Online,Home Shield
POL205972,CUST101237,Property,16300.0,640000.0,12,2024-01-13,2025-01-07,Broker,Fire & Allied Perils
POL205973,CUST102052,Health,29500.0,717000.0,24,2023-02-01,2025-01-21,Online,Critical Illness
POL205974,CUST101637,Life,11700.0,352000.0,60,2021-04-15,2026-03-20,Broker,ULIP
POL205975,CUST100489,Life,23600.0,1350000.0,12,2023-05-13,2024-05-07,Agent,ULIP
POL205976,CUST102028,Travel,6200.0,293000.0,12,2022-11-02,2023-10-28,Agent,Domestic Travel
POL205977,CUST104244,Health,6700.0,295000.0,12,2022-07-30,2023-07-25,Agent,Family Floater
POL205978,CUST103073,Health,9100.0,541000.0,24,2022-05-01,2024-04-20,Agent,Family Floater
POL205979,CUST100667,Property,10400.0,240000.0,12,2024-04-07,2025-04-02,Online,Home Shield
POL205980,CUST104261,Life,23500.0,417000.0,24,2023-07-28,2025-07-17,Online,Endowment Plan
POL205981,CUST101067,Motor,16400.0,813000.0,12,2021-02-20,2022-02-15,Online,Motor Comprehensive
POL205982,CUST103074,Life,5300.0,85000.0,24,2023-11-02,2025-10-22,Bancassurance,ULIP
POL205983,CUST102838,Life,17400.0,871000.0,12,2022-03-02,2023-02-25,Bancassurance,Endowment Plan
POL205984,CUST103630,Life,17300.0,654000.0,24,2024-10-17,2026-10-07,Agent,Term Life
POL205985,CUST103831,Travel,2000.0,50000.0,6,2022-10-21,2023-04-19,Bancassurance,International Travel
POL205986,CUST101463,Life,31000.0,1358000.0,36,2022-05-23,2025-05-07,Broker,Term Life
POL205987,CUST103888,Property,9700.0,361000.0,12,2021-06-29,2022-06-24,Bancassurance,Property All-Risk
POL205988,CUST102937,Health,23400.0,550000.0,36,2021-07-08,2024-06-22,Online,Critical Illness
POL205989,CUST101748,Motor,20700.0,1061000.0,6,2023-12-17,2024-06-14,Broker,Motor Own-Damage
POL205990,CUST100519,Health,7700.0,216000.0,36,2024-11-04,2027-10-20,Online,Individual Health
POL205991,CUST102842,Health,27900.0,726000.0,12,2022-08-02,2023-07-28,Online,Individual Health
POL205992,CUST102316,Property,18900.0,875000.0,12,2023-04-13,2024-04-07,Broker,Home Shield
POL205993,CUST102352,Life,27800.0,942000.0,60,2024-10-25,2029-09-29,Agent,Term Life
POL205994,CUST103449,Health,35300.0,1075000.0,12,2024-09-24,2025-09-19,Direct,Individual Health
POL205995,CUST103544,Health,8900.0,358000.0,12,2023-10-02,2024-09-26,Broker,Critical Illness
POL205996,CUST100898,Travel,18200.0,813000.0,12,2024-04-27,2025-04-22,Online,Domestic Travel
POL205997,CUST101481,Motor,6200.0,128000.0,12,2023-01-25,2024-01-20,Bancassurance,Motor Own-Damage
POL205998,CUST104510,Motor,27600.0,1526000.0,24,2022-12-18,2024-12-07,Agent,Motor Third-Party
POL205999,CUST102970,Life,5100.0,162000.0,12,2022-10-02,2023-09-27,Bancassurance,Endowment Plan
POL206000,CUST102085,Life,7300.0,174000.0,24,2021-05-10,2023-04-30,Bancassurance,Term Life
POL206001,CUST104862,Health,11200.0,233000.0,24,2023-06-06,2025-05-26,Agent,Critical Illness
POL206002,CUST103355,Motor,15200.0,843000.0,12,2022-03-13,2023-03-08,Bancassurance,Motor Third-Party
POL206003,CUST104247,Health,24000.0,429000.0,60,2023-11-13,2028-10-17,Direct,Individual Health
POL206004,CUST102349,Motor,5500.0,258000.0,12,2023-10-18,2024-10-12,Bancassurance,Motor Third-Party
POL206005,CUST100817,Motor,18000.0,287000.0,24,2022-04-18,2024-04-07,Agent,Motor Own-Damage
POL206006,CUST103661,Health,10800.0,589000.0,24,2023-12-08,2025-11-27,Agent,Family Floater
POL206007,CUST104082,Motor,14900.0,834000.0,12,2021-09-09,2022-09-04,Agent,Motor Comprehensive
POL206008,CUST102921,Health,30400.0,822000.0,12,2022-01-03,2022-12-29,Agent,Individual Health
POL206009,CUST102164,Property,16300.0,290000.0,12,2023-09-25,2024-09-19,Agent,Property All-Risk
POL206010,CUST100612,Motor,20500.0,344000.0,12,2023-07-25,2024-07-19,Broker,Motor Own-Damage
POL206011,CUST101228,Health,4100.0,238000.0,12,2024-07-03,2025-06-28,Online,Family Floater
POL206012,CUST104623,Health,9700.0,425000.0,12,2021-05-31,2022-05-26,Online,Individual Health
POL206013,CUST100842,Motor,15300.0,885000.0,24,2023-10-23,2025-10-12,Agent,Motor Own-Damage
POL206014,CUST103300,Life,6400.0,234000.0,24,2021-11-08,2023-10-29,Direct,ULIP
POL206015,CUST103316,Motor,4900.0,250000.0,12,2022-05-16,2023-05-11,Direct,Motor Comprehensive
POL206016,CUST102360,Travel,9800.0,565000.0,36,2021-06-28,2024-06-12,Online,International Travel
POL206017,CUST104983,Life,15300.0,402000.0,12,2022-04-02,2023-03-28,Broker,ULIP
POL206018,CUST103383,Motor,23200.0,442000.0,24,2021-10-24,2023-10-14,Online,Motor Comprehensive
POL206019,CUST104833,Marine,23300.0,644000.0,12,2023-02-01,2024-01-27,Agent,Marine Hull
POL206020,CUST101304,Health,14100.0,559000.0,24,2021-08-30,2023-08-20,Online,Individual Health
POL206021,CUST103703,Motor,16400.0,759000.0,24,2023-04-25,2025-04-14,Agent,Motor Own-Damage
POL206022,CUST103844,Health,5800.0,342000.0,12,2023-11-17,2024-11-11,Agent,Critical Illness
POL206023,CUST104594,Life,39800.0,2002000.0,12,2022-08-07,2023-08-02,Online,Term Life
POL206024,CUST102056,Life,32500.0,615000.0,12,2024-08-29,2025-08-24,Online,ULIP
POL206025,CUST101661,Life,18700.0,1055000.0,60,2021-07-07,2026-06-11,Online,Endowment Plan
POL206026,CUST104025,Marine,12900.0,684000.0,60,2024-11-11,2029-10-16,Direct,Marine Hull
POL206027,CUST103594,Travel,27100.0,669000.0,12,2023-05-24,2024-05-18,Agent,Domestic Travel
POL206028,CUST101370,Motor,40200.0,2217000.0,12,2022-07-26,2023-07-21,Broker,Motor Comprehensive
POL206029,CUST101522,Marine,20200.0,510000.0,12,2021-02-10,2022-02-05,Online,Marine Cargo
POL206030,CUST103951,Motor,23400.0,903000.0,12,2024-06-08,2025-06-03,Agent,Motor Own-Damage
POL206031,CUST102847,Travel,11100.0,551000.0,24,2024-10-09,2026-09-29,Bancassurance,Domestic Travel
POL206032,CUST104533,Motor,6700.0,129000.0,12,2021-05-14,2022-05-09,Agent,Motor Comprehensive
POL206033,CUST103152,Motor,14400.0,674000.0,12,2022-01-22,2023-01-17,Agent,Motor Own-Damage
POL206034,CUST104904,Health,21600.0,827000.0,6,2023-04-11,2023-10-08,Online,Individual Health
POL206035,CUST101636,Motor,5700.0,216000.0,12,2022-05-06,2023-05-01,Broker,Motor Third-Party
POL206036,CUST103883,Property,38400.0,1645000.0,12,2023-06-03,2024-05-28,Online,Property All-Risk
POL206037,CUST100950,Motor,20700.0,381000.0,12,2023-05-10,2024-05-04,Agent,Motor Own-Damage
POL206038,CUST103520,Health,23400.0,485000.0,12,2022-08-22,2023-08-17,Agent,Individual Health
POL206039,CUST102087,Marine,4100.0,94000.0,24,2023-12-01,2025-11-20,Bancassurance,Marine Hull
POL206040,CUST102599,Life,11600.0,253000.0,24,2021-02-02,2023-01-23,Agent,Endowment Plan
POL206041,CUST104038,Life,16400.0,578000.0,24,2023-07-10,2025-06-29,Broker,ULIP
POL206042,CUST100528,Travel,7500.0,315000.0,6,2022-04-28,2022-10-25,Agent,International Travel
POL206043,CUST101118,Motor,47200.0,992000.0,12,2021-11-18,2022-11-13,Broker,Motor Comprehensive
POL206044,CUST102799,Health,31300.0,1519000.0,60,2021-01-08,2025-12-13,Agent,Critical Illness
POL206045,CUST102071,Motor,17000.0,904000.0,12,2021-02-11,2022-02-06,Agent,Motor Third-Party
POL206046,CUST102816,Motor,25100.0,486000.0,12,2024-03-26,2025-03-21,Agent,Motor Third-Party
POL206047,CUST102152,Motor,12900.0,291000.0,6,2024-05-11,2024-11-07,Direct,Motor Third-Party
POL206048,CUST100323,Life,28400.0,898000.0,12,2024-12-29,2025-12-24,Bancassurance,Endowment Plan
POL206049,CUST104682,Motor,14500.0,646000.0,24,2024-06-30,2026-06-20,Online,Motor Own-Damage
POL206050,CUST103453,Life,37000.0,697000.0,36,2021-10-31,2024-10-15,Agent,Term Life
POL206051,CUST103050,Life,10600.0,325000.0,24,2021-10-30,2023-10-20,Agent,Term Life
POL206052,CUST100744,Health,6500.0,387000.0,24,2024-02-01,2026-01-21,Agent,Family Floater
POL206053,CUST100987,Health,15400.0,592000.0,24,2022-11-25,2024-11-14,Agent,Family Floater
POL206054,CUST102983,Motor,10000.0,228000.0,24,2024-07-25,2026-07-15,Agent,Motor Comprehensive
POL206055,CUST100263,Life,20300.0,863000.0,12,2021-03-05,2022-02-28,Agent,Term Life
POL206056,CUST102363,Health,8900.0,276000.0,12,2022-02-26,2023-02-21,Bancassurance,Individual Health
POL206057,CUST104446,Property,47300.0,2603000.0,24,2021-10-24,2023-10-14,Bancassurance,Property All-Risk
POL206058,CUST104375,Health,6300.0,364000.0,12,2023-08-05,2024-07-30,Bancassurance,Individual Health
POL206059,CUST102573,Life,20800.0,532000.0,12,2023-12-10,2024-12-04,Online,Term Life
POL206060,CUST101161,Health,12800.0,721000.0,60,2021-12-30,2026-12-04,Agent,Family Floater
POL206061,CUST100369,Health,34000.0,1697000.0,12,2024-04-26,2025-04-21,Bancassurance,Critical Illness
POL206062,CUST100856,Health,13200.0,290000.0,12,2021-04-07,2022-04-02,Direct,Family Floater
POL206063,CUST101403,Life,13200.0,689000.0,12,2021-01-14,2022-01-09,Online,ULIP
POL206064,CUST102755,Health,12500.0,288000.0,12,2023-04-23,2024-04-17,Broker,Family Floater
POL206065,CUST103628,Property,21200.0,327000.0,36,2024-10-19,2027-10-04,Broker,Fire & Allied Perils
POL206066,CUST102301,Motor,12300.0,615000.0,12,2022-03-01,2023-02-24,Agent,Motor Own-Damage
POL206067,CUST104132,Marine,11300.0,346000.0,24,2023-05-08,2025-04-27,Agent,Marine Hull
POL206068,CUST100806,Marine,6100.0,344000.0,12,2024-06-13,2025-06-08,Agent,Marine Cargo
POL206069,CUST102117,Motor,9300.0,325000.0,12,2021-05-28,2022-05-23,Bancassurance,Motor Third-Party
POL206070,CUST103068,Motor,24700.0,1049000.0,60,2024-10-30,2029-10-04,Broker,Motor Third-Party
POL206071,CUST100269,Health,10100.0,490000.0,12,2023-06-26,2024-06-20,Broker,Critical Illness
POL206072,CUST104529,Motor,88300.0,4680000.0,12,2021-09-16,2022-09-11,Bancassurance,Motor Own-Damage
POL206073,CUST104975,Motor,17400.0,400000.0,24,2023-01-12,2025-01-01,Bancassurance,Motor Comprehensive
POL206074,CUST103701,Health,4400.0,106000.0,12,2021-08-08,2022-08-03,Broker,Critical Illness
POL206075,CUST103514,Life,24000.0,1319000.0,12,2021-02-13,2022-02-08,Online,Endowment Plan
POL206076,CUST101047,Motor,53000.0,1491000.0,36,2021-10-20,2024-10-04,Bancassurance,Motor Own-Damage
POL206077,CUST100914,Travel,7400.0,323000.0,24,2024-06-15,2026-06-05,Agent,Domestic Travel
POL206078,CUST101192,Motor,8600.0,156000.0,12,2022-11-11,2023-11-06,Bancassurance,Motor Comprehensive
POL206079,CUST100675,Motor,13500.0,608000.0,12,2022-05-16,2023-05-11,Agent,Motor Comprehensive
POL206080,CUST102787,Motor,5000.0,117000.0,12,2022-04-10,2023-04-05,Agent,Motor Comprehensive
POL206081,CUST104786,Marine,7900.0,402000.0,12,2024-09-16,2025-09-11,Agent,Marine Hull
POL206082,CUST103387,Property,23200.0,1123000.0,60,2023-07-25,2028-06-28,Online,Home Shield
POL206083,CUST104406,Motor,15700.0,651000.0,12,2024-11-28,2025-11-23,Bancassurance,Motor Third-Party
POL206084,CUST104894,Life,15700.0,342000.0,60,2022-11-10,2027-10-15,Broker,ULIP
POL206085,CUST103310,Motor,4400.0,119000.0,24,2023-12-25,2025-12-14,Online,Motor Comprehensive
POL206086,CUST100524,Motor,6200.0,105000.0,12,2021-02-02,2022-01-28,Agent,Motor Comprehensive
POL206087,CUST104652,Motor,11700.0,341000.0,24,2023-09-21,2025-09-10,Bancassurance,Motor Third-Party
POL206088,CUST102731,Property,31200.0,1002000.0,12,2023-12-30,2024-12-24,Online,Fire & Allied Perils
POL206089,CUST102736,Health,11300.0,406000.0,12,2024-07-06,2025-07-01,Broker,Critical Illness
POL206090,CUST104936,Health,17800.0,1065000.0,12,2022-05-31,2023-05-26,Direct,Family Floater
POL206091,CUST103419,Motor,10100.0,481000.0,24,2023-03-29,2025-03-18,Bancassurance,Motor Own-Damage
POL206092,CUST100554,Marine,15600.0,510000.0,12,2023-08-28,2024-08-22,Agent,Marine Cargo
POL206093,CUST103824,Travel,39500.0,2096000.0,12,2023-12-08,2024-12-02,Bancassurance,Domestic Travel
POL206094,CUST104862,Motor,19500.0,614000.0,24,2024-05-11,2026-05-01,Agent,Motor Third-Party
POL206095,CUST101187,Life,13300.0,416000.0,12,2022-05-15,2023-05-10,Agent,ULIP
POL206096,CUST102310,Life,22400.0,400000.0,12,2021-06-08,2022-06-03,Agent,Endowment Plan
POL206097,CUST100518,Travel,22000.0,1058000.0,36,2024-11-03,2027-10-19,Online,International Travel
POL206098,CUST103586,Health,20700.0,499000.0,12,2023-05-20,2024-05-14,Online,Family Floater
POL206099,CUST100714,Motor,11500.0,294000.0,24,2021-08-31,2023-08-21,Bancassurance,Motor Comprehensive
POL206100,CUST102126,Health,5500.0,168000.0,24,2024-09-22,2026-09-12,Agent,Individual Health
POL206101,CUST103253,Life,14400.0,749000.0,12,2024-12-08,2025-12-03,Online,Term Life
POL206102,CUST104205,Health,8000.0,430000.0,60,2021-07-16,2026-06-20,Agent,Family Floater
POL206103,CUST101597,Motor,7300.0,290000.0,6,2024-09-02,2025-03-01,Agent,Motor Comprehensive
POL206104,CUST104542,Property,17600.0,997000.0,12,2023-06-05,2024-05-30,Bancassurance,Fire & Allied Perils
POL206105,CUST100121,Property,15300.0,524000.0,12,2021-09-17,2022-09-12,Agent,Property All-Risk
POL206106,CUST100833,Health,22400.0,946000.0,60,2021-11-13,2026-10-18,Bancassurance,Critical Illness
POL206107,CUST100594,Health,20500.0,1165000.0,12,2021-10-14,2022-10-09,Online,Critical Illness
POL206108,CUST103736,Health,22000.0,846000.0,12,2022-09-16,2023-09-11,Broker,Individual Health
POL206109,CUST101809,Health,48900.0,1748000.0,12,2024-03-18,2025-03-13,Broker,Family Floater
POL206110,CUST100103,Motor,11600.0,189000.0,12,2023-12-03,2024-11-27,Online,Motor Comprehensive
POL206111,CUST103940,Health,19900.0,1087000.0,6,2022-10-04,2023-04-02,Agent,Critical Illness
POL206112,CUST101384,Health,17300.0,407000.0,12,2024-05-13,2025-05-08,Bancassurance,Individual Health
POL206113,CUST103411,Travel,4200.0,149000.0,12,2024-11-12,2025-11-07,Bancassurance,International Travel
POL206114,CUST102761,Motor,14200.0,720000.0,12,2024-09-13,2025-09-08,Online,Motor Third-Party
POL206115,CUST100557,Health,4300.0,164000.0,60,2021-12-11,2026-11-15,Agent,Critical Illness
POL206116,CUST103016,Health,7400.0,371000.0,12,2024-03-19,2025-03-14,Agent,Individual Health
POL206117,CUST104305,Property,24600.0,1295000.0,24,2021-09-14,2023-09-04,Broker,Property All-Risk
POL206118,CUST101826,Health,11100.0,594000.0,36,2024-06-22,2027-06-07,Direct,Family Floater
POL206119,CUST104167,Motor,9300.0,173000.0,12,2022-03-12,2023-03-07,Agent,Motor Third-Party
POL206120,CUST101352,Health,30400.0,739000.0,12,2021-05-13,2022-05-08,Online,Critical Illness
POL206121,CUST101414,Motor,18500.0,1035000.0,24,2021-01-04,2022-12-25,Agent,Motor Own-Damage
POL206122,CUST100858,Health,21000.0,563000.0,60,2023-10-21,2028-09-24,Agent,Individual Health
POL206123,CUST101058,Life,17700.0,828000.0,12,2022-01-15,2023-01-10,Agent,ULIP
POL206124,CUST101198,Health,7900.0,307000.0,12,2023-10-15,2024-10-09,Broker,Individual Health
POL206125,CUST103248,Life,6000.0,343000.0,6,2022-05-20,2022-11-16,Bancassurance,ULIP
POL206126,CUST100651,Motor,20900.0,554000.0,24,2021-05-07,2023-04-27,Online,Motor Comprehensive
POL206127,CUST102722,Life,28700.0,1472000.0,12,2022-07-01,2023-06-26,Broker,ULIP
POL206128,CUST101305,Travel,13200.0,441000.0,12,2022-05-06,2023-05-01,Online,International Travel
POL206129,CUST100733,Health,29200.0,754000.0,12,2022-09-20,2023-09-15,Agent,Family Floater
POL206130,CUST104106,Property,13300.0,493000.0,24,2022-05-31,2024-05-20,Online,Home Shield
POL206131,CUST102699,Health,11800.0,464000.0,12,2022-07-19,2023-07-14,Agent,Critical Illness
POL206132,CUST101437,Life,16800.0,335000.0,24,2023-08-03,2025-07-23,Bancassurance,ULIP
POL206133,CUST103192,Health,8900.0,210000.0,12,2022-07-30,2023-07-25,Online,Family Floater
POL206134,CUST104538,Travel,23100.0,1292000.0,24,2023-03-05,2025-02-22,Broker,Domestic Travel
POL206135,CUST101413,Motor,30100.0,1353000.0,36,2021-12-09,2024-11-23,Bancassurance,Motor Comprehensive
POL206136,CUST101226,Motor,7900.0,369000.0,36,2024-09-30,2027-09-15,Online,Motor Comprehensive
POL206137,CUST103413,Motor,11400.0,353000.0,12,2024-11-08,2025-11-03,Online,Motor Third-Party
POL206138,CUST102459,Health,30100.0,1183000.0,12,2021-07-28,2022-07-23,Agent,Critical Illness
POL206139,CUST103368,Life,9900.0,166000.0,60,2024-05-26,2029-04-30,Online,Term Life
POL206140,CUST100837,Life,9700.0,208000.0,24,2023-05-16,2025-05-05,Agent,Endowment Plan
POL206141,CUST104664,Motor,36300.0,2138000.0,36,2024-03-21,2027-03-06,Agent,Motor Comprehensive
POL206142,CUST100085,Life,40500.0,989000.0,36,2021-07-13,2024-06-27,Agent,Term Life
POL206143,CUST101368,Motor,17900.0,664000.0,12,2023-10-09,2024-10-03,Bancassurance,Motor Own-Damage
POL206144,CUST103127,Life,17000.0,967000.0,12,2024-06-08,2025-06-03,Agent,ULIP
POL206145,CUST102601,Motor,41300.0,1834000.0,24,2022-05-31,2024-05-20,Online,Motor Own-Damage
POL206146,CUST101688,Health,31000.0,697000.0,24,2022-07-11,2024-06-30,Agent,Critical Illness
POL206147,CUST104884,Health,42000.0,1479000.0,12,2024-11-27,2025-11-22,Broker,Family Floater
POL206148,CUST101725,Health,10900.0,390000.0,36,2022-02-13,2025-01-28,Agent,Individual Health
POL206149,CUST103392,Life,12700.0,462000.0,12,2024-03-21,2025-03-16,Online,ULIP
POL206150,CUST102038,Travel,3900.0,206000.0,36,2022-02-19,2025-02-03,Broker,International Travel
POL206151,CUST102202,Health,4500.0,180000.0,12,2022-12-08,2023-12-03,Broker,Critical Illness
POL206152,CUST103888,Health,5000.0,247000.0,24,2021-06-23,2023-06-13,Broker,Individual Health
POL206153,CUST101771,Motor,12900.0,406000.0,60,2024-08-02,2029-07-07,Agent,Motor Comprehensive
POL206154,CUST101998,Life,8900.0,412000.0,12,2021-11-01,2022-10-27,Bancassurance,Endowment Plan
POL206155,CUST103909,Health,17700.0,607000.0,12,2023-10-21,2024-10-15,Direct,Critical Illness
POL206156,CUST100432,Property,10400.0,515000.0,12,2022-07-16,2023-07-11,Agent,Property All-Risk
POL206157,CUST102161,Life,34000.0,1635000.0,12,2021-08-22,2022-08-17,Broker,Term Life
POL206158,CUST101393,Health,8400.0,255000.0,24,2021-02-20,2023-02-10,Online,Individual Health
POL206159,CUST102411,Travel,3600.0,112000.0,24,2021-07-16,2023-07-06,Agent,International Travel
POL206160,CUST102880,Motor,6000.0,312000.0,12,2023-01-09,2024-01-04,Agent,Motor Comprehensive
POL206161,CUST102145,Life,31400.0,1315000.0,12,2021-09-29,2022-09-24,Direct,Term Life
POL206162,CUST104967,Health,8500.0,363000.0,12,2021-09-27,2022-09-22,Agent,Family Floater
POL206163,CUST104563,Motor,24000.0,1395000.0,24,2024-10-22,2026-10-12,Online,Motor Comprehensive
POL206164,CUST100715,Motor,17400.0,436000.0,12,2023-03-15,2024-03-09,Agent,Motor Third-Party
POL206165,CUST103216,Life,28800.0,1108000.0,12,2021-04-07,2022-04-02,Online,Term Life
POL206166,CUST101617,Motor,36100.0,859000.0,60,2021-07-19,2026-06-23,Broker,Motor Third-Party
POL206167,CUST103575,Property,18300.0,472000.0,12,2023-02-06,2024-02-01,Broker,Fire & Allied Perils
POL206168,CUST102427,Health,18600.0,789000.0,24,2022-01-11,2024-01-01,Broker,Individual Health
POL206169,CUST104767,Health,2500.0,50000.0,24,2021-11-17,2023-11-07,Broker,Critical Illness
POL206170,CUST104723,Life,16500.0,358000.0,12,2024-03-01,2025-02-24,Online,Term Life
POL206171,CUST100283,Motor,11600.0,301000.0,36,2022-11-12,2025-10-27,Online,Motor Comprehensive
POL206172,CUST100542,Motor,22300.0,844000.0,12,2024-12-22,2025-12-17,Agent,Motor Third-Party
POL206173,CUST100114,Health,24100.0,1402000.0,24,2023-09-09,2025-08-29,Agent,Family Floater
POL206174,CUST103969,Health,6500.0,297000.0,12,2022-05-24,2023-05-19,Agent,Critical Illness
POL206175,CUST101143,Health,14300.0,635000.0,24,2024-03-26,2026-03-16,Online,Individual Health
POL206176,CUST103614,Health,32700.0,1035000.0,36,2022-11-22,2025-11-06,Agent,Family Floater
POL206177,CUST101661,Life,24100.0,458000.0,12,2023-12-21,2024-12-15,Agent,Term Life
POL206178,CUST101532,Property,19700.0,1001000.0,36,2022-10-06,2025-09-20,Bancassurance,Property All-Risk
POL206179,CUST103020,Health,21400.0,358000.0,12,2021-01-01,2021-12-27,Agent,Individual Health
POL206180,CUST103868,Property,2200.0,106000.0,12,2022-06-08,2023-06-03,Broker,Fire & Allied Perils
POL206181,CUST102832,Motor,15900.0,498000.0,36,2021-11-04,2024-10-19,Broker,Motor Comprehensive
POL206182,CUST102874,Health,10200.0,372000.0,12,2022-01-13,2023-01-08,Bancassurance,Critical Illness
POL206183,CUST103682,Health,36000.0,1383000.0,6,2022-07-26,2023-01-22,Broker,Critical Illness
POL206184,CUST100856,Health,48800.0,1271000.0,12,2023-07-28,2024-07-22,Online,Individual Health
POL206185,CUST102960,Motor,10300.0,464000.0,24,2024-04-15,2026-04-05,Bancassurance,Motor Own-Damage
POL206186,CUST101428,Motor,38800.0,1069000.0,12,2021-12-10,2022-12-05,Broker,Motor Third-Party
POL206187,CUST100774,Motor,23200.0,500000.0,12,2023-05-17,2024-05-11,Direct,Motor Own-Damage
POL206188,CUST101641,Motor,2300.0,72000.0,24,2022-10-18,2024-10-07,Online,Motor Own-Damage
POL206189,CUST100961,Health,33200.0,1745000.0,12,2021-03-27,2022-03-22,Online,Individual Health
POL206190,CUST101615,Health,28600.0,965000.0,12,2022-08-01,2023-07-27,Online,Individual Health
POL206191,CUST100117,Motor,15900.0,928000.0,24,2023-11-15,2025-11-04,Bancassurance,Motor Own-Damage
POL206192,CUST103731,Life,23200.0,387000.0,24,2023-12-27,2025-12-16,Online,Term Life
POL206193,CUST101741,Health,24800.0,392000.0,6,2024-01-29,2024-07-27,Bancassurance,Individual Health
POL206194,CUST103301,Motor,35900.0,1986000.0,12,2024-04-08,2025-04-03,Broker,Motor Own-Damage
POL206195,CUST103747,Motor,36300.0,858000.0,12,2023-02-02,2024-01-28,Broker,Motor Comprehensive
POL206196,CUST104099,Health,12200.0,302000.0,36,2021-02-02,2024-01-18,Agent,Individual Health
POL206197,CUST100388,Life,9500.0,477000.0,24,2022-06-23,2024-06-12,Bancassurance,ULIP
POL206198,CUST102553,Property,10200.0,236000.0,24,2023-04-07,2025-03-27,Online,Property All-Risk
POL206199,CUST102083,Motor,9300.0,397000.0,24,2022-01-16,2024-01-06,Agent,Motor Third-Party
POL206200,CUST101752,Health,12600.0,214000.0,12,2021-06-17,2022-06-12,Agent,Family Floater
POL206201,CUST104033,Health,12900.0,702000.0,12,2022-06-25,2023-06-20,Bancassurance,Family Floater
POL206202,CUST100338,Property,8800.0,358000.0,12,2021-05-12,2022-05-07,Online,Property All-Risk
POL206203,CUST101550,Life,14300.0,503000.0,24,2024-03-21,2026-03-11,Agent,Endowment Plan
POL206204,CUST103971,Motor,33000.0,1034000.0,60,2022-05-11,2027-04-15,Broker,Motor Own-Damage
POL206205,CUST101973,Travel,16500.0,480000.0,12,2023-05-21,2024-05-15,Bancassurance,Domestic Travel
POL206206,CUST100373,Health,6500.0,175000.0,36,2021-04-14,2024-03-29,Agent,Individual Health
POL206207,CUST100867,Travel,10600.0,624000.0,12,2022-11-20,2023-11-15,Broker,Domestic Travel
POL206208,CUST101507,Motor,41500.0,1192000.0,12,2024-09-18,2025-09-13,Online,Motor Comprehensive
POL206209,CUST101240,Health,32000.0,822000.0,12,2022-01-03,2022-12-29,Agent,Family Floater
POL206210,CUST103344,Health,8900.0,317000.0,12,2023-10-09,2024-10-03,Broker,Individual Health
POL206211,CUST100856,Motor,36100.0,960000.0,24,2022-06-03,2024-05-23,Broker,Motor Comprehensive
POL206212,CUST103820,Life,25300.0,689000.0,12,2023-08-01,2024-07-26,Broker,Term Life
POL206213,CUST101557,Motor,39400.0,1062000.0,24,2024-12-05,2026-11-25,Online,Motor Own-Damage
POL206214,CUST100342,Motor,4800.0,102000.0,36,2021-09-04,2024-08-19,Online,Motor Third-Party
POL206215,CUST100056,Motor,10900.0,599000.0,12,2021-07-03,2022-06-28,Broker,Motor Third-Party
POL206216,CUST103038,Travel,26200.0,610000.0,12,2024-05-27,2025-05-22,Online,International Travel
POL206217,CUST103674,Travel,20900.0,334000.0,6,2023-01-13,2023-07-12,Agent,Domestic Travel
POL206218,CUST100685,Health,37400.0,1870000.0,24,2022-01-16,2024-01-06,Online,Family Floater
POL206219,CUST101545,Health,29000.0,1024000.0,60,2023-04-23,2028-03-27,Broker,Individual Health
POL206220,CUST103786,Motor,4500.0,139000.0,12,2022-01-20,2023-01-15,Bancassurance,Motor Own-Damage
POL206221,CUST104339,Health,22800.0,889000.0,36,2022-10-16,2025-09-30,Agent,Critical Illness
POL206222,CUST103649,Travel,30100.0,1206000.0,60,2024-07-23,2029-06-27,Direct,International Travel
POL206223,CUST103088,Property,7800.0,252000.0,24,2022-06-05,2024-05-25,Bancassurance,Fire & Allied Perils
POL206224,CUST103740,Life,17700.0,944000.0,24,2023-07-02,2025-06-21,Agent,Endowment Plan
POL206225,CUST101485,Motor,8500.0,450000.0,24,2024-09-07,2026-08-28,Broker,Motor Third-Party
POL206226,CUST100318,Property,20200.0,635000.0,60,2023-09-03,2028-08-07,Online,Fire & Allied Perils
POL206227,CUST102821,Travel,14100.0,352000.0,24,2022-08-06,2024-07-26,Bancassurance,International Travel
POL206228,CUST102797,Travel,16300.0,601000.0,6,2024-11-21,2025-05-20,Bancassurance,International Travel
POL206229,CUST104016,Life,30100.0,663000.0,24,2022-10-12,2024-10-01,Broker,Term Life
POL206230,CUST101204,Motor,12000.0,332000.0,12,2022-08-07,2023-08-02,Agent,Motor Third-Party
POL206231,CUST104445,Travel,13200.0,426000.0,12,2023-07-09,2024-07-03,Bancassurance,Domestic Travel
POL206232,CUST102479,Health,13800.0,445000.0,24,2022-02-05,2024-01-26,Bancassurance,Critical Illness
POL206233,CUST102210,Motor,19000.0,438000.0,12,2022-12-15,2023-12-10,Direct,Motor Comprehensive
POL206234,CUST104947,Motor,12200.0,463000.0,12,2022-01-24,2023-01-19,Broker,Motor Comprehensive
POL206235,CUST102717,Health,9600.0,409000.0,12,2021-03-30,2022-03-25,Online,Critical Illness
POL206236,CUST100452,Property,26500.0,1127000.0,12,2021-10-18,2022-10-13,Online,Home Shield
POL206237,CUST101268,Travel,13100.0,669000.0,60,2023-10-01,2028-09-04,Bancassurance,Domestic Travel
POL206238,CUST102970,Travel,15200.0,281000.0,12,2024-05-06,2025-05-01,Agent,International Travel
POL206239,CUST101151,Health,23800.0,525000.0,36,2021-10-21,2024-10-05,Broker,Critical Illness
POL206240,CUST100824,Travel,11300.0,392000.0,12,2022-02-25,2023-02-20,Direct,Domestic Travel
POL206241,CUST101483,Motor,6400.0,235000.0,12,2021-08-15,2022-08-10,Online,Motor Third-Party
POL206242,CUST102550,Motor,35500.0,861000.0,12,2021-06-19,2022-06-14,Agent,Motor Third-Party
POL206243,CUST100463,Motor,20700.0,589000.0,6,2021-10-10,2022-04-08,Bancassurance,Motor Comprehensive
POL206244,CUST102604,Property,16200.0,359000.0,12,2024-02-06,2025-01-31,Broker,Fire & Allied Perils
POL206245,CUST103636,Marine,17200.0,678000.0,36,2024-01-16,2026-12-31,Broker,Marine Hull
POL206246,CUST102281,Property,39700.0,1448000.0,24,2024-11-07,2026-10-28,Agent,Home Shield
POL206247,CUST103470,Travel,24000.0,1103000.0,12,2021-02-02,2022-01-28,Online,Domestic Travel
POL206248,CUST103198,Health,2000.0,87000.0,12,2024-01-25,2025-01-19,Broker,Family Floater
POL206249,CUST102481,Property,16100.0,438000.0,12,2023-05-05,2024-04-29,Online,Fire & Allied Perils
POL206250,CUST104870,Health,17300.0,851000.0,12,2022-05-01,2023-04-26,Bancassurance,Family Floater
POL206251,CUST103058,Property,16300.0,356000.0,12,2021-09-02,2022-08-28,Bancassurance,Fire & Allied Perils
POL206252,CUST104026,Life,3900.0,169000.0,24,2021-09-10,2023-08-31,Online,Term Life
POL206253,CUST103204,Health,7400.0,317000.0,12,2023-01-13,2024-01-08,Agent,Critical Illness
POL206254,CUST104792,Motor,4700.0,120000.0,12,2024-02-24,2025-02-18,Broker,Motor Comprehensive
POL206255,CUST102155,Motor,43300.0,1030000.0,12,2021-07-13,2022-07-08,Agent,Motor Comprehensive
POL206256,CUST100947,Marine,16500.0,327000.0,24,2023-08-27,2025-08-16,Broker,Marine Cargo
POL206257,CUST100907,Life,18200.0,781000.0,12,2021-08-20,2022-08-15,Direct,ULIP
POL206258,CUST104966,Health,14400.0,452000.0,12,2021-10-15,2022-10-10,Agent,Critical Illness
POL206259,CUST103992,Travel,5400.0,324000.0,12,2021-02-09,2022-02-04,Direct,Domestic Travel
POL206260,CUST101525,Health,8800.0,383000.0,36,2024-10-15,2027-09-30,Agent,Family Floater
POL206261,CUST102237,Health,9600.0,148000.0,24,2022-03-22,2024-03-11,Bancassurance,Critical Illness
POL206262,CUST100170,Property,43500.0,1384000.0,12,2023-05-15,2024-05-09,Agent,Home Shield
POL206263,CUST104765,Health,14700.0,230000.0,12,2021-08-08,2022-08-03,Agent,Family Floater
POL206264,CUST102181,Health,11100.0,479000.0,24,2023-05-14,2025-05-03,Agent,Critical Illness
POL206265,CUST101923,Life,29200.0,1644000.0,12,2023-10-19,2024-10-13,Agent,Endowment Plan
POL206266,CUST101230,Health,13200.0,640000.0,12,2022-08-02,2023-07-28,Broker,Critical Illness
POL206267,CUST100411,Health,6500.0,175000.0,36,2023-04-24,2026-04-08,Direct,Individual Health
POL206268,CUST103810,Motor,8700.0,200000.0,24,2021-10-27,2023-10-17,Agent,Motor Comprehensive
POL206269,CUST101114,Property,29000.0,1580000.0,12,2022-10-06,2023-10-01,Online,Home Shield
POL206270,CUST100434,Health,11600.0,236000.0,12,2023-05-03,2024-04-27,Agent,Critical Illness
POL206271,CUST104892,Property,19200.0,901000.0,12,2021-05-09,2022-05-04,Broker,Fire & Allied Perils
POL206272,CUST102740,Life,14600.0,380000.0,12,2022-09-06,2023-09-01,Online,ULIP
POL206273,CUST100385,Motor,24900.0,711000.0,12,2022-07-13,2023-07-08,Online,Motor Own-Damage
POL206274,CUST101446,Health,13400.0,229000.0,12,2021-08-27,2022-08-22,Agent,Critical Illness
POL206275,CUST102768,Health,9700.0,220000.0,24,2021-05-14,2023-05-04,Bancassurance,Family Floater
POL206276,CUST101033,Life,8500.0,143000.0,12,2021-01-29,2022-01-24,Bancassurance,Endowment Plan
POL206277,CUST104950,Health,26300.0,1011000.0,12,2022-06-13,2023-06-08,Broker,Individual Health
POL206278,CUST104378,Life,11100.0,391000.0,24,2024-07-15,2026-07-05,Online,Endowment Plan
POL206279,CUST104428,Life,18500.0,721000.0,36,2023-11-17,2026-11-01,Agent,ULIP
POL206280,CUST102577,Motor,31800.0,571000.0,12,2024-09-22,2025-09-17,Agent,Motor Own-Damage
POL206281,CUST104941,Marine,16300.0,836000.0,12,2023-01-18,2024-01-13,Broker,Marine Hull
POL206282,CUST101627,Health,20400.0,420000.0,60,2021-05-27,2026-05-01,Agent,Individual Health
POL206283,CUST102776,Life,11300.0,593000.0,12,2022-12-24,2023-12-19,Bancassurance,ULIP
POL206284,CUST103730,Motor,13300.0,392000.0,12,2022-03-05,2023-02-28,Online,Motor Own-Damage
POL206285,CUST102526,Motor,32200.0,1126000.0,36,2023-06-22,2026-06-06,Online,Motor Comprehensive
POL206286,CUST104265,Life,24700.0,1096000.0,12,2023-11-26,2024-11-20,Agent,Term Life
POL206287,CUST100519,Health,14300.0,604000.0,12,2024-10-12,2025-10-07,Online,Individual Health
POL206288,CUST102210,Property,16500.0,668000.0,12,2023-08-02,2024-07-27,Agent,Property All-Risk
POL206289,CUST104149,Life,13900.0,459000.0,24,2023-05-27,2025-05-16,Online,Term Life
POL206290,CUST100910,Life,23100.0,845000.0,60,2022-08-04,2027-07-09,Agent,ULIP
POL206291,CUST101925,Health,10900.0,196000.0,12,2021-10-14,2022-10-09,Bancassurance,Critical Illness
POL206292,CUST104971,Marine,23000.0,513000.0,36,2022-04-17,2025-04-01,Online,Marine Cargo
POL206293,CUST103067,Travel,38800.0,1861000.0,6,2023-04-22,2023-10-19,Agent,Domestic Travel
POL206294,CUST101794,Motor,17500.0,792000.0,24,2024-12-12,2026-12-02,Broker,Motor Comprehensive
POL206295,CUST101815,Health,6900.0,208000.0,60,2023-05-30,2028-05-03,Bancassurance,Critical Illness
POL206296,CUST101027,Marine,15000.0,760000.0,36,2021-06-11,2024-05-26,Direct,Marine Hull
POL206297,CUST103673,Motor,37000.0,1897000.0,12,2021-06-17,2022-06-12,Online,Motor Own-Damage
POL206298,CUST100516,Motor,16400.0,635000.0,24,2024-04-14,2026-04-04,Agent,Motor Own-Damage
POL206299,CUST101040,Travel,8000.0,473000.0,12,2024-05-12,2025-05-07,Online,International Travel
POL206300,CUST100619,Health,14600.0,394000.0,12,2022-07-17,2023-07-12,Online,Critical Illness
POL206301,CUST103769,Travel,33700.0,952000.0,12,2022-03-14,2023-03-09,Agent,International Travel
POL206302,CUST104715,Health,10900.0,168000.0,12,2021-01-19,2022-01-14,Agent,Critical Illness
POL206303,CUST100435,Health,34000.0,739000.0,12,2024-03-19,2025-03-14,Broker,Individual Health
POL206304,CUST104733,Health,13900.0,720000.0,24,2024-03-11,2026-03-01,Bancassurance,Family Floater
POL206305,CUST104581,Health,53900.0,2335000.0,12,2023-08-07,2024-08-01,Online,Individual Health
POL206306,CUST102539,Marine,11600.0,273000.0,6,2024-11-25,2025-05-24,Bancassurance,Marine Hull
POL206307,CUST100185,Life,9200.0,418000.0,12,2021-10-05,2022-09-30,Broker,ULIP
POL206308,CUST103460,Travel,2400.0,54000.0,12,2024-04-26,2025-04-21,Agent,International Travel
POL206309,CUST102623,Health,15300.0,510000.0,12,2024-11-16,2025-11-11,Agent,Family Floater
POL206310,CUST104163,Travel,13700.0,821000.0,12,2023-06-27,2024-06-21,Bancassurance,Domestic Travel
POL206311,CUST101474,Life,36800.0,1076000.0,60,2023-08-18,2028-07-22,Bancassurance,ULIP
POL206312,CUST102787,Motor,26700.0,1217000.0,12,2023-12-24,2024-12-18,Online,Motor Comprehensive
POL206313,CUST104459,Health,33100.0,506000.0,12,2022-05-29,2023-05-24,Agent,Family Floater
POL206314,CUST103334,Motor,29000.0,826000.0,24,2022-02-13,2024-02-03,Online,Motor Third-Party
POL206315,CUST103231,Motor,15700.0,451000.0,12,2023-08-16,2024-08-10,Online,Motor Third-Party
POL206316,CUST104834,Marine,102000.0,5376000.0,6,2022-02-10,2022-08-09,Bancassurance,Marine Hull
POL206317,CUST102447,Travel,14800.0,336000.0,12,2024-01-22,2025-01-16,Bancassurance,Domestic Travel
POL206318,CUST100862,Motor,20400.0,602000.0,24,2024-06-08,2026-05-29,Online,Motor Third-Party
POL206319,CUST104880,Motor,43600.0,974000.0,12,2023-01-24,2024-01-19,Direct,Motor Third-Party
POL206320,CUST100693,Motor,27300.0,995000.0,24,2023-05-13,2025-05-02,Bancassurance,Motor Third-Party
POL206321,CUST102755,Property,17500.0,477000.0,12,2021-05-16,2022-05-11,Agent,Home Shield
POL206322,CUST103765,Life,22500.0,518000.0,24,2022-10-15,2024-10-04,Bancassurance,ULIP
POL206323,CUST103935,Health,10800.0,372000.0,12,2024-12-23,2025-12-18,Agent,Individual Health
POL206324,CUST103516,Life,12800.0,464000.0,24,2023-07-11,2025-06-30,Agent,Term Life
POL206325,CUST102126,Travel,20400.0,590000.0,6,2021-04-24,2021-10-21,Direct,International Travel
POL206326,CUST100929,Motor,8100.0,474000.0,60,2022-07-12,2027-06-16,Bancassurance,Motor Comprehensive
POL206327,CUST100191,Motor,10200.0,220000.0,12,2023-10-23,2024-10-17,Bancassurance,Motor Own-Damage
POL206328,CUST101512,Life,4100.0,193000.0,24,2024-08-08,2026-07-29,Agent,Endowment Plan
POL206329,CUST104860,Travel,16100.0,624000.0,24,2023-12-04,2025-11-23,Online,International Travel
POL206330,CUST103426,Life,17500.0,565000.0,6,2022-03-03,2022-08-30,Bancassurance,Endowment Plan
POL206331,CUST102034,Marine,29700.0,1346000.0,12,2021-12-31,2022-12-26,Agent,Marine Hull
POL206332,CUST102471,Marine,9100.0,199000.0,12,2021-08-23,2022-08-18,Agent,Marine Hull
POL206333,CUST101670,Motor,12800.0,728000.0,12,2023-10-22,2024-10-16,Online,Motor Comprehensive
POL206334,CUST104467,Life,25400.0,1333000.0,12,2021-09-21,2022-09-16,Broker,Endowment Plan
POL206335,CUST102267,Property,28100.0,1362000.0,36,2023-08-11,2026-07-26,Agent,Fire & Allied Perils
POL206336,CUST104185,Motor,27300.0,1587000.0,12,2024-09-11,2025-09-06,Agent,Motor Own-Damage
POL206337,CUST100255,Life,9700.0,556000.0,12,2023-09-01,2024-08-26,Broker,Term Life
POL206338,CUST102435,Motor,4900.0,118000.0,24,2022-03-26,2024-03-15,Online,Motor Own-Damage
POL206339,CUST103014,Property,17300.0,950000.0,12,2021-12-01,2022-11-26,Broker,Home Shield
POL206340,CUST103334,Motor,15700.0,795000.0,12,2024-11-27,2025-11-22,Agent,Motor Third-Party
POL206341,CUST100118,Health,18000.0,621000.0,36,2021-07-09,2024-06-23,Online,Family Floater
POL206342,CUST103217,Life,19900.0,774000.0,24,2021-03-01,2023-02-19,Agent,Endowment Plan
POL206343,CUST104196,Health,21900.0,882000.0,12,2023-01-14,2024-01-09,Agent,Family Floater
POL206344,CUST100460,Motor,22000.0,843000.0,12,2021-03-14,2022-03-09,Bancassurance,Motor Own-Damage
POL206345,CUST101653,Motor,13000.0,443000.0,12,2024-04-07,2025-04-02,Bancassurance,Motor Comprehensive
POL206346,CUST102127,Marine,14300.0,615000.0,12,2024-04-12,2025-04-07,Online,Marine Cargo
POL206347,CUST101271,Travel,11700.0,609000.0,12,2021-07-17,2022-07-12,Bancassurance,Domestic Travel
POL206348,CUST102199,Life,25800.0,1494000.0,12,2022-08-14,2023-08-09,Online,ULIP
POL206349,CUST104465,Motor,8000.0,360000.0,12,2024-09-25,2025-09-20,Agent,Motor Own-Damage
POL206350,CUST104486,Life,41900.0,2413000.0,12,2023-10-25,2024-10-19,Agent,Endowment Plan
POL206351,CUST103006,Life,16000.0,933000.0,12,2021-06-30,2022-06-25,Online,ULIP
POL206352,CUST104426,Health,15900.0,704000.0,12,2023-05-16,2024-05-10,Broker,Individual Health
POL206353,CUST104075,Motor,14100.0,391000.0,12,2023-03-02,2024-02-25,Broker,Motor Own-Damage
POL206354,CUST100288,Motor,26300.0,1008000.0,12,2023-10-01,2024-09-25,Bancassurance,Motor Own-Damage
POL206355,CUST101934,Motor,16900.0,941000.0,36,2024-07-20,2027-07-05,Bancassurance,Motor Own-Damage
POL206356,CUST104225,Life,12100.0,251000.0,36,2023-02-07,2026-01-22,Agent,Term Life
POL206357,CUST102212,Health,25600.0,1239000.0,12,2024-10-18,2025-10-13,Bancassurance,Critical Illness
POL206358,CUST103058,Health,10800.0,622000.0,12,2023-10-24,2024-10-18,Agent,Family Floater
POL206359,CUST102060,Health,26600.0,1258000.0,12,2021-03-22,2022-03-17,Online,Family Floater
POL206360,CUST100081,Life,5900.0,340000.0,12,2023-04-13,2024-04-07,Online,Term Life
POL206361,CUST102824,Life,33300.0,1582000.0,12,2022-08-08,2023-08-03,Broker,ULIP
POL206362,CUST101908,Health,10500.0,624000.0,12,2022-08-12,2023-08-07,Online,Critical Illness
POL206363,CUST103869,Motor,7200.0,419000.0,36,2023-10-19,2026-10-03,Agent,Motor Third-Party
POL206364,CUST104440,Motor,13600.0,588000.0,12,2023-10-16,2024-10-10,Broker,Motor Third-Party
POL206365,CUST100522,Health,12400.0,521000.0,12,2022-08-16,2023-08-11,Bancassurance,Individual Health
POL206366,CUST101791,Health,20000.0,1107000.0,12,2021-06-27,2022-06-22,Online,Critical Illness
POL206367,CUST101963,Health,6900.0,343000.0,12,2021-05-20,2022-05-15,Agent,Family Floater
POL206368,CUST103382,Health,19600.0,821000.0,12,2022-01-27,2023-01-22,Bancassurance,Family Floater
POL206369,CUST101981,Motor,13500.0,636000.0,60,2023-12-29,2028-12-02,Online,Motor Comprehensive
POL206370,CUST102828,Motor,16800.0,305000.0,12,2021-10-01,2022-09-26,Online,Motor Third-Party
POL206371,CUST104541,Life,8000.0,464000.0,6,2024-06-07,2024-12-04,Agent,ULIP
POL206372,CUST102949,Health,16200.0,553000.0,12,2024-05-11,2025-05-06,Online,Individual Health
POL206373,CUST100492,Life,10600.0,202000.0,24,2023-01-22,2025-01-11,Agent,Term Life
POL206374,CUST102404,Motor,5200.0,167000.0,60,2023-06-28,2028-06-01,Online,Motor Comprehensive
POL206375,CUST104432,Property,23000.0,877000.0,24,2023-12-04,2025-11-23,Broker,Home Shield
POL206376,CUST102411,Health,9400.0,563000.0,24,2021-01-03,2022-12-24,Bancassurance,Individual Health
POL206377,CUST104914,Life,19700.0,827000.0,24,2022-11-26,2024-11-15,Bancassurance,Endowment Plan
POL206378,CUST104513,Health,9500.0,162000.0,60,2024-04-19,2029-03-24,Bancassurance,Family Floater
POL206379,CUST101319,Health,15900.0,290000.0,12,2024-10-09,2025-10-04,Agent,Family Floater
POL206380,CUST102069,Property,50500.0,1684000.0,24,2022-02-07,2024-01-28,Bancassurance,Home Shield
POL206381,CUST100925,Motor,29100.0,1568000.0,60,2022-12-25,2027-11-29,Broker,Motor Own-Damage
POL206382,CUST100957,Motor,39400.0,1230000.0,12,2021-01-16,2022-01-11,Broker,Motor Third-Party
POL206383,CUST101838,Motor,30100.0,1785000.0,12,2021-07-18,2022-07-13,Agent,Motor Own-Damage
POL206384,CUST102098,Travel,15600.0,244000.0,36,2021-04-28,2024-04-12,Online,International Travel
POL206385,CUST101752,Marine,26300.0,1042000.0,12,2022-05-20,2023-05-15,Bancassurance,Marine Cargo
POL206386,CUST103664,Life,14400.0,849000.0,24,2023-03-20,2025-03-09,Broker,Term Life
POL206387,CUST100759,Health,6800.0,250000.0,12,2022-04-11,2023-04-06,Bancassurance,Critical Illness
POL206388,CUST102376,Motor,18400.0,696000.0,60,2021-09-24,2026-08-29,Agent,Motor Third-Party
POL206389,CUST104443,Property,5500.0,162000.0,24,2024-06-24,2026-06-14,Agent,Fire & Allied Perils
POL206390,CUST103660,Motor,14100.0,719000.0,24,2023-07-08,2025-06-27,Online,Motor Third-Party
POL206391,CUST101022,Motor,31600.0,1797000.0,24,2024-03-01,2026-02-19,Online,Motor Comprehensive
POL206392,CUST101198,Property,28200.0,965000.0,24,2024-06-03,2026-05-24,Broker,Property All-Risk
POL206393,CUST104630,Motor,14200.0,796000.0,36,2024-06-21,2027-06-06,Agent,Motor Comprehensive
POL206394,CUST102913,Property,39300.0,836000.0,12,2022-08-21,2023-08-16,Direct,Fire & Allied Perils
POL206395,CUST104398,Property,21300.0,966000.0,24,2023-10-21,2025-10-10,Agent,Home Shield
POL206396,CUST104321,Property,23800.0,686000.0,60,2024-06-25,2029-05-30,Online,Property All-Risk
POL206397,CUST102207,Life,12400.0,245000.0,12,2024-01-20,2025-01-14,Online,Term Life
POL206398,CUST102646,Health,25900.0,1108000.0,6,2021-11-09,2022-05-08,Agent,Individual Health
POL206399,CUST101841,Life,14800.0,584000.0,6,2024-09-05,2025-03-04,Online,Term Life
POL206400,CUST103184,Property,8600.0,349000.0,24,2023-07-25,2025-07-14,Agent,Property All-Risk
POL206401,CUST103248,Life,21400.0,1031000.0,6,2021-07-25,2022-01-21,Broker,Term Life
POL206402,CUST103394,Property,16300.0,593000.0,24,2024-07-26,2026-07-16,Bancassurance,Home Shield
POL206403,CUST104304,Travel,15600.0,501000.0,36,2024-03-06,2027-02-19,Agent,Domestic Travel
POL206404,CUST103698,Life,22500.0,1088000.0,12,2023-03-14,2024-03-08,Online,Endowment Plan
POL206405,CUST100508,Marine,5700.0,271000.0,12,2022-06-03,2023-05-29,Direct,Marine Cargo
POL206406,CUST101751,Motor,11000.0,426000.0,36,2024-02-13,2027-01-28,Broker,Motor Third-Party
POL206407,CUST102849,Travel,19900.0,854000.0,12,2023-05-04,2024-04-28,Online,Domestic Travel
POL206408,CUST103134,Marine,8000.0,303000.0,12,2023-06-03,2024-05-28,Broker,Marine Hull
POL206409,CUST104321,Motor,9900.0,427000.0,12,2021-03-27,2022-03-22,Online,Motor Third-Party
POL206410,CUST102080,Life,25800.0,851000.0,24,2021-08-22,2023-08-12,Agent,ULIP
POL206411,CUST104108,Health,6900.0,356000.0,12,2022-04-24,2023-04-19,Bancassurance,Individual Health
POL206412,CUST101954,Property,29100.0,1362000.0,12,2024-09-03,2025-08-29,Agent,Property All-Risk
POL206413,CUST100730,Motor,22800.0,1074000.0,6,2023-10-05,2024-04-02,Bancassurance,Motor Comprehensive
POL206414,CUST102376,Health,24100.0,1425000.0,12,2021-10-26,2022-10-21,Agent,Family Floater
POL206415,CUST100745,Health,7500.0,283000.0,24,2024-07-10,2026-06-30,Online,Individual Health
POL206416,CUST102039,Health,29700.0,1716000.0,12,2024-02-21,2025-02-15,Agent,Individual Health
POL206417,CUST101211,Travel,18100.0,594000.0,60,2021-04-26,2026-03-31,Agent,International Travel
POL206418,CUST100129,Health,39700.0,2221000.0,6,2021-05-17,2021-11-13,Direct,Critical Illness
POL206419,CUST103317,Health,23100.0,935000.0,12,2022-07-03,2023-06-28,Broker,Individual Health
POL206420,CUST103709,Property,15500.0,630000.0,6,2022-12-16,2023-06-14,Bancassurance,Home Shield
POL206421,CUST100659,Motor,6000.0,326000.0,12,2024-01-23,2025-01-17,Agent,Motor Own-Damage
POL206422,CUST102921,Motor,20400.0,1182000.0,12,2023-05-01,2024-04-25,Agent,Motor Comprehensive
POL206423,CUST102510,Motor,27600.0,662000.0,12,2022-05-14,2023-05-09,Agent,Motor Own-Damage
POL206424,CUST100687,Travel,25600.0,534000.0,36,2023-09-13,2026-08-28,Online,International Travel
POL206425,CUST103041,Marine,8300.0,415000.0,12,2023-08-30,2024-08-24,Bancassurance,Marine Hull
POL206426,CUST101306,Life,38800.0,1207000.0,12,2023-10-22,2024-10-16,Online,Term Life
POL206427,CUST104110,Health,11300.0,240000.0,12,2023-06-12,2024-06-06,Broker,Individual Health
POL206428,CUST103055,Health,28800.0,731000.0,12,2021-03-22,2022-03-17,Bancassurance,Family Floater
POL206429,CUST100557,Health,9200.0,282000.0,12,2024-09-14,2025-09-09,Agent,Individual Health
POL206430,CUST102590,Health,2600.0,129000.0,12,2022-04-17,2023-04-12,Direct,Critical Illness
POL206431,CUST100583,Motor,9200.0,169000.0,12,2024-04-02,2025-03-28,Bancassurance,Motor Comprehensive
POL206432,CUST103617,Motor,9500.0,359000.0,12,2023-09-03,2024-08-28,Agent,Motor Own-Damage
POL206433,CUST101487,Marine,9700.0,153000.0,60,2023-07-01,2028-06-04,Broker,Marine Cargo
POL206434,CUST102446,Life,6700.0,311000.0,12,2022-07-02,2023-06-27,Agent,Endowment Plan
POL206435,CUST103480,Motor,8300.0,484000.0,24,2024-02-05,2026-01-25,Online,Motor Third-Party
POL206436,CUST104223,Travel,3100.0,96000.0,12,2022-10-14,2023-10-09,Agent,International Travel
POL206437,CUST102561,Health,4300.0,243000.0,12,2022-01-08,2023-01-03,Broker,Individual Health
POL206438,CUST100387,Life,44100.0,2417000.0,6,2021-05-24,2021-11-20,Online,ULIP
POL206439,CUST101293,Motor,19400.0,595000.0,6,2021-05-29,2021-11-25,Agent,Motor Own-Damage
POL206440,CUST103065,Travel,15900.0,388000.0,12,2023-05-27,2024-05-21,Bancassurance,International Travel
POL206441,CUST100209,Motor,19200.0,573000.0,24,2022-09-25,2024-09-14,Bancassurance,Motor Own-Damage
POL206442,CUST101857,Travel,12200.0,686000.0,60,2022-04-24,2027-03-29,Broker,International Travel
POL206443,CUST101617,Life,15300.0,523000.0,12,2023-01-01,2023-12-27,Bancassurance,Endowment Plan
POL206444,CUST101534,Motor,12900.0,483000.0,24,2021-06-15,2023-06-05,Online,Motor Own-Damage
POL206445,CUST104768,Motor,21600.0,466000.0,12,2024-07-19,2025-07-14,Agent,Motor Third-Party
POL206446,CUST104718,Property,26800.0,677000.0,36,2023-01-07,2025-12-22,Agent,Property All-Risk
POL206447,CUST104486,Motor,10000.0,567000.0,12,2024-09-07,2025-09-02,Agent,Motor Third-Party
POL206448,CUST104319,Motor,8100.0,455000.0,12,2022-08-10,2023-08-05,Agent,Motor Third-Party
POL206449,CUST104467,Life,11400.0,323000.0,24,2022-03-10,2024-02-28,Agent,Endowment Plan
POL206450,CUST100918,Motor,10300.0,479000.0,36,2023-07-09,2026-06-23,Agent,Motor Comprehensive
POL206451,CUST101967,Health,21800.0,1001000.0,24,2021-02-21,2023-02-11,Online,Critical Illness
POL206452,CUST100287,Health,16000.0,544000.0,24,2021-12-01,2023-11-21,Online,Individual Health
POL206453,CUST103985,Motor,8700.0,410000.0,12,2023-01-10,2024-01-05,Agent,Motor Own-Damage
POL206454,CUST104336,Health,45300.0,2504000.0,12,2021-08-10,2022-08-05,Agent,Family Floater
POL206455,CUST100144,Motor,4200.0,209000.0,12,2024-12-14,2025-12-09,Agent,Motor Own-Damage
POL206456,CUST100846,Travel,24000.0,955000.0,60,2022-05-15,2027-04-19,Bancassurance,Domestic Travel
POL206457,CUST100844,Motor,10100.0,440000.0,12,2023-11-21,2024-11-15,Bancassurance,Motor Third-Party
POL206458,CUST104641,Life,12700.0,669000.0,12,2024-09-03,2025-08-29,Online,Endowment Plan
POL206459,CUST103951,Life,20200.0,985000.0,24,2021-04-04,2023-03-25,Online,Term Life
POL206460,CUST101386,Property,2100.0,120000.0,12,2021-11-09,2022-11-04,Agent,Home Shield
POL206461,CUST100228,Health,20400.0,1077000.0,36,2021-04-18,2024-04-02,Bancassurance,Family Floater
POL206462,CUST102058,Motor,26100.0,459000.0,24,2022-03-08,2024-02-26,Broker,Motor Comprehensive
POL206463,CUST102922,Health,30300.0,1432000.0,12,2023-04-21,2024-04-15,Online,Critical Illness
POL206464,CUST100224,Life,9500.0,200000.0,24,2024-02-20,2026-02-09,Agent,ULIP
POL206465,CUST102344,Life,24000.0,1260000.0,24,2022-09-11,2024-08-31,Bancassurance,ULIP
POL206466,CUST102687,Motor,27900.0,544000.0,12,2024-01-15,2025-01-09,Direct,Motor Comprehensive
POL206467,CUST104905,Life,27300.0,763000.0,60,2024-04-22,2029-03-27,Online,Endowment Plan
POL206468,CUST100943,Motor,17800.0,519000.0,12,2022-07-31,2023-07-26,Agent,Motor Third-Party
POL206469,CUST100917,Health,31000.0,1766000.0,12,2022-05-07,2023-05-02,Broker,Individual Health
POL206470,CUST102155,Health,49300.0,2932000.0,24,2024-03-30,2026-03-20,Agent,Individual Health
POL206471,CUST101597,Motor,15600.0,612000.0,12,2021-12-14,2022-12-09,Bancassurance,Motor Comprehensive
POL206472,CUST104597,Travel,10000.0,385000.0,12,2023-12-28,2024-12-22,Direct,International Travel
POL206473,CUST103935,Life,18400.0,723000.0,12,2023-08-17,2024-08-11,Agent,Term Life
POL206474,CUST101262,Motor,12200.0,534000.0,36,2022-02-20,2025-02-04,Bancassurance,Motor Comprehensive
POL206475,CUST101674,Motor,11200.0,203000.0,36,2021-10-15,2024-09-29,Direct,Motor Own-Damage
POL206476,CUST103174,Property,40300.0,1142000.0,24,2023-06-26,2025-06-15,Broker,Home Shield
POL206477,CUST104357,Property,13200.0,561000.0,12,2023-10-01,2024-09-25,Agent,Property All-Risk
POL206478,CUST101009,Motor,12900.0,330000.0,12,2022-01-17,2023-01-12,Online,Motor Third-Party
POL206479,CUST101480,Motor,11400.0,484000.0,60,2023-07-25,2028-06-28,Agent,Motor Own-Damage
POL206480,CUST103049,Life,19800.0,1100000.0,12,2023-01-31,2024-01-26,Online,Endowment Plan
POL206481,CUST104299,Health,22800.0,1130000.0,12,2021-01-10,2022-01-05,Online,Critical Illness
POL206482,CUST101445,Health,33500.0,1307000.0,12,2022-10-10,2023-10-05,Bancassurance,Critical Illness
POL206483,CUST102337,Health,8000.0,220000.0,12,2022-01-05,2022-12-31,Direct,Critical Illness
POL206484,CUST103407,Health,33000.0,1106000.0,12,2022-11-27,2023-11-22,Bancassurance,Family Floater
POL206485,CUST102126,Motor,9100.0,172000.0,12,2021-06-30,2022-06-25,Agent,Motor Own-Damage
POL206486,CUST103853,Health,7900.0,170000.0,12,2024-10-25,2025-10-20,Agent,Family Floater
POL206487,CUST102575,Motor,14500.0,869000.0,12,2021-04-22,2022-04-17,Online,Motor Own-Damage
POL206488,CUST104403,Motor,8500.0,478000.0,12,2024-03-03,2025-02-26,Bancassurance,Motor Comprehensive
POL206489,CUST103036,Travel,19900.0,852000.0,12,2021-12-12,2022-12-07,Online,Domestic Travel
POL206490,CUST104592,Motor,11100.0,481000.0,36,2023-06-23,2026-06-07,Online,Motor Own-Damage
POL206491,CUST104298,Motor,26300.0,727000.0,24,2021-07-04,2023-06-24,Bancassurance,Motor Comprehensive
POL206492,CUST101206,Marine,21700.0,708000.0,12,2021-03-17,2022-03-12,Bancassurance,Marine Cargo
POL206493,CUST104486,Travel,23000.0,557000.0,12,2024-09-17,2025-09-12,Bancassurance,Domestic Travel
POL206494,CUST100644,Property,18900.0,1092000.0,36,2021-07-06,2024-06-20,Bancassurance,Home Shield
POL206495,CUST101413,Motor,18400.0,951000.0,12,2023-04-28,2024-04-22,Agent,Motor Own-Damage
POL206496,CUST100242,Life,10500.0,296000.0,12,2023-07-24,2024-07-18,Agent,Endowment Plan
POL206497,CUST100521,Life,11400.0,357000.0,12,2021-11-18,2022-11-13,Broker,Endowment Plan
POL206498,CUST103601,Property,11700.0,181000.0,12,2024-09-03,2025-08-29,Broker,Home Shield
POL206499,CUST100555,Motor,25200.0,682000.0,12,2024-03-18,2025-03-13,Online,Motor Comprehensive
POL206500,CUST100934,Health,19700.0,531000.0,6,2021-03-12,2021-09-08,Bancassurance,Family Floater
POL206501,CUST102041,Motor,11600.0,254000.0,12,2021-02-11,2022-02-06,Bancassurance,Motor Comprehensive
POL206502,CUST104000,Life,16300.0,916000.0,60,2024-12-16,2029-11-20,Agent,Term Life
POL206503,CUST104054,Health,32400.0,520000.0,36,2021-06-11,2024-05-26,Direct,Individual Health
POL206504,CUST104824,Health,2000.0,80000.0,24,2022-11-19,2024-11-08,Agent,Critical Illness
POL206505,CUST100275,Life,15100.0,510000.0,36,2024-01-26,2027-01-10,Online,Term Life
POL206506,CUST100739,Property,16600.0,548000.0,24,2022-07-11,2024-06-30,Bancassurance,Fire & Allied Perils
POL206507,CUST101994,Marine,11100.0,242000.0,12,2024-10-28,2025-10-23,Agent,Marine Hull
POL206508,CUST101416,Life,6000.0,304000.0,24,2023-09-23,2025-09-12,Online,Endowment Plan
POL206509,CUST100485,Motor,10600.0,314000.0,60,2024-01-05,2028-12-09,Agent,Motor Comprehensive
POL206510,CUST102620,Marine,9400.0,430000.0,24,2024-12-15,2026-12-05,Online,Marine Cargo
POL206511,CUST102343,Motor,16800.0,491000.0,24,2021-07-06,2023-06-26,Broker,Motor Comprehensive
POL206512,CUST102152,Motor,9900.0,553000.0,24,2021-10-25,2023-10-15,Bancassurance,Motor Own-Damage
POL206513,CUST100112,Health,16300.0,411000.0,6,2021-05-31,2021-11-27,Broker,Critical Illness
POL206514,CUST102129,Life,36900.0,1935000.0,6,2024-11-06,2025-05-05,Bancassurance,Term Life
POL206515,CUST102290,Motor,8100.0,393000.0,24,2023-03-15,2025-03-04,Bancassurance,Motor Comprehensive
POL206516,CUST101085,Motor,27600.0,1495000.0,12,2021-07-01,2022-06-26,Broker,Motor Comprehensive
POL206517,CUST103974,Motor,14300.0,849000.0,12,2022-03-05,2023-02-28,Online,Motor Own-Damage
POL206518,CUST104446,Life,3100.0,127000.0,12,2024-03-29,2025-03-24,Online,ULIP
POL206519,CUST104644,Life,26500.0,1268000.0,12,2023-02-08,2024-02-03,Agent,Endowment Plan
POL206520,CUST103407,Health,26100.0,1062000.0,12,2023-10-25,2024-10-19,Agent,Individual Health
POL206521,CUST103380,Health,8000.0,442000.0,12,2022-12-16,2023-12-11,Online,Individual Health
POL206522,CUST100769,Property,20000.0,855000.0,12,2022-12-13,2023-12-08,Bancassurance,Property All-Risk
POL206523,CUST101970,Health,13900.0,738000.0,60,2024-07-13,2029-06-17,Agent,Critical Illness
POL206524,CUST100022,Health,17800.0,479000.0,36,2023-03-10,2026-02-22,Agent,Critical Illness
POL206525,CUST102796,Health,10400.0,177000.0,12,2023-12-23,2024-12-17,Agent,Individual Health
POL206526,CUST103813,Life,8600.0,167000.0,12,2024-11-27,2025-11-22,Bancassurance,ULIP
POL206527,CUST103345,Property,7400.0,328000.0,12,2022-10-29,2023-10-24,Online,Fire & Allied Perils
POL206528,CUST100079,Motor,30600.0,1609000.0,12,2024-01-23,2025-01-17,Online,Motor Third-Party
POL206529,CUST102781,Property,8100.0,210000.0,12,2024-07-26,2025-07-21,Agent,Home Shield
POL206530,CUST104402,Health,19800.0,823000.0,12,2024-12-15,2025-12-10,Online,Family Floater
POL206531,CUST100510,Marine,8300.0,321000.0,24,2022-08-29,2024-08-18,Direct,Marine Hull
POL206532,CUST102647,Health,49800.0,2224000.0,12,2021-06-15,2022-06-10,Broker,Critical Illness
POL206533,CUST101251,Health,8100.0,206000.0,12,2024-08-09,2025-08-04,Bancassurance,Critical Illness
POL206534,CUST104650,Motor,8000.0,200000.0,24,2022-08-03,2024-07-23,Online,Motor Third-Party
POL206535,CUST102753,Health,33200.0,1663000.0,6,2021-04-19,2021-10-16,Agent,Critical Illness
POL206536,CUST103859,Health,13200.0,227000.0,36,2021-12-30,2024-12-14,Online,Family Floater
POL206537,CUST102622,Marine,6800.0,314000.0,12,2024-06-13,2025-06-08,Agent,Marine Hull
POL206538,CUST104471,Marine,14900.0,271000.0,12,2022-04-22,2023-04-17,Bancassurance,Marine Cargo
POL206539,CUST101437,Health,9000.0,177000.0,36,2023-06-06,2026-05-21,Online,Individual Health
POL206540,CUST103719,Property,54700.0,1418000.0,60,2024-11-12,2029-10-17,Online,Fire & Allied Perils
POL206541,CUST102146,Property,4500.0,137000.0,24,2023-09-27,2025-09-16,Online,Home Shield
POL206542,CUST102883,Travel,22400.0,1331000.0,24,2023-03-20,2025-03-09,Online,Domestic Travel
POL206543,CUST103429,Health,33900.0,1205000.0,12,2022-06-04,2023-05-30,Agent,Individual Health
POL206544,CUST100865,Motor,24100.0,827000.0,12,2024-05-02,2025-04-27,Broker,Motor Comprehensive
POL206545,CUST104339,Travel,10100.0,502000.0,12,2024-01-07,2025-01-01,Agent,Domestic Travel
POL206546,CUST103638,Life,28400.0,771000.0,12,2021-01-14,2022-01-09,Agent,Term Life
POL206547,CUST102046,Health,17100.0,716000.0,36,2022-09-29,2025-09-13,Direct,Family Floater
POL206548,CUST102961,Health,21900.0,1018000.0,6,2023-02-02,2023-08-01,Online,Critical Illness
POL206549,CUST103317,Motor,24600.0,1317000.0,24,2022-05-22,2024-05-11,Agent,Motor Third-Party
POL206550,CUST102273,Motor,7800.0,160000.0,24,2024-10-28,2026-10-18,Bancassurance,Motor Third-Party
POL206551,CUST103175,Motor,21100.0,938000.0,6,2024-11-09,2025-05-08,Agent,Motor Third-Party
POL206552,CUST102792,Health,23700.0,361000.0,12,2022-05-14,2023-05-09,Bancassurance,Family Floater
POL206553,CUST103897,Health,15100.0,564000.0,12,2021-01-07,2022-01-02,Direct,Family Floater
POL206554,CUST101161,Health,10100.0,315000.0,12,2022-12-23,2023-12-18,Online,Family Floater
POL206555,CUST100020,Motor,14400.0,744000.0,24,2023-08-23,2025-08-12,Online,Motor Own-Damage
POL206556,CUST102022,Motor,39700.0,1895000.0,12,2022-03-14,2023-03-09,Broker,Motor Own-Damage
POL206557,CUST104122,Health,19800.0,913000.0,12,2023-09-25,2024-09-19,Online,Individual Health
POL206558,CUST100620,Motor,15900.0,360000.0,12,2023-11-05,2024-10-30,Online,Motor Own-Damage
POL206559,CUST104305,Marine,8000.0,232000.0,12,2021-02-01,2022-01-27,Agent,Marine Hull
POL206560,CUST102048,Health,28100.0,785000.0,12,2021-01-13,2022-01-08,Online,Family Floater
POL206561,CUST101043,Health,21000.0,498000.0,24,2023-04-08,2025-03-28,Online,Critical Illness
POL206562,CUST102334,Health,12000.0,407000.0,24,2023-04-13,2025-04-02,Bancassurance,Critical Illness
POL206563,CUST104058,Life,10700.0,365000.0,12,2024-04-26,2025-04-21,Bancassurance,ULIP
POL206564,CUST104288,Motor,7200.0,221000.0,12,2021-06-12,2022-06-07,Agent,Motor Comprehensive
POL206565,CUST103065,Life,21500.0,1091000.0,60,2022-09-06,2027-08-11,Agent,Endowment Plan
POL206566,CUST102635,Motor,4200.0,194000.0,12,2022-10-24,2023-10-19,Broker,Motor Comprehensive
POL206567,CUST104032,Health,22000.0,1117000.0,24,2023-08-23,2025-08-12,Agent,Family Floater
POL206568,CUST104544,Health,4500.0,231000.0,12,2023-01-07,2024-01-02,Online,Family Floater
POL206569,CUST103977,Health,13700.0,342000.0,12,2023-09-27,2024-09-21,Online,Individual Health
POL206570,CUST104839,Life,28600.0,1647000.0,12,2022-08-19,2023-08-14,Agent,ULIP
POL206571,CUST104155,Property,3600.0,159000.0,24,2021-06-08,2023-05-29,Agent,Fire & Allied Perils
POL206572,CUST100244,Health,32300.0,1645000.0,12,2021-03-15,2022-03-10,Agent,Critical Illness
POL206573,CUST100098,Motor,10500.0,596000.0,24,2021-03-21,2023-03-11,Bancassurance,Motor Own-Damage
POL206574,CUST102985,Life,14300.0,739000.0,6,2023-03-26,2023-09-22,Agent,Endowment Plan
POL206575,CUST104785,Health,10500.0,422000.0,12,2022-09-22,2023-09-17,Agent,Individual Health
POL206576,CUST101496,Life,11300.0,414000.0,12,2022-01-01,2022-12-27,Bancassurance,Endowment Plan
POL206577,CUST104831,Health,8600.0,341000.0,12,2023-06-11,2024-06-05,Agent,Critical Illness
POL206578,CUST104256,Health,27100.0,1473000.0,12,2022-10-06,2023-10-01,Agent,Family Floater
POL206579,CUST100703,Life,23100.0,415000.0,12,2022-03-28,2023-03-23,Agent,Endowment Plan
POL206580,CUST102470,Health,8100.0,263000.0,12,2021-05-13,2022-05-08,Broker,Individual Health
POL206581,CUST101105,Property,20000.0,556000.0,36,2021-06-27,2024-06-11,Broker,Home Shield
POL206582,CUST100390,Life,5100.0,179000.0,12,2021-08-27,2022-08-22,Online,Term Life
POL206583,CUST103454,Health,17500.0,737000.0,36,2021-09-05,2024-08-20,Agent,Family Floater
POL206584,CUST101075,Motor,12400.0,617000.0,12,2023-06-18,2024-06-12,Bancassurance,Motor Own-Damage
POL206585,CUST102798,Motor,20700.0,318000.0,24,2023-06-19,2025-06-08,Broker,Motor Own-Damage
POL206586,CUST103369,Motor,14000.0,482000.0,12,2024-12-21,2025-12-16,Broker,Motor Own-Damage
POL206587,CUST102160,Motor,25100.0,704000.0,24,2021-04-29,2023-04-19,Online,Motor Own-Damage
POL206588,CUST100398,Motor,8900.0,428000.0,12,2024-12-03,2025-11-28,Agent,Motor Third-Party
POL206589,CUST100345,Life,23700.0,648000.0,12,2023-12-02,2024-11-26,Agent,Endowment Plan
POL206590,CUST101895,Health,4200.0,107000.0,24,2021-06-17,2023-06-07,Direct,Critical Illness
POL206591,CUST100213,Motor,16700.0,380000.0,12,2023-04-12,2024-04-06,Broker,Motor Comprehensive
POL206592,CUST104358,Health,15400.0,580000.0,12,2023-04-27,2024-04-21,Online,Family Floater
POL206593,CUST100831,Property,9100.0,158000.0,12,2021-05-30,2022-05-25,Agent,Property All-Risk
POL206594,CUST100146,Health,21000.0,974000.0,24,2024-08-12,2026-08-02,Agent,Family Floater
POL206595,CUST100700,Marine,22100.0,1211000.0,24,2023-10-30,2025-10-19,Bancassurance,Marine Hull
POL206596,CUST103481,Property,10400.0,248000.0,12,2022-08-06,2023-08-01,Agent,Fire & Allied Perils
POL206597,CUST102943,Marine,12400.0,462000.0,12,2022-09-03,2023-08-29,Agent,Marine Hull
POL206598,CUST103377,Life,18900.0,1032000.0,24,2024-03-20,2026-03-10,Broker,ULIP
POL206599,CUST101734,Property,5000.0,267000.0,24,2023-06-12,2025-06-01,Agent,Fire & Allied Perils
POL206600,CUST101603,Health,10800.0,542000.0,12,2021-07-27,2022-07-22,Agent,Family Floater
POL206601,CUST103358,Life,11300.0,264000.0,12,2023-05-30,2024-05-24,Agent,Endowment Plan
POL206602,CUST100563,Motor,12900.0,447000.0,12,2024-12-10,2025-12-05,Broker,Motor Comprehensive
POL206603,CUST101971,Motor,24300.0,1440000.0,12,2024-06-29,2025-06-24,Agent,Motor Own-Damage
POL206604,CUST100512,Travel,23400.0,606000.0,12,2023-07-28,2024-07-22,Bancassurance,Domestic Travel
POL206605,CUST102120,Health,8600.0,181000.0,12,2023-02-27,2024-02-22,Broker,Critical Illness
POL206606,CUST104846,Motor,16200.0,544000.0,24,2023-06-21,2025-06-10,Broker,Motor Own-Damage
POL206607,CUST104250,Motor,18300.0,399000.0,60,2022-02-07,2027-01-12,Online,Motor Comprehensive
POL206608,CUST103384,Health,20400.0,738000.0,12,2023-04-29,2024-04-23,Online,Individual Health
POL206609,CUST103286,Property,6900.0,296000.0,12,2024-05-07,2025-05-02,Online,Property All-Risk
POL206610,CUST101879,Marine,3000.0,98000.0,60,2024-08-10,2029-07-15,Agent,Marine Hull
POL206611,CUST103526,Motor,42900.0,1132000.0,60,2023-05-18,2028-04-21,Agent,Motor Third-Party
POL206612,CUST104167,Motor,9600.0,343000.0,12,2022-03-27,2023-03-22,Agent,Motor Own-Damage
POL206613,CUST102796,Motor,14700.0,744000.0,12,2021-11-12,2022-11-07,Bancassurance,Motor Comprehensive
POL206614,CUST100516,Life,18600.0,963000.0,12,2021-11-09,2022-11-04,Online,ULIP
POL206615,CUST103471,Health,14400.0,220000.0,12,2021-12-06,2022-12-01,Bancassurance,Individual Health
POL206616,CUST100634,Life,15000.0,255000.0,24,2023-02-20,2025-02-09,Agent,Term Life
POL206617,CUST101619,Life,18100.0,1019000.0,12,2022-10-09,2023-10-04,Online,Endowment Plan
POL206618,CUST100987,Motor,9200.0,232000.0,24,2024-12-08,2026-11-28,Bancassurance,Motor Comprehensive
POL206619,CUST100250,Motor,9300.0,310000.0,24,2023-06-21,2025-06-10,Broker,Motor Own-Damage
POL206620,CUST103817,Health,9700.0,195000.0,12,2024-12-06,2025-12-01,Broker,Family Floater
POL206621,CUST103225,Life,19600.0,589000.0,24,2024-09-03,2026-08-24,Bancassurance,ULIP
POL206622,CUST102044,Life,22300.0,1098000.0,12,2021-05-14,2022-05-09,Bancassurance,ULIP
POL206623,CUST101907,Travel,8600.0,150000.0,60,2022-01-24,2026-12-29,Bancassurance,Domestic Travel
POL206624,CUST103212,Motor,9100.0,320000.0,12,2021-03-11,2022-03-06,Bancassurance,Motor Own-Damage
POL206625,CUST102657,Travel,21000.0,897000.0,24,2023-07-24,2025-07-13,Online,Domestic Travel
POL206626,CUST101162,Motor,24300.0,678000.0,12,2024-03-26,2025-03-21,Online,Motor Comprehensive
POL206627,CUST102402,Health,26100.0,1356000.0,24,2024-08-28,2026-08-18,Bancassurance,Critical Illness
POL206628,CUST103886,Motor,9900.0,150000.0,12,2023-07-28,2024-07-22,Agent,Motor Third-Party
POL206629,CUST102761,Motor,19900.0,681000.0,24,2021-12-13,2023-12-03,Agent,Motor Comprehensive
POL206630,CUST104008,Motor,36800.0,1963000.0,12,2023-07-02,2024-06-26,Online,Motor Comprehensive
POL206631,CUST102540,Motor,11300.0,229000.0,24,2022-01-14,2024-01-04,Bancassurance,Motor Own-Damage
POL206632,CUST102066,Health,23200.0,548000.0,12,2023-10-19,2024-10-13,Online,Individual Health
POL206633,CUST103711,Property,16700.0,743000.0,24,2021-02-24,2023-02-14,Bancassurance,Fire & Allied Perils
POL206634,CUST101046,Life,46900.0,1367000.0,12,2021-02-15,2022-02-10,Online,Endowment Plan
POL206635,CUST103133,Property,3100.0,81000.0,12,2023-06-14,2024-06-08,Bancassurance,Home Shield
POL206636,CUST103150,Life,18100.0,697000.0,12,2022-08-23,2023-08-18,Broker,ULIP
POL206637,CUST101384,Travel,31800.0,1382000.0,12,2021-07-21,2022-07-16,Bancassurance,Domestic Travel
POL206638,CUST101280,Motor,8200.0,387000.0,12,2022-12-01,2023-11-26,Online,Motor Third-Party
POL206639,CUST100418,Travel,23600.0,760000.0,12,2023-06-29,2024-06-23,Online,International Travel
POL206640,CUST100741,Health,11600.0,482000.0,12,2023-08-21,2024-08-15,Broker,Family Floater
POL206641,CUST100477,Health,4500.0,253000.0,24,2021-02-17,2023-02-07,Online,Individual Health
POL206642,CUST103078,Health,11400.0,659000.0,12,2023-04-28,2024-04-22,Bancassurance,Individual Health
POL206643,CUST100608,Motor,8600.0,374000.0,12,2021-04-23,2022-04-18,Agent,Motor Own-Damage
POL206644,CUST102564,Motor,27600.0,1082000.0,12,2024-01-09,2025-01-03,Bancassurance,Motor Own-Damage
POL206645,CUST100557,Health,47300.0,2290000.0,24,2023-11-22,2025-11-11,Broker,Family Floater
POL206646,CUST103917,Property,12000.0,671000.0,12,2023-03-04,2024-02-27,Online,Fire & Allied Perils
POL206647,CUST103388,Property,11500.0,289000.0,24,2024-03-27,2026-03-17,Bancassurance,Fire & Allied Perils
POL206648,CUST101461,Motor,3600.0,114000.0,36,2023-07-13,2026-06-27,Bancassurance,Motor Own-Damage
POL206649,CUST103676,Motor,26200.0,419000.0,12,2023-05-22,2024-05-16,Agent,Motor Third-Party
POL206650,CUST101126,Life,34800.0,2037000.0,24,2021-01-08,2022-12-29,Agent,Endowment Plan
POL206651,CUST103176,Health,21200.0,1098000.0,12,2021-10-05,2022-09-30,Online,Family Floater
POL206652,CUST103202,Motor,11200.0,207000.0,24,2023-07-19,2025-07-08,Broker,Motor Third-Party
POL206653,CUST102181,Health,18600.0,1006000.0,12,2024-10-14,2025-10-09,Online,Individual Health
POL206654,CUST103505,Life,25700.0,1204000.0,24,2023-01-17,2025-01-06,Agent,Endowment Plan
POL206655,CUST104739,Motor,14400.0,775000.0,36,2024-12-18,2027-12-03,Agent,Motor Third-Party
POL206656,CUST102066,Motor,22300.0,1189000.0,12,2022-08-27,2023-08-22,Online,Motor Own-Damage
POL206657,CUST101417,Motor,12400.0,324000.0,24,2021-07-15,2023-07-05,Broker,Motor Own-Damage
POL206658,CUST102211,Health,6300.0,177000.0,12,2023-10-15,2024-10-09,Agent,Individual Health
POL206659,CUST102839,Motor,25000.0,755000.0,24,2023-11-15,2025-11-04,Agent,Motor Own-Damage
POL206660,CUST100617,Health,17200.0,796000.0,12,2021-01-04,2021-12-30,Agent,Individual Health
POL206661,CUST104799,Marine,18700.0,836000.0,12,2024-07-08,2025-07-03,Broker,Marine Cargo
POL206662,CUST102347,Motor,27100.0,1002000.0,24,2024-01-28,2026-01-17,Online,Motor Own-Damage
POL206663,CUST104819,Motor,8800.0,348000.0,12,2023-05-11,2024-05-05,Agent,Motor Own-Damage
POL206664,CUST104806,Motor,11500.0,406000.0,24,2024-07-18,2026-07-08,Online,Motor Comprehensive
POL206665,CUST100319,Travel,34500.0,1022000.0,24,2023-11-28,2025-11-17,Online,Domestic Travel
POL206666,CUST100568,Health,18100.0,935000.0,12,2021-06-14,2022-06-09,Bancassurance,Family Floater
POL206667,CUST100907,Property,25700.0,1046000.0,12,2023-08-23,2024-08-17,Broker,Fire & Allied Perils
POL206668,CUST102839,Property,16000.0,791000.0,12,2022-06-02,2023-05-28,Broker,Home Shield
POL206669,CUST101768,Travel,22000.0,488000.0,12,2024-12-09,2025-12-04,Online,International Travel
POL206670,CUST100091,Property,22600.0,590000.0,36,2024-06-22,2027-06-07,Bancassurance,Fire & Allied Perils
POL206671,CUST102821,Motor,10400.0,346000.0,24,2023-11-04,2025-10-24,Agent,Motor Own-Damage
POL206672,CUST101626,Health,49400.0,1240000.0,12,2021-04-01,2022-03-27,Agent,Critical Illness
POL206673,CUST104217,Travel,18500.0,786000.0,12,2024-08-19,2025-08-14,Broker,Domestic Travel
POL206674,CUST103805,Life,5200.0,245000.0,24,2021-11-28,2023-11-18,Broker,Endowment Plan
POL206675,CUST104223,Property,6100.0,154000.0,6,2024-02-27,2024-08-25,Agent,Fire & Allied Perils
POL206676,CUST102835,Marine,11900.0,185000.0,12,2024-03-22,2025-03-17,Agent,Marine Cargo
POL206677,CUST103479,Life,4300.0,182000.0,12,2022-12-27,2023-12-22,Online,ULIP
POL206678,CUST100405,Life,31700.0,1875000.0,12,2022-06-06,2023-06-01,Online,Term Life
POL206679,CUST103798,Life,10600.0,315000.0,12,2021-10-28,2022-10-23,Bancassurance,ULIP
POL206680,CUST102259,Health,7300.0,318000.0,12,2022-05-10,2023-05-05,Agent,Critical Illness
POL206681,CUST100021,Motor,19200.0,329000.0,24,2021-04-20,2023-04-10,Agent,Motor Third-Party
POL206682,CUST100395,Life,22200.0,901000.0,24,2022-08-05,2024-07-25,Agent,Term Life
POL206683,CUST101541,Travel,12400.0,498000.0,12,2022-09-02,2023-08-28,Agent,Domestic Travel
POL206684,CUST101867,Marine,22400.0,908000.0,24,2024-11-12,2026-11-02,Agent,Marine Cargo
POL206685,CUST101043,Motor,25500.0,940000.0,12,2022-10-31,2023-10-26,Bancassurance,Motor Comprehensive
POL206686,CUST103844,Property,12200.0,430000.0,12,2021-03-26,2022-03-21,Direct,Property All-Risk
POL206687,CUST102234,Motor,6700.0,361000.0,24,2021-07-31,2023-07-21,Agent,Motor Own-Damage
POL206688,CUST101291,Life,11300.0,176000.0,12,2022-06-21,2023-06-16,Online,ULIP
POL206689,CUST103368,Travel,13800.0,440000.0,12,2022-03-17,2023-03-12,Agent,Domestic Travel
POL206690,CUST102266,Travel,16200.0,547000.0,12,2022-06-13,2023-06-08,Online,Domestic Travel
POL206691,CUST103893,Life,25800.0,1349000.0,12,2022-10-13,2023-10-08,Agent,ULIP
POL206692,CUST102501,Life,14100.0,459000.0,12,2024-11-30,2025-11-25,Agent,Endowment Plan
POL206693,CUST103747,Health,9500.0,181000.0,12,2021-03-10,2022-03-05,Agent,Family Floater
POL206694,CUST104266,Life,11100.0,228000.0,12,2022-02-25,2023-02-20,Agent,ULIP
POL206695,CUST100396,Motor,17800.0,363000.0,60,2022-04-25,2027-03-30,Agent,Motor Comprehensive
POL206696,CUST100607,Motor,18800.0,793000.0,12,2024-10-10,2025-10-05,Agent,Motor Comprehensive
POL206697,CUST103653,Property,38100.0,1480000.0,12,2023-07-27,2024-07-21,Agent,Property All-Risk
POL206698,CUST102752,Motor,13700.0,359000.0,12,2022-08-12,2023-08-07,Agent,Motor Own-Damage
POL206699,CUST101203,Life,9500.0,223000.0,12,2021-02-20,2022-02-15,Broker,ULIP
POL206700,CUST100153,Health,3300.0,185000.0,24,2022-10-29,2024-10-18,Online,Family Floater
POL206701,CUST104777,Motor,4600.0,190000.0,36,2024-06-12,2027-05-28,Agent,Motor Comprehensive
POL206702,CUST100466,Motor,20900.0,1107000.0,12,2023-09-16,2024-09-10,Online,Motor Third-Party
POL206703,CUST102313,Motor,10700.0,288000.0,12,2024-09-14,2025-09-09,Bancassurance,Motor Third-Party
POL206704,CUST101103,Motor,29900.0,1087000.0,12,2022-12-03,2023-11-28,Bancassurance,Motor Comprehensive
POL206705,CUST101977,Life,4000.0,106000.0,36,2022-02-16,2025-01-31,Agent,Endowment Plan
POL206706,CUST103598,Health,11700.0,260000.0,12,2021-11-13,2022-11-08,Online,Family Floater
POL206707,CUST102545,Health,25200.0,819000.0,60,2023-06-08,2028-05-12,Agent,Individual Health
POL206708,CUST100205,Property,32100.0,486000.0,24,2024-05-10,2026-04-30,Bancassurance,Home Shield
POL206709,CUST100436,Life,21900.0,1206000.0,12,2023-04-25,2024-04-19,Online,Term Life
POL206710,CUST104725,Life,26700.0,941000.0,24,2022-02-16,2024-02-06,Direct,Term Life
POL206711,CUST101259,Life,9200.0,189000.0,60,2023-06-21,2028-05-25,Agent,Endowment Plan
POL206712,CUST102138,Life,13100.0,472000.0,12,2024-06-05,2025-05-31,Agent,ULIP
POL206713,CUST103927,Motor,33200.0,1799000.0,36,2023-05-20,2026-05-04,Bancassurance,Motor Comprehensive
POL206714,CUST104193,Motor,8700.0,505000.0,12,2024-11-14,2025-11-09,Bancassurance,Motor Third-Party
POL206715,CUST101420,Motor,15900.0,240000.0,60,2022-01-19,2026-12-24,Bancassurance,Motor Own-Damage
POL206716,CUST101109,Life,23100.0,1360000.0,6,2023-02-19,2023-08-18,Broker,Term Life
POL206717,CUST102187,Health,30800.0,911000.0,24,2021-12-16,2023-12-06,Online,Critical Illness
POL206718,CUST101689,Travel,14700.0,688000.0,6,2021-09-12,2022-03-11,Broker,Domestic Travel
POL206719,CUST103505,Motor,12700.0,621000.0,12,2021-06-20,2022-06-15,Online,Motor Comprehensive
POL206720,CUST103635,Health,19900.0,1110000.0,6,2021-08-26,2022-02-22,Broker,Family Floater
POL206721,CUST101300,Motor,39600.0,1324000.0,6,2022-04-11,2022-10-08,Online,Motor Third-Party
POL206722,CUST101895,Property,19800.0,980000.0,24,2024-05-28,2026-05-18,Agent,Fire & Allied Perils
POL206723,CUST103653,Health,20300.0,930000.0,36,2021-10-15,2024-09-29,Online,Family Floater
POL206724,CUST102537,Life,14700.0,436000.0,24,2022-02-19,2024-02-09,Agent,Endowment Plan
POL206725,CUST102755,Life,9100.0,475000.0,24,2023-12-05,2025-11-24,Agent,ULIP
POL206726,CUST104046,Motor,12900.0,711000.0,12,2022-12-23,2023-12-18,Broker,Motor Third-Party
POL206727,CUST103258,Property,14500.0,587000.0,12,2023-08-13,2024-08-07,Direct,Home Shield
POL206728,CUST103255,Property,12800.0,664000.0,12,2024-02-19,2025-02-13,Agent,Property All-Risk
POL206729,CUST102408,Life,15600.0,673000.0,36,2022-11-05,2025-10-20,Bancassurance,Endowment Plan
POL206730,CUST104179,Motor,20800.0,1051000.0,12,2021-03-23,2022-03-18,Direct,Motor Third-Party
POL206731,CUST100114,Life,10800.0,462000.0,36,2022-11-11,2025-10-26,Agent,ULIP
POL206732,CUST100432,Life,26000.0,1201000.0,36,2022-09-25,2025-09-09,Broker,ULIP
POL206733,CUST103382,Marine,19900.0,332000.0,12,2024-10-06,2025-10-01,Direct,Marine Cargo
POL206734,CUST103040,Motor,16500.0,319000.0,24,2023-09-07,2025-08-27,Broker,Motor Third-Party
POL206735,CUST101398,Marine,14000.0,470000.0,36,2023-06-22,2026-06-06,Broker,Marine Hull
POL206736,CUST103006,Marine,8700.0,440000.0,12,2023-04-20,2024-04-14,Online,Marine Cargo
POL206737,CUST100535,Motor,20900.0,373000.0,24,2022-07-12,2024-07-01,Broker,Motor Comprehensive
POL206738,CUST103035,Life,49700.0,776000.0,6,2022-08-17,2023-02-13,Agent,Term Life
POL206739,CUST101806,Motor,31400.0,779000.0,12,2021-12-04,2022-11-29,Agent,Motor Comprehensive
POL206740,CUST102944,Motor,22600.0,1214000.0,24,2022-05-31,2024-05-20,Online,Motor Comprehensive
POL206741,CUST101704,Life,33700.0,1851000.0,12,2023-11-27,2024-11-21,Agent,ULIP
POL206742,CUST103619,Motor,11400.0,322000.0,36,2021-04-27,2024-04-11,Online,Motor Own-Damage
POL206743,CUST100558,Motor,10000.0,457000.0,24,2023-03-05,2025-02-22,Online,Motor Third-Party
POL206744,CUST104220,Life,15600.0,728000.0,12,2023-06-03,2024-05-28,Online,ULIP
POL206745,CUST102473,Travel,16200.0,244000.0,36,2021-07-31,2024-07-15,Agent,International Travel
POL206746,CUST101147,Motor,29700.0,946000.0,24,2021-03-26,2023-03-16,Broker,Motor Own-Damage
POL206747,CUST104810,Motor,25600.0,557000.0,12,2022-09-22,2023-09-17,Online,Motor Third-Party
POL206748,CUST100522,Motor,3900.0,119000.0,24,2023-02-01,2025-01-21,Agent,Motor Own-Damage
POL206749,CUST102685,Motor,26000.0,700000.0,12,2021-10-02,2022-09-27,Online,Motor Own-Damage
POL206750,CUST100369,Marine,14100.0,260000.0,12,2021-07-15,2022-07-10,Bancassurance,Marine Hull
POL206751,CUST104497,Health,19200.0,1140000.0,60,2022-03-11,2027-02-13,Online,Individual Health
POL206752,CUST100792,Life,15000.0,563000.0,12,2021-02-28,2022-02-23,Bancassurance,Endowment Plan
POL206753,CUST101259,Health,10700.0,230000.0,6,2023-06-25,2023-12-22,Agent,Family Floater
POL206754,CUST103279,Travel,19100.0,488000.0,36,2022-12-13,2025-11-27,Broker,International Travel
POL206755,CUST104423,Health,10200.0,170000.0,12,2023-05-08,2024-05-02,Bancassurance,Individual Health
POL206756,CUST102082,Travel,14300.0,408000.0,12,2022-03-23,2023-03-18,Direct,Domestic Travel
POL206757,CUST101301,Life,9200.0,165000.0,12,2023-05-26,2024-05-20,Bancassurance,Term Life
POL206758,CUST101747,Travel,7300.0,191000.0,24,2022-12-15,2024-12-04,Online,International Travel
POL206759,CUST104587,Health,48200.0,1667000.0,12,2024-10-31,2025-10-26,Bancassurance,Critical Illness
POL206760,CUST104549,Property,11800.0,534000.0,24,2021-08-28,2023-08-18,Bancassurance,Property All-Risk
POL206761,CUST100612,Health,14300.0,750000.0,24,2022-10-16,2024-10-05,Direct,Individual Health
POL206762,CUST104500,Life,31200.0,545000.0,12,2024-11-12,2025-11-07,Agent,ULIP
POL206763,CUST104204,Life,17100.0,446000.0,24,2024-10-10,2026-09-30,Broker,ULIP
POL206764,CUST102694,Health,8900.0,188000.0,12,2021-01-21,2022-01-16,Broker,Critical Illness
POL206765,CUST101277,Health,9000.0,276000.0,60,2022-05-13,2027-04-17,Online,Individual Health
POL206766,CUST102292,Motor,8500.0,195000.0,36,2021-07-18,2024-07-02,Bancassurance,Motor Own-Damage
POL206767,CUST103876,Marine,39400.0,1008000.0,24,2023-10-03,2025-09-22,Bancassurance,Marine Hull
POL206768,CUST101352,Health,3500.0,197000.0,12,2023-11-05,2024-10-30,Online,Family Floater
POL206769,CUST101719,Motor,7800.0,342000.0,12,2023-04-03,2024-03-28,Direct,Motor Comprehensive
POL206770,CUST102299,Life,12000.0,648000.0,24,2024-09-20,2026-09-10,Agent,Endowment Plan
POL206771,CUST100336,Life,12000.0,473000.0,12,2021-02-17,2022-02-12,Broker,ULIP
POL206772,CUST102054,Motor,11200.0,581000.0,12,2021-03-08,2022-03-03,Agent,Motor Own-Damage
POL206773,CUST100669,Health,21200.0,652000.0,12,2024-09-22,2025-09-17,Bancassurance,Individual Health
POL206774,CUST100034,Life,18200.0,473000.0,24,2021-02-02,2023-01-23,Bancassurance,Endowment Plan
POL206775,CUST101935,Property,9900.0,393000.0,12,2024-11-05,2025-10-31,Agent,Property All-Risk
POL206776,CUST103792,Health,11600.0,666000.0,12,2023-03-27,2024-03-21,Agent,Individual Health
POL206777,CUST104913,Motor,56300.0,2960000.0,36,2023-07-10,2026-06-24,Broker,Motor Third-Party
POL206778,CUST102192,Life,18600.0,483000.0,60,2022-10-06,2027-09-10,Direct,Endowment Plan
POL206779,CUST103769,Motor,2000.0,116000.0,12,2023-07-12,2024-07-06,Broker,Motor Third-Party
POL206780,CUST101114,Marine,9000.0,348000.0,24,2021-10-26,2023-10-16,Agent,Marine Cargo
POL206781,CUST103182,Property,11200.0,380000.0,12,2021-06-02,2022-05-28,Agent,Property All-Risk
POL206782,CUST103331,Marine,47500.0,1328000.0,36,2021-07-13,2024-06-27,Agent,Marine Hull
POL206783,CUST101661,Health,11700.0,506000.0,36,2021-09-03,2024-08-18,Online,Individual Health
POL206784,CUST102238,Motor,12300.0,505000.0,12,2024-05-30,2025-05-25,Agent,Motor Own-Damage
POL206785,CUST103350,Life,4700.0,245000.0,24,2022-10-09,2024-09-28,Online,ULIP
POL206786,CUST101568,Motor,16000.0,899000.0,12,2021-06-30,2022-06-25,Agent,Motor Third-Party
POL206787,CUST103018,Motor,24300.0,1181000.0,12,2022-01-01,2022-12-27,Online,Motor Comprehensive
POL206788,CUST101154,Health,15400.0,359000.0,12,2023-10-13,2024-10-07,Agent,Family Floater
POL206789,CUST102677,Health,11700.0,245000.0,36,2022-06-17,2025-06-01,Broker,Critical Illness
POL206790,CUST100295,Health,13800.0,540000.0,12,2024-04-22,2025-04-17,Agent,Family Floater
POL206791,CUST102232,Motor,23700.0,519000.0,24,2021-01-31,2023-01-21,Agent,Motor Own-Damage
POL206792,CUST102515,Motor,13100.0,560000.0,24,2021-02-02,2023-01-23,Agent,Motor Third-Party
POL206793,CUST104136,Life,13200.0,294000.0,12,2024-02-06,2025-01-31,Agent,ULIP
POL206794,CUST101877,Health,19900.0,506000.0,24,2023-12-24,2025-12-13,Online,Family Floater
POL206795,CUST100030,Life,10400.0,195000.0,6,2021-05-11,2021-11-07,Bancassurance,Endowment Plan
POL206796,CUST100201,Life,8500.0,448000.0,12,2023-09-25,2024-09-19,Bancassurance,Term Life
POL206797,CUST102696,Life,4900.0,203000.0,12,2021-10-30,2022-10-25,Online,Endowment Plan
POL206798,CUST104062,Marine,14300.0,437000.0,24,2023-03-04,2025-02-21,Online,Marine Cargo
POL206799,CUST104452,Travel,10200.0,335000.0,36,2023-12-16,2026-11-30,Online,Domestic Travel
POL206800,CUST104041,Motor,26000.0,548000.0,24,2021-04-26,2023-04-16,Bancassurance,Motor Comprehensive
POL206801,CUST101699,Health,13200.0,702000.0,36,2024-12-23,2027-12-08,Agent,Individual Health
POL206802,CUST102450,Property,24200.0,695000.0,12,2024-08-18,2025-08-13,Agent,Home Shield
POL206803,CUST104441,Property,21600.0,393000.0,12,2022-03-26,2023-03-21,Agent,Home Shield
POL206804,CUST104194,Motor,4400.0,137000.0,24,2024-08-19,2026-08-09,Agent,Motor Own-Damage
POL206805,CUST102269,Travel,7000.0,182000.0,12,2023-02-23,2024-02-18,Bancassurance,Domestic Travel
POL206806,CUST102405,Property,41200.0,1374000.0,12,2022-05-14,2023-05-09,Direct,Fire & Allied Perils
POL206807,CUST100346,Marine,10500.0,564000.0,24,2024-06-29,2026-06-19,Agent,Marine Hull
POL206808,CUST100844,Motor,19000.0,922000.0,12,2022-05-06,2023-05-01,Broker,Motor Third-Party
POL206809,CUST102646,Health,14200.0,369000.0,12,2022-09-18,2023-09-13,Online,Critical Illness
POL206810,CUST102587,Health,4500.0,133000.0,24,2023-03-10,2025-02-27,Agent,Critical Illness
POL206811,CUST102874,Health,9000.0,310000.0,12,2021-11-10,2022-11-05,Online,Individual Health
POL206812,CUST101562,Motor,7800.0,174000.0,24,2024-07-02,2026-06-22,Online,Motor Third-Party
POL206813,CUST101134,Motor,23100.0,643000.0,60,2024-06-17,2029-05-22,Online,Motor Comprehensive
POL206814,CUST102261,Property,8900.0,257000.0,24,2024-09-23,2026-09-13,Agent,Property All-Risk
POL206815,CUST104393,Health,36600.0,860000.0,24,2024-06-21,2026-06-11,Agent,Critical Illness
POL206816,CUST104853,Life,20200.0,552000.0,12,2021-12-31,2022-12-26,Broker,Term Life
POL206817,CUST100262,Motor,6300.0,215000.0,12,2023-05-02,2024-04-26,Online,Motor Third-Party
POL206818,CUST101777,Travel,2300.0,122000.0,24,2023-03-24,2025-03-13,Online,Domestic Travel
POL206819,CUST102606,Travel,16300.0,743000.0,12,2024-03-19,2025-03-14,Online,International Travel
POL206820,CUST101079,Life,19500.0,351000.0,24,2022-06-17,2024-06-06,Online,Term Life
POL206821,CUST101766,Health,12000.0,455000.0,12,2023-02-17,2024-02-12,Online,Family Floater
POL206822,CUST100642,Motor,15800.0,404000.0,12,2021-11-15,2022-11-10,Direct,Motor Own-Damage
POL206823,CUST102319,Life,5500.0,83000.0,12,2023-02-05,2024-01-31,Agent,Endowment Plan
POL206824,CUST104419,Property,12600.0,510000.0,12,2021-01-05,2021-12-31,Agent,Property All-Risk
POL206825,CUST104643,Travel,26000.0,623000.0,12,2021-01-21,2022-01-16,Agent,International Travel
POL206826,CUST100074,Motor,42000.0,1853000.0,12,2022-03-05,2023-02-28,Agent,Motor Third-Party
POL206827,CUST103183,Health,14600.0,390000.0,12,2023-10-24,2024-10-18,Broker,Individual Health
POL206828,CUST104537,Health,18500.0,479000.0,12,2022-04-24,2023-04-19,Online,Critical Illness
POL206829,CUST103840,Health,26500.0,1102000.0,12,2023-09-29,2024-09-23,Online,Individual Health
POL206830,CUST100308,Life,16600.0,690000.0,24,2023-08-14,2025-08-03,Agent,Term Life
POL206831,CUST101948,Health,19200.0,1021000.0,12,2022-03-12,2023-03-07,Bancassurance,Individual Health
POL206832,CUST103763,Marine,34700.0,830000.0,12,2023-07-30,2024-07-24,Online,Marine Hull
POL206833,CUST104898,Motor,18700.0,1111000.0,12,2022-08-21,2023-08-16,Agent,Motor Own-Damage
POL206834,CUST101468,Health,12200.0,386000.0,12,2024-11-29,2025-11-24,Agent,Family Floater
POL206835,CUST101415,Health,34300.0,2012000.0,6,2021-01-27,2021-07-26,Agent,Individual Health
POL206836,CUST101249,Property,17600.0,387000.0,24,2023-08-27,2025-08-16,Online,Fire & Allied Perils
POL206837,CUST104474,Property,6700.0,388000.0,12,2024-04-22,2025-04-17,Online,Property All-Risk
POL206838,CUST100899,Property,13100.0,765000.0,36,2021-08-12,2024-07-27,Online,Home Shield
POL206839,CUST101830,Health,44900.0,1260000.0,12,2024-11-28,2025-11-23,Agent,Individual Health
POL206840,CUST100672,Motor,27600.0,666000.0,12,2023-05-11,2024-05-05,Agent,Motor Third-Party
POL206841,CUST104698,Life,10700.0,451000.0,24,2023-04-06,2025-03-26,Agent,ULIP
POL206842,CUST100331,Travel,29700.0,629000.0,6,2021-08-30,2022-02-26,Online,Domestic Travel
POL206843,CUST102536,Motor,13000.0,368000.0,24,2023-05-21,2025-05-10,Agent,Motor Comprehensive
POL206844,CUST100775,Motor,9100.0,539000.0,24,2021-08-13,2023-08-03,Agent,Motor Third-Party
POL206845,CUST102035,Motor,26300.0,1300000.0,12,2022-08-12,2023-08-07,Online,Motor Own-Damage
POL206846,CUST102942,Life,6900.0,351000.0,12,2024-09-15,2025-09-10,Online,Term Life
POL206847,CUST103491,Health,9300.0,505000.0,12,2021-12-08,2022-12-03,Broker,Critical Illness
POL206848,CUST102848,Motor,16400.0,755000.0,12,2021-09-18,2022-09-13,Broker,Motor Third-Party
POL206849,CUST102136,Motor,18100.0,855000.0,12,2021-01-10,2022-01-05,Broker,Motor Own-Damage
POL206850,CUST101405,Life,24000.0,1151000.0,12,2022-11-28,2023-11-23,Online,Term Life
POL206851,CUST104013,Health,8000.0,261000.0,12,2023-12-08,2024-12-02,Agent,Critical Illness
POL206852,CUST103399,Motor,16600.0,324000.0,36,2024-08-17,2027-08-02,Bancassurance,Motor Comprehensive
POL206853,CUST103359,Life,3000.0,127000.0,12,2021-06-04,2022-05-30,Agent,Endowment Plan
POL206854,CUST103848,Motor,3500.0,178000.0,12,2023-06-06,2024-05-31,Bancassurance,Motor Third-Party
POL206855,CUST101101,Motor,9600.0,245000.0,12,2021-08-24,2022-08-19,Online,Motor Comprehensive
POL206856,CUST104900,Motor,24000.0,557000.0,24,2022-11-02,2024-10-22,Bancassurance,Motor Comprehensive
POL206857,CUST104597,Motor,20600.0,1196000.0,36,2022-01-19,2025-01-03,Agent,Motor Own-Damage
POL206858,CUST102198,Motor,13000.0,276000.0,12,2022-05-05,2023-04-30,Direct,Motor Third-Party
POL206859,CUST101019,Motor,4300.0,171000.0,36,2023-01-29,2026-01-13,Agent,Motor Own-Damage
POL206860,CUST101872,Motor,18000.0,870000.0,36,2021-07-03,2024-06-17,Agent,Motor Comprehensive
POL206861,CUST101943,Life,63100.0,1216000.0,12,2024-06-26,2025-06-21,Bancassurance,Endowment Plan
POL206862,CUST104865,Property,15100.0,607000.0,12,2024-06-07,2025-06-02,Bancassurance,Fire & Allied Perils
POL206863,CUST101443,Motor,6900.0,315000.0,60,2022-01-11,2026-12-16,Agent,Motor Third-Party
POL206864,CUST104710,Life,14400.0,244000.0,24,2024-03-18,2026-03-08,Agent,Endowment Plan
POL206865,CUST101155,Motor,4900.0,166000.0,24,2023-08-11,2025-07-31,Direct,Motor Comprehensive
POL206866,CUST104634,Marine,10600.0,385000.0,12,2024-09-02,2025-08-28,Bancassurance,Marine Cargo
POL206867,CUST104650,Motor,22900.0,916000.0,12,2024-01-11,2025-01-05,Online,Motor Own-Damage
POL206868,CUST103043,Motor,32900.0,552000.0,12,2024-02-05,2025-01-30,Agent,Motor Comprehensive
POL206869,CUST100538,Health,12500.0,690000.0,12,2023-01-14,2024-01-09,Bancassurance,Individual Health
POL206870,CUST103088,Motor,6100.0,328000.0,24,2022-12-17,2024-12-06,Bancassurance,Motor Third-Party
POL206871,CUST104556,Motor,23800.0,1271000.0,12,2021-11-29,2022-11-24,Bancassurance,Motor Own-Damage
POL206872,CUST104639,Health,17500.0,672000.0,24,2021-10-10,2023-09-30,Agent,Critical Illness
POL206873,CUST102287,Life,14200.0,717000.0,24,2023-02-20,2025-02-09,Bancassurance,Term Life
POL206874,CUST102399,Motor,15900.0,812000.0,60,2024-07-10,2029-06-14,Agent,Motor Comprehensive
POL206875,CUST101920,Motor,12800.0,747000.0,24,2023-01-01,2024-12-21,Agent,Motor Own-Damage
POL206876,CUST101067,Property,15100.0,781000.0,60,2021-10-26,2026-09-30,Broker,Home Shield
POL206877,CUST103267,Motor,16800.0,342000.0,12,2023-05-07,2024-05-01,Agent,Motor Own-Damage
POL206878,CUST104926,Motor,17800.0,381000.0,36,2022-11-15,2025-10-30,Bancassurance,Motor Own-Damage
POL206879,CUST101336,Health,15800.0,599000.0,24,2021-12-28,2023-12-18,Bancassurance,Critical Illness
POL206880,CUST104210,Motor,8500.0,399000.0,12,2023-08-20,2024-08-14,Broker,Motor Third-Party
POL206881,CUST100479,Property,40700.0,2140000.0,12,2022-05-13,2023-05-08,Agent,Fire & Allied Perils
POL206882,CUST100280,Motor,14600.0,227000.0,12,2024-05-24,2025-05-19,Direct,Motor Comprehensive
POL206883,CUST104503,Motor,4100.0,142000.0,12,2024-03-28,2025-03-23,Online,Motor Comprehensive
POL206884,CUST100562,Property,13200.0,450000.0,12,2024-05-16,2025-05-11,Agent,Home Shield
POL206885,CUST102069,Property,13700.0,634000.0,12,2024-09-10,2025-09-05,Online,Home Shield
POL206886,CUST104410,Life,9200.0,367000.0,24,2022-06-17,2024-06-06,Online,ULIP
POL206887,CUST101744,Motor,7300.0,373000.0,12,2023-12-11,2024-12-05,Online,Motor Third-Party
POL206888,CUST101505,Health,16800.0,781000.0,12,2021-06-27,2022-06-22,Bancassurance,Individual Health
POL206889,CUST100203,Travel,16600.0,608000.0,12,2023-11-27,2024-11-21,Online,International Travel
POL206890,CUST103481,Health,6700.0,172000.0,60,2022-12-17,2027-11-21,Broker,Family Floater
POL206891,CUST101600,Travel,16900.0,743000.0,12,2022-05-27,2023-05-22,Agent,International Travel
POL206892,CUST100589,Life,19500.0,492000.0,12,2024-06-28,2025-06-23,Bancassurance,Endowment Plan
POL206893,CUST102373,Property,6200.0,274000.0,12,2022-06-16,2023-06-11,Bancassurance,Fire & Allied Perils
POL206894,CUST100852,Motor,12900.0,281000.0,12,2022-02-27,2023-02-22,Direct,Motor Comprehensive
POL206895,CUST104243,Marine,40400.0,991000.0,6,2023-07-31,2024-01-27,Bancassurance,Marine Cargo
POL206896,CUST103736,Property,22000.0,755000.0,36,2023-02-25,2026-02-09,Agent,Home Shield
POL206897,CUST104898,Property,22000.0,844000.0,12,2024-02-19,2025-02-13,Agent,Fire & Allied Perils
POL206898,CUST104896,Travel,22200.0,1286000.0,12,2021-08-19,2022-08-14,Online,International Travel
POL206899,CUST104185,Property,29000.0,1228000.0,12,2024-12-18,2025-12-13,Broker,Home Shield
POL206900,CUST102510,Health,2400.0,82000.0,60,2023-12-22,2028-11-25,Direct,Individual Health
POL206901,CUST100851,Life,9400.0,491000.0,12,2022-05-07,2023-05-02,Online,Endowment Plan
POL206902,CUST100214,Property,4600.0,98000.0,12,2023-06-06,2024-05-31,Online,Property All-Risk
POL206903,CUST100457,Life,12700.0,199000.0,36,2021-01-06,2023-12-22,Online,ULIP
POL206904,CUST101171,Life,10900.0,289000.0,60,2023-12-16,2028-11-19,Online,ULIP
POL206905,CUST104414,Life,11700.0,456000.0,60,2021-03-15,2026-02-17,Bancassurance,Term Life
POL206906,CUST101063,Marine,23000.0,1004000.0,12,2022-02-28,2023-02-23,Agent,Marine Cargo
POL206907,CUST100463,Motor,9600.0,490000.0,12,2024-03-19,2025-03-14,Bancassurance,Motor Third-Party
POL206908,CUST104676,Life,41500.0,1749000.0,12,2023-09-15,2024-09-09,Online,Term Life
POL206909,CUST102177,Health,3600.0,73000.0,24,2023-02-18,2025-02-07,Broker,Individual Health
POL206910,CUST102095,Property,30600.0,1549000.0,12,2021-09-07,2022-09-02,Online,Home Shield
POL206911,CUST101508,Motor,5300.0,82000.0,12,2024-01-08,2025-01-02,Online,Motor Comprehensive
POL206912,CUST104738,Health,22500.0,1052000.0,12,2022-09-04,2023-08-30,Agent,Critical Illness
POL206913,CUST101740,Motor,21700.0,835000.0,24,2023-08-13,2025-08-02,Direct,Motor Comprehensive
POL206914,CUST104297,Life,13000.0,485000.0,24,2024-05-13,2026-05-03,Agent,Endowment Plan
POL206915,CUST104960,Property,23900.0,1160000.0,60,2024-12-23,2029-11-27,Agent,Property All-Risk
POL206916,CUST102254,Life,8900.0,151000.0,12,2023-01-17,2024-01-12,Agent,Endowment Plan
POL206917,CUST103503,Health,7900.0,264000.0,36,2023-06-07,2026-05-22,Agent,Critical Illness
POL206918,CUST100124,Health,22800.0,1308000.0,60,2024-08-06,2029-07-11,Agent,Family Floater
POL206919,CUST103908,Life,11000.0,172000.0,6,2022-10-30,2023-04-28,Agent,Endowment Plan
POL206920,CUST104864,Marine,38800.0,2114000.0,6,2024-04-07,2024-10-04,Broker,Marine Cargo
POL206921,CUST100975,Life,22800.0,1007000.0,60,2023-12-29,2028-12-02,Bancassurance,Term Life
POL206922,CUST100050,Motor,18700.0,1045000.0,12,2023-02-10,2024-02-05,Agent,Motor Third-Party
POL206923,CUST100219,Health,11600.0,198000.0,12,2024-11-21,2025-11-16,Bancassurance,Family Floater
POL206924,CUST104280,Life,6800.0,349000.0,12,2022-05-12,2023-05-07,Online,Term Life
POL206925,CUST101219,Health,27500.0,1070000.0,12,2024-10-28,2025-10-23,Online,Critical Illness
POL206926,CUST102066,Life,27300.0,715000.0,12,2023-12-28,2024-12-22,Bancassurance,ULIP
POL206927,CUST101680,Marine,9600.0,347000.0,36,2023-04-03,2026-03-18,Online,Marine Cargo
POL206928,CUST101506,Property,6100.0,345000.0,12,2024-01-01,2024-12-26,Agent,Property All-Risk
POL206929,CUST100827,Motor,16000.0,556000.0,12,2022-02-07,2023-02-02,Broker,Motor Comprehensive
POL206930,CUST102041,Health,15400.0,326000.0,36,2023-01-29,2026-01-13,Broker,Critical Illness
POL206931,CUST104621,Life,24900.0,447000.0,36,2023-11-15,2026-10-30,Agent,ULIP
POL206932,CUST101784,Property,12900.0,202000.0,12,2021-07-20,2022-07-15,Bancassurance,Fire & Allied Perils
POL206933,CUST104007,Motor,36100.0,885000.0,12,2024-12-14,2025-12-09,Broker,Motor Own-Damage
POL206934,CUST103445,Motor,20500.0,814000.0,12,2022-04-13,2023-04-08,Agent,Motor Comprehensive
POL206935,CUST103986,Life,39500.0,1215000.0,12,2023-12-26,2024-12-20,Agent,ULIP
POL206936,CUST102863,Health,5900.0,321000.0,12,2022-12-01,2023-11-26,Agent,Individual Health
POL206937,CUST101856,Motor,17000.0,856000.0,24,2024-06-20,2026-06-10,Agent,Motor Comprehensive
POL206938,CUST101284,Travel,34300.0,1232000.0,12,2024-10-10,2025-10-05,Agent,Domestic Travel
POL206939,CUST101400,Health,6400.0,162000.0,12,2021-06-10,2022-06-05,Online,Critical Illness
POL206940,CUST102637,Motor,26200.0,882000.0,12,2024-02-04,2025-01-29,Agent,Motor Own-Damage
POL206941,CUST102020,Motor,4500.0,197000.0,6,2023-04-14,2023-10-11,Online,Motor Own-Damage
POL206942,CUST102024,Motor,36700.0,589000.0,12,2024-02-09,2025-02-03,Broker,Motor Own-Damage
POL206943,CUST101844,Motor,6800.0,374000.0,12,2024-08-03,2025-07-29,Broker,Motor Own-Damage
POL206944,CUST104603,Health,6200.0,276000.0,12,2021-10-26,2022-10-21,Online,Family Floater
POL206945,CUST103216,Motor,7200.0,420000.0,24,2024-05-26,2026-05-16,Bancassurance,Motor Third-Party
POL206946,CUST104461,Health,24100.0,1082000.0,12,2021-08-15,2022-08-10,Agent,Critical Illness
POL206947,CUST104640,Health,12800.0,401000.0,12,2022-04-06,2023-04-01,Bancassurance,Individual Health
POL206948,CUST103086,Life,14700.0,510000.0,36,2024-11-20,2027-11-05,Broker,Term Life
POL206949,CUST100458,Travel,8900.0,136000.0,24,2021-10-13,2023-10-03,Agent,Domestic Travel
POL206950,CUST104826,Travel,15600.0,274000.0,12,2022-02-24,2023-02-19,Agent,International Travel
POL206951,CUST102391,Health,33500.0,658000.0,24,2024-02-04,2026-01-24,Agent,Critical Illness
POL206952,CUST101875,Health,6500.0,213000.0,12,2023-08-15,2024-08-09,Bancassurance,Individual Health
POL206953,CUST102067,Life,83200.0,2322000.0,60,2024-04-17,2029-03-22,Agent,ULIP
POL206954,CUST100439,Health,13600.0,449000.0,24,2024-01-05,2025-12-25,Broker,Critical Illness
POL206955,CUST103321,Property,8400.0,280000.0,24,2021-12-13,2023-12-03,Bancassurance,Property All-Risk
POL206956,CUST100238,Life,6100.0,188000.0,24,2023-02-03,2025-01-23,Online,ULIP
POL206957,CUST103603,Motor,19200.0,732000.0,6,2021-03-28,2021-09-24,Broker,Motor Own-Damage
POL206958,CUST104167,Health,17700.0,1011000.0,12,2021-04-19,2022-04-14,Broker,Family Floater
POL206959,CUST102110,Property,7000.0,270000.0,12,2024-02-21,2025-02-15,Agent,Property All-Risk
POL206960,CUST101917,Health,30000.0,1557000.0,24,2022-05-06,2024-04-25,Online,Individual Health
POL206961,CUST103365,Life,21100.0,1057000.0,36,2022-12-21,2025-12-05,Online,Endowment Plan
POL206962,CUST104301,Life,29100.0,983000.0,12,2024-09-22,2025-09-17,Bancassurance,Term Life
POL206963,CUST100478,Health,31700.0,817000.0,12,2023-10-18,2024-10-12,Broker,Critical Illness
POL206964,CUST102293,Motor,6100.0,100000.0,12,2023-03-26,2024-03-20,Bancassurance,Motor Own-Damage
POL206965,CUST101614,Life,31600.0,553000.0,12,2023-03-17,2024-03-11,Agent,Term Life
POL206966,CUST100055,Motor,23100.0,574000.0,24,2024-10-20,2026-10-10,Agent,Motor Third-Party
POL206967,CUST100042,Life,20900.0,1138000.0,24,2022-06-15,2024-06-04,Online,ULIP
POL206968,CUST102643,Motor,13300.0,263000.0,12,2021-08-25,2022-08-20,Bancassurance,Motor Own-Damage
POL206969,CUST103818,Marine,30500.0,1590000.0,12,2024-09-10,2025-09-05,Online,Marine Cargo
POL206970,CUST102972,Life,33300.0,1185000.0,24,2021-04-10,2023-03-31,Broker,ULIP
POL206971,CUST101243,Motor,19900.0,877000.0,36,2024-05-27,2027-05-12,Online,Motor Own-Damage
POL206972,CUST102257,Property,20900.0,449000.0,12,2023-08-21,2024-08-15,Online,Home Shield
POL206973,CUST104828,Life,47700.0,2420000.0,24,2021-10-09,2023-09-29,Agent,Endowment Plan
POL206974,CUST104190,Life,2000.0,38000.0,12,2022-02-11,2023-02-06,Online,Term Life
POL206975,CUST100599,Health,35400.0,1364000.0,12,2022-08-07,2023-08-02,Bancassurance,Family Floater
POL206976,CUST103220,Health,16000.0,314000.0,24,2023-04-15,2025-04-04,Online,Individual Health
POL206977,CUST103123,Life,37200.0,1989000.0,60,2023-01-10,2027-12-15,Bancassurance,Term Life
POL206978,CUST101823,Health,8700.0,361000.0,12,2022-06-19,2023-06-14,Online,Family Floater
POL206979,CUST101822,Health,19600.0,775000.0,12,2023-03-10,2024-03-04,Online,Family Floater
POL206980,CUST103595,Motor,19400.0,529000.0,12,2021-12-30,2022-12-25,Broker,Motor Comprehensive
POL206981,CUST104674,Property,22100.0,840000.0,24,2021-01-03,2022-12-24,Bancassurance,Home Shield
POL206982,CUST101598,Travel,13700.0,218000.0,12,2021-05-09,2022-05-04,Broker,International Travel
POL206983,CUST104635,Health,11300.0,414000.0,12,2022-05-12,2023-05-07,Online,Critical Illness
POL206984,CUST104192,Health,22100.0,545000.0,24,2023-03-18,2025-03-07,Bancassurance,Individual Health
POL206985,CUST100263,Motor,23700.0,1307000.0,24,2021-06-13,2023-06-03,Bancassurance,Motor Own-Damage
POL206986,CUST101400,Property,15000.0,409000.0,12,2021-03-20,2022-03-15,Online,Fire & Allied Perils
POL206987,CUST102204,Motor,21500.0,817000.0,12,2024-01-27,2025-01-21,Bancassurance,Motor Own-Damage
POL206988,CUST103333,Property,41000.0,621000.0,24,2023-11-15,2025-11-04,Online,Home Shield
POL206989,CUST101133,Property,16800.0,814000.0,12,2022-12-12,2023-12-07,Online,Home Shield
POL206990,CUST102075,Health,3200.0,71000.0,24,2022-01-19,2024-01-09,Agent,Family Floater
POL206991,CUST100463,Property,20100.0,1205000.0,12,2023-07-02,2024-06-26,Bancassurance,Fire & Allied Perils
POL206992,CUST100505,Health,6800.0,192000.0,12,2021-07-26,2022-07-21,Bancassurance,Family Floater
POL206993,CUST102174,Health,18900.0,849000.0,12,2021-01-16,2022-01-11,Online,Individual Health
POL206994,CUST103148,Marine,27300.0,1589000.0,12,2024-04-27,2025-04-22,Online,Marine Hull
POL206995,CUST102261,Health,14600.0,716000.0,24,2024-01-22,2026-01-11,Agent,Critical Illness
POL206996,CUST101915,Motor,25500.0,784000.0,12,2024-08-09,2025-08-04,Online,Motor Third-Party
POL206997,CUST102489,Life,25900.0,1462000.0,12,2024-04-22,2025-04-17,Online,ULIP
POL206998,CUST103171,Life,31900.0,784000.0,24,2021-07-04,2023-06-24,Broker,Endowment Plan
POL206999,CUST103570,Life,44700.0,1947000.0,12,2021-03-25,2022-03-20,Bancassurance,ULIP
POL207000,CUST102699,Health,37300.0,1810000.0,12,2024-10-21,2025-10-16,Agent,Critical Illness
POL207001,CUST100459,Life,2500.0,78000.0,24,2024-07-14,2026-07-04,Agent,Endowment Plan
POL207002,CUST100207,Motor,11000.0,576000.0,6,2022-11-17,2023-05-16,Bancassurance,Motor Own-Damage
POL207003,CUST101714,Health,8500.0,308000.0,12,2023-04-07,2024-04-01,Online,Individual Health
POL207004,CUST101024,Motor,23200.0,1247000.0,12,2021-06-24,2022-06-19,Broker,Motor Comprehensive
POL207005,CUST102684,Life,14700.0,362000.0,60,2021-11-14,2026-10-19,Bancassurance,Endowment Plan
POL207006,CUST103502,Property,9400.0,520000.0,12,2022-06-24,2023-06-19,Online,Property All-Risk
POL207007,CUST101260,Motor,11200.0,437000.0,12,2021-12-07,2022-12-02,Online,Motor Third-Party
POL207008,CUST102338,Motor,12200.0,418000.0,12,2023-03-14,2024-03-08,Agent,Motor Comprehensive
POL207009,CUST101092,Property,25400.0,650000.0,12,2022-07-19,2023-07-14,Bancassurance,Home Shield
POL207010,CUST102332,Health,4900.0,96000.0,12,2022-01-19,2023-01-14,Agent,Critical Illness
POL207011,CUST101890,Health,9400.0,264000.0,12,2021-12-11,2022-12-06,Bancassurance,Critical Illness
POL207012,CUST100011,Health,2000.0,66000.0,24,2024-02-14,2026-02-03,Broker,Family Floater
POL207013,CUST103326,Health,25200.0,1057000.0,60,2023-07-31,2028-07-04,Online,Individual Health
POL207014,CUST101513,Motor,30200.0,1436000.0,24,2021-06-21,2023-06-11,Online,Motor Comprehensive
POL207015,CUST103739,Property,21300.0,360000.0,24,2024-01-11,2025-12-31,Broker,Home Shield
POL207016,CUST103347,Motor,23200.0,1341000.0,36,2024-07-15,2027-06-30,Agent,Motor Own-Damage
POL207017,CUST100975,Property,18200.0,477000.0,12,2022-01-07,2023-01-02,Bancassurance,Home Shield
POL207018,CUST104434,Property,21100.0,961000.0,12,2022-09-02,2023-08-28,Agent,Fire & Allied Perils
POL207019,CUST100111,Motor,3800.0,195000.0,60,2021-06-10,2026-05-15,Agent,Motor Third-Party
POL207020,CUST102870,Life,20600.0,696000.0,12,2024-11-27,2025-11-22,Online,Endowment Plan
POL207021,CUST104012,Life,8800.0,305000.0,12,2023-11-20,2024-11-14,Online,ULIP
POL207022,CUST102703,Travel,23400.0,401000.0,60,2022-10-16,2027-09-20,Agent,International Travel
POL207023,CUST102787,Life,13900.0,464000.0,12,2021-05-07,2022-05-02,Broker,Term Life
POL207024,CUST102351,Health,34900.0,1995000.0,12,2021-01-24,2022-01-19,Agent,Family Floater
POL207025,CUST100300,Life,18700.0,591000.0,24,2022-10-29,2024-10-18,Agent,Term Life
POL207026,CUST103392,Life,8300.0,460000.0,12,2022-07-24,2023-07-19,Bancassurance,Term Life
POL207027,CUST104764,Life,6400.0,298000.0,12,2022-09-22,2023-09-17,Bancassurance,Endowment Plan
POL207028,CUST103990,Health,9000.0,493000.0,12,2022-07-30,2023-07-25,Online,Individual Health
POL207029,CUST100293,Property,15700.0,374000.0,6,2024-10-20,2025-04-18,Online,Fire & Allied Perils
POL207030,CUST101103,Motor,33500.0,1511000.0,12,2022-06-08,2023-06-03,Online,Motor Own-Damage
POL207031,CUST104163,Travel,11900.0,232000.0,12,2022-08-25,2023-08-20,Bancassurance,International Travel
POL207032,CUST103569,Health,20100.0,742000.0,12,2024-01-04,2024-12-29,Agent,Individual Health
POL207033,CUST101832,Motor,6000.0,286000.0,24,2022-05-26,2024-05-15,Agent,Motor Third-Party
POL207034,CUST101219,Motor,23000.0,512000.0,12,2023-05-05,2024-04-29,Broker,Motor Third-Party
POL207035,CUST102311,Marine,14300.0,831000.0,24,2023-12-05,2025-11-24,Agent,Marine Cargo
POL207036,CUST100158,Property,19900.0,719000.0,36,2024-08-14,2027-07-30,Bancassurance,Fire & Allied Perils
POL207037,CUST100447,Health,36600.0,1286000.0,12,2021-02-15,2022-02-10,Broker,Family Floater
POL207038,CUST100373,Marine,16900.0,927000.0,60,2023-07-02,2028-06-05,Bancassurance,Marine Hull
POL207039,CUST104125,Motor,6600.0,354000.0,24,2023-02-14,2025-02-03,Direct,Motor Third-Party
POL207040,CUST100232,Motor,17800.0,1001000.0,60,2023-05-04,2028-04-07,Direct,Motor Third-Party
POL207041,CUST102763,Motor,17400.0,785000.0,12,2024-12-07,2025-12-02,Broker,Motor Own-Damage
POL207042,CUST101400,Health,25500.0,1142000.0,24,2022-02-02,2024-01-23,Bancassurance,Family Floater
POL207043,CUST103782,Health,16800.0,426000.0,12,2024-04-13,2025-04-08,Broker,Critical Illness
POL207044,CUST100635,Motor,35700.0,1728000.0,36,2023-08-24,2026-08-08,Online,Motor Comprehensive
POL207045,CUST104551,Motor,26200.0,1126000.0,12,2022-08-31,2023-08-26,Broker,Motor Third-Party
POL207046,CUST100426,Health,17000.0,517000.0,12,2023-10-21,2024-10-15,Agent,Critical Illness
POL207047,CUST104232,Motor,15800.0,924000.0,12,2024-02-15,2025-02-09,Agent,Motor Own-Damage
POL207048,CUST100737,Health,7600.0,280000.0,12,2021-03-06,2022-03-01,Online,Critical Illness
POL207049,CUST100148,Health,12700.0,604000.0,12,2023-03-18,2024-03-12,Bancassurance,Critical Illness
POL207050,CUST100190,Motor,5000.0,225000.0,12,2021-03-17,2022-03-12,Online,Motor Third-Party
POL207051,CUST103904,Motor,14600.0,226000.0,12,2021-02-12,2022-02-07,Broker,Motor Third-Party
POL207052,CUST101717,Life,4200.0,149000.0,6,2021-11-03,2022-05-02,Broker,Term Life
POL207053,CUST102083,Property,17300.0,732000.0,12,2021-10-20,2022-10-15,Agent,Property All-Risk
POL207054,CUST104114,Health,7200.0,432000.0,12,2023-05-03,2024-04-27,Agent,Individual Health
POL207055,CUST101308,Health,20300.0,445000.0,24,2024-04-24,2026-04-14,Online,Family Floater
POL207056,CUST102768,Travel,16400.0,749000.0,6,2023-07-18,2024-01-14,Bancassurance,Domestic Travel
POL207057,CUST101492,Property,11200.0,388000.0,24,2024-05-16,2026-05-06,Agent,Home Shield
POL207058,CUST100324,Health,5800.0,210000.0,12,2022-06-05,2023-05-31,Agent,Individual Health
POL207059,CUST104968,Property,15600.0,345000.0,12,2024-08-13,2025-08-08,Agent,Property All-Risk
POL207060,CUST101874,Health,14800.0,575000.0,12,2021-12-24,2022-12-19,Agent,Individual Health
POL207061,CUST104236,Health,43300.0,739000.0,12,2023-12-15,2024-12-09,Agent,Family Floater
POL207062,CUST102149,Life,12300.0,414000.0,12,2021-08-29,2022-08-24,Direct,Endowment Plan
POL207063,CUST104335,Health,24500.0,815000.0,12,2023-04-28,2024-04-22,Broker,Critical Illness
POL207064,CUST100862,Marine,9900.0,226000.0,12,2022-03-17,2023-03-12,Agent,Marine Cargo
POL207065,CUST102700,Motor,8100.0,485000.0,12,2023-06-17,2024-06-11,Online,Motor Third-Party
POL207066,CUST101865,Health,21400.0,1007000.0,12,2022-10-25,2023-10-20,Online,Critical Illness
POL207067,CUST104962,Motor,11800.0,684000.0,12,2021-06-12,2022-06-07,Bancassurance,Motor Own-Damage
POL207068,CUST101683,Life,15300.0,741000.0,12,2023-05-26,2024-05-20,Bancassurance,Term Life
POL207069,CUST103857,Motor,2500.0,93000.0,24,2023-12-24,2025-12-13,Agent,Motor Own-Damage
POL207070,CUST102469,Health,10200.0,434000.0,12,2024-06-25,2025-06-20,Online,Family Floater
POL207071,CUST102003,Marine,11200.0,253000.0,24,2024-08-23,2026-08-13,Agent,Marine Cargo
POL207072,CUST103486,Motor,7500.0,164000.0,24,2023-07-16,2025-07-05,Bancassurance,Motor Third-Party
POL207073,CUST103223,Motor,12600.0,465000.0,12,2023-07-30,2024-07-24,Bancassurance,Motor Own-Damage
POL207074,CUST102394,Health,4600.0,111000.0,12,2023-03-09,2024-03-03,Broker,Critical Illness
POL207075,CUST100276,Health,17300.0,859000.0,12,2024-09-24,2025-09-19,Broker,Individual Health
POL207076,CUST100369,Motor,60300.0,1710000.0,12,2022-05-20,2023-05-15,Online,Motor Own-Damage
POL207077,CUST102993,Motor,12600.0,239000.0,36,2022-12-29,2025-12-13,Agent,Motor Own-Damage
POL207078,CUST100276,Motor,12100.0,500000.0,24,2022-09-22,2024-09-11,Online,Motor Third-Party
POL207079,CUST103028,Motor,21600.0,864000.0,12,2022-04-26,2023-04-21,Online,Motor Third-Party
POL207080,CUST104439,Property,7700.0,206000.0,24,2023-07-31,2025-07-20,Online,Fire & Allied Perils
POL207081,CUST103946,Health,36500.0,759000.0,24,2021-03-29,2023-03-19,Bancassurance,Family Floater
POL207082,CUST103473,Health,7500.0,325000.0,6,2023-07-20,2024-01-16,Agent,Individual Health
POL207083,CUST101368,Motor,26500.0,1280000.0,12,2024-05-06,2025-05-01,Online,Motor Third-Party
POL207084,CUST103285,Travel,33300.0,783000.0,12,2021-11-05,2022-10-31,Bancassurance,Domestic Travel
POL207085,CUST100916,Property,3600.0,175000.0,12,2021-12-16,2022-12-11,Bancassurance,Fire & Allied Perils
POL207086,CUST104566,Health,9500.0,423000.0,12,2024-03-28,2025-03-23,Online,Family Floater
POL207087,CUST100450,Life,6000.0,299000.0,6,2022-03-09,2022-09-05,Online,Endowment Plan
POL207088,CUST102707,Health,21100.0,377000.0,6,2024-04-26,2024-10-23,Broker,Individual Health
POL207089,CUST102431,Motor,10400.0,608000.0,36,2023-07-06,2026-06-20,Agent,Motor Comprehensive
POL207090,CUST100368,Health,7800.0,349000.0,12,2024-12-04,2025-11-29,Bancassurance,Individual Health
POL207091,CUST100932,Health,13800.0,368000.0,12,2022-11-28,2023-11-23,Bancassurance,Individual Health
POL207092,CUST103571,Health,15700.0,855000.0,24,2024-07-29,2026-07-19,Agent,Individual Health
POL207093,CUST102978,Health,30700.0,1263000.0,24,2024-09-08,2026-08-29,Agent,Critical Illness
POL207094,CUST100811,Life,30800.0,685000.0,12,2021-05-29,2022-05-24,Broker,ULIP
POL207095,CUST100702,Marine,9300.0,496000.0,12,2021-11-12,2022-11-07,Broker,Marine Hull
POL207096,CUST103330,Marine,5100.0,242000.0,12,2022-09-28,2023-09-23,Agent,Marine Hull
POL207097,CUST103303,Health,19400.0,536000.0,12,2022-02-02,2023-01-28,Agent,Family Floater
POL207098,CUST102003,Life,13400.0,529000.0,24,2021-03-25,2023-03-15,Agent,ULIP
POL207099,CUST100101,Health,32100.0,1058000.0,60,2024-11-19,2029-10-24,Broker,Individual Health
POL207100,CUST100141,Health,32800.0,502000.0,12,2024-01-28,2025-01-22,Online,Critical Illness
POL207101,CUST100754,Life,20100.0,734000.0,12,2022-05-27,2023-05-22,Direct,ULIP
POL207102,CUST100277,Motor,16900.0,433000.0,12,2024-06-27,2025-06-22,Direct,Motor Comprehensive
POL207103,CUST102783,Marine,18000.0,395000.0,36,2024-09-23,2027-09-08,Agent,Marine Hull
POL207104,CUST101963,Motor,16700.0,320000.0,24,2022-12-16,2024-12-05,Agent,Motor Third-Party
POL207105,CUST101086,Motor,17800.0,446000.0,24,2021-07-15,2023-07-05,Agent,Motor Third-Party
POL207106,CUST102972,Motor,11300.0,556000.0,36,2021-09-29,2024-09-13,Bancassurance,Motor Own-Damage
POL207107,CUST103522,Property,10500.0,327000.0,12,2024-04-21,2025-04-16,Broker,Fire & Allied Perils
POL207108,CUST100854,Motor,11900.0,253000.0,36,2022-11-02,2025-10-17,Online,Motor Third-Party
POL207109,CUST103125,Life,41800.0,946000.0,36,2023-01-13,2025-12-28,Agent,ULIP
POL207110,CUST100533,Health,2500.0,111000.0,24,2021-07-11,2023-07-01,Bancassurance,Critical Illness
POL207111,CUST102999,Life,10400.0,345000.0,12,2021-02-18,2022-02-13,Online,Term Life
POL207112,CUST101881,Life,11800.0,507000.0,36,2021-05-12,2024-04-26,Agent,Endowment Plan
POL207113,CUST100548,Travel,19400.0,337000.0,6,2023-10-23,2024-04-20,Agent,International Travel
POL207114,CUST104020,Health,10000.0,478000.0,12,2021-06-28,2022-06-23,Online,Critical Illness
POL207115,CUST100913,Health,33900.0,1977000.0,12,2024-05-11,2025-05-06,Bancassurance,Individual Health
POL207116,CUST103920,Motor,29300.0,1477000.0,12,2021-05-29,2022-05-24,Agent,Motor Comprehensive
POL207117,CUST101826,Health,35000.0,1662000.0,24,2021-09-23,2023-09-13,Broker,Critical Illness
POL207118,CUST103420,Property,17100.0,409000.0,12,2024-07-27,2025-07-22,Broker,Property All-Risk
POL207119,CUST103535,Motor,32400.0,1077000.0,12,2023-02-16,2024-02-11,Broker,Motor Own-Damage
POL207120,CUST102126,Travel,9300.0,205000.0,12,2021-02-14,2022-02-09,Bancassurance,Domestic Travel
POL207121,CUST103334,Motor,15600.0,769000.0,6,2021-10-09,2022-04-07,Online,Motor Comprehensive
POL207122,CUST102209,Property,3700.0,179000.0,12,2022-02-17,2023-02-12,Online,Home Shield
POL207123,CUST103031,Life,21000.0,431000.0,6,2022-01-28,2022-07-27,Bancassurance,Endowment Plan
POL207124,CUST101129,Marine,20800.0,1010000.0,24,2021-10-28,2023-10-18,Agent,Marine Cargo
POL207125,CUST102126,Health,17200.0,700000.0,12,2022-05-22,2023-05-17,Direct,Critical Illness
POL207126,CUST100685,Life,13300.0,786000.0,12,2022-10-12,2023-10-07,Bancassurance,Endowment Plan
POL207127,CUST102078,Motor,25100.0,1494000.0,12,2021-05-10,2022-05-05,Agent,Motor Comprehensive
POL207128,CUST100079,Health,31600.0,589000.0,12,2022-01-08,2023-01-03,Agent,Family Floater
POL207129,CUST102048,Property,42900.0,2259000.0,24,2024-12-06,2026-11-26,Bancassurance,Fire & Allied Perils
POL207130,CUST104300,Motor,20300.0,451000.0,12,2022-01-01,2022-12-27,Bancassurance,Motor Comprehensive
POL207131,CUST101806,Property,14900.0,592000.0,12,2021-08-23,2022-08-18,Agent,Fire & Allied Perils
POL207132,CUST102480,Health,11100.0,419000.0,24,2024-07-27,2026-07-17,Bancassurance,Individual Health
POL207133,CUST104280,Health,22000.0,601000.0,12,2021-04-30,2022-04-25,Agent,Individual Health
POL207134,CUST100015,Life,9200.0,437000.0,12,2023-08-24,2024-08-18,Broker,Endowment Plan
POL207135,CUST103353,Motor,21100.0,825000.0,12,2021-03-31,2022-03-26,Online,Motor Own-Damage
POL207136,CUST102645,Life,9400.0,404000.0,12,2022-03-09,2023-03-04,Bancassurance,Endowment Plan
POL207137,CUST101715,Marine,15300.0,705000.0,60,2023-09-20,2028-08-24,Online,Marine Cargo
POL207138,CUST101291,Motor,8600.0,286000.0,36,2022-04-15,2025-03-30,Broker,Motor Third-Party
POL207139,CUST102963,Motor,11700.0,197000.0,24,2023-06-25,2025-06-14,Agent,Motor Comprehensive
POL207140,CUST102136,Motor,19900.0,529000.0,24,2022-06-24,2024-06-13,Online,Motor Own-Damage
POL207141,CUST101976,Health,27000.0,618000.0,36,2022-05-17,2025-05-01,Bancassurance,Family Floater
POL207142,CUST103362,Life,12900.0,631000.0,12,2022-08-02,2023-07-28,Online,ULIP
POL207143,CUST101997,Marine,2700.0,71000.0,12,2021-03-14,2022-03-09,Online,Marine Cargo
POL207144,CUST104048,Health,4200.0,132000.0,12,2021-10-02,2022-09-27,Agent,Individual Health
POL207145,CUST101424,Motor,4400.0,154000.0,36,2023-05-27,2026-05-11,Online,Motor Own-Damage
POL207146,CUST103502,Motor,33000.0,1735000.0,24,2022-05-26,2024-05-15,Agent,Motor Own-Damage
POL207147,CUST102816,Health,57100.0,3026000.0,12,2024-11-15,2025-11-10,Broker,Family Floater
POL207148,CUST104481,Health,14700.0,366000.0,12,2024-06-30,2025-06-25,Agent,Critical Illness
POL207149,CUST102001,Marine,4600.0,154000.0,12,2023-12-14,2024-12-08,Bancassurance,Marine Cargo
POL207150,CUST101173,Motor,8000.0,208000.0,12,2023-11-17,2024-11-11,Broker,Motor Third-Party
POL207151,CUST101992,Property,7400.0,436000.0,12,2024-03-12,2025-03-07,Agent,Property All-Risk
POL207152,CUST103306,Health,32000.0,1248000.0,12,2021-02-26,2022-02-21,Online,Family Floater
POL207153,CUST102149,Property,12000.0,180000.0,12,2021-10-27,2022-10-22,Agent,Fire & Allied Perils
POL207154,CUST104449,Property,80100.0,1528000.0,12,2024-03-28,2025-03-23,Agent,Home Shield
POL207155,CUST100779,Property,7200.0,385000.0,12,2024-09-05,2025-08-31,Broker,Fire & Allied Perils
POL207156,CUST101542,Health,7800.0,257000.0,12,2022-08-17,2023-08-12,Agent,Individual Health
POL207157,CUST104916,Health,11900.0,663000.0,12,2023-02-20,2024-02-15,Agent,Individual Health
POL207158,CUST103997,Motor,11100.0,498000.0,12,2023-11-24,2024-11-18,Broker,Motor Own-Damage
POL207159,CUST100384,Motor,29100.0,1135000.0,12,2022-10-11,2023-10-06,Online,Motor Own-Damage
POL207160,CUST104701,Life,16300.0,842000.0,12,2022-07-28,2023-07-23,Agent,Term Life
POL207161,CUST102129,Travel,22900.0,1096000.0,12,2024-12-20,2025-12-15,Agent,Domestic Travel
POL207162,CUST103219,Life,18900.0,778000.0,12,2024-02-07,2025-02-01,Agent,Endowment Plan
POL207163,CUST100083,Health,18900.0,356000.0,36,2024-09-23,2027-09-08,Agent,Individual Health
POL207164,CUST100821,Motor,13900.0,710000.0,12,2023-08-28,2024-08-22,Agent,Motor Comprehensive
POL207165,CUST103492,Life,30400.0,1593000.0,6,2021-05-06,2021-11-02,Bancassurance,Endowment Plan
POL207166,CUST101304,Motor,26700.0,1474000.0,24,2023-09-09,2025-08-29,Bancassurance,Motor Third-Party
POL207167,CUST100588,Motor,9200.0,180000.0,60,2022-07-03,2027-06-07,Online,Motor Third-Party
POL207168,CUST103399,Motor,12100.0,711000.0,60,2024-07-11,2029-06-15,Broker,Motor Own-Damage
POL207169,CUST101086,Property,8500.0,295000.0,12,2024-09-02,2025-08-28,Bancassurance,Fire & Allied Perils
POL207170,CUST104330,Health,16800.0,417000.0,12,2024-04-20,2025-04-15,Agent,Critical Illness
POL207171,CUST100893,Travel,20000.0,940000.0,24,2023-03-02,2025-02-19,Online,International Travel
POL207172,CUST100118,Health,11200.0,558000.0,24,2022-12-20,2024-12-09,Bancassurance,Critical Illness
POL207173,CUST101952,Life,12300.0,185000.0,12,2022-03-25,2023-03-20,Agent,Endowment Plan
POL207174,CUST101631,Property,9100.0,270000.0,12,2023-08-25,2024-08-19,Bancassurance,Fire & Allied Perils
POL207175,CUST103192,Property,7900.0,285000.0,12,2023-06-23,2024-06-17,Direct,Home Shield
POL207176,CUST101167,Motor,12000.0,639000.0,12,2022-07-08,2023-07-03,Agent,Motor Third-Party
POL207177,CUST104903,Motor,14100.0,224000.0,12,2024-10-31,2025-10-26,Agent,Motor Third-Party
POL207178,CUST102110,Motor,9000.0,439000.0,12,2023-08-22,2024-08-16,Agent,Motor Own-Damage
POL207179,CUST103545,Health,7500.0,427000.0,24,2022-02-09,2024-01-30,Agent,Individual Health
POL207180,CUST103842,Motor,48800.0,2800000.0,12,2022-01-25,2023-01-20,Online,Motor Own-Damage
POL207181,CUST104420,Life,11500.0,289000.0,12,2021-07-30,2022-07-25,Agent,ULIP
POL207182,CUST102514,Health,17700.0,757000.0,24,2023-04-16,2025-04-05,Online,Critical Illness
POL207183,CUST101137,Travel,22100.0,806000.0,12,2022-09-16,2023-09-11,Broker,Domestic Travel
POL207184,CUST102591,Property,18900.0,808000.0,12,2024-04-03,2025-03-29,Direct,Home Shield
POL207185,CUST102128,Life,23500.0,930000.0,12,2021-05-19,2022-05-14,Online,ULIP
POL207186,CUST103045,Life,16900.0,941000.0,36,2023-01-08,2025-12-23,Agent,Term Life
POL207187,CUST101181,Motor,5300.0,254000.0,12,2021-05-24,2022-05-19,Broker,Motor Own-Damage
POL207188,CUST102578,Motor,17400.0,689000.0,6,2023-09-24,2024-03-22,Broker,Motor Comprehensive
POL207189,CUST104788,Health,12900.0,772000.0,12,2023-04-07,2024-04-01,Agent,Individual Health
POL207190,CUST103441,Marine,8700.0,498000.0,12,2022-02-24,2023-02-19,Online,Marine Hull
POL207191,CUST104787,Motor,40800.0,887000.0,12,2024-12-18,2025-12-13,Agent,Motor Comprehensive
POL207192,CUST100535,Health,4200.0,183000.0,36,2024-04-11,2027-03-27,Online,Family Floater
POL207193,CUST103268,Property,20600.0,1177000.0,60,2021-10-13,2026-09-17,Online,Property All-Risk
POL207194,CUST100114,Health,19900.0,1055000.0,24,2022-11-21,2024-11-10,Agent,Critical Illness
POL207195,CUST101015,Marine,35200.0,1944000.0,12,2023-10-02,2024-09-26,Agent,Marine Hull
POL207196,CUST104133,Travel,18600.0,795000.0,12,2022-08-03,2023-07-29,Bancassurance,Domestic Travel
POL207197,CUST100505,Motor,10800.0,200000.0,12,2022-11-12,2023-11-07,Agent,Motor Own-Damage
POL207198,CUST102394,Life,4000.0,63000.0,6,2021-02-14,2021-08-13,Bancassurance,ULIP
POL207199,CUST100349,Motor,4500.0,129000.0,60,2022-12-09,2027-11-13,Direct,Motor Third-Party
POL207200,CUST101492,Health,11600.0,496000.0,12,2021-05-26,2022-05-21,Agent,Critical Illness
POL207201,CUST100617,Marine,32000.0,1813000.0,24,2024-05-12,2026-05-02,Agent,Marine Cargo
POL207202,CUST102271,Motor,5100.0,167000.0,12,2021-07-01,2022-06-26,Bancassurance,Motor Third-Party
POL207203,CUST103214,Travel,17100.0,739000.0,24,2021-04-03,2023-03-24,Bancassurance,International Travel
POL207204,CUST103250,Travel,30200.0,1178000.0,24,2022-12-11,2024-11-30,Agent,Domestic Travel
POL207205,CUST104662,Life,38900.0,997000.0,12,2022-08-09,2023-08-04,Online,Endowment Plan
POL207206,CUST100608,Health,13400.0,390000.0,12,2021-04-23,2022-04-18,Agent,Individual Health
POL207207,CUST102002,Motor,2800.0,89000.0,12,2023-04-28,2024-04-22,Agent,Motor Third-Party
POL207208,CUST102618,Health,27800.0,1373000.0,12,2023-06-25,2024-06-19,Broker,Critical Illness
POL207209,CUST100430,Motor,11600.0,523000.0,6,2023-05-23,2023-11-19,Broker,Motor Third-Party
POL207210,CUST100553,Motor,21000.0,763000.0,24,2021-08-17,2023-08-07,Online,Motor Comprehensive
POL207211,CUST101551,Motor,21300.0,1270000.0,12,2021-02-17,2022-02-12,Agent,Motor Own-Damage
POL207212,CUST104297,Life,8400.0,239000.0,12,2023-06-28,2024-06-22,Broker,Term Life
POL207213,CUST102931,Motor,2100.0,101000.0,24,2024-11-08,2026-10-29,Agent,Motor Third-Party
POL207214,CUST102811,Health,16800.0,336000.0,12,2023-01-19,2024-01-14,Bancassurance,Critical Illness
POL207215,CUST102755,Life,25100.0,887000.0,24,2023-12-23,2025-12-12,Broker,Endowment Plan
POL207216,CUST104054,Motor,28900.0,1446000.0,6,2022-02-20,2022-08-19,Online,Motor Comprehensive
POL207217,CUST102724,Health,19500.0,712000.0,12,2021-04-28,2022-04-23,Bancassurance,Individual Health
POL207218,CUST103605,Motor,24200.0,1001000.0,36,2022-11-09,2025-10-24,Bancassurance,Motor Comprehensive
POL207219,CUST101547,Motor,9600.0,350000.0,36,2021-04-04,2024-03-19,Agent,Motor Third-Party
POL207220,CUST104076,Motor,30200.0,760000.0,12,2022-11-04,2023-10-30,Online,Motor Own-Damage
POL207221,CUST100161,Motor,26300.0,1425000.0,12,2022-04-25,2023-04-20,Broker,Motor Comprehensive
POL207222,CUST101709,Health,22300.0,1001000.0,24,2021-07-12,2023-07-02,Broker,Critical Illness
POL207223,CUST101250,Motor,10200.0,494000.0,12,2024-09-12,2025-09-07,Bancassurance,Motor Comprehensive
POL207224,CUST100697,Health,16000.0,923000.0,6,2022-11-08,2023-05-07,Direct,Family Floater
POL207225,CUST102684,Life,12800.0,591000.0,24,2023-07-28,2025-07-17,Agent,Endowment Plan
POL207226,CUST104458,Life,13400.0,240000.0,24,2023-07-26,2025-07-15,Agent,ULIP
POL207227,CUST100812,Health,23400.0,1014000.0,24,2024-07-13,2026-07-03,Online,Individual Health
POL207228,CUST104423,Travel,22200.0,838000.0,12,2023-10-11,2024-10-05,Direct,International Travel
POL207229,CUST104285,Property,3300.0,82000.0,12,2022-02-12,2023-02-07,Direct,Property All-Risk
POL207230,CUST104416,Life,10000.0,417000.0,12,2024-07-27,2025-07-22,Bancassurance,Term Life
POL207231,CUST100030,Health,19900.0,901000.0,24,2024-04-26,2026-04-16,Direct,Critical Illness
POL207232,CUST104946,Motor,13600.0,546000.0,12,2023-11-22,2024-11-16,Online,Motor Third-Party
POL207233,CUST102137,Health,6900.0,151000.0,12,2021-08-15,2022-08-10,Online,Family Floater
POL207234,CUST102980,Health,28300.0,1233000.0,12,2023-02-19,2024-02-14,Bancassurance,Critical Illness
POL207235,CUST101524,Travel,80600.0,1299000.0,12,2024-12-03,2025-11-28,Agent,Domestic Travel
POL207236,CUST102562,Travel,6900.0,153000.0,12,2022-03-13,2023-03-08,Agent,International Travel
POL207237,CUST102750,Motor,3500.0,178000.0,12,2024-08-03,2025-07-29,Online,Motor Third-Party
POL207238,CUST103986,Travel,37400.0,1385000.0,6,2022-11-13,2023-05-12,Broker,International Travel
POL207239,CUST101707,Life,9100.0,378000.0,24,2023-02-03,2025-01-23,Online,Term Life
POL207240,CUST100550,Life,24400.0,738000.0,12,2024-11-25,2025-11-20,Online,Endowment Plan
POL207241,CUST102932,Marine,9000.0,364000.0,12,2022-02-26,2023-02-21,Bancassurance,Marine Cargo
POL207242,CUST103915,Health,42200.0,705000.0,6,2024-10-11,2025-04-09,Bancassurance,Family Floater
POL207243,CUST100078,Health,25600.0,412000.0,12,2024-03-30,2025-03-25,Broker,Critical Illness
POL207244,CUST104061,Property,9000.0,501000.0,6,2023-12-13,2024-06-10,Agent,Fire & Allied Perils
POL207245,CUST104017,Motor,8100.0,226000.0,12,2021-03-12,2022-03-07,Online,Motor Own-Damage
POL207246,CUST102885,Life,8600.0,440000.0,24,2021-02-18,2023-02-08,Agent,Term Life
POL207247,CUST104740,Property,11600.0,444000.0,24,2022-05-01,2024-04-20,Online,Fire & Allied Perils
POL207248,CUST101939,Marine,29000.0,533000.0,12,2021-04-05,2022-03-31,Bancassurance,Marine Hull
POL207249,CUST100667,Motor,3900.0,70000.0,12,2022-05-08,2023-05-03,Agent,Motor Comprehensive
POL207250,CUST103281,Life,10000.0,178000.0,12,2024-11-24,2025-11-19,Agent,Term Life
POL207251,CUST103049,Motor,25900.0,974000.0,24,2024-02-28,2026-02-17,Online,Motor Own-Damage
POL207252,CUST104575,Property,26400.0,792000.0,12,2024-03-29,2025-03-24,Agent,Home Shield
POL207253,CUST101121,Health,30800.0,1817000.0,60,2023-05-19,2028-04-22,Direct,Individual Health
POL207254,CUST100789,Life,5700.0,113000.0,12,2022-12-14,2023-12-09,Agent,Term Life
POL207255,CUST103395,Property,13200.0,434000.0,60,2022-08-03,2027-07-08,Direct,Fire & Allied Perils
POL207256,CUST101555,Health,9600.0,150000.0,12,2022-08-08,2023-08-03,Bancassurance,Critical Illness
POL207257,CUST100924,Health,39500.0,1684000.0,36,2022-08-28,2025-08-12,Online,Individual Health
POL207258,CUST103357,Health,16900.0,325000.0,36,2021-09-25,2024-09-09,Agent,Individual Health
POL207259,CUST100926,Life,8100.0,370000.0,12,2021-03-12,2022-03-07,Agent,ULIP
POL207260,CUST104166,Life,38100.0,1804000.0,60,2023-01-28,2028-01-02,Online,Endowment Plan
POL207261,CUST101555,Property,14200.0,843000.0,12,2023-01-30,2024-01-25,Broker,Fire & Allied Perils
POL207262,CUST103260,Motor,16700.0,417000.0,12,2023-08-09,2024-08-03,Broker,Motor Third-Party
POL207263,CUST102886,Health,43300.0,1929000.0,12,2021-10-01,2022-09-26,Online,Critical Illness
POL207264,CUST102954,Health,17400.0,500000.0,12,2021-07-07,2022-07-02,Broker,Individual Health
POL207265,CUST101520,Motor,32500.0,933000.0,12,2024-10-21,2025-10-16,Direct,Motor Own-Damage
POL207266,CUST100428,Life,11800.0,632000.0,12,2022-11-23,2023-11-18,Online,ULIP
POL207267,CUST103197,Health,25100.0,1382000.0,12,2022-02-10,2023-02-05,Bancassurance,Critical Illness
POL207268,CUST102168,Motor,18200.0,493000.0,12,2022-06-04,2023-05-30,Agent,Motor Third-Party
POL207269,CUST104884,Life,27800.0,1165000.0,6,2021-03-25,2021-09-21,Bancassurance,Term Life
POL207270,CUST104450,Health,16900.0,816000.0,24,2024-07-20,2026-07-10,Broker,Family Floater
POL207271,CUST100372,Life,16600.0,502000.0,12,2024-03-17,2025-03-12,Agent,ULIP
POL207272,CUST101808,Motor,31600.0,693000.0,12,2023-11-05,2024-10-30,Broker,Motor Own-Damage
POL207273,CUST102078,Motor,9900.0,512000.0,12,2024-03-03,2025-02-26,Broker,Motor Comprehensive
POL207274,CUST101905,Motor,10800.0,416000.0,24,2024-08-11,2026-08-01,Agent,Motor Third-Party
POL207275,CUST103616,Health,47400.0,1304000.0,24,2023-08-06,2025-07-26,Agent,Family Floater
POL207276,CUST101787,Life,9500.0,154000.0,60,2022-06-06,2027-05-11,Online,Endowment Plan
POL207277,CUST100764,Life,12100.0,649000.0,24,2021-05-20,2023-05-10,Agent,ULIP
POL207278,CUST101813,Motor,9600.0,336000.0,12,2021-08-26,2022-08-21,Online,Motor Comprehensive
POL207279,CUST103935,Life,11000.0,440000.0,36,2022-10-11,2025-09-25,Bancassurance,ULIP
POL207280,CUST102023,Health,5400.0,114000.0,12,2024-04-27,2025-04-22,Agent,Critical Illness
POL207281,CUST101427,Property,22100.0,414000.0,12,2022-05-08,2023-05-03,Agent,Property All-Risk
POL207282,CUST103866,Motor,24500.0,760000.0,12,2022-09-11,2023-09-06,Broker,Motor Own-Damage
POL207283,CUST100329,Life,2900.0,73000.0,12,2024-10-13,2025-10-08,Broker,Term Life
POL207284,CUST102275,Life,12600.0,208000.0,12,2023-04-17,2024-04-11,Agent,Endowment Plan
POL207285,CUST100515,Life,12400.0,284000.0,6,2024-07-18,2025-01-14,Agent,Endowment Plan
POL207286,CUST103035,Health,7100.0,315000.0,12,2023-11-20,2024-11-14,Online,Family Floater
POL207287,CUST104499,Motor,6900.0,181000.0,12,2023-01-26,2024-01-21,Broker,Motor Own-Damage
POL207288,CUST102212,Motor,12200.0,713000.0,24,2023-06-28,2025-06-17,Broker,Motor Comprehensive
POL207289,CUST104908,Property,31300.0,1738000.0,12,2023-12-02,2024-11-26,Broker,Property All-Risk
POL207290,CUST104369,Life,18600.0,568000.0,12,2024-03-17,2025-03-12,Bancassurance,Term Life
POL207291,CUST103638,Health,19000.0,962000.0,12,2023-10-25,2024-10-19,Agent,Individual Health
POL207292,CUST100893,Health,10500.0,242000.0,12,2021-09-15,2022-09-10,Agent,Individual Health
POL207293,CUST100164,Motor,7200.0,259000.0,24,2021-12-30,2023-12-20,Agent,Motor Comprehensive
POL207294,CUST100614,Health,43300.0,1486000.0,12,2021-05-08,2022-05-03,Bancassurance,Individual Health
POL207295,CUST101740,Life,30400.0,1650000.0,12,2022-02-23,2023-02-18,Agent,ULIP
POL207296,CUST102038,Motor,29300.0,974000.0,12,2022-05-08,2023-05-03,Direct,Motor Third-Party
POL207297,CUST101050,Marine,19200.0,428000.0,12,2021-07-04,2022-06-29,Online,Marine Cargo
POL207298,CUST104871,Motor,27500.0,1277000.0,24,2023-02-09,2025-01-29,Broker,Motor Comprehensive
POL207299,CUST103714,Life,23300.0,1021000.0,12,2024-09-27,2025-09-22,Broker,ULIP
POL207300,CUST103498,Health,8200.0,242000.0,6,2024-01-08,2024-07-06,Bancassurance,Family Floater
POL207301,CUST103255,Property,44100.0,2134000.0,12,2024-06-16,2025-06-11,Agent,Fire & Allied Perils
POL207302,CUST103081,Property,27800.0,1218000.0,12,2024-02-29,2025-02-23,Agent,Property All-Risk
POL207303,CUST104409,Health,14300.0,314000.0,24,2024-06-18,2026-06-08,Broker,Individual Health
POL207304,CUST101951,Health,6600.0,159000.0,12,2023-04-10,2024-04-04,Agent,Family Floater
POL207305,CUST100702,Travel,6900.0,309000.0,12,2022-12-06,2023-12-01,Online,International Travel
POL207306,CUST101475,Life,19200.0,807000.0,12,2024-02-03,2025-01-28,Bancassurance,ULIP
POL207307,CUST101144,Motor,14900.0,247000.0,36,2023-05-22,2026-05-06,Bancassurance,Motor Third-Party
POL207308,CUST104782,Property,11000.0,292000.0,24,2023-04-17,2025-04-06,Direct,Fire & Allied Perils
POL207309,CUST102835,Health,18800.0,360000.0,36,2024-05-24,2027-05-09,Agent,Individual Health
POL207310,CUST102134,Motor,16000.0,941000.0,24,2021-12-22,2023-12-12,Online,Motor Comprehensive
POL207311,CUST100128,Property,13800.0,507000.0,12,2021-04-15,2022-04-10,Agent,Home Shield
POL207312,CUST103555,Travel,7300.0,276000.0,12,2023-12-29,2024-12-23,Agent,International Travel
POL207313,CUST103233,Motor,16000.0,345000.0,12,2023-10-24,2024-10-18,Online,Motor Third-Party
POL207314,CUST104052,Health,33900.0,1223000.0,60,2023-05-22,2028-04-25,Bancassurance,Critical Illness
POL207315,CUST100655,Motor,6700.0,391000.0,24,2021-08-31,2023-08-21,Agent,Motor Third-Party
POL207316,CUST103287,Marine,32600.0,1758000.0,12,2023-04-09,2024-04-03,Online,Marine Hull
POL207317,CUST101809,Property,33400.0,1225000.0,24,2022-12-15,2024-12-04,Direct,Fire & Allied Perils
POL207318,CUST101163,Marine,18100.0,989000.0,60,2024-03-27,2029-03-01,Agent,Marine Cargo
POL207319,CUST101119,Motor,18100.0,615000.0,12,2021-12-31,2022-12-26,Agent,Motor Own-Damage
POL207320,CUST101439,Motor,16900.0,719000.0,36,2021-02-25,2024-02-10,Online,Motor Comprehensive
POL207321,CUST103665,Health,20400.0,657000.0,12,2023-09-16,2024-09-10,Broker,Critical Illness
POL207322,CUST100114,Motor,12600.0,575000.0,12,2021-12-05,2022-11-30,Online,Motor Third-Party
POL207323,CUST104736,Motor,22900.0,1067000.0,12,2022-06-06,2023-06-01,Bancassurance,Motor Own-Damage
POL207324,CUST104846,Motor,3500.0,69000.0,12,2023-09-29,2024-09-23,Agent,Motor Comprehensive
POL207325,CUST104839,Life,52000.0,2883000.0,12,2022-06-01,2023-05-27,Agent,Term Life
POL207326,CUST104173,Life,25500.0,670000.0,12,2021-11-16,2022-11-11,Broker,Term Life
POL207327,CUST101618,Property,18900.0,932000.0,12,2021-02-08,2022-02-03,Agent,Fire & Allied Perils
POL207328,CUST102020,Motor,25000.0,1435000.0,12,2021-10-09,2022-10-04,Online,Motor Own-Damage
POL207329,CUST100633,Property,17000.0,479000.0,6,2021-01-15,2021-07-14,Online,Property All-Risk
POL207330,CUST104462,Health,23900.0,1407000.0,24,2024-10-20,2026-10-10,Online,Individual Health
POL207331,CUST103852,Health,17000.0,847000.0,12,2022-04-04,2023-03-30,Agent,Family Floater
POL207332,CUST100768,Life,12800.0,614000.0,36,2024-09-22,2027-09-07,Online,ULIP
POL207333,CUST104950,Property,21500.0,425000.0,12,2022-07-03,2023-06-28,Online,Property All-Risk
POL207334,CUST100210,Motor,19100.0,685000.0,12,2022-11-16,2023-11-11,Broker,Motor Third-Party
POL207335,CUST103837,Property,22600.0,820000.0,36,2021-06-28,2024-06-12,Direct,Home Shield
POL207336,CUST100676,Health,11500.0,636000.0,6,2021-05-31,2021-11-27,Online,Family Floater
POL207337,CUST103748,Life,4400.0,163000.0,24,2021-12-08,2023-11-28,Online,ULIP
POL207338,CUST104417,Property,18300.0,592000.0,12,2024-02-21,2025-02-15,Agent,Home Shield
POL207339,CUST104751,Life,24700.0,842000.0,24,2024-10-22,2026-10-12,Bancassurance,Endowment Plan
POL207340,CUST100802,Life,43900.0,2562000.0,60,2024-02-19,2029-01-23,Online,ULIP
POL207341,CUST100822,Health,21100.0,899000.0,12,2022-03-08,2023-03-03,Direct,Family Floater
POL207342,CUST100340,Health,9000.0,337000.0,24,2022-06-09,2024-05-29,Agent,Individual Health
POL207343,CUST104110,Property,31600.0,1560000.0,24,2021-12-17,2023-12-07,Agent,Property All-Risk
POL207344,CUST100927,Travel,17500.0,484000.0,12,2024-01-11,2025-01-05,Online,Domestic Travel
POL207345,CUST101953,Life,31800.0,1701000.0,12,2024-05-18,2025-05-13,Agent,ULIP
POL207346,CUST102075,Property,11300.0,486000.0,12,2021-05-10,2022-05-05,Online,Home Shield
POL207347,CUST101753,Life,15200.0,409000.0,12,2021-07-27,2022-07-22,Agent,Endowment Plan
POL207348,CUST102482,Property,25700.0,498000.0,24,2022-10-27,2024-10-16,Broker,Fire & Allied Perils
POL207349,CUST101744,Motor,27600.0,1038000.0,12,2024-09-09,2025-09-04,Broker,Motor Third-Party
POL207350,CUST101179,Health,20100.0,991000.0,12,2021-03-13,2022-03-08,Online,Family Floater
POL207351,CUST101939,Health,22300.0,663000.0,12,2022-01-09,2023-01-04,Agent,Critical Illness
POL207352,CUST104028,Health,27100.0,1581000.0,12,2024-07-11,2025-07-06,Online,Family Floater
POL207353,CUST100589,Life,16300.0,637000.0,12,2022-11-23,2023-11-18,Agent,ULIP
POL207354,CUST104799,Travel,17600.0,938000.0,12,2022-05-25,2023-05-20,Agent,International Travel
POL207355,CUST102049,Property,43300.0,891000.0,24,2024-04-18,2026-04-08,Online,Fire & Allied Perils
POL207356,CUST101454,Property,11500.0,455000.0,12,2021-09-05,2022-08-31,Agent,Property All-Risk
POL207357,CUST102224,Property,5900.0,348000.0,24,2021-09-11,2023-09-01,Agent,Fire & Allied Perils
POL207358,CUST104655,Property,17700.0,612000.0,12,2021-08-01,2022-07-27,Bancassurance,Property All-Risk
POL207359,CUST104045,Life,17400.0,870000.0,12,2024-05-03,2025-04-28,Direct,ULIP
POL207360,CUST104089,Motor,7300.0,341000.0,12,2021-06-06,2022-06-01,Online,Motor Own-Damage
POL207361,CUST101101,Property,16800.0,510000.0,6,2023-08-03,2024-01-30,Bancassurance,Home Shield
POL207362,CUST104430,Motor,6000.0,314000.0,36,2021-06-08,2024-05-23,Agent,Motor Third-Party
POL207363,CUST103530,Life,10900.0,381000.0,60,2023-10-24,2028-09-27,Agent,Term Life
POL207364,CUST100298,Motor,21000.0,678000.0,12,2022-11-23,2023-11-18,Broker,Motor Comprehensive
POL207365,CUST102135,Health,6200.0,278000.0,36,2022-01-24,2025-01-08,Agent,Individual Health
POL207366,CUST104170,Health,14000.0,345000.0,12,2021-09-09,2022-09-04,Online,Individual Health
POL207367,CUST102662,Life,3400.0,190000.0,24,2023-09-16,2025-09-05,Broker,ULIP
POL207368,CUST102929,Property,11600.0,209000.0,12,2024-01-19,2025-01-13,Bancassurance,Home Shield
POL207369,CUST101873,Motor,31500.0,1745000.0,24,2023-04-28,2025-04-17,Broker,Motor Third-Party
POL207370,CUST100191,Motor,54400.0,2141000.0,24,2023-01-14,2025-01-03,Online,Motor Own-Damage
POL207371,CUST104427,Marine,15000.0,677000.0,36,2023-01-01,2025-12-16,Online,Marine Cargo
POL207372,CUST103768,Motor,20500.0,1191000.0,36,2024-06-27,2027-06-12,Bancassurance,Motor Own-Damage
POL207373,CUST101358,Life,7600.0,443000.0,12,2022-07-06,2023-07-01,Agent,Term Life
POL207374,CUST101208,Property,19800.0,1057000.0,24,2024-04-18,2026-04-08,Agent,Fire & Allied Perils
POL207375,CUST102590,Life,34700.0,1713000.0,12,2021-06-15,2022-06-10,Agent,ULIP
POL207376,CUST103985,Motor,16800.0,682000.0,12,2023-12-14,2024-12-08,Online,Motor Third-Party
POL207377,CUST100434,Life,29300.0,737000.0,12,2024-10-25,2025-10-20,Online,Endowment Plan
POL207378,CUST103129,Travel,10900.0,379000.0,12,2021-09-07,2022-09-02,Online,Domestic Travel
POL207379,CUST104234,Health,4600.0,189000.0,12,2021-10-23,2022-10-18,Agent,Individual Health
POL207380,CUST102461,Life,13200.0,343000.0,24,2022-11-05,2024-10-25,Agent,Term Life
POL207381,CUST100264,Motor,10700.0,451000.0,12,2023-06-14,2024-06-08,Online,Motor Comprehensive
POL207382,CUST100116,Travel,28200.0,1137000.0,24,2024-09-01,2026-08-22,Agent,Domestic Travel
POL207383,CUST100810,Motor,28400.0,1344000.0,12,2022-12-16,2023-12-11,Agent,Motor Own-Damage
POL207384,CUST104448,Health,7200.0,312000.0,36,2024-01-21,2027-01-05,Bancassurance,Critical Illness
POL207385,CUST102289,Motor,21600.0,1165000.0,24,2022-07-07,2024-06-26,Online,Motor Comprehensive
POL207386,CUST100737,Travel,25300.0,857000.0,12,2023-03-06,2024-02-29,Agent,Domestic Travel
POL207387,CUST104524,Health,11900.0,487000.0,24,2021-11-23,2023-11-13,Agent,Critical Illness
POL207388,CUST104148,Motor,17700.0,747000.0,12,2023-03-12,2024-03-06,Online,Motor Own-Damage
POL207389,CUST100734,Motor,23600.0,723000.0,12,2024-07-30,2025-07-25,Bancassurance,Motor Third-Party
POL207390,CUST103440,Property,30100.0,1348000.0,60,2022-05-20,2027-04-24,Agent,Fire & Allied Perils
POL207391,CUST101653,Motor,18000.0,538000.0,12,2024-06-19,2025-06-14,Online,Motor Third-Party
POL207392,CUST100347,Life,20800.0,1040000.0,24,2024-05-21,2026-05-11,Agent,Endowment Plan
POL207393,CUST100310,Life,25100.0,1402000.0,24,2023-06-12,2025-06-01,Agent,ULIP
POL207394,CUST102711,Property,7200.0,190000.0,24,2024-08-07,2026-07-28,Bancassurance,Home Shield
POL207395,CUST104217,Life,2800.0,116000.0,6,2024-05-11,2024-11-07,Broker,Term Life
POL207396,CUST104808,Property,23100.0,1242000.0,24,2023-09-26,2025-09-15,Bancassurance,Home Shield
POL207397,CUST103527,Motor,18300.0,755000.0,12,2024-09-12,2025-09-07,Agent,Motor Comprehensive
POL207398,CUST104614,Health,6700.0,227000.0,36,2024-12-30,2027-12-15,Bancassurance,Individual Health
POL207399,CUST101178,Motor,24100.0,1114000.0,12,2022-04-11,2023-04-06,Bancassurance,Motor Comprehensive
POL207400,CUST100731,Health,6600.0,218000.0,24,2024-02-17,2026-02-06,Agent,Individual Health
POL207401,CUST100553,Health,17400.0,636000.0,12,2022-11-18,2023-11-13,Agent,Family Floater
POL207402,CUST100865,Life,23400.0,1396000.0,24,2024-04-16,2026-04-06,Online,Endowment Plan
POL207403,CUST103769,Marine,28400.0,911000.0,60,2021-08-02,2026-07-07,Direct,Marine Cargo
POL207404,CUST100768,Marine,13200.0,737000.0,12,2023-01-06,2024-01-01,Broker,Marine Cargo
POL207405,CUST102162,Health,27300.0,1321000.0,12,2023-04-20,2024-04-14,Broker,Individual Health
POL207406,CUST103780,Life,14300.0,485000.0,24,2022-11-18,2024-11-07,Agent,Term Life
POL207407,CUST104634,Life,8900.0,495000.0,12,2024-10-07,2025-10-02,Online,ULIP
POL207408,CUST100803,Travel,10900.0,237000.0,12,2022-06-19,2023-06-14,Agent,Domestic Travel
POL207409,CUST100933,Motor,12100.0,701000.0,60,2023-05-28,2028-05-01,Bancassurance,Motor Own-Damage
POL207410,CUST100322,Life,2000.0,94000.0,12,2022-12-16,2023-12-11,Online,ULIP
POL207411,CUST100561,Health,25000.0,990000.0,36,2023-01-17,2026-01-01,Agent,Critical Illness
POL207412,CUST101951,Health,20400.0,717000.0,12,2023-05-24,2024-05-18,Broker,Individual Health
POL207413,CUST101572,Life,11000.0,625000.0,24,2023-04-07,2025-03-27,Online,Endowment Plan
POL207414,CUST104834,Motor,21300.0,1096000.0,12,2023-03-02,2024-02-25,Online,Motor Comprehensive
POL207415,CUST102221,Motor,6500.0,258000.0,24,2024-09-12,2026-09-02,Broker,Motor Comprehensive
POL207416,CUST101541,Property,21900.0,1132000.0,24,2021-10-25,2023-10-15,Agent,Property All-Risk
POL207417,CUST102346,Motor,24300.0,975000.0,12,2021-07-21,2022-07-16,Broker,Motor Third-Party
POL207418,CUST103621,Health,5700.0,272000.0,12,2022-10-04,2023-09-29,Bancassurance,Family Floater
POL207419,CUST101687,Life,26100.0,1140000.0,24,2024-05-18,2026-05-08,Bancassurance,Term Life
POL207420,CUST100719,Life,14400.0,342000.0,6,2022-12-27,2023-06-25,Broker,ULIP
POL207421,CUST102103,Life,14500.0,359000.0,12,2022-06-10,2023-06-05,Broker,Term Life
POL207422,CUST103105,Travel,5800.0,275000.0,12,2023-03-01,2024-02-24,Online,International Travel
POL207423,CUST101581,Health,28800.0,795000.0,12,2024-10-30,2025-10-25,Bancassurance,Family Floater
POL207424,CUST102905,Motor,28900.0,1595000.0,12,2021-03-23,2022-03-18,Broker,Motor Own-Damage
POL207425,CUST101622,Motor,37300.0,1453000.0,24,2023-06-27,2025-06-16,Online,Motor Comprehensive
POL207426,CUST104520,Health,30600.0,650000.0,24,2023-12-01,2025-11-20,Bancassurance,Family Floater
POL207427,CUST104438,Health,18200.0,901000.0,12,2022-06-27,2023-06-22,Bancassurance,Family Floater
POL207428,CUST103582,Marine,19600.0,955000.0,12,2024-11-14,2025-11-09,Bancassurance,Marine Hull
POL207429,CUST104187,Health,2900.0,128000.0,12,2023-03-29,2024-03-23,Broker,Critical Illness
POL207430,CUST100603,Health,2400.0,134000.0,12,2021-10-03,2022-09-28,Broker,Critical Illness
POL207431,CUST103266,Property,15100.0,733000.0,24,2022-09-18,2024-09-07,Agent,Fire & Allied Perils
POL207432,CUST102023,Property,14800.0,736000.0,12,2024-06-20,2025-06-15,Online,Home Shield
POL207433,CUST103887,Life,8600.0,324000.0,12,2024-07-01,2025-06-26,Bancassurance,Term Life
POL207434,CUST100002,Health,15500.0,766000.0,36,2021-10-26,2024-10-10,Agent,Family Floater
POL207435,CUST100938,Motor,9700.0,332000.0,24,2022-06-01,2024-05-21,Agent,Motor Comprehensive
POL207436,CUST101204,Health,29000.0,1021000.0,12,2021-03-19,2022-03-14,Bancassurance,Critical Illness
POL207437,CUST102785,Motor,17100.0,719000.0,12,2021-06-09,2022-06-04,Agent,Motor Third-Party
POL207438,CUST104856,Health,10500.0,515000.0,36,2023-12-24,2026-12-08,Agent,Individual Health
POL207439,CUST104481,Property,29000.0,554000.0,24,2023-02-19,2025-02-08,Online,Home Shield
POL207440,CUST102278,Health,6500.0,239000.0,12,2024-06-10,2025-06-05,Bancassurance,Individual Health
POL207441,CUST100005,Motor,46300.0,722000.0,12,2021-01-22,2022-01-17,Agent,Motor Own-Damage
POL207442,CUST104337,Motor,18600.0,699000.0,24,2024-05-17,2026-05-07,Broker,Motor Comprehensive
POL207443,CUST102862,Property,14900.0,514000.0,12,2023-07-10,2024-07-04,Bancassurance,Property All-Risk
POL207444,CUST100118,Motor,4800.0,85000.0,24,2021-05-09,2023-04-29,Agent,Motor Comprehensive
POL207445,CUST103225,Health,16100.0,498000.0,12,2023-08-28,2024-08-22,Agent,Critical Illness
POL207446,CUST104400,Property,14100.0,390000.0,12,2021-01-10,2022-01-05,Direct,Property All-Risk
POL207447,CUST104354,Motor,23100.0,1275000.0,24,2024-10-16,2026-10-06,Bancassurance,Motor Own-Damage
POL207448,CUST104446,Life,14800.0,514000.0,12,2024-07-19,2025-07-14,Online,Term Life
POL207449,CUST104877,Motor,6700.0,127000.0,24,2022-04-24,2024-04-13,Direct,Motor Third-Party
POL207450,CUST103267,Life,13500.0,446000.0,12,2022-01-12,2023-01-07,Agent,Term Life
POL207451,CUST103062,Motor,9800.0,430000.0,36,2021-03-11,2024-02-24,Agent,Motor Third-Party
POL207452,CUST100581,Motor,6400.0,360000.0,12,2021-11-12,2022-11-07,Online,Motor Comprehensive
POL207453,CUST103161,Motor,31700.0,1720000.0,24,2023-04-11,2025-03-31,Agent,Motor Comprehensive
POL207454,CUST104380,Marine,4200.0,146000.0,12,2024-05-19,2025-05-14,Bancassurance,Marine Hull
POL207455,CUST104064,Health,29500.0,1283000.0,24,2021-09-08,2023-08-29,Agent,Critical Illness
POL207456,CUST104499,Property,16600.0,972000.0,24,2022-03-04,2024-02-22,Broker,Fire & Allied Perils
POL207457,CUST100850,Life,24300.0,527000.0,60,2022-01-16,2026-12-21,Agent,Endowment Plan
POL207458,CUST101005,Property,33200.0,1817000.0,12,2022-12-21,2023-12-16,Broker,Fire & Allied Perils
POL207459,CUST104291,Health,10600.0,563000.0,12,2021-01-31,2022-01-26,Bancassurance,Individual Health
POL207460,CUST104700,Health,17200.0,966000.0,36,2024-09-12,2027-08-28,Bancassurance,Individual Health
POL207461,CUST102630,Life,11300.0,661000.0,24,2021-09-22,2023-09-12,Agent,Term Life
POL207462,CUST104405,Motor,14100.0,316000.0,24,2023-10-10,2025-09-29,Online,Motor Third-Party
POL207463,CUST103410,Marine,23300.0,937000.0,24,2023-01-03,2024-12-23,Online,Marine Hull
POL207464,CUST101024,Marine,15600.0,350000.0,12,2022-09-28,2023-09-23,Online,Marine Cargo
POL207465,CUST102533,Motor,17000.0,462000.0,24,2021-12-18,2023-12-08,Agent,Motor Third-Party
POL207466,CUST101969,Marine,8300.0,421000.0,60,2023-01-04,2027-12-09,Bancassurance,Marine Cargo
POL207467,CUST103949,Motor,15100.0,824000.0,24,2023-01-01,2024-12-21,Broker,Motor Comprehensive
POL207468,CUST101683,Life,12000.0,427000.0,24,2022-04-26,2024-04-15,Agent,Term Life
POL207469,CUST100877,Property,16300.0,793000.0,24,2022-11-01,2024-10-21,Online,Home Shield
POL207470,CUST102491,Motor,7800.0,189000.0,24,2024-06-05,2026-05-26,Online,Motor Own-Damage
POL207471,CUST102473,Motor,10700.0,378000.0,24,2023-03-12,2025-03-01,Broker,Motor Own-Damage
POL207472,CUST104445,Life,18800.0,286000.0,60,2023-03-20,2028-02-22,Online,ULIP
POL207473,CUST100040,Health,22500.0,1126000.0,24,2022-10-21,2024-10-10,Agent,Critical Illness
POL207474,CUST104371,Health,17700.0,478000.0,6,2024-04-11,2024-10-08,Agent,Critical Illness
POL207475,CUST101055,Property,13300.0,220000.0,12,2023-02-16,2024-02-11,Broker,Home Shield
POL207476,CUST100878,Motor,10300.0,317000.0,12,2024-12-27,2025-12-22,Bancassurance,Motor Own-Damage
POL207477,CUST102091,Motor,4000.0,124000.0,24,2021-11-07,2023-10-28,Agent,Motor Own-Damage
POL207478,CUST102755,Travel,32300.0,1530000.0,12,2022-11-20,2023-11-15,Broker,Domestic Travel
POL207479,CUST104648,Life,28300.0,891000.0,36,2024-12-12,2027-11-27,Online,ULIP
POL207480,CUST102670,Life,35000.0,999000.0,12,2021-02-01,2022-01-27,Agent,ULIP
POL207481,CUST100727,Health,34400.0,529000.0,24,2024-07-04,2026-06-24,Online,Critical Illness
POL207482,CUST102251,Travel,19300.0,968000.0,36,2024-07-23,2027-07-08,Broker,Domestic Travel
POL207483,CUST104602,Motor,52100.0,953000.0,60,2022-09-10,2027-08-15,Agent,Motor Own-Damage
POL207484,CUST103573,Motor,14400.0,438000.0,6,2021-12-18,2022-06-16,Agent,Motor Own-Damage
POL207485,CUST101088,Health,17200.0,449000.0,12,2024-08-17,2025-08-12,Broker,Individual Health
POL207486,CUST103229,Life,10500.0,609000.0,24,2022-01-10,2023-12-31,Online,ULIP
POL207487,CUST103668,Motor,6200.0,262000.0,36,2023-08-28,2026-08-12,Broker,Motor Comprehensive
POL207488,CUST101375,Health,11900.0,194000.0,12,2022-05-09,2023-05-04,Bancassurance,Individual Health
POL207489,CUST102639,Health,11400.0,518000.0,12,2021-01-07,2022-01-02,Broker,Family Floater
POL207490,CUST101740,Life,24400.0,1335000.0,12,2024-11-14,2025-11-09,Online,Endowment Plan
POL207491,CUST100905,Motor,18200.0,820000.0,12,2022-07-06,2023-07-01,Online,Motor Comprehensive
POL207492,CUST104441,Life,21100.0,814000.0,24,2023-07-31,2025-07-20,Agent,Term Life
POL207493,CUST101602,Health,19300.0,573000.0,36,2022-12-14,2025-11-28,Agent,Critical Illness
POL207494,CUST101628,Health,19600.0,840000.0,12,2023-12-16,2024-12-10,Bancassurance,Critical Illness
POL207495,CUST100507,Motor,10700.0,180000.0,60,2021-03-20,2026-02-22,Direct,Motor Comprehensive
POL207496,CUST102220,Travel,19000.0,477000.0,24,2021-07-19,2023-07-09,Bancassurance,Domestic Travel
POL207497,CUST103218,Life,25300.0,1427000.0,12,2024-08-20,2025-08-15,Broker,Term Life
POL207498,CUST104864,Motor,31300.0,1471000.0,12,2022-07-04,2023-06-29,Agent,Motor Third-Party
POL207499,CUST103878,Health,28100.0,541000.0,12,2022-04-14,2023-04-09,Agent,Critical Illness
POL207500,CUST104286,Motor,23000.0,1039000.0,12,2021-12-20,2022-12-15,Agent,Motor Own-Damage
POL207501,CUST104936,Health,18000.0,999000.0,12,2023-11-07,2024-11-01,Bancassurance,Individual Health
POL207502,CUST103494,Life,12500.0,565000.0,36,2021-01-27,2024-01-12,Online,Term Life
POL207503,CUST104286,Motor,19600.0,815000.0,12,2024-01-21,2025-01-15,Broker,Motor Comprehensive
POL207504,CUST101520,Marine,35800.0,1334000.0,36,2023-08-16,2026-07-31,Online,Marine Cargo
POL207505,CUST103575,Health,13700.0,570000.0,6,2023-07-05,2024-01-01,Agent,Individual Health
POL207506,CUST103143,Motor,40400.0,2190000.0,12,2021-01-16,2022-01-11,Agent,Motor Third-Party
POL207507,CUST102257,Motor,20100.0,587000.0,24,2021-08-28,2023-08-18,Online,Motor Own-Damage
POL207508,CUST103210,Motor,32100.0,1597000.0,60,2024-06-23,2029-05-28,Online,Motor Third-Party
POL207509,CUST103604,Property,11300.0,495000.0,12,2024-08-30,2025-08-25,Agent,Fire & Allied Perils
POL207510,CUST102057,Health,10400.0,217000.0,12,2023-08-19,2024-08-13,Agent,Family Floater
POL207511,CUST104212,Property,6700.0,172000.0,12,2021-03-30,2022-03-25,Broker,Property All-Risk
POL207512,CUST100180,Motor,35600.0,1950000.0,36,2023-02-17,2026-02-01,Online,Motor Comprehensive
POL207513,CUST101620,Health,20000.0,592000.0,12,2023-03-29,2024-03-23,Bancassurance,Family Floater
POL207514,CUST101832,Health,25200.0,842000.0,12,2022-10-14,2023-10-09,Agent,Individual Health
POL207515,CUST104152,Health,17200.0,516000.0,12,2024-03-04,2025-02-27,Agent,Critical Illness
POL207516,CUST102540,Motor,18100.0,724000.0,12,2022-09-30,2023-09-25,Online,Motor Third-Party
POL207517,CUST104664,Motor,6000.0,108000.0,6,2023-08-02,2024-01-29,Online,Motor Third-Party
POL207518,CUST104750,Travel,20300.0,708000.0,24,2022-04-03,2024-03-23,Bancassurance,International Travel
POL207519,CUST102292,Life,26800.0,1005000.0,36,2023-11-10,2026-10-25,Online,Endowment Plan
POL207520,CUST103637,Motor,3500.0,181000.0,12,2023-09-06,2024-08-31,Online,Motor Own-Damage
POL207521,CUST101231,Property,12600.0,310000.0,12,2024-01-16,2025-01-10,Agent,Home Shield
POL207522,CUST100539,Health,9700.0,315000.0,24,2023-06-07,2025-05-27,Broker,Individual Health
POL207523,CUST102455,Property,22800.0,883000.0,12,2024-04-02,2025-03-28,Online,Property All-Risk
POL207524,CUST101507,Travel,22000.0,1132000.0,12,2022-04-04,2023-03-30,Agent,Domestic Travel
POL207525,CUST103654,Motor,25100.0,1169000.0,36,2021-06-14,2024-05-29,Bancassurance,Motor Own-Damage
POL207526,CUST102608,Travel,2000.0,34000.0,12,2024-10-20,2025-10-15,Bancassurance,International Travel
POL207527,CUST100677,Motor,17300.0,531000.0,12,2024-05-14,2025-05-09,Broker,Motor Comprehensive
POL207528,CUST102255,Motor,4300.0,107000.0,12,2022-07-11,2023-07-06,Broker,Motor Comprehensive
POL207529,CUST102008,Life,19500.0,400000.0,24,2023-10-24,2025-10-13,Agent,Term Life
POL207530,CUST100025,Life,6200.0,170000.0,12,2023-11-24,2024-11-18,Online,ULIP
POL207531,CUST102724,Motor,21800.0,888000.0,60,2021-12-11,2026-11-15,Bancassurance,Motor Comprehensive
POL207532,CUST104675,Motor,6400.0,331000.0,12,2022-10-15,2023-10-10,Broker,Motor Own-Damage
POL207533,CUST104483,Motor,8300.0,455000.0,12,2021-04-30,2022-04-25,Agent,Motor Third-Party
POL207534,CUST104520,Health,30300.0,912000.0,12,2021-06-13,2022-06-08,Online,Critical Illness
POL207535,CUST104469,Health,15200.0,386000.0,36,2024-05-13,2027-04-28,Direct,Individual Health
POL207536,CUST104618,Motor,15600.0,637000.0,24,2024-08-19,2026-08-09,Online,Motor Comprehensive
POL207537,CUST100487,Travel,8200.0,369000.0,12,2022-02-23,2023-02-18,Agent,International Travel
POL207538,CUST102142,Property,28500.0,1136000.0,12,2024-03-08,2025-03-03,Online,Home Shield
POL207539,CUST102725,Travel,20200.0,1057000.0,6,2023-01-20,2023-07-19,Agent,Domestic Travel
POL207540,CUST104166,Motor,19300.0,633000.0,12,2021-09-16,2022-09-11,Online,Motor Third-Party
POL207541,CUST101865,Motor,7300.0,218000.0,12,2022-01-25,2023-01-20,Bancassurance,Motor Own-Damage
POL207542,CUST103542,Health,17300.0,701000.0,24,2022-09-26,2024-09-15,Agent,Individual Health
POL207543,CUST103905,Life,56900.0,2543000.0,36,2024-10-19,2027-10-04,Broker,ULIP
POL207544,CUST102558,Life,10300.0,309000.0,36,2024-05-29,2027-05-14,Bancassurance,Endowment Plan
POL207545,CUST101205,Motor,29800.0,787000.0,12,2023-03-06,2024-02-29,Broker,Motor Third-Party
POL207546,CUST100385,Property,3000.0,176000.0,12,2023-12-10,2024-12-04,Agent,Fire & Allied Perils
POL207547,CUST102224,Health,24700.0,1157000.0,24,2023-10-29,2025-10-18,Agent,Individual Health
POL207548,CUST100839,Health,20700.0,882000.0,12,2023-08-16,2024-08-10,Direct,Critical Illness
POL207549,CUST103220,Health,14300.0,398000.0,24,2024-11-16,2026-11-06,Online,Critical Illness
POL207550,CUST101191,Motor,20100.0,1135000.0,12,2024-04-06,2025-04-01,Bancassurance,Motor Comprehensive
POL207551,CUST104383,Motor,20400.0,791000.0,12,2021-03-01,2022-02-24,Online,Motor Third-Party
POL207552,CUST104479,Travel,20300.0,551000.0,12,2022-04-09,2023-04-04,Agent,Domestic Travel
POL207553,CUST104181,Health,12700.0,397000.0,24,2021-03-27,2023-03-17,Online,Individual Health
POL207554,CUST103326,Motor,11800.0,375000.0,24,2024-05-21,2026-05-11,Agent,Motor Third-Party
POL207555,CUST100578,Motor,9500.0,157000.0,6,2021-04-21,2021-10-18,Agent,Motor Third-Party
POL207556,CUST104915,Motor,5500.0,184000.0,12,2024-08-17,2025-08-12,Direct,Motor Comprehensive
POL207557,CUST100329,Marine,15400.0,412000.0,12,2021-12-27,2022-12-22,Agent,Marine Hull
POL207558,CUST102832,Property,27500.0,972000.0,36,2021-03-26,2024-03-10,Broker,Property All-Risk
POL207559,CUST104021,Health,11400.0,459000.0,12,2022-04-15,2023-04-10,Bancassurance,Critical Illness
POL207560,CUST100423,Travel,7300.0,220000.0,12,2024-08-27,2025-08-22,Agent,International Travel
POL207561,CUST102484,Health,9700.0,159000.0,24,2022-06-11,2024-05-31,Bancassurance,Family Floater
POL207562,CUST102388,Property,17000.0,965000.0,12,2024-11-09,2025-11-04,Agent,Property All-Risk
POL207563,CUST100985,Health,17000.0,345000.0,12,2024-06-01,2025-05-27,Agent,Family Floater
POL207564,CUST100558,Property,9000.0,277000.0,36,2022-07-19,2025-07-03,Agent,Property All-Risk
POL207565,CUST104549,Marine,15600.0,745000.0,24,2022-07-15,2024-07-04,Bancassurance,Marine Hull
POL207566,CUST104506,Health,14100.0,769000.0,12,2024-07-23,2025-07-18,Online,Individual Health
POL207567,CUST100468,Motor,21700.0,956000.0,24,2023-05-04,2025-04-23,Agent,Motor Own-Damage
POL207568,CUST101392,Motor,33900.0,875000.0,24,2021-03-21,2023-03-11,Agent,Motor Own-Damage
POL207569,CUST101961,Motor,11200.0,502000.0,12,2023-06-18,2024-06-12,Bancassurance,Motor Third-Party
POL207570,CUST100986,Motor,10100.0,334000.0,36,2023-10-18,2026-10-02,Bancassurance,Motor Third-Party
POL207571,CUST100332,Health,16800.0,815000.0,12,2021-11-17,2022-11-12,Broker,Critical Illness
POL207572,CUST102558,Health,18900.0,620000.0,12,2022-11-15,2023-11-10,Agent,Critical Illness
POL207573,CUST102210,Motor,22400.0,425000.0,12,2022-05-02,2023-04-27,Agent,Motor Comprehensive
POL207574,CUST104035,Marine,4800.0,186000.0,12,2022-12-13,2023-12-08,Bancassurance,Marine Cargo
POL207575,CUST101482,Motor,44900.0,759000.0,24,2023-11-09,2025-10-29,Online,Motor Own-Damage
POL207576,CUST102551,Motor,13200.0,568000.0,12,2024-08-27,2025-08-22,Agent,Motor Own-Damage
POL207577,CUST101569,Motor,10500.0,307000.0,24,2024-09-19,2026-09-09,Agent,Motor Own-Damage
POL207578,CUST100191,Travel,7300.0,399000.0,12,2023-06-30,2024-06-24,Broker,Domestic Travel
POL207579,CUST103638,Health,11600.0,435000.0,12,2022-07-23,2023-07-18,Agent,Family Floater
POL207580,CUST103714,Motor,5400.0,89000.0,12,2024-07-30,2025-07-25,Online,Motor Comprehensive
POL207581,CUST103319,Motor,29600.0,1295000.0,36,2023-01-10,2025-12-25,Online,Motor Comprehensive
POL207582,CUST100170,Health,14300.0,749000.0,24,2021-09-22,2023-09-12,Online,Individual Health
POL207583,CUST103482,Travel,10200.0,174000.0,12,2021-10-24,2022-10-19,Bancassurance,Domestic Travel
POL207584,CUST103021,Health,26400.0,1281000.0,12,2023-11-12,2024-11-06,Broker,Family Floater
POL207585,CUST102205,Health,13700.0,675000.0,12,2023-02-21,2024-02-16,Bancassurance,Individual Health
POL207586,CUST103084,Health,10100.0,461000.0,12,2021-12-09,2022-12-04,Agent,Family Floater
POL207587,CUST100553,Motor,37500.0,1390000.0,24,2022-10-31,2024-10-20,Agent,Motor Comprehensive
POL207588,CUST101042,Health,11800.0,521000.0,6,2021-08-24,2022-02-20,Broker,Critical Illness
POL207589,CUST100645,Health,3600.0,133000.0,12,2024-08-05,2025-07-31,Broker,Family Floater
POL207590,CUST102232,Life,15600.0,498000.0,12,2024-06-22,2025-06-17,Broker,Endowment Plan
POL207591,CUST104476,Motor,14400.0,248000.0,6,2024-11-04,2025-05-03,Agent,Motor Comprehensive
POL207592,CUST100030,Motor,10300.0,385000.0,12,2023-05-14,2024-05-08,Agent,Motor Own-Damage
POL207593,CUST102230,Life,9300.0,467000.0,24,2022-07-01,2024-06-20,Online,Endowment Plan
POL207594,CUST101418,Life,16400.0,284000.0,36,2021-07-28,2024-07-12,Broker,ULIP
POL207595,CUST104687,Health,12000.0,200000.0,12,2023-04-10,2024-04-04,Broker,Family Floater
POL207596,CUST103096,Property,13100.0,296000.0,24,2023-03-02,2025-02-19,Agent,Fire & Allied Perils
POL207597,CUST101109,Property,18400.0,520000.0,24,2022-10-18,2024-10-07,Broker,Fire & Allied Perils
POL207598,CUST101420,Marine,12700.0,476000.0,12,2023-08-04,2024-07-29,Bancassurance,Marine Hull
POL207599,CUST102903,Health,10800.0,565000.0,24,2022-07-22,2024-07-11,Agent,Family Floater
POL207600,CUST100238,Marine,22600.0,369000.0,24,2024-08-03,2026-07-24,Agent,Marine Cargo
POL207601,CUST100335,Life,12000.0,602000.0,24,2024-08-31,2026-08-21,Online,ULIP
POL207602,CUST103371,Life,10300.0,486000.0,12,2021-10-06,2022-10-01,Agent,Term Life
POL207603,CUST104011,Health,6300.0,236000.0,12,2021-02-20,2022-02-15,Online,Family Floater
POL207604,CUST103711,Motor,8800.0,208000.0,12,2021-10-01,2022-09-26,Agent,Motor Comprehensive
POL207605,CUST100858,Health,7100.0,134000.0,24,2022-01-31,2024-01-21,Agent,Critical Illness
POL207606,CUST104314,Property,6000.0,133000.0,24,2023-11-18,2025-11-07,Broker,Property All-Risk
POL207607,CUST101124,Travel,9400.0,282000.0,24,2021-11-23,2023-11-13,Broker,International Travel
POL207608,CUST104377,Health,18700.0,727000.0,24,2022-08-10,2024-07-30,Online,Family Floater
POL207609,CUST101479,Travel,15200.0,467000.0,12,2022-09-16,2023-09-11,Agent,Domestic Travel
POL207610,CUST102481,Motor,12500.0,502000.0,12,2023-11-09,2024-11-03,Broker,Motor Third-Party
POL207611,CUST104785,Travel,20000.0,1093000.0,12,2022-11-29,2023-11-24,Agent,International Travel
POL207612,CUST102036,Life,10900.0,227000.0,12,2021-10-19,2022-10-14,Agent,Endowment Plan
POL207613,CUST103338,Life,18000.0,994000.0,6,2024-04-23,2024-10-20,Agent,Endowment Plan
POL207614,CUST102929,Health,22100.0,525000.0,12,2023-07-21,2024-07-15,Agent,Critical Illness
POL207615,CUST100374,Travel,3600.0,134000.0,12,2024-03-11,2025-03-06,Online,Domestic Travel
POL207616,CUST103963,Motor,15100.0,725000.0,12,2021-10-24,2022-10-19,Agent,Motor Own-Damage
POL207617,CUST101791,Health,19400.0,899000.0,36,2024-10-11,2027-09-26,Online,Individual Health
POL207618,CUST102376,Property,18700.0,918000.0,6,2022-09-04,2023-03-03,Direct,Home Shield
POL207619,CUST101522,Motor,15600.0,735000.0,36,2022-12-21,2025-12-05,Bancassurance,Motor Third-Party
POL207620,CUST104975,Health,11200.0,176000.0,24,2024-08-16,2026-08-06,Agent,Family Floater
POL207621,CUST102753,Health,13500.0,504000.0,36,2023-07-18,2026-07-02,Online,Family Floater
POL207622,CUST103187,Property,4600.0,147000.0,24,2021-11-22,2023-11-12,Online,Property All-Risk
POL207623,CUST102614,Marine,30700.0,1742000.0,12,2023-10-11,2024-10-05,Online,Marine Cargo
POL207624,CUST101540,Motor,4300.0,249000.0,12,2021-11-16,2022-11-11,Agent,Motor Own-Damage
POL207625,CUST102930,Life,9700.0,257000.0,6,2022-07-27,2023-01-23,Agent,Term Life
POL207626,CUST103968,Health,15200.0,715000.0,12,2023-10-22,2024-10-16,Broker,Family Floater
POL207627,CUST100475,Life,6100.0,157000.0,12,2023-10-13,2024-10-07,Agent,ULIP
POL207628,CUST100753,Motor,12900.0,628000.0,24,2021-12-17,2023-12-07,Agent,Motor Own-Damage
POL207629,CUST100822,Motor,22800.0,649000.0,12,2021-03-06,2022-03-01,Online,Motor Third-Party
POL207630,CUST104678,Health,20700.0,991000.0,12,2023-03-25,2024-03-19,Agent,Family Floater
POL207631,CUST102883,Motor,15000.0,243000.0,12,2021-02-01,2022-01-27,Direct,Motor Comprehensive
POL207632,CUST101701,Life,16700.0,779000.0,24,2023-04-25,2025-04-14,Online,Term Life
POL207633,CUST100994,Motor,2300.0,78000.0,12,2022-09-07,2023-09-02,Direct,Motor Own-Damage
POL207634,CUST103425,Travel,7400.0,357000.0,12,2024-06-15,2025-06-10,Broker,Domestic Travel
POL207635,CUST102623,Property,10400.0,199000.0,24,2024-10-16,2026-10-06,Agent,Property All-Risk
POL207636,CUST103126,Life,12300.0,665000.0,12,2021-03-19,2022-03-14,Online,ULIP
POL207637,CUST103577,Marine,23400.0,1052000.0,12,2024-07-10,2025-07-05,Bancassurance,Marine Cargo
POL207638,CUST100479,Travel,38600.0,1223000.0,12,2024-09-20,2025-09-15,Agent,International Travel
POL207639,CUST103397,Property,13300.0,404000.0,12,2023-06-03,2024-05-28,Bancassurance,Fire & Allied Perils
POL207640,CUST103608,Life,13000.0,368000.0,12,2023-09-13,2024-09-07,Broker,Endowment Plan
POL207641,CUST101385,Health,15000.0,622000.0,24,2021-09-16,2023-09-06,Agent,Critical Illness
POL207642,CUST101559,Property,9200.0,154000.0,24,2024-06-07,2026-05-28,Broker,Property All-Risk
POL207643,CUST102960,Life,32800.0,1543000.0,60,2021-01-16,2025-12-21,Agent,Term Life
POL207644,CUST101905,Health,8500.0,428000.0,12,2022-10-16,2023-10-11,Agent,Individual Health
POL207645,CUST104654,Health,8800.0,232000.0,12,2024-11-05,2025-10-31,Direct,Critical Illness
POL207646,CUST100482,Motor,10800.0,230000.0,24,2021-07-27,2023-07-17,Agent,Motor Comprehensive
POL207647,CUST100844,Property,35500.0,2084000.0,12,2022-08-29,2023-08-24,Direct,Property All-Risk
POL207648,CUST104050,Property,19300.0,840000.0,12,2024-06-13,2025-06-08,Online,Property All-Risk
POL207649,CUST103405,Motor,14900.0,689000.0,12,2024-12-01,2025-11-26,Broker,Motor Third-Party
POL207650,CUST104301,Motor,12600.0,548000.0,6,2022-08-26,2023-02-22,Online,Motor Comprehensive
POL207651,CUST100119,Travel,14300.0,375000.0,24,2021-08-09,2023-07-30,Agent,International Travel
POL207652,CUST100671,Motor,7500.0,383000.0,24,2023-03-10,2025-02-27,Online,Motor Own-Damage
POL207653,CUST104184,Life,3300.0,121000.0,6,2023-10-09,2024-04-06,Online,Endowment Plan
POL207654,CUST104063,Health,24600.0,661000.0,24,2022-08-02,2024-07-22,Agent,Critical Illness
POL207655,CUST104129,Health,6500.0,271000.0,24,2023-12-19,2025-12-08,Agent,Family Floater
POL207656,CUST104489,Motor,32100.0,1758000.0,12,2021-04-22,2022-04-17,Bancassurance,Motor Own-Damage
POL207657,CUST101152,Motor,19700.0,984000.0,12,2021-08-09,2022-08-04,Agent,Motor Own-Damage
POL207658,CUST100486,Health,13300.0,625000.0,12,2021-11-18,2022-11-13,Agent,Individual Health
POL207659,CUST101481,Health,18700.0,506000.0,24,2022-02-16,2024-02-06,Broker,Individual Health
POL207660,CUST104987,Property,16000.0,441000.0,12,2024-10-24,2025-10-19,Broker,Property All-Risk
POL207661,CUST102583,Travel,14400.0,754000.0,24,2023-06-13,2025-06-02,Bancassurance,International Travel
POL207662,CUST100022,Property,15100.0,770000.0,24,2023-05-21,2025-05-10,Bancassurance,Home Shield
POL207663,CUST103717,Health,24800.0,1333000.0,12,2024-03-19,2025-03-14,Bancassurance,Family Floater
POL207664,CUST104212,Health,19000.0,1096000.0,36,2023-01-15,2025-12-30,Agent,Individual Health
POL207665,CUST100611,Motor,13800.0,434000.0,24,2023-03-23,2025-03-12,Online,Motor Third-Party
POL207666,CUST102791,Life,22400.0,941000.0,24,2021-02-26,2023-02-16,Agent,Term Life
POL207667,CUST103724,Health,34200.0,1381000.0,12,2024-03-03,2025-02-26,Agent,Family Floater
POL207668,CUST104786,Property,13700.0,393000.0,24,2024-07-03,2026-06-23,Agent,Fire & Allied Perils
POL207669,CUST103035,Life,9800.0,388000.0,24,2023-05-31,2025-05-20,Bancassurance,Term Life
POL207670,CUST101690,Motor,23300.0,1381000.0,12,2024-12-07,2025-12-02,Direct,Motor Own-Damage
POL207671,CUST104550,Health,13800.0,788000.0,12,2023-12-09,2024-12-03,Broker,Individual Health
POL207672,CUST101804,Life,27400.0,1051000.0,36,2021-04-04,2024-03-19,Agent,Term Life
POL207673,CUST103166,Property,7500.0,195000.0,24,2021-06-24,2023-06-14,Bancassurance,Property All-Risk
POL207674,CUST104201,Health,11400.0,599000.0,12,2023-12-11,2024-12-05,Bancassurance,Family Floater
POL207675,CUST102651,Life,40300.0,2158000.0,36,2023-11-29,2026-11-13,Bancassurance,Endowment Plan
POL207676,CUST103553,Motor,11100.0,448000.0,12,2024-11-01,2025-10-27,Agent,Motor Third-Party
POL207677,CUST104208,Marine,27900.0,1006000.0,24,2022-07-01,2024-06-20,Online,Marine Hull
POL207678,CUST103002,Health,9500.0,220000.0,12,2024-09-19,2025-09-14,Bancassurance,Critical Illness
POL207679,CUST102100,Property,22400.0,668000.0,12,2023-08-29,2024-08-23,Online,Property All-Risk
POL207680,CUST103221,Health,8400.0,131000.0,12,2023-08-13,2024-08-07,Agent,Individual Health
POL207681,CUST102005,Travel,23700.0,823000.0,12,2023-08-02,2024-07-27,Broker,International Travel
POL207682,CUST103413,Life,12800.0,266000.0,60,2023-03-04,2028-02-06,Online,Endowment Plan
POL207683,CUST100407,Motor,11300.0,433000.0,60,2021-03-24,2026-02-26,Agent,Motor Third-Party
POL207684,CUST100239,Health,12900.0,338000.0,12,2021-04-12,2022-04-07,Online,Critical Illness
POL207685,CUST102374,Motor,15300.0,840000.0,60,2023-01-01,2027-12-06,Online,Motor Third-Party
POL207686,CUST100588,Property,16900.0,347000.0,60,2023-03-05,2028-02-07,Agent,Property All-Risk
POL207687,CUST103653,Property,7000.0,243000.0,12,2024-01-16,2025-01-10,Bancassurance,Fire & Allied Perils
POL207688,CUST100906,Health,18000.0,382000.0,6,2024-06-25,2024-12-22,Online,Critical Illness
POL207689,CUST102497,Health,5900.0,240000.0,12,2022-11-08,2023-11-03,Bancassurance,Critical Illness
POL207690,CUST100883,Property,25700.0,750000.0,12,2021-08-10,2022-08-05,Agent,Fire & Allied Perils
POL207691,CUST104609,Property,18700.0,368000.0,12,2023-07-28,2024-07-22,Broker,Fire & Allied Perils
POL207692,CUST104214,Health,18700.0,786000.0,12,2021-08-12,2022-08-07,Broker,Individual Health
POL207693,CUST100008,Life,23500.0,922000.0,24,2022-08-24,2024-08-13,Online,Endowment Plan
POL207694,CUST101972,Motor,19100.0,467000.0,24,2024-03-31,2026-03-21,Online,Motor Comprehensive
POL207695,CUST104710,Health,35100.0,2054000.0,12,2024-04-07,2025-04-02,Online,Critical Illness
POL207696,CUST102447,Travel,8500.0,429000.0,12,2024-11-15,2025-11-10,Agent,International Travel
POL207697,CUST104220,Life,6800.0,291000.0,36,2023-04-28,2026-04-12,Agent,ULIP
POL207698,CUST100446,Motor,35700.0,2051000.0,12,2021-05-02,2022-04-27,Agent,Motor Comprehensive
POL207699,CUST102145,Health,19200.0,933000.0,12,2024-08-03,2025-07-29,Agent,Critical Illness
POL207700,CUST104352,Health,20400.0,749000.0,12,2021-08-11,2022-08-06,Agent,Critical Illness
POL207701,CUST100973,Motor,8000.0,467000.0,24,2022-08-29,2024-08-18,Agent,Motor Third-Party
POL207702,CUST100051,Travel,19800.0,869000.0,12,2022-08-07,2023-08-02,Bancassurance,International Travel
POL207703,CUST103672,Motor,14300.0,302000.0,24,2023-08-10,2025-07-30,Agent,Motor Third-Party
POL207704,CUST100416,Health,22200.0,431000.0,12,2024-09-30,2025-09-25,Broker,Individual Health
POL207705,CUST101503,Property,15700.0,301000.0,12,2023-06-19,2024-06-13,Direct,Property All-Risk
POL207706,CUST104060,Motor,14200.0,440000.0,24,2021-05-11,2023-05-01,Agent,Motor Comprehensive
POL207707,CUST104459,Health,15800.0,243000.0,12,2021-08-12,2022-08-07,Agent,Individual Health
POL207708,CUST100652,Life,10500.0,422000.0,24,2021-02-25,2023-02-15,Agent,Term Life
POL207709,CUST102484,Health,11900.0,412000.0,12,2022-05-06,2023-05-01,Agent,Individual Health
POL207710,CUST103966,Health,28700.0,900000.0,24,2024-09-11,2026-09-01,Bancassurance,Critical Illness
POL207711,CUST101956,Health,20000.0,687000.0,36,2021-03-12,2024-02-25,Broker,Critical Illness
POL207712,CUST101752,Travel,13700.0,467000.0,12,2022-09-20,2023-09-15,Agent,Domestic Travel
POL207713,CUST102716,Property,19900.0,1183000.0,12,2023-10-13,2024-10-07,Online,Property All-Risk
POL207714,CUST103880,Motor,18300.0,619000.0,12,2023-04-21,2024-04-15,Broker,Motor Comprehensive
POL207715,CUST100201,Health,12100.0,684000.0,60,2023-12-14,2028-11-17,Agent,Family Floater
POL207716,CUST100251,Life,10500.0,561000.0,24,2022-05-30,2024-05-19,Online,Endowment Plan
POL207717,CUST100533,Health,11900.0,408000.0,36,2024-09-01,2027-08-17,Agent,Family Floater
POL207718,CUST101706,Motor,26300.0,445000.0,60,2023-07-14,2028-06-17,Online,Motor Third-Party
POL207719,CUST101390,Life,13700.0,728000.0,36,2021-04-24,2024-04-08,Agent,Term Life
POL207720,CUST102406,Health,28300.0,695000.0,12,2023-02-16,2024-02-11,Agent,Individual Health
POL207721,CUST101504,Marine,11300.0,199000.0,12,2023-02-27,2024-02-22,Agent,Marine Hull
POL207722,CUST103128,Motor,9700.0,526000.0,12,2021-01-27,2022-01-22,Online,Motor Comprehensive
POL207723,CUST101608,Motor,14100.0,629000.0,12,2022-02-19,2023-02-14,Bancassurance,Motor Third-Party
POL207724,CUST104181,Marine,17600.0,405000.0,12,2021-09-17,2022-09-12,Broker,Marine Hull
POL207725,CUST101548,Marine,15900.0,445000.0,36,2024-12-01,2027-11-16,Agent,Marine Cargo
POL207726,CUST101222,Health,18900.0,918000.0,24,2021-03-21,2023-03-11,Agent,Individual Health
POL207727,CUST104301,Life,19200.0,395000.0,24,2023-04-27,2025-04-16,Agent,Term Life
POL207728,CUST103294,Property,21600.0,1026000.0,24,2021-06-04,2023-05-25,Broker,Fire & Allied Perils
POL207729,CUST100239,Motor,8100.0,289000.0,12,2021-10-21,2022-10-16,Online,Motor Own-Damage
POL207730,CUST100758,Life,10700.0,564000.0,12,2021-08-24,2022-08-19,Agent,ULIP
POL207731,CUST100243,Life,16400.0,721000.0,24,2024-10-14,2026-10-04,Online,ULIP
POL207732,CUST103975,Health,12100.0,716000.0,12,2024-08-19,2025-08-14,Online,Family Floater
POL207733,CUST103137,Travel,14200.0,761000.0,12,2024-08-20,2025-08-15,Agent,Domestic Travel
POL207734,CUST104666,Travel,15200.0,463000.0,12,2021-11-01,2022-10-27,Agent,International Travel
POL207735,CUST101640,Health,13300.0,488000.0,12,2021-01-24,2022-01-19,Online,Family Floater
POL207736,CUST100236,Motor,12000.0,687000.0,12,2024-12-17,2025-12-12,Agent,Motor Comprehensive
POL207737,CUST102294,Marine,9200.0,201000.0,36,2022-07-11,2025-06-25,Agent,Marine Cargo
POL207738,CUST100399,Health,13500.0,456000.0,12,2024-08-11,2025-08-06,Online,Family Floater
POL207739,CUST100722,Motor,11700.0,479000.0,12,2023-05-31,2024-05-25,Online,Motor Comprehensive
POL207740,CUST103937,Life,22900.0,705000.0,12,2022-09-14,2023-09-09,Agent,Endowment Plan
POL207741,CUST101894,Life,20400.0,392000.0,12,2023-12-01,2024-11-25,Agent,Endowment Plan
POL207742,CUST104401,Motor,8100.0,197000.0,24,2021-04-20,2023-04-10,Agent,Motor Own-Damage
POL207743,CUST102568,Motor,32700.0,1128000.0,24,2024-09-01,2026-08-22,Online,Motor Comprehensive
POL207744,CUST103241,Property,11900.0,646000.0,12,2024-11-08,2025-11-03,Agent,Fire & Allied Perils
POL207745,CUST104170,Travel,6600.0,269000.0,12,2022-06-22,2023-06-17,Agent,Domestic Travel
POL207746,CUST102305,Health,11100.0,316000.0,12,2023-12-29,2024-12-23,Bancassurance,Critical Illness
POL207747,CUST101599,Motor,6000.0,135000.0,24,2021-12-17,2023-12-07,Agent,Motor Comprehensive
POL207748,CUST103845,Health,6500.0,278000.0,24,2022-04-16,2024-04-05,Online,Critical Illness
POL207749,CUST104153,Health,52600.0,1217000.0,60,2022-12-11,2027-11-15,Agent,Critical Illness
POL207750,CUST101498,Health,22300.0,405000.0,12,2022-01-31,2023-01-26,Online,Family Floater
POL207751,CUST104115,Life,7600.0,125000.0,12,2023-09-07,2024-09-01,Agent,Term Life
POL207752,CUST104958,Motor,5100.0,237000.0,12,2024-07-17,2025-07-12,Agent,Motor Third-Party
POL207753,CUST100968,Property,14100.0,774000.0,24,2023-11-29,2025-11-18,Bancassurance,Home Shield
POL207754,CUST104239,Property,4600.0,179000.0,24,2024-02-16,2026-02-05,Broker,Fire & Allied Perils
POL207755,CUST100434,Property,13800.0,380000.0,24,2024-09-23,2026-09-13,Agent,Property All-Risk
POL207756,CUST104435,Health,18300.0,443000.0,12,2021-11-02,2022-10-28,Agent,Individual Health
POL207757,CUST104454,Life,19100.0,524000.0,24,2022-03-15,2024-03-04,Bancassurance,ULIP
POL207758,CUST104274,Health,7600.0,218000.0,24,2021-11-03,2023-10-24,Online,Individual Health
POL207759,CUST101743,Health,16900.0,713000.0,6,2021-11-26,2022-05-25,Online,Individual Health
POL207760,CUST104664,Life,25700.0,1454000.0,60,2024-03-13,2029-02-15,Online,ULIP
POL207761,CUST102769,Property,12200.0,306000.0,12,2023-08-04,2024-07-29,Online,Property All-Risk
POL207762,CUST100322,Property,7300.0,228000.0,12,2024-06-19,2025-06-14,Agent,Fire & Allied Perils
POL207763,CUST104246,Motor,11800.0,493000.0,12,2024-12-15,2025-12-10,Bancassurance,Motor Third-Party
POL207764,CUST104543,Life,8100.0,283000.0,12,2023-02-07,2024-02-02,Agent,ULIP
POL207765,CUST101515,Motor,61000.0,1235000.0,12,2022-06-16,2023-06-11,Bancassurance,Motor Third-Party
POL207766,CUST101243,Life,23400.0,516000.0,24,2021-08-13,2023-08-03,Agent,Endowment Plan
POL207767,CUST102845,Health,20700.0,849000.0,12,2023-06-23,2024-06-17,Online,Critical Illness
POL207768,CUST101795,Property,5100.0,216000.0,24,2021-12-25,2023-12-15,Online,Property All-Risk
POL207769,CUST103195,Travel,6200.0,257000.0,12,2023-06-21,2024-06-15,Broker,Domestic Travel
POL207770,CUST101852,Motor,12600.0,651000.0,12,2023-08-11,2024-08-05,Broker,Motor Third-Party
POL207771,CUST101088,Property,11500.0,272000.0,60,2024-12-09,2029-11-13,Agent,Property All-Risk
POL207772,CUST101162,Life,10100.0,356000.0,36,2021-09-10,2024-08-25,Bancassurance,Term Life
POL207773,CUST103288,Health,27600.0,992000.0,12,2023-04-14,2024-04-08,Agent,Critical Illness
POL207774,CUST102192,Health,46200.0,1140000.0,12,2021-02-17,2022-02-12,Bancassurance,Individual Health
POL207775,CUST100076,Health,10100.0,474000.0,12,2023-02-01,2024-01-27,Bancassurance,Critical Illness
POL207776,CUST102527,Motor,3600.0,105000.0,12,2022-03-14,2023-03-09,Online,Motor Third-Party
POL207777,CUST103939,Motor,10400.0,446000.0,12,2022-02-02,2023-01-28,Agent,Motor Third-Party
POL207778,CUST100743,Life,26900.0,913000.0,12,2023-07-29,2024-07-23,Bancassurance,Term Life
POL207779,CUST101220,Motor,23400.0,604000.0,12,2021-02-23,2022-02-18,Broker,Motor Comprehensive
POL207780,CUST101797,Health,15100.0,367000.0,12,2022-12-17,2023-12-12,Online,Individual Health
POL207781,CUST104635,Marine,20600.0,765000.0,12,2023-11-03,2024-10-28,Online,Marine Cargo
POL207782,CUST101740,Life,12100.0,312000.0,12,2024-10-28,2025-10-23,Bancassurance,ULIP
POL207783,CUST104188,Motor,9800.0,444000.0,12,2024-11-08,2025-11-03,Bancassurance,Motor Third-Party
POL207784,CUST103373,Life,8700.0,372000.0,12,2021-07-16,2022-07-11,Agent,ULIP
POL207785,CUST104960,Motor,14700.0,743000.0,12,2021-03-13,2022-03-08,Agent,Motor Third-Party
POL207786,CUST102903,Property,10600.0,223000.0,24,2024-09-16,2026-09-06,Online,Fire & Allied Perils
POL207787,CUST101584,Motor,7700.0,421000.0,12,2024-04-07,2025-04-02,Broker,Motor Comprehensive
POL207788,CUST103580,Motor,16300.0,628000.0,24,2022-11-22,2024-11-11,Direct,Motor Third-Party
POL207789,CUST100451,Travel,11300.0,501000.0,60,2022-08-08,2027-07-13,Agent,International Travel
POL207790,CUST103919,Motor,27400.0,1618000.0,36,2024-10-09,2027-09-24,Agent,Motor Own-Damage
POL207791,CUST101170,Motor,18100.0,694000.0,12,2022-11-09,2023-11-04,Online,Motor Third-Party
POL207792,CUST103335,Motor,38700.0,2113000.0,36,2021-09-20,2024-09-04,Online,Motor Own-Damage
POL207793,CUST102900,Health,19300.0,572000.0,36,2021-12-23,2024-12-07,Broker,Family Floater
POL207794,CUST101206,Property,14000.0,733000.0,6,2022-01-16,2022-07-15,Bancassurance,Home Shield
POL207795,CUST102406,Motor,25000.0,1428000.0,60,2023-05-28,2028-05-01,Online,Motor Comprehensive
POL207796,CUST102510,Motor,36100.0,846000.0,60,2022-06-12,2027-05-17,Broker,Motor Comprehensive
POL207797,CUST103835,Property,4500.0,168000.0,24,2022-03-18,2024-03-07,Online,Home Shield
POL207798,CUST102332,Motor,25100.0,1388000.0,24,2021-07-01,2023-06-21,Agent,Motor Comprehensive
POL207799,CUST100290,Motor,14700.0,456000.0,60,2021-08-23,2026-07-28,Online,Motor Own-Damage
POL207800,CUST100370,Motor,19400.0,899000.0,12,2021-10-07,2022-10-02,Agent,Motor Third-Party
POL207801,CUST103322,Marine,37800.0,740000.0,24,2021-07-05,2023-06-25,Agent,Marine Hull
POL207802,CUST104472,Health,15400.0,439000.0,36,2022-08-22,2025-08-06,Agent,Critical Illness
POL207803,CUST102176,Life,7400.0,331000.0,12,2023-08-01,2024-07-26,Bancassurance,ULIP
POL207804,CUST100457,Life,5600.0,195000.0,12,2023-03-27,2024-03-21,Online,Term Life
POL207805,CUST100854,Health,37100.0,1656000.0,12,2021-06-26,2022-06-21,Online,Family Floater
POL207806,CUST104882,Property,18100.0,722000.0,60,2023-04-18,2028-03-22,Online,Property All-Risk
POL207807,CUST103516,Marine,15400.0,875000.0,24,2022-11-24,2024-11-13,Online,Marine Hull
POL207808,CUST100158,Life,34700.0,708000.0,12,2021-01-10,2022-01-05,Direct,Term Life
POL207809,CUST101297,Property,9500.0,409000.0,12,2021-09-04,2022-08-30,Agent,Fire & Allied Perils
POL207810,CUST103648,Motor,9500.0,337000.0,24,2024-03-14,2026-03-04,Broker,Motor Comprehensive
POL207811,CUST103157,Health,41300.0,2342000.0,12,2022-01-14,2023-01-09,Online,Family Floater
POL207812,CUST101437,Life,8600.0,460000.0,60,2022-03-19,2027-02-21,Bancassurance,Endowment Plan
POL207813,CUST103479,Motor,6500.0,190000.0,12,2021-09-07,2022-09-02,Agent,Motor Third-Party
POL207814,CUST104523,Motor,40900.0,2148000.0,24,2023-12-12,2025-12-01,Direct,Motor Third-Party
POL207815,CUST104500,Motor,24500.0,1002000.0,60,2022-08-03,2027-07-08,Online,Motor Third-Party
POL207816,CUST104120,Motor,14600.0,410000.0,24,2022-02-01,2024-01-22,Online,Motor Comprehensive
POL207817,CUST101771,Property,52400.0,1002000.0,12,2022-11-12,2023-11-07,Agent,Property All-Risk
POL207818,CUST100125,Motor,11100.0,250000.0,12,2022-02-20,2023-02-15,Broker,Motor Comprehensive
POL207819,CUST101953,Life,21600.0,935000.0,36,2023-01-17,2026-01-01,Bancassurance,ULIP
POL207820,CUST100109,Motor,20200.0,756000.0,36,2023-05-20,2026-05-04,Agent,Motor Third-Party
POL207821,CUST102850,Life,35200.0,740000.0,12,2021-04-19,2022-04-14,Agent,Endowment Plan
POL207822,CUST103015,Motor,9400.0,519000.0,12,2021-01-25,2022-01-20,Direct,Motor Own-Damage
POL207823,CUST101708,Motor,40900.0,1678000.0,24,2024-02-08,2026-01-28,Agent,Motor Third-Party
POL207824,CUST100747,Health,49200.0,2876000.0,12,2021-06-23,2022-06-18,Broker,Critical Illness
POL207825,CUST102623,Motor,31600.0,865000.0,12,2021-05-23,2022-05-18,Agent,Motor Comprehensive
POL207826,CUST100070,Health,10100.0,235000.0,6,2024-11-14,2025-05-13,Online,Individual Health
POL207827,CUST101381,Life,17700.0,960000.0,24,2024-07-30,2026-07-20,Agent,Endowment Plan
POL207828,CUST104838,Travel,20100.0,981000.0,6,2022-11-02,2023-05-01,Bancassurance,International Travel
POL207829,CUST104570,Life,19700.0,483000.0,12,2021-04-08,2022-04-03,Agent,Term Life
POL207830,CUST103164,Health,5500.0,169000.0,60,2024-04-21,2029-03-26,Broker,Individual Health
POL207831,CUST101870,Health,23300.0,683000.0,12,2024-09-12,2025-09-07,Agent,Individual Health
POL207832,CUST100054,Health,18500.0,864000.0,24,2024-04-11,2026-04-01,Online,Family Floater
POL207833,CUST103250,Health,14200.0,351000.0,12,2024-10-26,2025-10-21,Broker,Critical Illness
POL207834,CUST102452,Health,15000.0,277000.0,12,2021-01-09,2022-01-04,Bancassurance,Individual Health
POL207835,CUST103567,Health,53500.0,2772000.0,12,2024-08-29,2025-08-24,Direct,Individual Health
POL207836,CUST100787,Property,31900.0,495000.0,24,2022-11-06,2024-10-26,Online,Property All-Risk
POL207837,CUST104151,Health,4900.0,208000.0,24,2022-04-10,2024-03-30,Agent,Family Floater
POL207838,CUST104025,Motor,14300.0,413000.0,24,2023-06-28,2025-06-17,Bancassurance,Motor Third-Party
POL207839,CUST102140,Life,28600.0,974000.0,12,2024-12-18,2025-12-13,Agent,Term Life
POL207840,CUST100143,Property,32300.0,582000.0,12,2024-03-05,2025-02-28,Online,Property All-Risk
POL207841,CUST102331,Property,19400.0,436000.0,12,2022-05-20,2023-05-15,Broker,Property All-Risk
POL207842,CUST101854,Motor,7700.0,289000.0,6,2024-11-11,2025-05-10,Agent,Motor Third-Party
POL207843,CUST103804,Life,7200.0,232000.0,12,2022-01-13,2023-01-08,Agent,Endowment Plan
POL207844,CUST101190,Travel,23000.0,811000.0,60,2021-07-28,2026-07-02,Agent,International Travel
POL207845,CUST100090,Motor,12500.0,190000.0,24,2024-05-14,2026-05-04,Online,Motor Comprehensive
POL207846,CUST104904,Health,8600.0,488000.0,12,2023-10-25,2024-10-19,Online,Critical Illness
POL207847,CUST101206,Health,2500.0,96000.0,12,2021-06-08,2022-06-03,Agent,Individual Health
POL207848,CUST100390,Property,5900.0,204000.0,12,2022-10-05,2023-09-30,Online,Property All-Risk
POL207849,CUST104285,Health,18200.0,984000.0,12,2021-06-14,2022-06-09,Bancassurance,Critical Illness
POL207850,CUST103599,Life,13600.0,242000.0,12,2022-07-30,2023-07-25,Online,ULIP
POL207851,CUST101343,Motor,34300.0,1204000.0,12,2023-04-19,2024-04-13,Broker,Motor Third-Party
POL207852,CUST102390,Motor,6700.0,274000.0,60,2021-01-02,2025-12-07,Agent,Motor Comprehensive
POL207853,CUST103441,Motor,10100.0,278000.0,12,2022-06-11,2023-06-06,Online,Motor Own-Damage
POL207854,CUST104082,Motor,11300.0,301000.0,12,2024-12-16,2025-12-11,Online,Motor Third-Party
POL207855,CUST101864,Property,17100.0,381000.0,12,2022-05-18,2023-05-13,Bancassurance,Property All-Risk
POL207856,CUST101071,Motor,11400.0,533000.0,12,2023-06-22,2024-06-16,Bancassurance,Motor Comprehensive
POL207857,CUST100073,Motor,9300.0,419000.0,12,2022-06-12,2023-06-07,Direct,Motor Third-Party
POL207858,CUST104276,Property,19700.0,658000.0,12,2023-07-09,2024-07-03,Agent,Property All-Risk
POL207859,CUST104071,Health,16600.0,324000.0,12,2021-11-30,2022-11-25,Online,Individual Health
POL207860,CUST104751,Life,25000.0,584000.0,24,2024-09-28,2026-09-18,Broker,Endowment Plan
POL207861,CUST103738,Motor,13400.0,444000.0,36,2022-04-18,2025-04-02,Broker,Motor Comprehensive
POL207862,CUST101065,Marine,30500.0,798000.0,12,2021-12-09,2022-12-04,Online,Marine Cargo
POL207863,CUST101201,Health,8700.0,419000.0,24,2021-05-23,2023-05-13,Bancassurance,Critical Illness
POL207864,CUST101213,Motor,23000.0,427000.0,12,2023-10-25,2024-10-19,Agent,Motor Third-Party
POL207865,CUST102291,Life,26400.0,860000.0,12,2023-12-27,2024-12-21,Online,Term Life
POL207866,CUST104818,Health,2900.0,159000.0,12,2022-11-03,2023-10-29,Online,Family Floater
POL207867,CUST103454,Health,23300.0,704000.0,12,2021-06-13,2022-06-08,Agent,Family Floater
POL207868,CUST102170,Health,14600.0,719000.0,24,2022-12-14,2024-12-03,Bancassurance,Individual Health
POL207869,CUST103687,Health,17400.0,496000.0,24,2023-05-25,2025-05-14,Agent,Family Floater
POL207870,CUST104176,Life,33800.0,1489000.0,12,2024-02-20,2025-02-14,Agent,Term Life
POL207871,CUST102017,Motor,15500.0,622000.0,24,2021-05-07,2023-04-27,Online,Motor Third-Party
POL207872,CUST104212,Life,8300.0,319000.0,12,2022-01-28,2023-01-23,Agent,ULIP
POL207873,CUST100091,Motor,22200.0,481000.0,12,2024-10-30,2025-10-25,Online,Motor Own-Damage
POL207874,CUST101554,Life,13900.0,241000.0,12,2024-09-29,2025-09-24,Agent,Endowment Plan
POL207875,CUST100849,Motor,15700.0,330000.0,24,2022-08-06,2024-07-26,Bancassurance,Motor Third-Party
POL207876,CUST100893,Health,14700.0,720000.0,12,2022-12-14,2023-12-09,Online,Critical Illness
POL207877,CUST101013,Health,24500.0,1468000.0,36,2022-10-20,2025-10-04,Online,Critical Illness
POL207878,CUST101832,Life,19600.0,523000.0,12,2023-01-24,2024-01-19,Agent,Term Life
POL207879,CUST103624,Property,15800.0,425000.0,36,2024-02-13,2027-01-28,Agent,Fire & Allied Perils
POL207880,CUST102959,Health,18800.0,607000.0,6,2022-07-26,2023-01-22,Bancassurance,Individual Health
POL207881,CUST102205,Marine,8600.0,269000.0,36,2022-01-10,2024-12-25,Online,Marine Cargo
POL207882,CUST102485,Travel,23300.0,1018000.0,12,2021-04-22,2022-04-17,Agent,International Travel
POL207883,CUST100916,Travel,19900.0,699000.0,6,2022-11-20,2023-05-19,Agent,International Travel
POL207884,CUST103683,Health,36300.0,1565000.0,12,2023-03-20,2024-03-14,Agent,Critical Illness
POL207885,CUST103775,Motor,10800.0,209000.0,12,2023-09-23,2024-09-17,Direct,Motor Own-Damage
POL207886,CUST102744,Life,11000.0,532000.0,24,2023-08-17,2025-08-06,Agent,Term Life
POL207887,CUST104071,Motor,17900.0,889000.0,36,2022-05-29,2025-05-13,Online,Motor Comprehensive
POL207888,CUST104027,Property,15400.0,889000.0,12,2021-03-16,2022-03-11,Direct,Property All-Risk
POL207889,CUST104021,Motor,8300.0,369000.0,12,2022-10-24,2023-10-19,Bancassurance,Motor Comprehensive
POL207890,CUST100519,Property,7300.0,299000.0,12,2022-03-10,2023-03-05,Agent,Home Shield
POL207891,CUST100430,Motor,29700.0,1222000.0,36,2021-11-25,2024-11-09,Bancassurance,Motor Third-Party
POL207892,CUST102195,Property,10100.0,193000.0,12,2024-04-26,2025-04-21,Broker,Home Shield
POL207893,CUST100284,Life,13500.0,403000.0,12,2022-10-24,2023-10-19,Agent,ULIP
POL207894,CUST100080,Motor,6900.0,380000.0,12,2022-12-25,2023-12-20,Online,Motor Own-Damage
POL207895,CUST100654,Health,49500.0,2712000.0,12,2023-07-08,2024-07-02,Bancassurance,Critical Illness
POL207896,CUST100604,Health,10500.0,609000.0,12,2023-05-30,2024-05-24,Bancassurance,Critical Illness
POL207897,CUST101629,Property,14500.0,656000.0,24,2024-09-24,2026-09-14,Agent,Home Shield
POL207898,CUST101657,Health,5400.0,135000.0,12,2022-06-20,2023-06-15,Online,Individual Health
POL207899,CUST104097,Health,17300.0,906000.0,36,2023-07-05,2026-06-19,Agent,Family Floater
POL207900,CUST104507,Health,42100.0,1728000.0,24,2021-03-25,2023-03-15,Online,Family Floater
POL207901,CUST100851,Life,7400.0,143000.0,12,2021-01-18,2022-01-13,Broker,ULIP
POL207902,CUST101900,Motor,17800.0,314000.0,12,2023-03-30,2024-03-24,Agent,Motor Comprehensive
POL207903,CUST102541,Travel,12000.0,517000.0,12,2021-05-13,2022-05-08,Bancassurance,International Travel
POL207904,CUST101367,Life,15900.0,710000.0,12,2022-01-08,2023-01-03,Bancassurance,Endowment Plan
POL207905,CUST101654,Property,12700.0,367000.0,24,2023-10-26,2025-10-15,Online,Property All-Risk
POL207906,CUST103353,Property,6600.0,377000.0,12,2023-11-03,2024-10-28,Broker,Fire & Allied Perils
POL207907,CUST102127,Motor,18700.0,429000.0,12,2022-05-21,2023-05-16,Bancassurance,Motor Third-Party
POL207908,CUST103517,Motor,25500.0,560000.0,36,2022-08-01,2025-07-16,Online,Motor Comprehensive
POL207909,CUST100374,Motor,12300.0,389000.0,12,2024-08-14,2025-08-09,Agent,Motor Third-Party
POL207910,CUST102406,Motor,29500.0,1104000.0,12,2023-01-13,2024-01-08,Online,Motor Own-Damage
POL207911,CUST101552,Motor,29700.0,1068000.0,12,2022-06-05,2023-05-31,Bancassurance,Motor Own-Damage
POL207912,CUST101442,Property,25500.0,1176000.0,36,2023-03-31,2026-03-15,Agent,Property All-Risk
POL207913,CUST102341,Health,8100.0,194000.0,12,2022-08-15,2023-08-10,Broker,Individual Health
POL207914,CUST101509,Life,21900.0,840000.0,24,2023-11-21,2025-11-10,Bancassurance,ULIP
POL207915,CUST103791,Health,20600.0,775000.0,12,2022-09-15,2023-09-10,Broker,Individual Health
POL207916,CUST100927,Motor,9100.0,507000.0,12,2024-03-31,2025-03-26,Bancassurance,Motor Own-Damage
POL207917,CUST104465,Health,11600.0,594000.0,12,2021-11-11,2022-11-06,Agent,Family Floater
POL207918,CUST101812,Motor,16000.0,873000.0,12,2021-05-28,2022-05-23,Bancassurance,Motor Comprehensive
POL207919,CUST102634,Marine,11300.0,615000.0,12,2023-11-01,2024-10-26,Agent,Marine Hull
POL207920,CUST100841,Life,14600.0,285000.0,24,2021-05-17,2023-05-07,Agent,Endowment Plan
POL207921,CUST104596,Motor,37200.0,1402000.0,24,2023-03-04,2025-02-21,Online,Motor Third-Party
POL207922,CUST103214,Life,9500.0,515000.0,24,2021-08-23,2023-08-13,Agent,ULIP
POL207923,CUST103848,Health,9400.0,490000.0,36,2021-09-11,2024-08-26,Agent,Individual Health
POL207924,CUST104473,Motor,28400.0,1596000.0,36,2023-08-19,2026-08-03,Bancassurance,Motor Comprehensive
POL207925,CUST104978,Motor,16500.0,279000.0,36,2024-10-26,2027-10-11,Online,Motor Third-Party
POL207926,CUST101271,Motor,17700.0,600000.0,24,2022-01-02,2023-12-23,Broker,Motor Comprehensive
POL207927,CUST101644,Property,13500.0,273000.0,12,2021-12-12,2022-12-07,Agent,Home Shield
POL207928,CUST101211,Property,13700.0,281000.0,12,2024-02-04,2025-01-29,Bancassurance,Home Shield
POL207929,CUST102507,Life,15000.0,602000.0,12,2022-09-10,2023-09-05,Broker,Term Life
POL207930,CUST104490,Motor,17700.0,1051000.0,36,2022-07-15,2025-06-29,Agent,Motor Third-Party
POL207931,CUST103691,Health,25300.0,1240000.0,12,2022-05-03,2023-04-28,Agent,Individual Health
POL207932,CUST102840,Health,8500.0,333000.0,12,2022-09-05,2023-08-31,Agent,Critical Illness
POL207933,CUST102367,Motor,9900.0,521000.0,12,2022-10-16,2023-10-11,Online,Motor Comprehensive
POL207934,CUST103648,Life,28700.0,1246000.0,12,2023-03-27,2024-03-21,Direct,Endowment Plan
POL207935,CUST102336,Motor,17000.0,320000.0,36,2023-02-26,2026-02-10,Online,Motor Own-Damage
POL207936,CUST104445,Motor,12700.0,549000.0,36,2023-06-19,2026-06-03,Broker,Motor Third-Party
POL207937,CUST102796,Life,19100.0,353000.0,12,2023-03-04,2024-02-27,Online,Endowment Plan
POL207938,CUST103324,Motor,11500.0,365000.0,24,2021-01-27,2023-01-17,Online,Motor Third-Party
POL207939,CUST103396,Life,27800.0,877000.0,12,2023-11-06,2024-10-31,Agent,Term Life
POL207940,CUST103712,Property,10400.0,618000.0,12,2022-08-28,2023-08-23,Online,Property All-Risk
POL207941,CUST102390,Life,11200.0,232000.0,12,2021-04-12,2022-04-07,Agent,Endowment Plan
POL207942,CUST101934,Travel,12400.0,659000.0,12,2024-04-07,2025-04-02,Agent,Domestic Travel
POL207943,CUST102074,Life,20700.0,593000.0,12,2022-06-05,2023-05-31,Online,Term Life
POL207944,CUST104690,Property,29600.0,1084000.0,24,2023-06-10,2025-05-30,Broker,Fire & Allied Perils
POL207945,CUST100548,Life,22000.0,1208000.0,6,2024-06-27,2024-12-24,Online,ULIP
POL207946,CUST103519,Property,25400.0,861000.0,36,2022-02-06,2025-01-21,Agent,Property All-Risk
POL207947,CUST104802,Health,5600.0,254000.0,24,2021-05-28,2023-05-18,Broker,Individual Health
POL207948,CUST100358,Health,5400.0,296000.0,12,2024-09-19,2025-09-14,Bancassurance,Critical Illness
POL207949,CUST103089,Health,6600.0,158000.0,12,2023-09-07,2024-09-01,Agent,Critical Illness
POL207950,CUST102976,Health,15200.0,454000.0,12,2024-11-15,2025-11-10,Online,Individual Health
POL207951,CUST101671,Health,11900.0,504000.0,60,2023-02-01,2028-01-06,Agent,Critical Illness
POL207952,CUST100473,Travel,6800.0,216000.0,12,2022-11-11,2023-11-06,Agent,Domestic Travel
POL207953,CUST103388,Life,2000.0,70000.0,36,2023-08-19,2026-08-03,Online,ULIP
POL207954,CUST102610,Health,21500.0,1014000.0,24,2022-05-22,2024-05-11,Direct,Critical Illness
POL207955,CUST103758,Health,32500.0,1757000.0,24,2023-11-02,2025-10-22,Bancassurance,Individual Health
POL207956,CUST100442,Property,25800.0,825000.0,24,2024-06-28,2026-06-18,Agent,Property All-Risk
POL207957,CUST104673,Property,14700.0,397000.0,24,2024-04-16,2026-04-06,Agent,Home Shield
POL207958,CUST103136,Life,18000.0,863000.0,12,2022-02-16,2023-02-11,Online,Term Life
POL207959,CUST102213,Motor,10400.0,435000.0,12,2022-12-17,2023-12-12,Agent,Motor Third-Party
POL207960,CUST102281,Property,15700.0,760000.0,12,2023-11-29,2024-11-23,Online,Home Shield
POL207961,CUST104759,Marine,15000.0,860000.0,24,2021-04-13,2023-04-03,Online,Marine Cargo
POL207962,CUST102765,Property,20000.0,506000.0,12,2023-09-29,2024-09-23,Online,Home Shield
POL207963,CUST102901,Life,10000.0,491000.0,12,2022-12-19,2023-12-14,Bancassurance,Endowment Plan
POL207964,CUST103244,Motor,48800.0,1329000.0,12,2023-07-15,2024-07-09,Agent,Motor Third-Party
POL207965,CUST101562,Travel,7300.0,190000.0,12,2022-04-28,2023-04-23,Direct,Domestic Travel
POL207966,CUST101251,Motor,17900.0,849000.0,12,2021-08-24,2022-08-19,Broker,Motor Comprehensive
POL207967,CUST103755,Motor,23300.0,650000.0,24,2021-08-21,2023-08-11,Bancassurance,Motor Own-Damage
POL207968,CUST101597,Life,7700.0,120000.0,24,2021-09-14,2023-09-04,Agent,Term Life
POL207969,CUST100171,Health,5000.0,170000.0,12,2024-10-05,2025-09-30,Direct,Individual Health
POL207970,CUST102410,Life,23500.0,735000.0,12,2022-07-20,2023-07-15,Agent,ULIP
POL207971,CUST100050,Life,49300.0,793000.0,12,2021-07-09,2022-07-04,Broker,Endowment Plan
POL207972,CUST102831,Motor,4000.0,123000.0,12,2023-03-03,2024-02-26,Agent,Motor Comprehensive
POL207973,CUST103221,Life,49100.0,1535000.0,60,2024-09-26,2029-08-31,Agent,ULIP
POL207974,CUST104618,Property,24100.0,938000.0,12,2022-06-17,2023-06-12,Agent,Property All-Risk
POL207975,CUST103034,Property,15500.0,576000.0,12,2022-03-29,2023-03-24,Bancassurance,Property All-Risk
POL207976,CUST101759,Motor,25900.0,580000.0,12,2023-12-05,2024-11-29,Broker,Motor Third-Party
POL207977,CUST103211,Health,30300.0,1405000.0,24,2023-09-09,2025-08-29,Broker,Family Floater
POL207978,CUST102958,Motor,14100.0,791000.0,24,2022-02-10,2024-01-31,Agent,Motor Third-Party
POL207979,CUST103705,Life,57300.0,2908000.0,12,2021-01-04,2021-12-30,Broker,ULIP
POL207980,CUST104612,Life,48300.0,1069000.0,12,2023-06-04,2024-05-29,Bancassurance,ULIP
POL207981,CUST100484,Health,10900.0,435000.0,36,2024-09-09,2027-08-25,Online,Family Floater
POL207982,CUST103589,Motor,19000.0,446000.0,12,2021-12-25,2022-12-20,Agent,Motor Comprehensive
POL207983,CUST104024,Property,7500.0,247000.0,12,2022-10-04,2023-09-29,Agent,Home Shield
POL207984,CUST101641,Property,6100.0,332000.0,12,2022-10-07,2023-10-02,Bancassurance,Home Shield
POL207985,CUST102017,Health,13100.0,265000.0,6,2022-11-17,2023-05-16,Online,Family Floater
POL207986,CUST102073,Motor,18600.0,1067000.0,12,2022-09-13,2023-09-08,Broker,Motor Third-Party
POL207987,CUST101867,Health,9000.0,272000.0,12,2022-10-01,2023-09-26,Direct,Family Floater
POL207988,CUST104393,Marine,25400.0,1089000.0,12,2023-01-15,2024-01-10,Broker,Marine Hull
POL207989,CUST101630,Life,19500.0,726000.0,24,2024-11-01,2026-10-22,Broker,ULIP
POL207990,CUST102188,Life,16400.0,654000.0,36,2024-01-05,2026-12-20,Agent,Endowment Plan
POL207991,CUST102924,Motor,9800.0,424000.0,60,2021-09-26,2026-08-31,Bancassurance,Motor Third-Party
POL207992,CUST101260,Health,10500.0,199000.0,36,2022-05-13,2025-04-27,Online,Critical Illness
POL207993,CUST103489,Motor,13500.0,324000.0,12,2024-05-07,2025-05-02,Bancassurance,Motor Third-Party
POL207994,CUST102615,Health,11000.0,538000.0,12,2023-07-31,2024-07-25,Agent,Critical Illness
POL207995,CUST100850,Motor,12500.0,609000.0,12,2022-12-15,2023-12-10,Agent,Motor Own-Damage
POL207996,CUST100929,Health,9900.0,396000.0,60,2024-08-02,2029-07-07,Bancassurance,Family Floater
POL207997,CUST100135,Health,20700.0,1192000.0,12,2022-11-30,2023-11-25,Broker,Critical Illness
POL207998,CUST102910,Property,7000.0,119000.0,24,2022-04-02,2024-03-22,Agent,Home Shield
POL207999,CUST104004,Health,27500.0,1529000.0,12,2023-11-20,2024-11-14,Agent,Family Floater
POL208000,CUST104957,Motor,11400.0,393000.0,60,2023-01-21,2027-12-26,Broker,Motor Third-Party
POL208001,CUST103299,Motor,21200.0,1188000.0,12,2021-08-01,2022-07-27,Agent,Motor Own-Damage
POL208002,CUST104846,Motor,16100.0,579000.0,24,2022-03-18,2024-03-07,Agent,Motor Own-Damage
POL208003,CUST104940,Life,6300.0,313000.0,24,2024-05-06,2026-04-26,Bancassurance,Endowment Plan
POL208004,CUST103068,Life,26500.0,1571000.0,12,2024-04-27,2025-04-22,Online,Term Life
POL208005,CUST101875,Life,39300.0,2135000.0,6,2023-11-30,2024-05-28,Direct,Endowment Plan
POL208006,CUST104431,Property,14300.0,272000.0,60,2022-02-28,2027-02-02,Bancassurance,Fire & Allied Perils
POL208007,CUST103162,Motor,4500.0,226000.0,12,2021-09-03,2022-08-29,Agent,Motor Comprehensive
POL208008,CUST104075,Health,19900.0,713000.0,12,2024-12-09,2025-12-04,Bancassurance,Family Floater
POL208009,CUST101131,Motor,16700.0,468000.0,36,2023-01-22,2026-01-06,Online,Motor Own-Damage
POL208010,CUST104753,Motor,9200.0,433000.0,12,2021-04-08,2022-04-03,Agent,Motor Own-Damage
POL208011,CUST102145,Health,16800.0,580000.0,36,2024-07-10,2027-06-25,Online,Individual Health
POL208012,CUST104365,Life,33000.0,1368000.0,36,2024-07-29,2027-07-14,Agent,Term Life
POL208013,CUST101876,Property,29500.0,1481000.0,12,2022-11-24,2023-11-19,Direct,Property All-Risk
POL208014,CUST104499,Health,13000.0,676000.0,12,2024-03-16,2025-03-11,Agent,Individual Health
POL208015,CUST103364,Health,12800.0,461000.0,6,2024-06-29,2024-12-26,Online,Individual Health
POL208016,CUST101147,Marine,8700.0,303000.0,12,2021-08-14,2022-08-09,Online,Marine Cargo
POL208017,CUST100742,Property,13100.0,440000.0,12,2023-05-03,2024-04-27,Bancassurance,Property All-Risk
POL208018,CUST100790,Life,18100.0,823000.0,36,2023-09-01,2026-08-16,Agent,Endowment Plan
POL208019,CUST101872,Health,17700.0,1020000.0,36,2024-12-25,2027-12-10,Bancassurance,Family Floater
POL208020,CUST100219,Health,19200.0,520000.0,12,2021-02-24,2022-02-19,Online,Individual Health
POL208021,CUST102742,Life,19100.0,532000.0,12,2021-07-04,2022-06-29,Bancassurance,Endowment Plan
POL208022,CUST103296,Motor,9900.0,437000.0,12,2021-03-21,2022-03-16,Bancassurance,Motor Third-Party
POL208023,CUST103722,Health,26300.0,925000.0,24,2024-09-11,2026-09-01,Bancassurance,Individual Health
POL208024,CUST104667,Motor,29000.0,497000.0,12,2023-04-09,2024-04-03,Online,Motor Comprehensive
POL208025,CUST104002,Life,16600.0,303000.0,12,2022-02-16,2023-02-11,Broker,Endowment Plan
POL208026,CUST104969,Health,58300.0,2460000.0,12,2023-05-07,2024-05-01,Broker,Family Floater
POL208027,CUST103018,Motor,20500.0,656000.0,12,2022-01-14,2023-01-09,Agent,Motor Comprehensive
POL208028,CUST104261,Health,7100.0,306000.0,24,2022-03-29,2024-03-18,Online,Family Floater
POL208029,CUST103872,Motor,13600.0,665000.0,60,2021-07-05,2026-06-09,Online,Motor Third-Party
POL208030,CUST104155,Property,13000.0,395000.0,6,2024-06-26,2024-12-23,Broker,Property All-Risk
POL208031,CUST102053,Marine,4400.0,181000.0,12,2023-06-16,2024-06-10,Bancassurance,Marine Hull
POL208032,CUST102594,Health,13900.0,473000.0,12,2023-06-03,2024-05-28,Broker,Critical Illness
POL208033,CUST104569,Motor,25700.0,1453000.0,6,2022-04-19,2022-10-16,Agent,Motor Own-Damage
POL208034,CUST102259,Marine,28200.0,1648000.0,24,2023-07-29,2025-07-18,Bancassurance,Marine Cargo
POL208035,CUST103031,Property,40900.0,1857000.0,12,2024-06-04,2025-05-30,Bancassurance,Home Shield
POL208036,CUST103201,Property,21300.0,685000.0,24,2023-06-06,2025-05-26,Agent,Home Shield
POL208037,CUST100924,Health,24400.0,1408000.0,12,2024-05-24,2025-05-19,Bancassurance,Individual Health
POL208038,CUST100113,Motor,11100.0,334000.0,12,2022-08-14,2023-08-09,Agent,Motor Third-Party
POL208039,CUST103476,Travel,22700.0,881000.0,12,2024-02-09,2025-02-03,Broker,International Travel
POL208040,CUST103971,Health,20200.0,1158000.0,36,2021-04-11,2024-03-26,Bancassurance,Family Floater
POL208041,CUST102912,Health,13100.0,555000.0,12,2024-02-22,2025-02-16,Agent,Family Floater
POL208042,CUST103287,Property,41900.0,1385000.0,12,2023-04-04,2024-03-29,Bancassurance,Property All-Risk
POL208043,CUST100334,Life,7000.0,115000.0,60,2022-02-08,2027-01-13,Agent,Endowment Plan
POL208044,CUST100850,Motor,16900.0,855000.0,12,2024-04-19,2025-04-14,Agent,Motor Third-Party
POL208045,CUST103688,Travel,33000.0,624000.0,12,2023-05-30,2024-05-24,Bancassurance,International Travel
POL208046,CUST103178,Health,9200.0,175000.0,24,2024-08-15,2026-08-05,Agent,Critical Illness
POL208047,CUST100989,Motor,11800.0,298000.0,12,2023-10-28,2024-10-22,Bancassurance,Motor Own-Damage
POL208048,CUST102997,Motor,25100.0,1089000.0,12,2021-07-18,2022-07-13,Bancassurance,Motor Third-Party
POL208049,CUST100175,Health,25100.0,1385000.0,12,2024-12-03,2025-11-28,Agent,Individual Health
POL208050,CUST103939,Life,15000.0,231000.0,6,2023-12-07,2024-06-04,Agent,ULIP
POL208051,CUST100134,Motor,19200.0,874000.0,12,2024-05-28,2025-05-23,Online,Motor Own-Damage
POL208052,CUST104187,Health,16800.0,646000.0,24,2021-11-03,2023-10-24,Online,Critical Illness
POL208053,CUST101118,Health,26700.0,1147000.0,12,2023-09-04,2024-08-29,Agent,Individual Health
POL208054,CUST101267,Health,27300.0,1257000.0,24,2021-10-30,2023-10-20,Agent,Family Floater
POL208055,CUST104629,Travel,34900.0,1559000.0,12,2023-07-30,2024-07-24,Online,International Travel
POL208056,CUST104072,Motor,34700.0,1817000.0,12,2021-04-05,2022-03-31,Online,Motor Comprehensive
POL208057,CUST101682,Marine,19600.0,390000.0,12,2021-04-04,2022-03-30,Bancassurance,Marine Cargo
POL208058,CUST100910,Health,8000.0,200000.0,24,2024-11-20,2026-11-10,Bancassurance,Individual Health
POL208059,CUST100548,Motor,10300.0,546000.0,24,2021-06-24,2023-06-14,Agent,Motor Comprehensive
POL208060,CUST101971,Motor,11300.0,206000.0,12,2023-12-29,2024-12-23,Broker,Motor Comprehensive
POL208061,CUST102904,Travel,15200.0,899000.0,36,2023-10-09,2026-09-23,Bancassurance,Domestic Travel
POL208062,CUST102463,Motor,17500.0,621000.0,12,2022-05-10,2023-05-05,Agent,Motor Third-Party
POL208063,CUST104483,Motor,9000.0,278000.0,24,2021-02-27,2023-02-17,Bancassurance,Motor Comprehensive
POL208064,CUST104024,Health,4100.0,143000.0,12,2024-06-02,2025-05-28,Agent,Critical Illness
POL208065,CUST101301,Life,21900.0,610000.0,12,2023-06-03,2024-05-28,Agent,Term Life
POL208066,CUST104505,Health,16100.0,840000.0,12,2021-07-31,2022-07-26,Bancassurance,Family Floater
POL208067,CUST102309,Motor,43400.0,1854000.0,12,2023-04-04,2024-03-29,Agent,Motor Own-Damage
POL208068,CUST100086,Health,11000.0,308000.0,12,2022-05-13,2023-05-08,Agent,Critical Illness
POL208069,CUST104257,Marine,39300.0,1969000.0,36,2023-06-08,2026-05-23,Bancassurance,Marine Cargo
POL208070,CUST103686,Marine,9400.0,441000.0,12,2021-03-14,2022-03-09,Online,Marine Cargo
POL208071,CUST101776,Travel,15700.0,650000.0,12,2021-12-19,2022-12-14,Bancassurance,International Travel
POL208072,CUST104387,Health,16700.0,584000.0,12,2022-09-30,2023-09-25,Direct,Family Floater
POL208073,CUST104528,Motor,5800.0,308000.0,12,2024-08-28,2025-08-23,Agent,Motor Third-Party
POL208074,CUST104771,Motor,18700.0,455000.0,36,2022-01-07,2024-12-22,Bancassurance,Motor Comprehensive
POL208075,CUST104562,Property,10200.0,569000.0,12,2021-09-27,2022-09-22,Bancassurance,Home Shield
POL208076,CUST101339,Life,30500.0,1276000.0,24,2024-12-15,2026-12-05,Agent,Term Life
POL208077,CUST102788,Life,24700.0,1421000.0,12,2023-01-09,2024-01-04,Agent,Endowment Plan
POL208078,CUST100864,Health,20400.0,1165000.0,12,2021-10-04,2022-09-29,Agent,Family Floater
POL208079,CUST103408,Health,11800.0,221000.0,24,2021-03-30,2023-03-20,Online,Critical Illness
POL208080,CUST102494,Health,7500.0,225000.0,6,2021-09-07,2022-03-06,Online,Critical Illness
POL208081,CUST104396,Health,38200.0,1699000.0,24,2022-04-18,2024-04-07,Online,Family Floater
POL208082,CUST104505,Health,36500.0,759000.0,36,2021-03-11,2024-02-24,Agent,Individual Health
POL208083,CUST101589,Motor,11600.0,460000.0,12,2021-06-27,2022-06-22,Online,Motor Own-Damage
POL208084,CUST101578,Motor,27100.0,823000.0,12,2023-01-07,2024-01-02,Agent,Motor Comprehensive
POL208085,CUST100159,Motor,9100.0,546000.0,12,2024-06-02,2025-05-28,Broker,Motor Third-Party
POL208086,CUST102525,Travel,10300.0,247000.0,24,2021-04-26,2023-04-16,Agent,Domestic Travel
POL208087,CUST101923,Travel,16100.0,322000.0,12,2023-12-01,2024-11-25,Direct,Domestic Travel
POL208088,CUST104977,Life,21000.0,745000.0,12,2024-01-20,2025-01-14,Direct,ULIP
POL208089,CUST104088,Property,7200.0,187000.0,36,2024-08-06,2027-07-22,Direct,Home Shield
POL208090,CUST102280,Motor,4200.0,216000.0,24,2022-09-03,2024-08-23,Broker,Motor Comprehensive
POL208091,CUST102839,Motor,10000.0,158000.0,6,2024-02-16,2024-08-14,Bancassurance,Motor Own-Damage
POL208092,CUST103141,Motor,15200.0,674000.0,24,2024-12-21,2026-12-11,Broker,Motor Comprehensive
POL208093,CUST104515,Motor,6900.0,230000.0,6,2023-08-15,2024-02-11,Agent,Motor Comprehensive
POL208094,CUST104977,Life,12300.0,700000.0,12,2021-04-13,2022-04-08,Agent,ULIP
POL208095,CUST102091,Motor,12600.0,707000.0,12,2022-07-18,2023-07-13,Direct,Motor Own-Damage
POL208096,CUST101836,Travel,48200.0,2460000.0,12,2022-10-10,2023-10-05,Agent,International Travel
POL208097,CUST103565,Life,21300.0,731000.0,24,2023-10-09,2025-09-28,Agent,ULIP
POL208098,CUST101364,Motor,18200.0,622000.0,60,2024-11-18,2029-10-23,Online,Motor Comprehensive
POL208099,CUST100702,Property,13600.0,217000.0,12,2021-04-01,2022-03-27,Online,Property All-Risk
POL208100,CUST101413,Property,34700.0,1969000.0,24,2022-09-21,2024-09-10,Agent,Fire & Allied Perils
POL208101,CUST101581,Health,7500.0,442000.0,12,2024-04-11,2025-04-06,Broker,Individual Health
POL208102,CUST103085,Motor,23400.0,573000.0,12,2022-05-22,2023-05-17,Bancassurance,Motor Third-Party
POL208103,CUST103678,Health,35900.0,1302000.0,24,2024-09-16,2026-09-06,Online,Family Floater
POL208104,CUST100813,Health,26000.0,1067000.0,12,2021-07-18,2022-07-13,Broker,Individual Health
POL208105,CUST100224,Life,10700.0,420000.0,6,2022-05-06,2022-11-02,Bancassurance,ULIP
POL208106,CUST100822,Motor,7000.0,256000.0,12,2023-06-04,2024-05-29,Agent,Motor Comprehensive
POL208107,CUST104556,Property,26800.0,1133000.0,12,2023-06-30,2024-06-24,Broker,Home Shield
POL208108,CUST101300,Motor,23800.0,1202000.0,12,2022-04-03,2023-03-29,Online,Motor Own-Damage
POL208109,CUST102641,Travel,29600.0,996000.0,12,2024-04-24,2025-04-19,Broker,International Travel
POL208110,CUST102704,Motor,24900.0,457000.0,24,2023-04-15,2025-04-04,Online,Motor Third-Party
POL208111,CUST101390,Property,31000.0,850000.0,24,2022-11-24,2024-11-13,Agent,Fire & Allied Perils
POL208112,CUST104220,Motor,13500.0,275000.0,24,2024-09-06,2026-08-27,Agent,Motor Comprehensive
POL208113,CUST100325,Life,17000.0,717000.0,12,2022-09-10,2023-09-05,Online,ULIP
POL208114,CUST102646,Property,7900.0,299000.0,12,2023-04-20,2024-04-14,Agent,Fire & Allied Perils
POL208115,CUST102068,Health,6800.0,148000.0,12,2023-09-22,2024-09-16,Broker,Family Floater
POL208116,CUST103913,Motor,20200.0,612000.0,60,2021-04-02,2026-03-07,Broker,Motor Third-Party
POL208117,CUST100986,Travel,11400.0,639000.0,24,2021-09-04,2023-08-25,Bancassurance,International Travel
POL208118,CUST104787,Travel,36600.0,1985000.0,12,2022-12-22,2023-12-17,Broker,International Travel
POL208119,CUST103962,Life,23600.0,977000.0,24,2022-12-15,2024-12-04,Agent,Endowment Plan
POL208120,CUST103700,Health,17800.0,281000.0,12,2023-10-30,2024-10-24,Bancassurance,Family Floater
POL208121,CUST102472,Motor,5700.0,288000.0,12,2023-04-28,2024-04-22,Online,Motor Comprehensive
POL208122,CUST103213,Health,8800.0,152000.0,24,2023-05-24,2025-05-13,Agent,Individual Health
POL208123,CUST101038,Life,10400.0,584000.0,12,2023-08-29,2024-08-23,Agent,ULIP
POL208124,CUST100040,Motor,13000.0,536000.0,60,2021-07-17,2026-06-21,Agent,Motor Own-Damage
POL208125,CUST103728,Motor,27800.0,735000.0,12,2022-12-25,2023-12-20,Direct,Motor Own-Damage
POL208126,CUST102242,Marine,6500.0,125000.0,12,2022-09-15,2023-09-10,Bancassurance,Marine Cargo
POL208127,CUST101762,Life,47800.0,2302000.0,12,2023-10-16,2024-10-10,Agent,Term Life
POL208128,CUST101340,Life,25500.0,535000.0,36,2023-02-15,2026-01-30,Agent,Term Life
POL208129,CUST103102,Travel,8000.0,288000.0,24,2022-11-27,2024-11-16,Bancassurance,International Travel
POL208130,CUST102562,Health,35200.0,562000.0,12,2022-07-18,2023-07-13,Agent,Critical Illness
POL208131,CUST103375,Health,23300.0,1307000.0,12,2024-06-24,2025-06-19,Agent,Family Floater
POL208132,CUST104755,Marine,11200.0,557000.0,12,2024-09-10,2025-09-05,Bancassurance,Marine Hull
POL208133,CUST104177,Travel,25700.0,568000.0,12,2023-12-03,2024-11-27,Online,Domestic Travel
POL208134,CUST101602,Motor,8400.0,367000.0,12,2024-12-09,2025-12-04,Agent,Motor Third-Party
POL208135,CUST101209,Health,17100.0,624000.0,24,2021-02-19,2023-02-09,Online,Individual Health
POL208136,CUST100803,Health,22200.0,420000.0,12,2024-01-16,2025-01-10,Online,Individual Health
POL208137,CUST102845,Motor,8600.0,309000.0,12,2023-01-27,2024-01-22,Agent,Motor Own-Damage
POL208138,CUST104129,Motor,18300.0,580000.0,12,2024-09-07,2025-09-02,Online,Motor Third-Party
POL208139,CUST101265,Motor,20900.0,530000.0,36,2022-05-15,2025-04-29,Online,Motor Own-Damage
POL208140,CUST104952,Life,12900.0,737000.0,12,2024-10-01,2025-09-26,Agent,ULIP
POL208141,CUST102146,Motor,10500.0,265000.0,12,2021-11-14,2022-11-09,Online,Motor Own-Damage
POL208142,CUST103900,Marine,17500.0,786000.0,12,2022-05-25,2023-05-20,Direct,Marine Hull
POL208143,CUST101491,Life,14100.0,829000.0,12,2022-09-03,2023-08-29,Bancassurance,ULIP
POL208144,CUST100691,Health,38300.0,610000.0,12,2022-05-14,2023-05-09,Broker,Individual Health
POL208145,CUST102563,Property,22400.0,477000.0,24,2022-04-02,2024-03-22,Online,Fire & Allied Perils
POL208146,CUST102753,Life,14400.0,671000.0,12,2021-03-02,2022-02-25,Online,ULIP
POL208147,CUST102391,Life,16200.0,643000.0,12,2022-02-21,2023-02-16,Agent,ULIP
POL208148,CUST102025,Property,11000.0,568000.0,24,2021-11-12,2023-11-02,Broker,Home Shield
POL208149,CUST103249,Property,30400.0,1111000.0,12,2022-02-24,2023-02-19,Agent,Property All-Risk
POL208150,CUST103167,Property,23600.0,1327000.0,24,2021-08-14,2023-08-04,Agent,Fire & Allied Perils
POL208151,CUST100756,Life,39900.0,979000.0,12,2024-08-08,2025-08-03,Online,Term Life
POL208152,CUST103343,Health,18300.0,675000.0,12,2021-09-02,2022-08-28,Agent,Critical Illness
POL208153,CUST101663,Life,14700.0,789000.0,12,2021-02-16,2022-02-11,Bancassurance,Term Life
POL208154,CUST104035,Health,18700.0,395000.0,60,2021-08-20,2026-07-25,Bancassurance,Individual Health
POL208155,CUST102488,Travel,39000.0,1600000.0,12,2021-04-19,2022-04-14,Broker,International Travel
POL208156,CUST101200,Health,12700.0,423000.0,36,2022-05-07,2025-04-21,Agent,Individual Health
POL208157,CUST100900,Motor,11800.0,490000.0,24,2023-12-05,2025-11-24,Agent,Motor Comprehensive
POL208158,CUST104823,Health,13700.0,299000.0,60,2023-08-07,2028-07-11,Agent,Family Floater
POL208159,CUST103593,Health,10800.0,443000.0,12,2023-08-11,2024-08-05,Agent,Family Floater
POL208160,CUST101073,Health,19400.0,802000.0,12,2024-06-14,2025-06-09,Broker,Individual Health
POL208161,CUST102508,Life,12900.0,534000.0,12,2021-04-26,2022-04-21,Online,ULIP
POL208162,CUST100620,Travel,34000.0,783000.0,12,2021-09-23,2022-09-18,Online,International Travel
POL208163,CUST104171,Motor,8000.0,260000.0,12,2024-04-07,2025-04-02,Online,Motor Third-Party
POL208164,CUST104144,Travel,23900.0,847000.0,12,2023-08-07,2024-08-01,Online,International Travel
POL208165,CUST104016,Property,31500.0,1404000.0,24,2024-10-25,2026-10-15,Broker,Home Shield
POL208166,CUST102316,Motor,7800.0,450000.0,12,2023-01-23,2024-01-18,Agent,Motor Comprehensive
POL208167,CUST100829,Motor,21800.0,407000.0,36,2022-09-09,2025-08-24,Online,Motor Own-Damage
POL208168,CUST102451,Marine,28200.0,1627000.0,36,2023-08-03,2026-07-18,Broker,Marine Hull
POL208169,CUST102552,Property,5600.0,300000.0,12,2021-10-10,2022-10-05,Agent,Fire & Allied Perils
POL208170,CUST101593,Motor,9700.0,315000.0,36,2021-01-10,2023-12-26,Agent,Motor Comprehensive
POL208171,CUST101888,Life,30400.0,1222000.0,12,2022-05-29,2023-05-24,Broker,Term Life
POL208172,CUST100232,Motor,30400.0,816000.0,24,2024-05-14,2026-05-04,Agent,Motor Own-Damage
POL208173,CUST102616,Life,15800.0,589000.0,12,2022-03-19,2023-03-14,Broker,Term Life
POL208174,CUST100968,Motor,18700.0,967000.0,12,2022-07-25,2023-07-20,Online,Motor Third-Party
POL208175,CUST104204,Health,23300.0,357000.0,24,2022-07-11,2024-06-30,Online,Critical Illness
POL208176,CUST103808,Health,27700.0,1527000.0,12,2024-02-19,2025-02-13,Online,Individual Health
POL208177,CUST103018,Health,17700.0,689000.0,12,2021-09-14,2022-09-09,Online,Individual Health
POL208178,CUST101122,Motor,27700.0,1180000.0,24,2022-05-14,2024-05-03,Online,Motor Own-Damage
POL208179,CUST103339,Life,4000.0,146000.0,12,2024-11-01,2025-10-27,Agent,ULIP
POL208180,CUST104963,Property,14600.0,379000.0,12,2024-11-05,2025-10-31,Online,Fire & Allied Perils
POL208181,CUST103153,Life,23000.0,736000.0,24,2021-06-18,2023-06-08,Online,Term Life
POL208182,CUST103931,Marine,20200.0,760000.0,12,2023-09-10,2024-09-04,Broker,Marine Cargo
POL208183,CUST104502,Property,35700.0,1222000.0,12,2024-03-06,2025-03-01,Broker,Home Shield
POL208184,CUST104242,Motor,9600.0,397000.0,12,2024-09-17,2025-09-12,Agent,Motor Third-Party
POL208185,CUST100811,Motor,9100.0,149000.0,24,2022-11-10,2024-10-30,Online,Motor Own-Damage
POL208186,CUST104366,Life,38200.0,1800000.0,12,2022-08-28,2023-08-23,Online,Endowment Plan
POL208187,CUST103827,Life,6100.0,242000.0,24,2024-06-28,2026-06-18,Bancassurance,ULIP
POL208188,CUST103594,Travel,25400.0,1424000.0,12,2022-03-10,2023-03-05,Direct,International Travel
POL208189,CUST101139,Motor,23900.0,890000.0,12,2024-01-06,2024-12-31,Online,Motor Comprehensive
POL208190,CUST102330,Motor,12300.0,205000.0,36,2022-10-25,2025-10-09,Broker,Motor Third-Party
POL208191,CUST104519,Property,37500.0,1933000.0,12,2023-04-28,2024-04-22,Online,Fire & Allied Perils
POL208192,CUST104585,Marine,16400.0,941000.0,12,2021-07-29,2022-07-24,Agent,Marine Cargo
POL208193,CUST100576,Health,17300.0,737000.0,60,2023-05-15,2028-04-18,Online,Family Floater
POL208194,CUST102132,Health,9800.0,316000.0,12,2021-11-20,2022-11-15,Agent,Individual Health
POL208195,CUST103030,Property,10700.0,425000.0,12,2022-07-21,2023-07-16,Online,Property All-Risk
POL208196,CUST100479,Health,8800.0,476000.0,12,2022-07-06,2023-07-01,Agent,Individual Health
POL208197,CUST101230,Property,22000.0,413000.0,24,2022-09-19,2024-09-08,Agent,Fire & Allied Perils
POL208198,CUST102982,Travel,21500.0,376000.0,12,2022-05-10,2023-05-05,Online,International Travel
POL208199,CUST103280,Motor,3900.0,205000.0,12,2024-11-21,2025-11-16,Bancassurance,Motor Third-Party
POL208200,CUST100527,Motor,29400.0,663000.0,24,2021-03-03,2023-02-21,Agent,Motor Own-Damage
POL208201,CUST102117,Travel,15300.0,714000.0,12,2023-05-23,2024-05-17,Broker,Domestic Travel
POL208202,CUST103276,Health,5900.0,331000.0,6,2021-11-10,2022-05-09,Online,Family Floater
POL208203,CUST104952,Motor,36100.0,933000.0,24,2022-03-21,2024-03-10,Online,Motor Comprehensive
POL208204,CUST104987,Health,13500.0,771000.0,12,2023-06-21,2024-06-15,Bancassurance,Individual Health
POL208205,CUST101553,Life,13500.0,694000.0,60,2021-03-24,2026-02-26,Bancassurance,Term Life
POL208206,CUST103376,Motor,15900.0,728000.0,24,2024-08-02,2026-07-23,Agent,Motor Own-Damage
POL208207,CUST102763,Life,28000.0,1092000.0,12,2023-11-15,2024-11-09,Agent,ULIP
POL208208,CUST101052,Motor,12200.0,305000.0,12,2021-10-18,2022-10-13,Bancassurance,Motor Comprehensive
POL208209,CUST102537,Motor,32500.0,1339000.0,12,2024-08-03,2025-07-29,Online,Motor Comprehensive
POL208210,CUST100689,Motor,8800.0,150000.0,24,2021-11-06,2023-10-27,Online,Motor Third-Party
POL208211,CUST100600,Health,13000.0,435000.0,36,2024-01-26,2027-01-10,Direct,Critical Illness
POL208212,CUST101781,Property,3200.0,140000.0,24,2023-12-25,2025-12-14,Online,Property All-Risk
POL208213,CUST101307,Health,13700.0,753000.0,24,2023-03-19,2025-03-08,Broker,Individual Health
POL208214,CUST100728,Property,6800.0,162000.0,12,2023-07-21,2024-07-15,Agent,Home Shield
POL208215,CUST100259,Motor,7600.0,128000.0,12,2022-12-22,2023-12-17,Agent,Motor Comprehensive
POL208216,CUST102848,Health,7000.0,106000.0,24,2024-07-17,2026-07-07,Agent,Individual Health
POL208217,CUST100029,Health,16300.0,843000.0,12,2021-02-26,2022-02-21,Online,Individual Health
POL208218,CUST103915,Property,16000.0,500000.0,36,2021-08-01,2024-07-16,Broker,Fire & Allied Perils
POL208219,CUST100363,Life,25000.0,506000.0,6,2024-02-15,2024-08-13,Agent,ULIP
POL208220,CUST103290,Property,13200.0,676000.0,24,2024-08-10,2026-07-31,Broker,Home Shield
POL208221,CUST100742,Health,22300.0,435000.0,12,2023-01-27,2024-01-22,Agent,Family Floater
POL208222,CUST103085,Travel,17400.0,698000.0,24,2022-02-11,2024-02-01,Online,International Travel
POL208223,CUST100713,Property,11400.0,503000.0,12,2023-06-10,2024-06-04,Agent,Home Shield
POL208224,CUST102178,Marine,28700.0,1595000.0,12,2022-02-07,2023-02-02,Agent,Marine Cargo
POL208225,CUST103297,Motor,10300.0,355000.0,12,2022-03-01,2023-02-24,Bancassurance,Motor Own-Damage
POL208226,CUST100863,Motor,5300.0,241000.0,24,2022-09-07,2024-08-27,Online,Motor Own-Damage
POL208227,CUST100663,Life,3400.0,53000.0,12,2021-06-10,2022-06-05,Agent,Term Life
POL208228,CUST103188,Health,11900.0,457000.0,36,2024-11-06,2027-10-22,Bancassurance,Individual Health
POL208229,CUST103204,Property,14600.0,510000.0,24,2023-04-21,2025-04-10,Agent,Property All-Risk
POL208230,CUST102096,Motor,14700.0,417000.0,12,2021-05-31,2022-05-26,Bancassurance,Motor Comprehensive
POL208231,CUST100612,Life,3100.0,175000.0,24,2021-05-01,2023-04-21,Bancassurance,Term Life
POL208232,CUST101527,Motor,20000.0,893000.0,36,2023-06-26,2026-06-10,Agent,Motor Comprehensive
POL208233,CUST101087,Health,13100.0,530000.0,12,2021-01-06,2022-01-01,Bancassurance,Individual Health
POL208234,CUST103296,Motor,24100.0,504000.0,36,2024-05-25,2027-05-10,Direct,Motor Own-Damage
POL208235,CUST101502,Marine,16200.0,739000.0,12,2023-11-03,2024-10-28,Bancassurance,Marine Cargo
POL208236,CUST101892,Motor,21900.0,779000.0,24,2024-10-12,2026-10-02,Agent,Motor Third-Party
POL208237,CUST101306,Health,6300.0,293000.0,24,2023-02-05,2025-01-25,Agent,Critical Illness
POL208238,CUST100841,Motor,24200.0,1165000.0,12,2024-01-30,2025-01-24,Online,Motor Comprehensive
POL208239,CUST104058,Motor,19100.0,994000.0,24,2024-09-03,2026-08-24,Online,Motor Third-Party
POL208240,CUST102417,Health,10500.0,368000.0,24,2021-04-04,2023-03-25,Online,Family Floater
POL208241,CUST102856,Motor,35600.0,1939000.0,24,2022-08-21,2024-08-10,Broker,Motor Comprehensive
POL208242,CUST101445,Health,49800.0,1566000.0,24,2024-04-14,2026-04-04,Agent,Individual Health
POL208243,CUST100437,Motor,10700.0,480000.0,24,2021-06-27,2023-06-17,Direct,Motor Own-Damage
POL208244,CUST103667,Life,25200.0,784000.0,12,2024-02-09,2025-02-03,Online,Term Life
POL208245,CUST103610,Property,15600.0,861000.0,12,2023-11-08,2024-11-02,Direct,Home Shield
POL208246,CUST100235,Life,21300.0,726000.0,36,2024-10-13,2027-09-28,Online,ULIP
POL208247,CUST104431,Motor,18200.0,445000.0,24,2022-09-25,2024-09-14,Broker,Motor Comprehensive
POL208248,CUST104264,Health,24800.0,1470000.0,24,2021-09-21,2023-09-11,Bancassurance,Family Floater
POL208249,CUST104243,Motor,3900.0,111000.0,12,2022-07-31,2023-07-26,Agent,Motor Own-Damage
POL208250,CUST102306,Health,21000.0,1174000.0,12,2023-01-04,2023-12-30,Broker,Family Floater
POL208251,CUST103469,Property,18700.0,987000.0,12,2023-08-30,2024-08-24,Bancassurance,Property All-Risk
POL208252,CUST100079,Motor,16700.0,655000.0,36,2022-08-01,2025-07-16,Agent,Motor Third-Party
POL208253,CUST102992,Motor,30700.0,854000.0,12,2022-12-17,2023-12-12,Broker,Motor Own-Damage
POL208254,CUST100666,Property,7800.0,141000.0,36,2023-10-10,2026-09-24,Bancassurance,Home Shield
POL208255,CUST104546,Health,24100.0,636000.0,24,2022-04-22,2024-04-11,Agent,Family Floater
POL208256,CUST104727,Motor,9900.0,544000.0,36,2021-08-23,2024-08-07,Online,Motor Own-Damage
POL208257,CUST100752,Travel,11700.0,325000.0,12,2023-11-27,2024-11-21,Bancassurance,International Travel
POL208258,CUST102685,Motor,10600.0,270000.0,60,2021-03-04,2026-02-06,Bancassurance,Motor Own-Damage
POL208259,CUST102961,Property,16500.0,290000.0,12,2023-08-20,2024-08-14,Broker,Property All-Risk
POL208260,CUST103842,Motor,24300.0,930000.0,12,2022-04-07,2023-04-02,Online,Motor Third-Party
POL208261,CUST102443,Travel,15600.0,616000.0,24,2024-09-15,2026-09-05,Agent,International Travel
POL208262,CUST104413,Property,26600.0,1222000.0,36,2023-11-21,2026-11-05,Agent,Property All-Risk
POL208263,CUST101727,Motor,12700.0,686000.0,24,2023-08-02,2025-07-22,Bancassurance,Motor Third-Party
POL208264,CUST101601,Travel,5600.0,110000.0,24,2023-07-22,2025-07-11,Bancassurance,International Travel
POL208265,CUST103645,Motor,18100.0,575000.0,36,2023-03-31,2026-03-15,Agent,Motor Comprehensive
POL208266,CUST102734,Property,14000.0,598000.0,60,2022-03-12,2027-02-14,Direct,Home Shield
POL208267,CUST100409,Life,35100.0,828000.0,24,2023-02-14,2025-02-03,Agent,Endowment Plan
POL208268,CUST103251,Motor,8500.0,231000.0,24,2023-05-18,2025-05-07,Agent,Motor Comprehensive
POL208269,CUST101396,Health,19800.0,1006000.0,12,2024-11-08,2025-11-03,Agent,Individual Health
POL208270,CUST104207,Motor,15700.0,260000.0,12,2023-02-15,2024-02-10,Agent,Motor Third-Party
POL208271,CUST104182,Health,6000.0,331000.0,12,2023-05-06,2024-04-30,Agent,Individual Health
POL208272,CUST102100,Life,4600.0,231000.0,12,2022-04-02,2023-03-28,Agent,ULIP
POL208273,CUST104266,Health,4900.0,145000.0,24,2022-04-03,2024-03-23,Online,Critical Illness
POL208274,CUST104758,Property,24300.0,744000.0,60,2021-01-30,2026-01-04,Online,Property All-Risk
POL208275,CUST103647,Travel,15400.0,400000.0,12,2024-12-28,2025-12-23,Agent,International Travel
POL208276,CUST103035,Health,21600.0,331000.0,24,2023-01-07,2024-12-27,Broker,Individual Health
POL208277,CUST104665,Life,22200.0,1039000.0,24,2021-11-28,2023-11-18,Online,Endowment Plan
POL208278,CUST104369,Motor,3400.0,173000.0,24,2021-01-14,2023-01-04,Bancassurance,Motor Comprehensive
POL208279,CUST102390,Travel,38400.0,893000.0,12,2023-03-31,2024-03-25,Bancassurance,International Travel
POL208280,CUST100416,Property,27500.0,906000.0,24,2023-10-31,2025-10-20,Agent,Property All-Risk
POL208281,CUST103003,Travel,15300.0,542000.0,24,2021-01-09,2022-12-30,Bancassurance,Domestic Travel
POL208282,CUST102316,Property,20700.0,394000.0,24,2021-11-09,2023-10-30,Bancassurance,Property All-Risk
POL208283,CUST101828,Health,7300.0,205000.0,60,2023-06-23,2028-05-27,Bancassurance,Individual Health
POL208284,CUST100895,Motor,6400.0,179000.0,6,2022-04-08,2022-10-05,Agent,Motor Own-Damage
POL208285,CUST103582,Health,14200.0,761000.0,12,2022-11-15,2023-11-10,Agent,Individual Health
POL208286,CUST104559,Motor,10200.0,202000.0,24,2021-06-14,2023-06-04,Broker,Motor Own-Damage
POL208287,CUST102987,Health,16000.0,410000.0,12,2023-08-05,2024-07-30,Agent,Family Floater
POL208288,CUST101174,Health,11800.0,418000.0,12,2023-03-27,2024-03-21,Broker,Family Floater
POL208289,CUST100006,Life,26300.0,559000.0,12,2024-11-14,2025-11-09,Online,ULIP
POL208290,CUST103564,Life,20500.0,494000.0,24,2021-06-17,2023-06-07,Online,Endowment Plan
POL208291,CUST100788,Motor,10600.0,614000.0,12,2024-04-16,2025-04-11,Bancassurance,Motor Third-Party
POL208292,CUST100314,Life,22300.0,1206000.0,12,2022-10-04,2023-09-29,Agent,Endowment Plan
POL208293,CUST100986,Health,7400.0,154000.0,24,2024-10-01,2026-09-21,Bancassurance,Individual Health
POL208294,CUST101004,Motor,15100.0,411000.0,12,2023-08-31,2024-08-25,Online,Motor Third-Party
POL208295,CUST101697,Health,26700.0,1446000.0,12,2023-05-31,2024-05-25,Bancassurance,Individual Health
POL208296,CUST101599,Motor,3900.0,120000.0,36,2024-11-16,2027-11-01,Broker,Motor Third-Party
POL208297,CUST100987,Health,31500.0,1099000.0,12,2023-12-15,2024-12-09,Agent,Family Floater
POL208298,CUST103909,Motor,12100.0,281000.0,36,2023-01-19,2026-01-03,Online,Motor Own-Damage
POL208299,CUST104130,Motor,27000.0,1070000.0,36,2022-04-25,2025-04-09,Bancassurance,Motor Own-Damage
POL208300,CUST101255,Health,12200.0,263000.0,12,2021-11-29,2022-11-24,Online,Critical Illness
POL208301,CUST101841,Health,5200.0,201000.0,24,2021-12-18,2023-12-08,Agent,Family Floater
POL208302,CUST104084,Property,11000.0,620000.0,12,2023-09-29,2024-09-23,Online,Home Shield
POL208303,CUST104764,Motor,29900.0,1091000.0,12,2021-12-09,2022-12-04,Bancassurance,Motor Own-Damage
POL208304,CUST103943,Health,17300.0,899000.0,12,2022-03-24,2023-03-19,Direct,Family Floater
POL208305,CUST102765,Motor,27300.0,1115000.0,12,2023-10-11,2024-10-05,Online,Motor Own-Damage
POL208306,CUST104961,Motor,12400.0,391000.0,36,2022-02-11,2025-01-26,Bancassurance,Motor Third-Party
POL208307,CUST103635,Health,9300.0,534000.0,24,2024-03-16,2026-03-06,Agent,Family Floater
POL208308,CUST103385,Health,26400.0,1580000.0,24,2023-07-16,2025-07-05,Agent,Critical Illness
POL208309,CUST100148,Life,15300.0,453000.0,24,2021-03-09,2023-02-27,Bancassurance,ULIP
POL208310,CUST103187,Property,18900.0,1124000.0,12,2021-03-27,2022-03-22,Online,Fire & Allied Perils
POL208311,CUST101439,Marine,19800.0,1174000.0,12,2023-09-18,2024-09-12,Agent,Marine Hull
POL208312,CUST103007,Marine,3700.0,109000.0,24,2022-07-22,2024-07-11,Broker,Marine Hull
POL208313,CUST102865,Motor,22800.0,810000.0,24,2021-10-31,2023-10-21,Broker,Motor Comprehensive
POL208314,CUST100548,Motor,7500.0,126000.0,24,2022-06-21,2024-06-10,Agent,Motor Third-Party
POL208315,CUST102306,Health,4600.0,72000.0,36,2021-06-30,2024-06-14,Online,Individual Health
POL208316,CUST102566,Life,11300.0,250000.0,24,2021-08-12,2023-08-02,Broker,ULIP
POL208317,CUST100237,Life,13900.0,376000.0,12,2024-04-21,2025-04-16,Online,Endowment Plan
POL208318,CUST104257,Health,33400.0,1841000.0,12,2023-06-04,2024-05-29,Online,Family Floater
POL208319,CUST104687,Travel,23600.0,702000.0,24,2024-12-15,2026-12-05,Agent,Domestic Travel
POL208320,CUST100104,Health,4400.0,208000.0,24,2024-02-02,2026-01-22,Bancassurance,Individual Health
POL208321,CUST100601,Travel,18800.0,1083000.0,6,2021-02-07,2021-08-06,Bancassurance,International Travel
POL208322,CUST100633,Travel,15200.0,588000.0,12,2022-03-25,2023-03-20,Agent,International Travel
POL208323,CUST102206,Health,8300.0,438000.0,60,2024-04-06,2029-03-11,Bancassurance,Critical Illness
POL208324,CUST103002,Motor,22100.0,745000.0,12,2022-06-30,2023-06-25,Agent,Motor Comprehensive
POL208325,CUST101207,Health,33300.0,882000.0,12,2022-10-27,2023-10-22,Agent,Family Floater
POL208326,CUST104235,Health,16100.0,801000.0,12,2022-07-09,2023-07-04,Agent,Family Floater
POL208327,CUST101552,Marine,12300.0,541000.0,36,2022-02-04,2025-01-19,Agent,Marine Cargo
POL208328,CUST101536,Travel,16600.0,743000.0,12,2023-05-01,2024-04-25,Agent,International Travel
POL208329,CUST102940,Motor,18800.0,561000.0,24,2021-04-28,2023-04-18,Bancassurance,Motor Comprehensive
POL208330,CUST104357,Motor,43600.0,1628000.0,12,2024-01-25,2025-01-19,Broker,Motor Comprehensive
POL208331,CUST101244,Property,9800.0,319000.0,12,2021-05-19,2022-05-14,Bancassurance,Fire & Allied Perils
POL208332,CUST101687,Health,10100.0,562000.0,12,2021-07-31,2022-07-26,Online,Individual Health
POL208333,CUST101693,Life,26000.0,1480000.0,36,2023-11-04,2026-10-19,Agent,ULIP
POL208334,CUST102327,Health,11600.0,233000.0,12,2021-01-23,2022-01-18,Direct,Critical Illness
POL208335,CUST102144,Motor,3500.0,164000.0,12,2022-06-07,2023-06-02,Bancassurance,Motor Comprehensive
POL208336,CUST104765,Motor,33500.0,898000.0,24,2023-12-21,2025-12-10,Broker,Motor Comprehensive
POL208337,CUST100732,Motor,32500.0,1533000.0,36,2022-03-25,2025-03-09,Broker,Motor Own-Damage
POL208338,CUST102087,Health,6700.0,178000.0,12,2022-05-17,2023-05-12,Broker,Critical Illness
POL208339,CUST101268,Motor,16100.0,564000.0,60,2024-10-25,2029-09-29,Direct,Motor Third-Party
POL208340,CUST102997,Health,4500.0,151000.0,36,2023-02-04,2026-01-19,Broker,Family Floater
POL208341,CUST103905,Property,24700.0,1278000.0,12,2022-07-24,2023-07-19,Broker,Home Shield
POL208342,CUST104677,Motor,24000.0,740000.0,12,2023-08-27,2024-08-21,Bancassurance,Motor Third-Party
POL208343,CUST102188,Marine,2200.0,123000.0,12,2023-03-06,2024-02-29,Agent,Marine Cargo
POL208344,CUST101321,Motor,15400.0,303000.0,24,2024-12-20,2026-12-10,Online,Motor Comprehensive
POL208345,CUST104819,Life,28200.0,721000.0,6,2022-01-15,2022-07-14,Bancassurance,Term Life
POL208346,CUST100459,Motor,4900.0,126000.0,24,2024-01-22,2026-01-11,Agent,Motor Own-Damage
POL208347,CUST100656,Property,17800.0,472000.0,36,2022-11-18,2025-11-02,Broker,Fire & Allied Perils
POL208348,CUST104790,Motor,3500.0,147000.0,12,2022-04-22,2023-04-17,Agent,Motor Own-Damage
POL208349,CUST104432,Health,8200.0,267000.0,12,2022-06-26,2023-06-21,Agent,Individual Health
POL208350,CUST102799,Travel,4500.0,160000.0,12,2021-09-27,2022-09-22,Agent,Domestic Travel
POL208351,CUST101643,Motor,36300.0,2160000.0,24,2024-02-16,2026-02-05,Bancassurance,Motor Comprehensive
POL208352,CUST104829,Property,27500.0,1434000.0,24,2023-02-25,2025-02-14,Agent,Property All-Risk
POL208353,CUST104791,Life,3800.0,131000.0,12,2023-11-02,2024-10-27,Online,Term Life
POL208354,CUST104333,Health,18500.0,900000.0,24,2023-01-01,2024-12-21,Online,Critical Illness
POL208355,CUST103859,Motor,3800.0,79000.0,12,2024-07-21,2025-07-16,Agent,Motor Own-Damage
POL208356,CUST102973,Property,22800.0,673000.0,12,2021-06-30,2022-06-25,Agent,Property All-Risk
POL208357,CUST101858,Marine,25800.0,1470000.0,12,2022-08-05,2023-07-31,Agent,Marine Cargo
POL208358,CUST102356,Motor,23000.0,1358000.0,24,2022-10-31,2024-10-20,Online,Motor Own-Damage
POL208359,CUST102712,Property,18500.0,994000.0,12,2024-11-01,2025-10-27,Online,Property All-Risk
POL208360,CUST102401,Property,13800.0,607000.0,24,2024-11-08,2026-10-29,Bancassurance,Property All-Risk
POL208361,CUST104306,Health,17700.0,912000.0,12,2023-06-17,2024-06-11,Broker,Critical Illness
POL208362,CUST100830,Property,8400.0,180000.0,12,2023-02-28,2024-02-23,Agent,Property All-Risk
POL208363,CUST100414,Motor,18500.0,613000.0,12,2021-08-31,2022-08-26,Agent,Motor Own-Damage
POL208364,CUST102267,Health,12600.0,528000.0,12,2024-12-17,2025-12-12,Online,Critical Illness
POL208365,CUST101034,Travel,4500.0,188000.0,24,2022-07-12,2024-07-01,Agent,Domestic Travel
POL208366,CUST104108,Property,7500.0,204000.0,12,2021-10-15,2022-10-10,Online,Property All-Risk
POL208367,CUST104241,Motor,25700.0,1116000.0,12,2021-02-06,2022-02-01,Bancassurance,Motor Own-Damage
POL208368,CUST104943,Life,4900.0,136000.0,60,2023-04-18,2028-03-22,Bancassurance,Term Life
POL208369,CUST101930,Motor,16800.0,821000.0,12,2021-07-01,2022-06-26,Agent,Motor Third-Party
POL208370,CUST104801,Motor,12100.0,442000.0,6,2021-05-25,2021-11-21,Agent,Motor Comprehensive
POL208371,CUST100506,Motor,7400.0,291000.0,12,2021-11-29,2022-11-24,Agent,Motor Own-Damage
POL208372,CUST104810,Motor,28600.0,1644000.0,12,2023-12-22,2024-12-16,Online,Motor Third-Party
POL208373,CUST101230,Health,31400.0,1851000.0,24,2023-08-04,2025-07-24,Agent,Individual Health
POL208374,CUST100095,Health,5300.0,272000.0,24,2022-03-03,2024-02-21,Direct,Family Floater
POL208375,CUST104127,Property,17100.0,591000.0,12,2024-10-03,2025-09-28,Broker,Home Shield
POL208376,CUST102578,Marine,13200.0,466000.0,12,2024-10-31,2025-10-26,Online,Marine Cargo
POL208377,CUST102064,Health,16700.0,639000.0,24,2021-06-23,2023-06-13,Online,Individual Health
POL208378,CUST101000,Motor,58300.0,2891000.0,12,2021-02-06,2022-02-01,Online,Motor Own-Damage
POL208379,CUST102078,Travel,12100.0,579000.0,12,2024-11-11,2025-11-06,Online,International Travel
POL208380,CUST103076,Motor,9200.0,253000.0,12,2023-04-05,2024-03-30,Bancassurance,Motor Third-Party
POL208381,CUST100718,Health,14600.0,518000.0,12,2024-03-16,2025-03-11,Agent,Critical Illness
POL208382,CUST104729,Motor,19300.0,878000.0,12,2023-10-25,2024-10-19,Agent,Motor Own-Damage
POL208383,CUST103618,Travel,11700.0,215000.0,12,2024-05-31,2025-05-26,Broker,International Travel
POL208384,CUST104383,Health,55400.0,1098000.0,24,2022-09-22,2024-09-11,Broker,Individual Health
POL208385,CUST100222,Travel,8800.0,458000.0,6,2022-11-06,2023-05-05,Bancassurance,Domestic Travel
POL208386,CUST104332,Travel,23100.0,1313000.0,60,2024-11-10,2029-10-15,Online,Domestic Travel
POL208387,CUST104328,Travel,34900.0,804000.0,12,2023-08-17,2024-08-11,Online,Domestic Travel
POL208388,CUST101828,Property,2300.0,129000.0,12,2022-03-14,2023-03-09,Online,Home Shield
POL208389,CUST102848,Life,20300.0,1086000.0,12,2022-10-17,2023-10-12,Agent,ULIP
POL208390,CUST102505,Travel,9000.0,194000.0,36,2021-02-04,2024-01-20,Agent,International Travel
POL208391,CUST104130,Motor,7500.0,162000.0,12,2024-12-26,2025-12-21,Agent,Motor Comprehensive
POL208392,CUST101409,Property,13900.0,516000.0,12,2023-09-27,2024-09-21,Agent,Fire & Allied Perils
POL208393,CUST104597,Motor,33500.0,1689000.0,24,2023-01-02,2024-12-22,Agent,Motor Own-Damage
POL208394,CUST102769,Health,26400.0,980000.0,36,2023-01-22,2026-01-06,Bancassurance,Critical Illness
POL208395,CUST100000,Health,4500.0,234000.0,12,2024-12-25,2025-12-20,Online,Family Floater
POL208396,CUST101516,Travel,26300.0,552000.0,12,2023-06-08,2024-06-02,Agent,Domestic Travel
POL208397,CUST100712,Health,8900.0,233000.0,24,2021-09-22,2023-09-12,Online,Individual Health
POL208398,CUST104043,Health,30400.0,1453000.0,12,2023-03-18,2024-03-12,Online,Family Floater
POL208399,CUST102045,Life,3100.0,118000.0,36,2021-02-24,2024-02-09,Direct,ULIP
POL208400,CUST102322,Life,21200.0,709000.0,36,2023-11-18,2026-11-02,Online,ULIP
POL208401,CUST101750,Motor,8200.0,431000.0,36,2023-10-27,2026-10-11,Online,Motor Comprehensive
POL208402,CUST103501,Health,26200.0,558000.0,6,2022-11-23,2023-05-22,Agent,Individual Health
POL208403,CUST104967,Life,38700.0,1291000.0,36,2024-02-19,2027-02-03,Online,Endowment Plan
POL208404,CUST104363,Marine,14000.0,779000.0,24,2021-04-10,2023-03-31,Online,Marine Hull
POL208405,CUST104947,Travel,10600.0,593000.0,6,2021-05-06,2021-11-02,Bancassurance,International Travel
POL208406,CUST101498,Motor,12800.0,403000.0,24,2021-03-26,2023-03-16,Direct,Motor Third-Party
POL208407,CUST103321,Motor,14800.0,506000.0,36,2023-01-25,2026-01-09,Agent,Motor Own-Damage
POL208408,CUST103110,Life,20800.0,383000.0,12,2021-02-14,2022-02-09,Broker,Endowment Plan
POL208409,CUST101512,Health,4800.0,118000.0,24,2021-12-23,2023-12-13,Online,Critical Illness
POL208410,CUST104229,Life,6900.0,109000.0,12,2024-11-08,2025-11-03,Agent,ULIP
POL208411,CUST104598,Property,16500.0,644000.0,24,2021-10-08,2023-09-28,Broker,Home Shield
POL208412,CUST104753,Motor,15100.0,898000.0,12,2024-10-28,2025-10-23,Agent,Motor Comprehensive
POL208413,CUST104939,Property,6600.0,142000.0,12,2024-02-25,2025-02-19,Agent,Fire & Allied Perils
POL208414,CUST100815,Motor,29600.0,1709000.0,6,2022-07-22,2023-01-18,Broker,Motor Comprehensive
POL208415,CUST100736,Travel,9700.0,323000.0,24,2023-12-01,2025-11-20,Bancassurance,Domestic Travel
POL208416,CUST103407,Health,43400.0,749000.0,12,2023-09-08,2024-09-02,Agent,Family Floater
POL208417,CUST103628,Property,20400.0,453000.0,12,2023-06-28,2024-06-22,Agent,Property All-Risk
POL208418,CUST102176,Motor,25000.0,885000.0,36,2021-03-19,2024-03-03,Agent,Motor Third-Party
POL208419,CUST100816,Health,17800.0,431000.0,24,2021-04-06,2023-03-27,Online,Critical Illness
POL208420,CUST101427,Motor,10700.0,482000.0,24,2023-10-30,2025-10-19,Agent,Motor Own-Damage
POL208421,CUST100641,Life,17400.0,446000.0,12,2022-07-09,2023-07-04,Agent,Term Life
POL208422,CUST100788,Travel,13600.0,678000.0,12,2022-10-29,2023-10-24,Direct,International Travel
POL208423,CUST100939,Property,5500.0,134000.0,12,2023-08-16,2024-08-10,Online,Fire & Allied Perils
POL208424,CUST102926,Life,5600.0,232000.0,36,2022-12-30,2025-12-14,Agent,ULIP
POL208425,CUST102566,Motor,12200.0,470000.0,24,2022-06-04,2024-05-24,Direct,Motor Own-Damage
POL208426,CUST101670,Travel,21200.0,1085000.0,12,2021-05-29,2022-05-24,Broker,International Travel
POL208427,CUST102714,Health,12200.0,517000.0,36,2024-12-03,2027-11-18,Online,Critical Illness
POL208428,CUST103339,Life,12400.0,473000.0,12,2022-07-25,2023-07-20,Bancassurance,Endowment Plan
POL208429,CUST100487,Motor,21600.0,1204000.0,12,2024-03-12,2025-03-07,Bancassurance,Motor Third-Party
POL208430,CUST101404,Property,12100.0,661000.0,12,2021-09-24,2022-09-19,Online,Fire & Allied Perils
POL208431,CUST101005,Health,52900.0,2894000.0,12,2022-04-30,2023-04-25,Agent,Critical Illness
POL208432,CUST100002,Health,9700.0,249000.0,24,2021-01-10,2022-12-31,Broker,Critical Illness
POL208433,CUST100580,Motor,26000.0,1231000.0,12,2021-03-30,2022-03-25,Agent,Motor Comprehensive
POL208434,CUST103836,Health,16300.0,714000.0,12,2022-08-26,2023-08-21,Agent,Family Floater
POL208435,CUST104377,Motor,72400.0,3852000.0,60,2022-04-28,2027-04-02,Broker,Motor Comprehensive
POL208436,CUST100806,Marine,11500.0,500000.0,12,2021-06-02,2022-05-28,Online,Marine Cargo
POL208437,CUST103836,Property,23600.0,558000.0,36,2021-11-25,2024-11-09,Bancassurance,Home Shield
POL208438,CUST101262,Travel,14900.0,416000.0,12,2021-09-28,2022-09-23,Agent,Domestic Travel
POL208439,CUST100699,Health,2800.0,103000.0,60,2024-01-17,2028-12-21,Bancassurance,Individual Health
POL208440,CUST101176,Life,15900.0,635000.0,24,2022-03-26,2024-03-15,Online,ULIP
POL208441,CUST104596,Health,11400.0,390000.0,12,2022-04-21,2023-04-16,Agent,Individual Health
POL208442,CUST101711,Marine,18400.0,990000.0,36,2022-10-24,2025-10-08,Broker,Marine Cargo
POL208443,CUST103703,Health,9300.0,496000.0,12,2021-09-29,2022-09-24,Agent,Individual Health
POL208444,CUST102426,Health,2100.0,102000.0,36,2021-12-18,2024-12-02,Broker,Family Floater
POL208445,CUST102178,Health,37000.0,1297000.0,24,2021-10-27,2023-10-17,Online,Family Floater
POL208446,CUST104062,Health,10200.0,503000.0,12,2024-10-22,2025-10-17,Agent,Individual Health
POL208447,CUST104957,Marine,25400.0,1363000.0,36,2023-06-17,2026-06-01,Bancassurance,Marine Cargo
POL208448,CUST103251,Motor,14200.0,600000.0,6,2024-09-04,2025-03-03,Online,Motor Third-Party
POL208449,CUST104247,Life,18200.0,769000.0,12,2024-06-15,2025-06-10,Agent,Term Life
POL208450,CUST100729,Health,17200.0,440000.0,12,2021-12-29,2022-12-24,Agent,Family Floater
POL208451,CUST104503,Motor,12100.0,375000.0,12,2021-03-08,2022-03-03,Online,Motor Third-Party
POL208452,CUST100918,Travel,15900.0,729000.0,12,2022-10-18,2023-10-13,Agent,International Travel
POL208453,CUST100952,Property,24500.0,1362000.0,12,2022-06-12,2023-06-07,Online,Fire & Allied Perils
POL208454,CUST104235,Travel,16400.0,753000.0,12,2023-06-06,2024-05-31,Bancassurance,International Travel
POL208455,CUST102414,Health,27500.0,836000.0,24,2021-08-18,2023-08-08,Agent,Family Floater
POL208456,CUST101249,Life,11400.0,574000.0,60,2021-09-30,2026-09-04,Agent,Endowment Plan
POL208457,CUST100136,Life,14900.0,546000.0,24,2021-10-29,2023-10-19,Broker,Endowment Plan
POL208458,CUST101093,Life,7000.0,218000.0,12,2023-07-07,2024-07-01,Broker,Endowment Plan
POL208459,CUST104121,Motor,19100.0,589000.0,12,2021-09-15,2022-09-10,Bancassurance,Motor Own-Damage
POL208460,CUST100017,Motor,14200.0,724000.0,12,2022-09-06,2023-09-01,Agent,Motor Comprehensive
POL208461,CUST104601,Motor,17000.0,910000.0,24,2022-01-17,2024-01-07,Broker,Motor Third-Party
POL208462,CUST103870,Life,35700.0,1061000.0,36,2021-02-15,2024-01-31,Agent,ULIP
POL208463,CUST101023,Property,14400.0,349000.0,12,2021-09-15,2022-09-10,Bancassurance,Fire & Allied Perils
POL208464,CUST103692,Life,33300.0,1303000.0,12,2022-01-11,2023-01-06,Bancassurance,Endowment Plan
POL208465,CUST102592,Motor,8800.0,466000.0,24,2024-04-04,2026-03-25,Online,Motor Own-Damage
POL208466,CUST101738,Property,9400.0,186000.0,24,2021-09-25,2023-09-15,Online,Fire & Allied Perils
POL208467,CUST102526,Motor,9000.0,332000.0,12,2023-04-30,2024-04-24,Online,Motor Third-Party
POL208468,CUST100036,Marine,6400.0,96000.0,12,2024-04-16,2025-04-11,Online,Marine Cargo
POL208469,CUST104402,Health,16400.0,683000.0,12,2024-11-12,2025-11-07,Agent,Family Floater
POL208470,CUST103927,Life,21000.0,560000.0,12,2022-12-28,2023-12-23,Broker,Term Life
POL208471,CUST100897,Motor,44900.0,1426000.0,12,2021-02-24,2022-02-19,Online,Motor Third-Party
POL208472,CUST100496,Health,14000.0,412000.0,12,2021-09-20,2022-09-15,Direct,Critical Illness
POL208473,CUST102117,Health,34900.0,1296000.0,36,2023-03-13,2026-02-25,Online,Family Floater
POL208474,CUST102302,Health,7200.0,328000.0,12,2023-04-11,2024-04-05,Broker,Individual Health
POL208475,CUST103862,Motor,9700.0,189000.0,12,2024-11-29,2025-11-24,Agent,Motor Comprehensive
POL208476,CUST104200,Health,13600.0,604000.0,12,2022-09-29,2023-09-24,Agent,Family Floater
POL208477,CUST100318,Motor,7500.0,207000.0,60,2022-09-29,2027-09-03,Agent,Motor Own-Damage
POL208478,CUST101221,Marine,17600.0,858000.0,6,2022-09-17,2023-03-16,Agent,Marine Hull
POL208479,CUST102931,Health,6000.0,119000.0,36,2022-02-10,2025-01-25,Broker,Critical Illness
POL208480,CUST101898,Health,15500.0,788000.0,12,2021-10-22,2022-10-17,Agent,Critical Illness
POL208481,CUST104953,Health,14900.0,687000.0,6,2024-09-28,2025-03-27,Agent,Individual Health
POL208482,CUST103304,Property,19100.0,371000.0,12,2023-07-23,2024-07-17,Agent,Property All-Risk
POL208483,CUST101612,Motor,33200.0,1824000.0,24,2024-06-10,2026-05-31,Agent,Motor Comprehensive
POL208484,CUST103365,Life,9900.0,182000.0,12,2024-04-12,2025-04-07,Online,Endowment Plan
POL208485,CUST102152,Marine,40400.0,855000.0,36,2024-07-03,2027-06-18,Bancassurance,Marine Cargo
POL208486,CUST102313,Health,27600.0,647000.0,6,2022-12-10,2023-06-08,Agent,Individual Health
POL208487,CUST103573,Motor,19000.0,448000.0,12,2022-02-25,2023-02-20,Agent,Motor Third-Party
POL208488,CUST102168,Motor,6100.0,343000.0,12,2021-08-06,2022-08-01,Broker,Motor Third-Party
POL208489,CUST103482,Travel,17300.0,578000.0,24,2024-04-27,2026-04-17,Agent,Domestic Travel
POL208490,CUST102097,Motor,7000.0,156000.0,60,2022-01-17,2026-12-22,Bancassurance,Motor Comprehensive
POL208491,CUST102971,Motor,22200.0,880000.0,36,2024-05-20,2027-05-05,Bancassurance,Motor Third-Party
POL208492,CUST102430,Travel,11600.0,562000.0,12,2022-04-04,2023-03-30,Bancassurance,International Travel
POL208493,CUST102869,Property,31000.0,1830000.0,24,2021-07-28,2023-07-18,Online,Property All-Risk
POL208494,CUST101733,Health,31700.0,1329000.0,36,2024-07-13,2027-06-28,Agent,Critical Illness
POL208495,CUST100599,Motor,23300.0,474000.0,24,2022-05-31,2024-05-20,Agent,Motor Third-Party
POL208496,CUST101282,Life,7800.0,161000.0,12,2023-06-30,2024-06-24,Agent,Endowment Plan
POL208497,CUST101780,Property,12700.0,720000.0,36,2022-08-19,2025-08-03,Direct,Fire & Allied Perils
POL208498,CUST101580,Motor,31800.0,1573000.0,12,2024-09-14,2025-09-09,Online,Motor Own-Damage
POL208499,CUST102107,Motor,55100.0,1193000.0,12,2021-10-04,2022-09-29,Agent,Motor Own-Damage
POL208500,CUST102388,Marine,11100.0,562000.0,12,2022-04-16,2023-04-11,Agent,Marine Cargo
POL208501,CUST101259,Property,17400.0,337000.0,36,2024-02-07,2027-01-22,Online,Fire & Allied Perils
POL208502,CUST101910,Health,11300.0,360000.0,36,2024-06-28,2027-06-13,Bancassurance,Individual Health
POL208503,CUST101411,Marine,8100.0,129000.0,36,2023-04-30,2026-04-14,Agent,Marine Hull
POL208504,CUST102927,Life,9300.0,548000.0,12,2024-03-01,2025-02-24,Bancassurance,Endowment Plan
POL208505,CUST102380,Travel,15200.0,460000.0,12,2023-06-18,2024-06-12,Agent,International Travel
POL208506,CUST103155,Motor,4700.0,97000.0,12,2024-10-17,2025-10-12,Agent,Motor Own-Damage
POL208507,CUST102159,Health,28300.0,1458000.0,12,2024-11-03,2025-10-29,Agent,Family Floater
POL208508,CUST104980,Life,13300.0,449000.0,12,2021-12-19,2022-12-14,Online,Term Life
POL208509,CUST102423,Health,18200.0,781000.0,12,2022-05-21,2023-05-16,Broker,Critical Illness
POL208510,CUST103075,Health,17800.0,957000.0,60,2024-10-14,2029-09-18,Online,Individual Health
POL208511,CUST102210,Life,13500.0,361000.0,12,2022-02-24,2023-02-19,Broker,Term Life
POL208512,CUST103673,Life,10900.0,428000.0,12,2023-08-21,2024-08-15,Online,ULIP
POL208513,CUST102793,Motor,10000.0,225000.0,12,2024-12-24,2025-12-19,Online,Motor Third-Party
POL208514,CUST100490,Health,27400.0,1460000.0,12,2023-12-09,2024-12-03,Direct,Individual Health
POL208515,CUST103646,Life,6200.0,182000.0,24,2023-08-11,2025-07-31,Online,Endowment Plan
POL208516,CUST103802,Life,23200.0,856000.0,12,2021-09-29,2022-09-24,Agent,Term Life
POL208517,CUST102012,Health,24000.0,1142000.0,24,2021-11-09,2023-10-30,Online,Individual Health
POL208518,CUST102544,Motor,9900.0,551000.0,6,2021-11-12,2022-05-11,Agent,Motor Third-Party
POL208519,CUST100054,Motor,11900.0,365000.0,24,2021-04-24,2023-04-14,Agent,Motor Third-Party
POL208520,CUST104332,Property,18800.0,354000.0,24,2024-12-22,2026-12-12,Bancassurance,Property All-Risk
POL208521,CUST103892,Property,17900.0,690000.0,36,2024-05-02,2027-04-17,Agent,Fire & Allied Perils
POL208522,CUST104854,Life,27300.0,426000.0,12,2024-02-19,2025-02-13,Broker,Endowment Plan
POL208523,CUST102997,Health,24400.0,797000.0,12,2024-02-02,2025-01-27,Broker,Critical Illness
POL208524,CUST101151,Motor,9300.0,310000.0,12,2024-07-22,2025-07-17,Online,Motor Own-Damage
POL208525,CUST101449,Health,31100.0,1119000.0,12,2023-11-01,2024-10-26,Agent,Critical Illness
POL208526,CUST104643,Health,11600.0,387000.0,12,2022-01-18,2023-01-13,Agent,Family Floater
POL208527,CUST100215,Health,6000.0,289000.0,12,2021-12-08,2022-12-03,Agent,Critical Illness
POL208528,CUST103358,Motor,4900.0,126000.0,12,2022-12-24,2023-12-19,Online,Motor Third-Party
POL208529,CUST100340,Motor,22700.0,871000.0,12,2021-10-16,2022-10-11,Bancassurance,Motor Comprehensive
POL208530,CUST103695,Travel,47600.0,1410000.0,36,2023-02-13,2026-01-28,Agent,Domestic Travel
POL208531,CUST102906,Health,8800.0,378000.0,12,2023-12-05,2024-11-29,Online,Individual Health
POL208532,CUST102361,Property,4400.0,150000.0,12,2022-01-24,2023-01-19,Agent,Property All-Risk
POL208533,CUST103502,Life,21500.0,522000.0,6,2021-11-16,2022-05-15,Online,Term Life
POL208534,CUST101773,Property,7500.0,313000.0,24,2021-07-30,2023-07-20,Broker,Home Shield
POL208535,CUST102866,Motor,25600.0,669000.0,24,2023-03-14,2025-03-03,Bancassurance,Motor Own-Damage
POL208536,CUST104000,Motor,13600.0,447000.0,12,2021-09-29,2022-09-24,Broker,Motor Own-Damage
POL208537,CUST102291,Life,9300.0,313000.0,12,2024-08-30,2025-08-25,Direct,Term Life
POL208538,CUST100109,Health,14000.0,776000.0,12,2022-04-11,2023-04-06,Agent,Individual Health
POL208539,CUST104969,Motor,35200.0,1699000.0,24,2024-03-03,2026-02-21,Agent,Motor Third-Party
POL208540,CUST102702,Life,4100.0,178000.0,12,2022-09-09,2023-09-04,Bancassurance,Endowment Plan
POL208541,CUST102148,Motor,26300.0,528000.0,24,2024-05-22,2026-05-12,Direct,Motor Own-Damage
POL208542,CUST100369,Motor,27700.0,801000.0,12,2021-01-28,2022-01-23,Online,Motor Third-Party
POL208543,CUST100452,Travel,11700.0,202000.0,12,2021-11-22,2022-11-17,Agent,Domestic Travel
POL208544,CUST101273,Health,22200.0,872000.0,24,2022-11-28,2024-11-17,Agent,Family Floater
POL208545,CUST104616,Health,18700.0,380000.0,12,2023-02-26,2024-02-21,Agent,Critical Illness
POL208546,CUST103625,Motor,27600.0,450000.0,12,2023-02-12,2024-02-07,Agent,Motor Comprehensive
POL208547,CUST102066,Marine,14000.0,435000.0,12,2023-10-02,2024-09-26,Online,Marine Cargo
POL208548,CUST103773,Travel,5700.0,276000.0,12,2022-11-25,2023-11-20,Direct,Domestic Travel
POL208549,CUST101959,Motor,32200.0,1100000.0,12,2024-02-09,2025-02-03,Broker,Motor Third-Party
POL208550,CUST104445,Health,9700.0,183000.0,12,2023-05-16,2024-05-10,Agent,Critical Illness
POL208551,CUST101635,Life,11500.0,452000.0,12,2024-08-16,2025-08-11,Broker,Term Life
POL208552,CUST103577,Motor,13100.0,461000.0,12,2021-05-11,2022-05-06,Agent,Motor Own-Damage
POL208553,CUST102182,Health,29800.0,1736000.0,24,2023-10-11,2025-09-30,Agent,Critical Illness
POL208554,CUST103373,Motor,43400.0,919000.0,12,2024-07-10,2025-07-05,Agent,Motor Own-Damage
POL208555,CUST100932,Motor,12400.0,567000.0,24,2021-04-07,2023-03-28,Online,Motor Third-Party
POL208556,CUST104725,Life,12700.0,602000.0,12,2021-12-08,2022-12-03,Agent,Term Life
POL208557,CUST101431,Health,18300.0,973000.0,12,2021-12-15,2022-12-10,Bancassurance,Critical Illness
POL208558,CUST102687,Health,7900.0,419000.0,24,2022-10-01,2024-09-20,Agent,Critical Illness
POL208559,CUST103436,Motor,21600.0,717000.0,12,2023-01-23,2024-01-18,Agent,Motor Comprehensive
POL208560,CUST103269,Health,21700.0,1055000.0,24,2024-06-04,2026-05-25,Agent,Family Floater
POL208561,CUST102773,Travel,18600.0,607000.0,12,2022-07-15,2023-07-10,Agent,Domestic Travel
POL208562,CUST104340,Health,6100.0,337000.0,24,2023-11-11,2025-10-31,Agent,Individual Health
POL208563,CUST104848,Health,42400.0,1981000.0,36,2024-05-10,2027-04-25,Agent,Individual Health
POL208564,CUST103818,Health,22700.0,384000.0,6,2023-11-21,2024-05-19,Bancassurance,Family Floater
POL208565,CUST100922,Property,39100.0,918000.0,12,2024-09-02,2025-08-28,Agent,Home Shield
POL208566,CUST103849,Life,6800.0,379000.0,60,2024-03-14,2029-02-16,Online,ULIP
POL208567,CUST102516,Motor,8700.0,351000.0,12,2022-06-28,2023-06-23,Agent,Motor Own-Damage
POL208568,CUST102683,Motor,10100.0,505000.0,12,2024-11-12,2025-11-07,Agent,Motor Third-Party
POL208569,CUST104707,Health,43600.0,2324000.0,6,2024-10-12,2025-04-10,Broker,Family Floater
POL208570,CUST102639,Property,17800.0,305000.0,12,2021-03-02,2022-02-25,Agent,Fire & Allied Perils
POL208571,CUST104253,Motor,15500.0,309000.0,12,2024-11-08,2025-11-03,Agent,Motor Own-Damage
POL208572,CUST103243,Health,2700.0,154000.0,12,2024-12-27,2025-12-22,Bancassurance,Family Floater
POL208573,CUST100436,Life,12600.0,534000.0,60,2024-05-23,2029-04-27,Broker,Term Life
POL208574,CUST103502,Health,14100.0,668000.0,12,2024-09-26,2025-09-21,Broker,Individual Health
POL208575,CUST102474,Life,19100.0,626000.0,24,2024-04-29,2026-04-19,Agent,Term Life
POL208576,CUST102730,Health,44000.0,1139000.0,12,2021-07-27,2022-07-22,Agent,Family Floater
POL208577,CUST101513,Life,34600.0,675000.0,24,2021-02-15,2023-02-05,Bancassurance,ULIP
POL208578,CUST100927,Property,13600.0,335000.0,12,2022-03-07,2023-03-02,Bancassurance,Property All-Risk
POL208579,CUST103719,Travel,8500.0,167000.0,36,2021-02-23,2024-02-08,Agent,Domestic Travel
POL208580,CUST101242,Life,13400.0,760000.0,24,2023-08-21,2025-08-10,Online,Endowment Plan
POL208581,CUST100465,Health,16800.0,911000.0,6,2024-06-13,2024-12-10,Broker,Individual Health
POL208582,CUST102465,Life,22200.0,1087000.0,12,2024-07-09,2025-07-04,Agent,Term Life
POL208583,CUST103558,Property,2000.0,32000.0,12,2021-05-22,2022-05-17,Online,Property All-Risk
POL208584,CUST101020,Health,13500.0,519000.0,12,2023-03-03,2024-02-26,Agent,Family Floater
POL208585,CUST101809,Health,14200.0,366000.0,24,2023-02-13,2025-02-02,Broker,Individual Health
POL208586,CUST102117,Motor,13300.0,245000.0,36,2023-01-19,2026-01-03,Online,Motor Comprehensive
POL208587,CUST104617,Life,43900.0,700000.0,12,2024-08-07,2025-08-02,Online,Endowment Plan
POL208588,CUST100735,Health,14700.0,695000.0,24,2021-06-24,2023-06-14,Broker,Individual Health
POL208589,CUST104590,Motor,16000.0,513000.0,12,2021-04-14,2022-04-09,Online,Motor Third-Party
POL208590,CUST100731,Health,40900.0,1697000.0,12,2023-11-23,2024-11-17,Broker,Family Floater
POL208591,CUST102890,Travel,34300.0,1710000.0,6,2023-06-05,2023-12-02,Online,Domestic Travel
POL208592,CUST104216,Motor,31600.0,1111000.0,6,2022-12-31,2023-06-29,Agent,Motor Comprehensive
POL208593,CUST104521,Health,18600.0,387000.0,24,2021-09-22,2023-09-12,Bancassurance,Critical Illness
POL208594,CUST102711,Travel,12100.0,695000.0,12,2021-06-02,2022-05-28,Agent,Domestic Travel
POL208595,CUST102465,Travel,8300.0,366000.0,24,2023-07-07,2025-06-26,Broker,International Travel
POL208596,CUST103902,Health,27700.0,664000.0,12,2024-08-24,2025-08-19,Agent,Family Floater
POL208597,CUST104547,Motor,38900.0,1779000.0,24,2024-10-18,2026-10-08,Online,Motor Own-Damage
POL208598,CUST100057,Health,22200.0,761000.0,24,2021-12-13,2023-12-03,Bancassurance,Individual Health
POL208599,CUST101310,Health,7400.0,375000.0,12,2023-04-30,2024-04-24,Agent,Family Floater
POL208600,CUST101428,Health,17700.0,839000.0,24,2023-02-17,2025-02-06,Agent,Critical Illness
POL208601,CUST104166,Life,31000.0,829000.0,24,2024-10-19,2026-10-09,Agent,Endowment Plan
POL208602,CUST100088,Property,8900.0,430000.0,24,2024-05-02,2026-04-22,Bancassurance,Home Shield
POL208603,CUST100627,Life,9200.0,366000.0,24,2021-07-01,2023-06-21,Bancassurance,ULIP
POL208604,CUST100016,Marine,21300.0,964000.0,6,2023-09-13,2024-03-11,Agent,Marine Cargo
POL208605,CUST104764,Life,22400.0,734000.0,12,2024-04-06,2025-04-01,Broker,Term Life
POL208606,CUST100160,Health,20700.0,407000.0,12,2021-12-09,2022-12-04,Agent,Individual Health
POL208607,CUST101327,Motor,33200.0,552000.0,24,2022-05-23,2024-05-12,Bancassurance,Motor Third-Party
POL208608,CUST102607,Property,15800.0,800000.0,12,2024-12-30,2025-12-25,Agent,Fire & Allied Perils
POL208609,CUST101743,Life,11500.0,318000.0,12,2022-06-27,2023-06-22,Online,Endowment Plan
POL208610,CUST100454,Health,26500.0,1100000.0,12,2021-05-16,2022-05-11,Bancassurance,Critical Illness
POL208611,CUST102064,Motor,49200.0,2600000.0,12,2024-11-23,2025-11-18,Broker,Motor Third-Party
POL208612,CUST103991,Life,12000.0,693000.0,6,2024-03-21,2024-09-17,Online,ULIP
POL208613,CUST101444,Motor,24400.0,1431000.0,24,2021-03-29,2023-03-19,Bancassurance,Motor Own-Damage
POL208614,CUST102580,Property,35600.0,1825000.0,12,2022-11-09,2023-11-04,Direct,Fire & Allied Perils
POL208615,CUST102348,Motor,19500.0,751000.0,12,2024-01-08,2025-01-02,Online,Motor Own-Damage
POL208616,CUST101226,Life,7600.0,205000.0,12,2021-04-16,2022-04-11,Agent,Endowment Plan
POL208617,CUST100012,Health,19800.0,313000.0,12,2022-10-06,2023-10-01,Bancassurance,Family Floater
POL208618,CUST104193,Health,21700.0,546000.0,12,2021-12-21,2022-12-16,Online,Individual Health
POL208619,CUST104968,Property,13800.0,354000.0,6,2021-07-06,2022-01-02,Bancassurance,Home Shield
POL208620,CUST102548,Motor,13600.0,526000.0,12,2021-05-02,2022-04-27,Online,Motor Comprehensive
POL208621,CUST104151,Motor,6300.0,272000.0,24,2023-03-30,2025-03-19,Agent,Motor Comprehensive
POL208622,CUST101753,Motor,10300.0,609000.0,6,2021-10-30,2022-04-28,Agent,Motor Comprehensive
POL208623,CUST104715,Motor,11100.0,362000.0,12,2023-11-25,2024-11-19,Online,Motor Comprehensive
POL208624,CUST102839,Health,9200.0,527000.0,12,2024-07-15,2025-07-10,Agent,Critical Illness
POL208625,CUST104000,Motor,15300.0,785000.0,12,2023-01-14,2024-01-09,Broker,Motor Own-Damage
POL208626,CUST103363,Health,28800.0,1348000.0,12,2022-03-04,2023-02-27,Broker,Critical Illness
POL208627,CUST104618,Life,10800.0,247000.0,12,2021-10-22,2022-10-17,Agent,Term Life
POL208628,CUST102794,Property,37200.0,1592000.0,24,2023-06-11,2025-05-31,Agent,Property All-Risk
POL208629,CUST104236,Motor,21000.0,875000.0,24,2023-10-29,2025-10-18,Bancassurance,Motor Third-Party
POL208630,CUST104663,Property,58500.0,2958000.0,12,2021-10-19,2022-10-14,Agent,Fire & Allied Perils
POL208631,CUST103800,Travel,24600.0,1010000.0,24,2022-05-17,2024-05-06,Broker,Domestic Travel
POL208632,CUST101769,Life,5400.0,315000.0,12,2021-12-24,2022-12-19,Online,ULIP
POL208633,CUST100455,Life,33500.0,803000.0,12,2024-02-24,2025-02-18,Agent,ULIP
POL208634,CUST102049,Health,3800.0,85000.0,24,2022-05-31,2024-05-20,Online,Critical Illness
POL208635,CUST103462,Motor,4200.0,200000.0,12,2023-07-12,2024-07-06,Agent,Motor Comprehensive
POL208636,CUST104294,Travel,4700.0,281000.0,12,2024-10-15,2025-10-10,Broker,Domestic Travel
POL208637,CUST103844,Travel,28800.0,740000.0,12,2022-01-25,2023-01-20,Direct,Domestic Travel
POL208638,CUST103187,Health,45800.0,798000.0,24,2021-11-05,2023-10-26,Online,Critical Illness
POL208639,CUST102681,Motor,45900.0,2046000.0,12,2022-06-13,2023-06-08,Agent,Motor Third-Party
POL208640,CUST104831,Motor,19800.0,963000.0,12,2023-08-18,2024-08-12,Agent,Motor Own-Damage
POL208641,CUST101219,Health,13400.0,509000.0,12,2022-07-21,2023-07-16,Online,Critical Illness
POL208642,CUST103960,Marine,15600.0,394000.0,24,2022-06-28,2024-06-17,Online,Marine Hull
POL208643,CUST102756,Motor,15800.0,590000.0,36,2024-06-07,2027-05-23,Direct,Motor Comprehensive
POL208644,CUST102564,Life,17500.0,505000.0,36,2021-07-28,2024-07-12,Agent,ULIP
POL208645,CUST101996,Property,9900.0,245000.0,6,2023-05-20,2023-11-16,Agent,Property All-Risk
POL208646,CUST103173,Health,17000.0,638000.0,12,2023-03-21,2024-03-15,Online,Critical Illness
POL208647,CUST104999,Life,12000.0,206000.0,12,2022-09-04,2023-08-30,Online,ULIP
POL208648,CUST102030,Health,9200.0,435000.0,12,2022-06-29,2023-06-24,Online,Individual Health
POL208649,CUST100564,Motor,38000.0,1879000.0,24,2023-08-11,2025-07-31,Online,Motor Own-Damage
POL208650,CUST100638,Health,22300.0,1323000.0,24,2024-06-28,2026-06-18,Bancassurance,Individual Health
POL208651,CUST100884,Motor,22100.0,1205000.0,12,2021-04-20,2022-04-15,Agent,Motor Third-Party
POL208652,CUST102035,Life,17700.0,500000.0,36,2024-09-13,2027-08-29,Agent,Term Life
POL208653,CUST100020,Health,9900.0,284000.0,24,2021-01-18,2023-01-08,Broker,Family Floater
POL208654,CUST101407,Property,16700.0,584000.0,36,2023-04-13,2026-03-28,Online,Property All-Risk
POL208655,CUST103475,Life,44900.0,2137000.0,24,2022-08-03,2024-07-23,Online,Term Life
POL208656,CUST103390,Travel,22400.0,377000.0,12,2022-03-05,2023-02-28,Bancassurance,Domestic Travel
POL208657,CUST103344,Life,15200.0,886000.0,6,2024-03-16,2024-09-12,Bancassurance,ULIP
POL208658,CUST103345,Life,20600.0,960000.0,36,2023-02-16,2026-01-31,Broker,Term Life
POL208659,CUST100379,Health,13300.0,709000.0,12,2021-11-18,2022-11-13,Broker,Individual Health
POL208660,CUST104686,Health,12900.0,594000.0,12,2024-07-16,2025-07-11,Agent,Individual Health
POL208661,CUST101488,Life,29600.0,1671000.0,24,2022-05-14,2024-05-03,Agent,Endowment Plan
POL208662,CUST100397,Life,17800.0,921000.0,12,2023-09-13,2024-09-07,Agent,Endowment Plan
POL208663,CUST104058,Life,23000.0,796000.0,12,2021-07-23,2022-07-18,Agent,Term Life
POL208664,CUST102337,Motor,17200.0,807000.0,12,2021-05-07,2022-05-02,Broker,Motor Comprehensive
POL208665,CUST101732,Motor,25800.0,1481000.0,24,2023-05-25,2025-05-14,Online,Motor Third-Party
POL208666,CUST101993,Motor,12800.0,736000.0,24,2021-04-05,2023-03-26,Bancassurance,Motor Comprehensive
POL208667,CUST102915,Motor,14100.0,783000.0,36,2024-10-17,2027-10-02,Bancassurance,Motor Comprehensive
POL208668,CUST102637,Property,42500.0,2072000.0,24,2021-08-14,2023-08-04,Broker,Property All-Risk
POL208669,CUST100068,Health,4700.0,205000.0,24,2023-01-04,2024-12-24,Broker,Individual Health
POL208670,CUST100597,Health,25400.0,1009000.0,24,2023-04-07,2025-03-27,Online,Individual Health
POL208671,CUST104736,Motor,18800.0,443000.0,6,2024-05-27,2024-11-23,Agent,Motor Third-Party
POL208672,CUST102457,Property,14600.0,520000.0,60,2021-09-03,2026-08-08,Online,Property All-Risk
POL208673,CUST104942,Motor,10200.0,215000.0,60,2024-09-18,2029-08-23,Agent,Motor Comprehensive
POL208674,CUST103285,Motor,32600.0,714000.0,12,2022-01-06,2023-01-01,Bancassurance,Motor Own-Damage
POL208675,CUST103687,Property,45500.0,1005000.0,24,2024-11-06,2026-10-27,Agent,Fire & Allied Perils
POL208676,CUST101568,Life,14000.0,508000.0,12,2023-02-11,2024-02-06,Bancassurance,Endowment Plan
POL208677,CUST104189,Motor,24000.0,454000.0,24,2022-01-29,2024-01-19,Broker,Motor Comprehensive
POL208678,CUST103252,Motor,23500.0,1261000.0,12,2023-04-07,2024-04-01,Online,Motor Third-Party
POL208679,CUST103758,Health,24500.0,1367000.0,36,2024-01-09,2026-12-24,Agent,Individual Health
POL208680,CUST101328,Life,7300.0,332000.0,36,2024-04-19,2027-04-04,Broker,Term Life
POL208681,CUST102933,Motor,30700.0,1176000.0,24,2022-02-10,2024-01-31,Online,Motor Third-Party
POL208682,CUST101846,Life,5700.0,330000.0,12,2022-09-30,2023-09-25,Bancassurance,ULIP
POL208683,CUST104544,Health,23300.0,687000.0,12,2023-01-08,2024-01-03,Bancassurance,Critical Illness
POL208684,CUST104536,Life,34600.0,1460000.0,12,2024-02-10,2025-02-04,Online,Endowment Plan
POL208685,CUST101764,Life,12300.0,626000.0,36,2023-10-08,2026-09-22,Agent,Term Life
POL208686,CUST100125,Property,18500.0,890000.0,12,2021-04-27,2022-04-22,Bancassurance,Property All-Risk
POL208687,CUST101247,Motor,26200.0,1388000.0,12,2021-03-18,2022-03-13,Online,Motor Own-Damage
POL208688,CUST101364,Motor,14400.0,367000.0,12,2023-03-03,2024-02-26,Broker,Motor Own-Damage
POL208689,CUST100096,Motor,9500.0,485000.0,36,2024-03-15,2027-02-28,Broker,Motor Own-Damage
POL208690,CUST104678,Motor,24400.0,405000.0,36,2022-09-20,2025-09-04,Online,Motor Comprehensive
POL208691,CUST102330,Health,8300.0,330000.0,36,2022-01-30,2025-01-14,Broker,Individual Health
POL208692,CUST100735,Motor,4100.0,63000.0,12,2024-09-11,2025-09-06,Online,Motor Own-Damage
POL208693,CUST103048,Property,18000.0,553000.0,36,2022-01-14,2024-12-29,Broker,Home Shield
POL208694,CUST101987,Property,14500.0,596000.0,60,2023-11-18,2028-10-22,Agent,Property All-Risk
POL208695,CUST100873,Life,24600.0,1155000.0,36,2021-07-29,2024-07-13,Agent,Endowment Plan
POL208696,CUST102270,Health,18800.0,703000.0,12,2023-10-07,2024-10-01,Direct,Individual Health
POL208697,CUST102993,Life,49700.0,2866000.0,12,2022-11-02,2023-10-28,Online,Term Life
POL208698,CUST103263,Health,33200.0,1262000.0,24,2024-08-14,2026-08-04,Broker,Critical Illness
POL208699,CUST101125,Life,20100.0,366000.0,12,2023-04-16,2024-04-10,Online,Term Life
POL208700,CUST103058,Motor,31000.0,718000.0,12,2021-12-28,2022-12-23,Bancassurance,Motor Third-Party
POL208701,CUST103963,Property,36100.0,1915000.0,12,2023-01-10,2024-01-05,Bancassurance,Fire & Allied Perils
POL208702,CUST103133,Health,36100.0,2077000.0,36,2024-01-12,2026-12-27,Online,Individual Health
POL208703,CUST104757,Motor,8800.0,397000.0,12,2022-08-20,2023-08-15,Online,Motor Comprehensive
POL208704,CUST104702,Health,10200.0,495000.0,12,2024-06-18,2025-06-13,Agent,Family Floater
POL208705,CUST102476,Motor,39800.0,1706000.0,12,2024-05-23,2025-05-18,Online,Motor Third-Party
POL208706,CUST101963,Travel,18300.0,800000.0,12,2024-12-20,2025-12-15,Bancassurance,International Travel
POL208707,CUST102286,Life,19000.0,1067000.0,12,2023-02-05,2024-01-31,Broker,Term Life
POL208708,CUST102449,Marine,22700.0,786000.0,12,2022-09-19,2023-09-14,Broker,Marine Hull
POL208709,CUST100866,Travel,15900.0,716000.0,12,2022-05-20,2023-05-15,Online,International Travel
POL208710,CUST104819,Life,42000.0,1903000.0,12,2023-08-31,2024-08-25,Bancassurance,Term Life
POL208711,CUST102841,Property,21100.0,693000.0,24,2023-03-01,2025-02-18,Online,Fire & Allied Perils
POL208712,CUST100640,Marine,29200.0,1028000.0,24,2021-10-03,2023-09-23,Broker,Marine Cargo
POL208713,CUST104514,Motor,13700.0,403000.0,12,2024-09-03,2025-08-29,Agent,Motor Third-Party
POL208714,CUST104741,Motor,15000.0,869000.0,6,2023-03-28,2023-09-24,Broker,Motor Comprehensive
POL208715,CUST102805,Health,9900.0,207000.0,6,2022-09-18,2023-03-17,Agent,Critical Illness
POL208716,CUST104741,Life,37800.0,999000.0,12,2022-10-13,2023-10-08,Agent,Endowment Plan
POL208717,CUST104853,Property,27100.0,1349000.0,12,2022-03-28,2023-03-23,Broker,Property All-Risk
POL208718,CUST104767,Health,16500.0,502000.0,12,2021-07-21,2022-07-16,Agent,Individual Health
POL208719,CUST104819,Property,27200.0,1256000.0,12,2021-04-15,2022-04-10,Agent,Fire & Allied Perils
POL208720,CUST100335,Life,25700.0,1226000.0,12,2024-09-01,2025-08-27,Agent,ULIP
POL208721,CUST100154,Health,9300.0,371000.0,12,2023-12-30,2024-12-24,Online,Family Floater
POL208722,CUST102887,Life,15400.0,514000.0,60,2024-08-09,2029-07-14,Online,Term Life
POL208723,CUST103740,Property,8600.0,400000.0,24,2023-10-25,2025-10-14,Bancassurance,Fire & Allied Perils
POL208724,CUST104190,Health,9400.0,145000.0,12,2024-10-31,2025-10-26,Broker,Family Floater
POL208725,CUST103208,Health,8100.0,380000.0,12,2024-08-07,2025-08-02,Agent,Critical Illness
POL208726,CUST101568,Life,10500.0,430000.0,60,2021-09-20,2026-08-25,Broker,Term Life
POL208727,CUST104664,Health,11800.0,625000.0,60,2023-01-23,2027-12-28,Agent,Family Floater
POL208728,CUST102952,Motor,56000.0,2707000.0,12,2021-01-28,2022-01-23,Agent,Motor Own-Damage
POL208729,CUST103407,Property,14400.0,580000.0,36,2021-01-21,2024-01-06,Agent,Home Shield
POL208730,CUST101282,Motor,28100.0,1409000.0,24,2023-12-21,2025-12-10,Broker,Motor Third-Party
POL208731,CUST103793,Motor,23700.0,537000.0,6,2022-11-27,2023-05-26,Bancassurance,Motor Own-Damage
POL208732,CUST100648,Property,21000.0,690000.0,24,2022-01-31,2024-01-21,Online,Home Shield
POL208733,CUST104352,Life,30100.0,1172000.0,12,2022-10-29,2023-10-24,Bancassurance,Term Life
POL208734,CUST104261,Health,20100.0,999000.0,12,2023-07-07,2024-07-01,Bancassurance,Family Floater
POL208735,CUST103413,Health,10000.0,239000.0,36,2024-04-12,2027-03-28,Agent,Critical Illness
POL208736,CUST104906,Motor,22400.0,1047000.0,12,2023-02-19,2024-02-14,Broker,Motor Comprehensive
POL208737,CUST104550,Motor,25600.0,702000.0,12,2022-12-26,2023-12-21,Online,Motor Own-Damage
POL208738,CUST100348,Marine,8500.0,203000.0,24,2023-04-25,2025-04-14,Bancassurance,Marine Hull
POL208739,CUST101104,Motor,19900.0,656000.0,24,2021-07-25,2023-07-15,Bancassurance,Motor Comprehensive
POL208740,CUST100606,Motor,29300.0,699000.0,24,2022-12-26,2024-12-15,Direct,Motor Third-Party
POL208741,CUST101603,Life,3000.0,104000.0,6,2022-03-16,2022-09-12,Online,Endowment Plan
POL208742,CUST102943,Marine,17400.0,686000.0,36,2021-01-16,2024-01-01,Online,Marine Hull
POL208743,CUST100718,Life,46500.0,1475000.0,24,2023-10-05,2025-09-24,Broker,Endowment Plan
POL208744,CUST100431,Motor,12100.0,694000.0,12,2022-01-26,2023-01-21,Broker,Motor Comprehensive
POL208745,CUST103221,Motor,14700.0,666000.0,24,2023-08-10,2025-07-30,Agent,Motor Comprehensive
POL208746,CUST103155,Travel,23000.0,763000.0,12,2024-09-08,2025-09-03,Broker,Domestic Travel
POL208747,CUST101831,Life,12700.0,732000.0,12,2021-01-19,2022-01-14,Broker,Endowment Plan
POL208748,CUST103597,Property,12500.0,366000.0,12,2022-09-10,2023-09-05,Broker,Fire & Allied Perils
POL208749,CUST102959,Health,34500.0,1510000.0,36,2022-02-24,2025-02-08,Online,Critical Illness
POL208750,CUST102073,Property,14800.0,535000.0,24,2022-04-08,2024-03-28,Agent,Home Shield
POL208751,CUST100341,Travel,29500.0,1601000.0,12,2024-11-25,2025-11-20,Online,Domestic Travel
POL208752,CUST103781,Health,9200.0,320000.0,24,2021-02-04,2023-01-25,Online,Family Floater
POL208753,CUST103123,Health,14600.0,245000.0,36,2023-04-07,2026-03-22,Agent,Family Floater
POL208754,CUST100568,Motor,14200.0,410000.0,24,2022-06-26,2024-06-15,Broker,Motor Comprehensive
POL208755,CUST100939,Life,14800.0,432000.0,60,2021-05-14,2026-04-18,Online,ULIP
POL208756,CUST101506,Motor,9200.0,302000.0,60,2021-11-21,2026-10-26,Agent,Motor Own-Damage
POL208757,CUST100895,Motor,13600.0,651000.0,12,2021-08-28,2022-08-23,Agent,Motor Own-Damage
POL208758,CUST104038,Life,17300.0,811000.0,24,2023-01-31,2025-01-20,Online,Endowment Plan
POL208759,CUST104667,Life,5100.0,101000.0,60,2021-10-29,2026-10-03,Agent,ULIP
POL208760,CUST100441,Health,12300.0,216000.0,36,2023-10-09,2026-09-23,Online,Individual Health
POL208761,CUST101196,Travel,22800.0,536000.0,12,2021-09-14,2022-09-09,Bancassurance,International Travel
POL208762,CUST101425,Motor,11100.0,391000.0,12,2021-03-31,2022-03-26,Online,Motor Third-Party
POL208763,CUST104958,Health,19500.0,797000.0,12,2023-11-22,2024-11-16,Broker,Family Floater
POL208764,CUST103105,Life,10600.0,378000.0,12,2023-11-06,2024-10-31,Direct,Term Life
POL208765,CUST104770,Life,16400.0,845000.0,6,2021-12-11,2022-06-09,Online,Endowment Plan
POL208766,CUST101236,Life,4000.0,151000.0,24,2021-02-02,2023-01-23,Direct,ULIP
POL208767,CUST100338,Life,22500.0,1087000.0,12,2022-08-22,2023-08-17,Agent,Term Life
POL208768,CUST102404,Property,12500.0,744000.0,12,2023-09-26,2024-09-20,Broker,Property All-Risk
POL208769,CUST104085,Property,27600.0,1230000.0,6,2021-03-31,2021-09-27,Bancassurance,Property All-Risk
POL208770,CUST104185,Travel,15400.0,660000.0,12,2021-08-14,2022-08-09,Broker,Domestic Travel
POL208771,CUST102361,Travel,13200.0,652000.0,6,2023-05-10,2023-11-06,Online,International Travel
POL208772,CUST101348,Health,11400.0,430000.0,24,2022-05-24,2024-05-13,Online,Critical Illness
POL208773,CUST100235,Life,12400.0,698000.0,60,2024-07-23,2029-06-27,Online,Term Life
POL208774,CUST102179,Health,12100.0,526000.0,36,2021-06-29,2024-06-13,Broker,Individual Health
POL208775,CUST102679,Life,10400.0,578000.0,12,2023-12-18,2024-12-12,Broker,Endowment Plan
POL208776,CUST100091,Motor,11000.0,406000.0,24,2023-03-21,2025-03-10,Agent,Motor Third-Party
POL208777,CUST104673,Health,44800.0,1136000.0,12,2022-02-04,2023-01-30,Bancassurance,Family Floater
POL208778,CUST103541,Marine,15600.0,825000.0,12,2024-03-01,2025-02-24,Bancassurance,Marine Hull
POL208779,CUST101634,Life,5100.0,118000.0,12,2021-12-16,2022-12-11,Agent,Term Life
POL208780,CUST101775,Motor,5200.0,303000.0,12,2023-03-30,2024-03-24,Agent,Motor Own-Damage
POL208781,CUST101785,Health,45400.0,2551000.0,12,2022-10-21,2023-10-16,Direct,Critical Illness
POL208782,CUST104300,Health,15300.0,492000.0,24,2024-08-11,2026-08-01,Broker,Family Floater
POL208783,CUST103618,Property,8000.0,431000.0,24,2021-06-08,2023-05-29,Bancassurance,Property All-Risk
POL208784,CUST100442,Motor,29400.0,1644000.0,12,2021-02-16,2022-02-11,Agent,Motor Comprehensive
POL208785,CUST101531,Life,3800.0,122000.0,6,2023-07-25,2024-01-21,Agent,Endowment Plan
POL208786,CUST103911,Life,11200.0,616000.0,24,2022-06-06,2024-05-26,Agent,ULIP
POL208787,CUST101782,Life,16900.0,763000.0,24,2024-12-15,2026-12-05,Broker,ULIP
POL208788,CUST104068,Motor,18500.0,540000.0,12,2022-07-09,2023-07-04,Agent,Motor Own-Damage
POL208789,CUST102536,Property,8400.0,301000.0,24,2022-11-13,2024-11-02,Online,Fire & Allied Perils
POL208790,CUST103880,Property,11400.0,642000.0,36,2022-04-11,2025-03-26,Broker,Property All-Risk
POL208791,CUST102638,Health,24500.0,1072000.0,12,2023-03-06,2024-02-29,Online,Individual Health
POL208792,CUST103671,Motor,34700.0,1532000.0,12,2022-09-07,2023-09-02,Direct,Motor Comprehensive
POL208793,CUST102157,Life,25900.0,1235000.0,12,2021-03-17,2022-03-12,Agent,Term Life
POL208794,CUST101188,Health,20200.0,982000.0,24,2023-04-15,2025-04-04,Direct,Individual Health
POL208795,CUST104410,Health,13100.0,395000.0,12,2022-11-13,2023-11-08,Direct,Family Floater
POL208796,CUST102083,Health,21700.0,1155000.0,24,2021-10-11,2023-10-01,Bancassurance,Individual Health
POL208797,CUST100046,Health,24000.0,995000.0,12,2022-10-19,2023-10-14,Broker,Individual Health
POL208798,CUST101929,Property,34200.0,2012000.0,12,2021-10-20,2022-10-15,Broker,Home Shield
POL208799,CUST102054,Travel,16400.0,655000.0,12,2021-04-17,2022-04-12,Broker,International Travel
POL208800,CUST101205,Life,53900.0,1279000.0,12,2021-07-26,2022-07-21,Online,Term Life
POL208801,CUST104388,Motor,28100.0,509000.0,6,2024-02-24,2024-08-22,Broker,Motor Comprehensive
POL208802,CUST102458,Health,15500.0,712000.0,60,2022-03-11,2027-02-13,Agent,Critical Illness
POL208803,CUST101851,Motor,31100.0,1255000.0,24,2022-11-30,2024-11-19,Online,Motor Comprehensive
POL208804,CUST103487,Life,13500.0,730000.0,12,2023-07-31,2024-07-25,Broker,Term Life
POL208805,CUST103199,Life,11300.0,602000.0,12,2023-06-12,2024-06-06,Direct,ULIP
POL208806,CUST102393,Travel,5300.0,170000.0,24,2023-01-22,2025-01-11,Broker,Domestic Travel
POL208807,CUST104874,Health,44200.0,2638000.0,60,2022-03-20,2027-02-22,Agent,Critical Illness
POL208808,CUST104872,Motor,13200.0,702000.0,12,2022-02-24,2023-02-19,Direct,Motor Comprehensive
POL208809,CUST102380,Life,23800.0,433000.0,12,2022-10-07,2023-10-02,Online,Term Life
POL208810,CUST103543,Health,28300.0,855000.0,36,2024-11-02,2027-10-18,Direct,Individual Health
POL208811,CUST100260,Motor,13500.0,597000.0,12,2022-07-17,2023-07-12,Online,Motor Own-Damage
POL208812,CUST102213,Health,14300.0,243000.0,36,2023-07-15,2026-06-29,Agent,Critical Illness
POL208813,CUST102208,Motor,5200.0,146000.0,12,2022-04-13,2023-04-08,Broker,Motor Third-Party
POL208814,CUST102019,Motor,8800.0,351000.0,36,2022-01-29,2025-01-13,Bancassurance,Motor Comprehensive
POL208815,CUST104204,Health,6300.0,366000.0,12,2023-07-24,2024-07-18,Agent,Family Floater
POL208816,CUST102918,Property,50500.0,2732000.0,24,2021-03-09,2023-02-27,Agent,Property All-Risk
POL208817,CUST102356,Marine,14900.0,247000.0,12,2022-03-19,2023-03-14,Agent,Marine Cargo
POL208818,CUST102158,Motor,11000.0,557000.0,24,2021-12-10,2023-11-30,Agent,Motor Comprehensive
POL208819,CUST103093,Health,12800.0,277000.0,12,2021-07-08,2022-07-03,Agent,Individual Health
POL208820,CUST101109,Property,16800.0,949000.0,24,2022-12-14,2024-12-03,Bancassurance,Fire & Allied Perils
POL208821,CUST101229,Travel,10000.0,449000.0,12,2021-10-14,2022-10-09,Agent,International Travel
POL208822,CUST102605,Property,23400.0,503000.0,12,2021-10-28,2022-10-23,Agent,Home Shield
POL208823,CUST101595,Health,28400.0,1684000.0,12,2023-06-30,2024-06-24,Online,Individual Health
POL208824,CUST103363,Property,15100.0,300000.0,60,2022-04-18,2027-03-23,Agent,Fire & Allied Perils
POL208825,CUST104507,Life,11600.0,277000.0,24,2023-10-25,2025-10-14,Agent,Term Life
POL208826,CUST101792,Motor,13400.0,246000.0,12,2024-12-13,2025-12-08,Agent,Motor Own-Damage
POL208827,CUST102888,Motor,9000.0,286000.0,60,2022-10-11,2027-09-15,Online,Motor Own-Damage
POL208828,CUST101416,Travel,14400.0,329000.0,24,2024-09-28,2026-09-18,Direct,International Travel
POL208829,CUST103967,Marine,24800.0,1479000.0,12,2022-02-22,2023-02-17,Broker,Marine Cargo
POL208830,CUST101086,Health,38900.0,1520000.0,60,2023-01-15,2027-12-20,Agent,Family Floater
POL208831,CUST102610,Life,20200.0,1009000.0,12,2022-12-09,2023-12-04,Online,Endowment Plan
POL208832,CUST101814,Health,24500.0,695000.0,12,2024-05-08,2025-05-03,Online,Critical Illness
POL208833,CUST103824,Life,15300.0,410000.0,12,2022-03-14,2023-03-09,Agent,Term Life
POL208834,CUST101221,Health,30000.0,1115000.0,60,2022-02-14,2027-01-19,Agent,Critical Illness
POL208835,CUST101005,Health,10300.0,515000.0,12,2022-12-11,2023-12-06,Bancassurance,Critical Illness
POL208836,CUST103815,Health,7300.0,316000.0,24,2023-12-25,2025-12-14,Broker,Individual Health
POL208837,CUST102784,Health,14800.0,542000.0,12,2024-09-03,2025-08-29,Agent,Family Floater
POL208838,CUST103193,Travel,21600.0,463000.0,24,2024-07-31,2026-07-21,Agent,International Travel
POL208839,CUST103970,Marine,7000.0,261000.0,12,2021-02-14,2022-02-09,Agent,Marine Cargo
POL208840,CUST101434,Motor,42800.0,1876000.0,12,2024-05-01,2025-04-26,Online,Motor Own-Damage
POL208841,CUST101206,Motor,9100.0,163000.0,12,2022-02-01,2023-01-27,Agent,Motor Third-Party
POL208842,CUST104959,Motor,12600.0,544000.0,12,2023-07-13,2024-07-07,Online,Motor Own-Damage
POL208843,CUST100557,Motor,21600.0,1258000.0,12,2024-01-05,2024-12-30,Bancassurance,Motor Own-Damage
POL208844,CUST103228,Health,19800.0,480000.0,12,2024-04-23,2025-04-18,Broker,Family Floater
POL208845,CUST101944,Health,30600.0,776000.0,12,2022-01-09,2023-01-04,Online,Family Floater
POL208846,CUST100712,Motor,25200.0,883000.0,12,2021-01-11,2022-01-06,Bancassurance,Motor Comprehensive
POL208847,CUST104766,Travel,9300.0,440000.0,12,2024-07-10,2025-07-05,Online,Domestic Travel
POL208848,CUST104146,Property,12900.0,475000.0,6,2022-07-17,2023-01-13,Online,Property All-Risk
POL208849,CUST101110,Motor,22700.0,493000.0,12,2024-01-03,2024-12-28,Online,Motor Comprehensive
POL208850,CUST103768,Life,15200.0,726000.0,36,2024-01-28,2027-01-12,Broker,ULIP
POL208851,CUST103838,Health,9200.0,358000.0,12,2023-07-30,2024-07-24,Broker,Individual Health
POL208852,CUST102500,Life,4000.0,198000.0,12,2022-08-17,2023-08-12,Online,ULIP
POL208853,CUST104780,Health,34600.0,927000.0,12,2021-06-06,2022-06-01,Bancassurance,Individual Health
POL208854,CUST101167,Motor,12500.0,740000.0,12,2021-09-30,2022-09-25,Broker,Motor Own-Damage
POL208855,CUST100363,Health,22600.0,502000.0,12,2023-07-14,2024-07-08,Direct,Critical Illness
POL208856,CUST104054,Travel,9600.0,561000.0,12,2024-02-05,2025-01-30,Agent,International Travel
POL208857,CUST101787,Life,20300.0,385000.0,12,2022-12-25,2023-12-20,Online,ULIP
POL208858,CUST100622,Life,4600.0,123000.0,36,2023-06-11,2026-05-26,Online,Endowment Plan
POL208859,CUST104843,Property,9500.0,203000.0,12,2022-10-09,2023-10-04,Online,Property All-Risk
POL208860,CUST102090,Property,13700.0,714000.0,6,2023-02-05,2023-08-04,Online,Fire & Allied Perils
POL208861,CUST104327,Marine,10300.0,477000.0,6,2024-09-20,2025-03-19,Bancassurance,Marine Hull
POL208862,CUST104086,Motor,11300.0,429000.0,60,2022-05-10,2027-04-14,Online,Motor Comprehensive
POL208863,CUST101517,Motor,25700.0,1472000.0,24,2024-07-28,2026-07-18,Bancassurance,Motor Own-Damage
POL208864,CUST104007,Property,12400.0,285000.0,12,2021-05-23,2022-05-18,Broker,Home Shield
POL208865,CUST102347,Travel,8400.0,263000.0,12,2021-02-02,2022-01-28,Broker,International Travel
POL208866,CUST103149,Health,12600.0,194000.0,24,2024-06-14,2026-06-04,Agent,Individual Health
POL208867,CUST101432,Travel,3900.0,133000.0,24,2023-02-03,2025-01-23,Bancassurance,International Travel
POL208868,CUST100038,Life,14100.0,244000.0,24,2021-10-20,2023-10-10,Bancassurance,Endowment Plan
POL208869,CUST100952,Motor,13400.0,330000.0,12,2021-02-18,2022-02-13,Online,Motor Comprehensive
POL208870,CUST101665,Marine,14000.0,333000.0,24,2023-07-16,2025-07-05,Online,Marine Cargo
POL208871,CUST102735,Property,6500.0,263000.0,24,2022-09-06,2024-08-26,Broker,Property All-Risk
POL208872,CUST104265,Health,18600.0,521000.0,24,2022-03-05,2024-02-23,Online,Individual Health
POL208873,CUST100884,Life,14700.0,275000.0,12,2024-12-16,2025-12-11,Online,Term Life
POL208874,CUST103606,Health,34000.0,1535000.0,12,2021-12-02,2022-11-27,Online,Individual Health
POL208875,CUST103746,Life,26900.0,605000.0,12,2024-07-04,2025-06-29,Broker,Endowment Plan
POL208876,CUST104052,Health,9700.0,245000.0,12,2022-10-15,2023-10-10,Bancassurance,Individual Health
POL208877,CUST104073,Health,9500.0,380000.0,12,2021-10-15,2022-10-10,Bancassurance,Family Floater
POL208878,CUST100314,Life,27400.0,1616000.0,24,2023-12-06,2025-11-25,Broker,Endowment Plan
POL208879,CUST101088,Motor,8600.0,447000.0,24,2024-05-15,2026-05-05,Agent,Motor Comprehensive
POL208880,CUST104703,Motor,9000.0,466000.0,12,2021-12-03,2022-11-28,Bancassurance,Motor Comprehensive
POL208881,CUST103161,Motor,19500.0,866000.0,24,2023-04-20,2025-04-09,Online,Motor Own-Damage
POL208882,CUST101145,Life,11300.0,321000.0,60,2021-05-16,2026-04-20,Online,ULIP
POL208883,CUST104980,Health,19600.0,813000.0,12,2023-08-12,2024-08-06,Broker,Family Floater
POL208884,CUST101661,Health,4900.0,249000.0,24,2022-12-10,2024-11-29,Broker,Individual Health
POL208885,CUST101442,Health,12500.0,288000.0,24,2024-05-12,2026-05-02,Agent,Family Floater
POL208886,CUST104202,Motor,29000.0,1682000.0,12,2023-03-12,2024-03-06,Broker,Motor Third-Party
POL208887,CUST104802,Property,9300.0,479000.0,12,2021-12-27,2022-12-22,Online,Property All-Risk
POL208888,CUST102031,Life,11600.0,474000.0,12,2023-08-17,2024-08-11,Agent,Endowment Plan
POL208889,CUST103227,Life,13900.0,514000.0,24,2022-07-07,2024-06-26,Agent,Endowment Plan
POL208890,CUST103215,Motor,11900.0,579000.0,36,2022-10-21,2025-10-05,Agent,Motor Comprehensive
POL208891,CUST101129,Life,4900.0,285000.0,24,2023-06-06,2025-05-26,Direct,Endowment Plan
POL208892,CUST102761,Health,27700.0,730000.0,24,2022-07-20,2024-07-09,Bancassurance,Critical Illness
POL208893,CUST100278,Property,14500.0,277000.0,36,2021-11-23,2024-11-07,Bancassurance,Fire & Allied Perils
POL208894,CUST104330,Motor,20400.0,891000.0,12,2021-08-11,2022-08-06,Agent,Motor Own-Damage
POL208895,CUST104140,Life,30100.0,925000.0,12,2024-11-05,2025-10-31,Bancassurance,ULIP
POL208896,CUST100780,Travel,11500.0,321000.0,12,2022-03-15,2023-03-10,Broker,Domestic Travel
POL208897,CUST103043,Property,18800.0,650000.0,12,2024-04-20,2025-04-15,Broker,Home Shield
POL208898,CUST100488,Marine,2000.0,86000.0,12,2021-12-29,2022-12-24,Online,Marine Cargo
POL208899,CUST100438,Motor,2900.0,68000.0,6,2023-11-16,2024-05-14,Online,Motor Own-Damage
POL208900,CUST103161,Health,15700.0,566000.0,24,2021-07-13,2023-07-03,Online,Critical Illness
POL208901,CUST103984,Motor,5900.0,212000.0,36,2021-12-30,2024-12-14,Broker,Motor Own-Damage
POL208902,CUST104223,Health,20700.0,520000.0,24,2024-10-26,2026-10-16,Online,Critical Illness
POL208903,CUST101658,Life,22900.0,345000.0,60,2024-08-24,2029-07-29,Agent,ULIP
POL208904,CUST104615,Life,10200.0,247000.0,36,2021-09-25,2024-09-09,Bancassurance,Term Life
POL208905,CUST102698,Travel,22000.0,356000.0,12,2022-12-31,2023-12-26,Agent,International Travel
POL208906,CUST101999,Travel,13100.0,217000.0,12,2023-04-16,2024-04-10,Online,International Travel
POL208907,CUST101724,Motor,32900.0,1343000.0,12,2024-06-14,2025-06-09,Broker,Motor Comprehensive
POL208908,CUST103674,Marine,6900.0,411000.0,12,2022-08-12,2023-08-07,Bancassurance,Marine Hull
POL208909,CUST101852,Marine,14500.0,433000.0,12,2024-07-14,2025-07-09,Agent,Marine Hull
POL208910,CUST101953,Life,18100.0,951000.0,12,2023-03-12,2024-03-06,Bancassurance,Term Life
POL208911,CUST101939,Motor,24900.0,817000.0,60,2022-03-11,2027-02-13,Broker,Motor Comprehensive
POL208912,CUST101594,Motor,23800.0,1063000.0,60,2023-05-04,2028-04-07,Bancassurance,Motor Own-Damage
POL208913,CUST101987,Health,12200.0,445000.0,24,2021-05-02,2023-04-22,Broker,Family Floater
POL208914,CUST100121,Motor,13400.0,793000.0,24,2023-01-30,2025-01-19,Online,Motor Own-Damage
POL208915,CUST104372,Motor,9100.0,397000.0,36,2021-04-26,2024-04-10,Bancassurance,Motor Third-Party
POL208916,CUST101250,Motor,30800.0,1240000.0,60,2022-04-27,2027-04-01,Online,Motor Comprehensive
POL208917,CUST102236,Health,38300.0,1176000.0,24,2023-10-30,2025-10-19,Agent,Critical Illness
POL208918,CUST100850,Life,4300.0,222000.0,24,2022-05-13,2024-05-02,Agent,ULIP
POL208919,CUST102682,Motor,27200.0,1627000.0,12,2024-12-17,2025-12-12,Agent,Motor Comprehensive
POL208920,CUST101343,Property,23000.0,629000.0,12,2021-09-06,2022-09-01,Agent,Property All-Risk
POL208921,CUST100848,Motor,2600.0,54000.0,12,2024-07-29,2025-07-24,Online,Motor Own-Damage
POL208922,CUST101443,Health,25900.0,1521000.0,12,2022-08-27,2023-08-22,Agent,Critical Illness
POL208923,CUST104523,Health,33800.0,1584000.0,12,2023-08-09,2024-08-03,Online,Individual Health
POL208924,CUST104294,Life,24500.0,432000.0,24,2022-06-13,2024-06-02,Bancassurance,Endowment Plan
POL208925,CUST103949,Health,8700.0,210000.0,24,2022-12-27,2024-12-16,Direct,Family Floater
POL208926,CUST101016,Life,42100.0,2069000.0,12,2024-12-19,2025-12-14,Online,Endowment Plan
POL208927,CUST103249,Health,28100.0,1577000.0,12,2021-10-08,2022-10-03,Online,Critical Illness
POL208928,CUST104096,Motor,9000.0,161000.0,12,2021-05-17,2022-05-12,Online,Motor Third-Party
POL208929,CUST103249,Health,21100.0,427000.0,12,2023-03-17,2024-03-11,Bancassurance,Critical Illness
POL208930,CUST104296,Motor,20300.0,424000.0,12,2023-04-24,2024-04-18,Agent,Motor Comprehensive
POL208931,CUST101005,Travel,6700.0,381000.0,12,2024-07-07,2025-07-02,Agent,International Travel
POL208932,CUST102318,Health,17000.0,967000.0,24,2024-12-15,2026-12-05,Bancassurance,Family Floater
POL208933,CUST101652,Motor,19700.0,849000.0,6,2023-05-08,2023-11-04,Online,Motor Third-Party
POL208934,CUST103622,Property,11800.0,396000.0,6,2024-09-16,2025-03-15,Bancassurance,Home Shield
POL208935,CUST100639,Life,36000.0,1447000.0,12,2021-05-19,2022-05-14,Online,Endowment Plan
POL208936,CUST101593,Health,13900.0,612000.0,24,2023-10-10,2025-09-29,Broker,Individual Health
POL208937,CUST103512,Travel,22100.0,1175000.0,24,2023-02-12,2025-02-01,Agent,International Travel
POL208938,CUST100088,Health,16500.0,745000.0,12,2022-08-03,2023-07-29,Bancassurance,Critical Illness
POL208939,CUST101278,Motor,10100.0,461000.0,60,2024-05-27,2029-05-01,Agent,Motor Third-Party
POL208940,CUST103548,Property,18900.0,1111000.0,12,2023-11-28,2024-11-22,Agent,Property All-Risk
POL208941,CUST101197,Marine,15400.0,346000.0,24,2021-04-12,2023-04-02,Online,Marine Cargo
POL208942,CUST103032,Motor,41700.0,2040000.0,12,2024-09-29,2025-09-24,Agent,Motor Third-Party
POL208943,CUST102002,Motor,27300.0,1570000.0,36,2022-12-26,2025-12-10,Agent,Motor Third-Party
POL208944,CUST102306,Life,5500.0,128000.0,12,2023-03-03,2024-02-26,Agent,Endowment Plan
POL208945,CUST101790,Life,9900.0,315000.0,12,2021-09-17,2022-09-12,Online,ULIP
POL208946,CUST104493,Motor,8900.0,282000.0,12,2022-05-16,2023-05-11,Online,Motor Third-Party
POL208947,CUST103604,Travel,2500.0,134000.0,24,2023-11-07,2025-10-27,Broker,International Travel
POL208948,CUST103636,Motor,23300.0,973000.0,24,2021-01-20,2023-01-10,Broker,Motor Third-Party
POL208949,CUST103957,Property,20700.0,896000.0,12,2022-07-26,2023-07-21,Online,Fire & Allied Perils
POL208950,CUST102127,Property,7800.0,328000.0,12,2023-01-10,2024-01-05,Broker,Property All-Risk
POL208951,CUST100516,Motor,8000.0,278000.0,12,2024-08-28,2025-08-23,Agent,Motor Comprehensive
POL208952,CUST100266,Health,3700.0,86000.0,24,2021-05-16,2023-05-06,Broker,Family Floater
POL208953,CUST102410,Motor,9400.0,160000.0,12,2024-07-13,2025-07-08,Online,Motor Third-Party
POL208954,CUST104380,Life,20200.0,557000.0,36,2022-04-11,2025-03-26,Broker,Term Life
POL208955,CUST102414,Health,44400.0,2624000.0,12,2022-01-17,2023-01-12,Agent,Individual Health
POL208956,CUST104923,Property,5600.0,290000.0,12,2023-06-29,2024-06-23,Online,Fire & Allied Perils
POL208957,CUST102617,Health,19100.0,466000.0,24,2022-09-25,2024-09-14,Agent,Individual Health
POL208958,CUST103172,Health,48100.0,1334000.0,12,2022-02-10,2023-02-05,Online,Critical Illness
POL208959,CUST100388,Motor,14600.0,563000.0,24,2021-11-11,2023-11-01,Agent,Motor Third-Party
POL208960,CUST103841,Motor,14300.0,642000.0,60,2021-11-23,2026-10-28,Direct,Motor Own-Damage
POL208961,CUST104445,Health,16200.0,294000.0,6,2021-11-30,2022-05-29,Direct,Individual Health
POL208962,CUST102530,Marine,15100.0,271000.0,6,2023-05-10,2023-11-06,Bancassurance,Marine Hull
POL208963,CUST104522,Property,24000.0,1054000.0,24,2022-11-01,2024-10-21,Broker,Property All-Risk
POL208964,CUST101183,Health,56700.0,2395000.0,60,2021-04-17,2026-03-22,Agent,Individual Health
POL208965,CUST102446,Travel,10100.0,401000.0,12,2021-12-13,2022-12-08,Online,International Travel
POL208966,CUST104560,Motor,6400.0,188000.0,12,2024-09-17,2025-09-12,Broker,Motor Third-Party
POL208967,CUST103018,Travel,8100.0,300000.0,12,2024-04-06,2025-04-01,Broker,Domestic Travel
POL208968,CUST103441,Motor,25000.0,1121000.0,12,2024-12-06,2025-12-01,Bancassurance,Motor Third-Party
POL208969,CUST102016,Motor,18000.0,457000.0,6,2023-10-09,2024-04-06,Agent,Motor Third-Party
POL208970,CUST102742,Property,27500.0,452000.0,12,2024-12-15,2025-12-10,Agent,Home Shield
POL208971,CUST101857,Health,4400.0,164000.0,24,2023-09-29,2025-09-18,Agent,Critical Illness
POL208972,CUST103410,Marine,14000.0,653000.0,24,2021-01-10,2022-12-31,Agent,Marine Cargo
POL208973,CUST100278,Life,23500.0,561000.0,12,2023-03-22,2024-03-16,Online,ULIP
POL208974,CUST102559,Motor,4300.0,135000.0,12,2021-01-04,2021-12-30,Bancassurance,Motor Comprehensive
POL208975,CUST104649,Motor,19000.0,559000.0,24,2021-07-20,2023-07-10,Agent,Motor Comprehensive
POL208976,CUST100291,Health,14300.0,747000.0,36,2021-05-31,2024-05-15,Agent,Critical Illness
POL208977,CUST102255,Health,38400.0,2263000.0,24,2021-03-14,2023-03-04,Agent,Critical Illness
POL208978,CUST103302,Health,6000.0,226000.0,12,2024-09-01,2025-08-27,Online,Critical Illness
POL208979,CUST100422,Motor,28900.0,950000.0,36,2021-08-25,2024-08-09,Agent,Motor Own-Damage
POL208980,CUST100026,Motor,12000.0,518000.0,60,2024-06-23,2029-05-28,Online,Motor Own-Damage
POL208981,CUST100825,Health,4100.0,242000.0,24,2022-04-02,2024-03-22,Agent,Family Floater
POL208982,CUST101101,Motor,10500.0,511000.0,36,2021-01-26,2024-01-11,Direct,Motor Own-Damage
POL208983,CUST104393,Health,26900.0,489000.0,36,2022-05-06,2025-04-20,Online,Family Floater
POL208984,CUST100779,Motor,25500.0,865000.0,12,2021-04-15,2022-04-10,Bancassurance,Motor Third-Party
POL208985,CUST103202,Property,22000.0,525000.0,12,2022-04-02,2023-03-28,Agent,Property All-Risk
POL208986,CUST101700,Life,8100.0,178000.0,24,2022-03-20,2024-03-09,Online,ULIP
POL208987,CUST102677,Motor,39000.0,1781000.0,12,2021-03-15,2022-03-10,Direct,Motor Comprehensive
POL208988,CUST104541,Property,16200.0,783000.0,12,2022-02-12,2023-02-07,Bancassurance,Property All-Risk
POL208989,CUST104291,Health,14000.0,516000.0,12,2021-06-17,2022-06-12,Bancassurance,Critical Illness
POL208990,CUST100398,Health,16100.0,568000.0,24,2021-01-03,2022-12-24,Bancassurance,Family Floater
POL208991,CUST100445,Motor,6500.0,204000.0,12,2023-06-30,2024-06-24,Online,Motor Own-Damage
POL208992,CUST101787,Health,4400.0,254000.0,24,2021-04-29,2023-04-19,Direct,Family Floater
POL208993,CUST104043,Property,14500.0,400000.0,36,2023-10-08,2026-09-22,Bancassurance,Home Shield
POL208994,CUST103797,Motor,3500.0,86000.0,12,2023-09-18,2024-09-12,Agent,Motor Third-Party
POL208995,CUST103092,Life,26200.0,1507000.0,24,2024-05-17,2026-05-07,Bancassurance,ULIP
POL208996,CUST104315,Motor,34900.0,1403000.0,24,2023-05-14,2025-05-03,Online,Motor Comprehensive
POL208997,CUST100911,Health,54600.0,1140000.0,12,2022-09-14,2023-09-09,Broker,Family Floater
POL208998,CUST103680,Health,9900.0,504000.0,36,2022-06-01,2025-05-16,Online,Individual Health
POL208999,CUST104846,Motor,25600.0,1096000.0,12,2021-12-11,2022-12-06,Broker,Motor Comprehensive
POL209000,CUST104826,Motor,2200.0,113000.0,12,2021-12-24,2022-12-19,Bancassurance,Motor Own-Damage
POL209001,CUST103556,Health,24800.0,1044000.0,24,2021-10-18,2023-10-08,Agent,Family Floater
POL209002,CUST103479,Health,14800.0,797000.0,12,2022-11-24,2023-11-19,Agent,Critical Illness
POL209003,CUST101118,Marine,21200.0,1020000.0,60,2023-07-25,2028-06-28,Agent,Marine Hull
POL209004,CUST103724,Life,32000.0,1462000.0,24,2023-07-22,2025-07-11,Bancassurance,Term Life
POL209005,CUST101236,Marine,12700.0,680000.0,12,2023-11-27,2024-11-21,Broker,Marine Hull
POL209006,CUST102110,Marine,22500.0,620000.0,12,2022-03-21,2023-03-16,Bancassurance,Marine Cargo
POL209007,CUST100584,Motor,20900.0,387000.0,12,2024-10-14,2025-10-09,Agent,Motor Third-Party
POL209008,CUST101510,Property,18400.0,312000.0,36,2021-07-14,2024-06-28,Bancassurance,Property All-Risk
POL209009,CUST100379,Travel,9100.0,214000.0,6,2023-10-30,2024-04-27,Direct,International Travel
POL209010,CUST102309,Health,7800.0,279000.0,12,2024-09-01,2025-08-27,Bancassurance,Critical Illness
POL209011,CUST100361,Life,12800.0,196000.0,12,2024-05-06,2025-05-01,Online,Term Life
POL209012,CUST103839,Health,26400.0,1189000.0,12,2021-06-19,2022-06-14,Direct,Family Floater
POL209013,CUST103278,Motor,18500.0,1070000.0,24,2023-09-22,2025-09-11,Online,Motor Comprehensive
POL209014,CUST103251,Motor,22200.0,753000.0,6,2024-05-09,2024-11-05,Online,Motor Own-Damage
POL209015,CUST103516,Motor,21200.0,839000.0,12,2022-05-24,2023-05-19,Bancassurance,Motor Own-Damage
POL209016,CUST103859,Health,52300.0,3038000.0,24,2023-04-02,2025-03-22,Online,Critical Illness
POL209017,CUST103378,Life,24800.0,507000.0,12,2022-12-12,2023-12-07,Online,Term Life
POL209018,CUST103137,Motor,9000.0,296000.0,12,2022-11-17,2023-11-12,Online,Motor Third-Party
POL209019,CUST100913,Motor,14600.0,868000.0,12,2023-08-24,2024-08-18,Online,Motor Own-Damage
POL209020,CUST103665,Motor,27800.0,593000.0,24,2022-01-09,2023-12-30,Direct,Motor Third-Party
POL209021,CUST102435,Travel,3800.0,208000.0,36,2022-04-02,2025-03-17,Broker,Domestic Travel
POL209022,CUST100778,Property,15700.0,523000.0,12,2023-10-19,2024-10-13,Agent,Property All-Risk
POL209023,CUST102403,Motor,12300.0,471000.0,60,2021-05-29,2026-05-03,Broker,Motor Third-Party
POL209024,CUST101618,Property,8200.0,427000.0,12,2022-12-18,2023-12-13,Agent,Property All-Risk
POL209025,CUST100994,Property,7900.0,469000.0,36,2023-12-29,2026-12-13,Agent,Property All-Risk
POL209026,CUST102805,Property,24200.0,392000.0,12,2021-05-31,2022-05-26,Agent,Fire & Allied Perils
POL209027,CUST104473,Property,26300.0,806000.0,12,2022-01-09,2023-01-04,Bancassurance,Property All-Risk
POL209028,CUST100082,Health,12500.0,352000.0,24,2024-04-13,2026-04-03,Bancassurance,Critical Illness
POL209029,CUST100674,Motor,13200.0,471000.0,12,2023-01-14,2024-01-09,Broker,Motor Third-Party
POL209030,CUST104561,Property,15000.0,330000.0,12,2023-09-28,2024-09-22,Bancassurance,Property All-Risk
POL209031,CUST103454,Property,2200.0,65000.0,12,2024-05-21,2025-05-16,Agent,Home Shield
POL209032,CUST101197,Motor,42400.0,1815000.0,12,2024-01-30,2025-01-24,Online,Motor Comprehensive
POL209033,CUST101845,Life,23400.0,1196000.0,12,2022-06-01,2023-05-27,Bancassurance,Endowment Plan
POL209034,CUST100442,Health,27700.0,1613000.0,36,2021-11-29,2024-11-13,Direct,Individual Health
POL209035,CUST104217,Health,12700.0,339000.0,6,2023-08-20,2024-02-16,Agent,Family Floater
POL209036,CUST103321,Life,23200.0,1365000.0,12,2022-04-15,2023-04-10,Online,ULIP
POL209037,CUST101160,Motor,6700.0,192000.0,24,2022-02-10,2024-01-31,Agent,Motor Comprehensive
POL209038,CUST100968,Health,22500.0,1276000.0,12,2022-04-25,2023-04-20,Bancassurance,Family Floater
POL209039,CUST103455,Motor,16300.0,793000.0,12,2022-12-11,2023-12-06,Bancassurance,Motor Third-Party
POL209040,CUST102809,Motor,6900.0,231000.0,6,2021-08-23,2022-02-19,Broker,Motor Comprehensive
POL209041,CUST103745,Health,37700.0,2217000.0,12,2021-12-05,2022-11-30,Agent,Family Floater
POL209042,CUST101244,Health,23800.0,388000.0,24,2024-07-11,2026-07-01,Bancassurance,Critical Illness
POL209043,CUST104972,Health,55300.0,2782000.0,12,2024-07-29,2025-07-24,Agent,Critical Illness
POL209044,CUST100829,Motor,9000.0,408000.0,6,2022-06-19,2022-12-16,Agent,Motor Own-Damage
POL209045,CUST100891,Health,14200.0,271000.0,12,2021-04-07,2022-04-02,Agent,Individual Health
POL209046,CUST103674,Motor,24100.0,670000.0,24,2022-03-26,2024-03-15,Bancassurance,Motor Comprehensive
POL209047,CUST102824,Motor,3300.0,116000.0,12,2022-09-07,2023-09-02,Online,Motor Comprehensive
POL209048,CUST101941,Property,18800.0,487000.0,12,2022-11-25,2023-11-20,Direct,Home Shield
POL209049,CUST103681,Life,24300.0,1385000.0,12,2022-07-08,2023-07-03,Bancassurance,Term Life
POL209050,CUST102872,Health,8000.0,176000.0,12,2024-10-28,2025-10-23,Direct,Critical Illness
POL209051,CUST102014,Life,16700.0,671000.0,12,2024-03-09,2025-03-04,Agent,Term Life
POL209052,CUST101080,Health,10200.0,404000.0,12,2022-06-18,2023-06-13,Agent,Family Floater
POL209053,CUST103586,Motor,20100.0,785000.0,12,2024-12-10,2025-12-05,Bancassurance,Motor Comprehensive
POL209054,CUST102762,Health,22900.0,486000.0,12,2024-09-19,2025-09-14,Agent,Family Floater
POL209055,CUST104471,Property,16200.0,601000.0,12,2022-05-04,2023-04-29,Agent,Property All-Risk
POL209056,CUST102106,Life,26000.0,1467000.0,24,2024-09-23,2026-09-13,Broker,ULIP
POL209057,CUST101327,Property,6700.0,164000.0,60,2024-09-19,2029-08-24,Online,Home Shield
POL209058,CUST100256,Marine,26600.0,488000.0,60,2022-04-14,2027-03-19,Bancassurance,Marine Hull
POL209059,CUST101354,Motor,42300.0,2441000.0,24,2022-03-19,2024-03-08,Agent,Motor Comprehensive
POL209060,CUST103633,Marine,7500.0,424000.0,12,2023-05-17,2024-05-11,Agent,Marine Cargo
POL209061,CUST101434,Life,7200.0,289000.0,24,2024-04-09,2026-03-30,Agent,ULIP
POL209062,CUST102761,Health,35100.0,1927000.0,12,2023-07-27,2024-07-21,Agent,Individual Health
POL209063,CUST101074,Health,18500.0,1089000.0,12,2023-06-09,2024-06-03,Agent,Critical Illness
POL209064,CUST104636,Health,24700.0,563000.0,12,2022-02-22,2023-02-17,Agent,Individual Health
POL209065,CUST104509,Motor,10500.0,261000.0,12,2023-11-02,2024-10-27,Agent,Motor Third-Party
POL209066,CUST104039,Motor,12100.0,472000.0,12,2024-12-20,2025-12-15,Broker,Motor Comprehensive
POL209067,CUST103666,Health,31000.0,1447000.0,24,2024-04-07,2026-03-28,Online,Critical Illness
POL209068,CUST102855,Motor,13300.0,685000.0,6,2023-05-22,2023-11-18,Bancassurance,Motor Own-Damage
POL209069,CUST100041,Motor,11300.0,420000.0,6,2021-04-30,2021-10-27,Agent,Motor Comprehensive
POL209070,CUST100215,Motor,4300.0,69000.0,12,2023-11-10,2024-11-04,Broker,Motor Third-Party
POL209071,CUST102217,Travel,12000.0,219000.0,12,2023-03-29,2024-03-23,Bancassurance,Domestic Travel
POL209072,CUST103759,Motor,7300.0,384000.0,24,2023-10-06,2025-09-25,Bancassurance,Motor Third-Party
POL209073,CUST100650,Travel,8300.0,335000.0,12,2023-09-16,2024-09-10,Agent,Domestic Travel
POL209074,CUST102745,Health,9800.0,171000.0,12,2021-11-23,2022-11-18,Broker,Individual Health
POL209075,CUST104772,Motor,27500.0,1273000.0,24,2023-03-29,2025-03-18,Agent,Motor Third-Party
POL209076,CUST104175,Motor,4000.0,173000.0,12,2023-05-17,2024-05-11,Online,Motor Third-Party
POL209077,CUST102758,Motor,17200.0,587000.0,12,2023-01-23,2024-01-18,Agent,Motor Comprehensive
POL209078,CUST102888,Health,12500.0,671000.0,36,2024-06-15,2027-05-31,Agent,Family Floater
POL209079,CUST100312,Motor,19300.0,544000.0,12,2023-06-25,2024-06-19,Agent,Motor Comprehensive
POL209080,CUST100010,Property,21100.0,1035000.0,36,2024-01-18,2027-01-02,Online,Fire & Allied Perils
POL209081,CUST101579,Health,9700.0,290000.0,36,2023-09-07,2026-08-22,Online,Individual Health
POL209082,CUST104074,Health,28200.0,1130000.0,36,2022-10-31,2025-10-15,Online,Individual Health
POL209083,CUST100029,Health,43500.0,2602000.0,12,2023-08-31,2024-08-25,Agent,Family Floater
POL209084,CUST103996,Life,6900.0,294000.0,24,2023-03-04,2025-02-21,Online,ULIP
POL209085,CUST101287,Travel,23500.0,948000.0,12,2023-05-16,2024-05-10,Agent,Domestic Travel
POL209086,CUST100497,Health,14900.0,606000.0,12,2023-07-26,2024-07-20,Agent,Critical Illness
POL209087,CUST100479,Health,16400.0,759000.0,12,2023-04-19,2024-04-13,Direct,Critical Illness
POL209088,CUST103419,Travel,28700.0,1466000.0,12,2022-06-27,2023-06-22,Bancassurance,Domestic Travel
POL209089,CUST100224,Travel,23400.0,1188000.0,24,2023-09-29,2025-09-18,Online,Domestic Travel
POL209090,CUST102630,Property,13200.0,652000.0,12,2022-05-02,2023-04-27,Agent,Fire & Allied Perils
POL209091,CUST104674,Property,30800.0,931000.0,12,2023-03-31,2024-03-25,Agent,Property All-Risk
POL209092,CUST102949,Health,15200.0,393000.0,24,2022-10-19,2024-10-08,Broker,Individual Health
POL209093,CUST101671,Health,9700.0,321000.0,12,2023-03-09,2024-03-03,Agent,Individual Health
POL209094,CUST104446,Health,17900.0,687000.0,12,2024-12-28,2025-12-23,Bancassurance,Individual Health
POL209095,CUST100364,Life,33100.0,1706000.0,12,2023-06-10,2024-06-04,Broker,ULIP
POL209096,CUST101247,Property,5500.0,212000.0,24,2023-10-19,2025-10-08,Broker,Property All-Risk
POL209097,CUST100857,Health,22400.0,706000.0,12,2022-06-23,2023-06-18,Agent,Individual Health
POL209098,CUST100065,Health,3500.0,137000.0,12,2021-07-14,2022-07-09,Agent,Critical Illness
POL209099,CUST104772,Property,24700.0,452000.0,12,2024-10-28,2025-10-23,Agent,Fire & Allied Perils
POL209100,CUST101042,Motor,20300.0,796000.0,12,2021-07-02,2022-06-27,Online,Motor Comprehensive
POL209101,CUST100366,Life,37100.0,1421000.0,24,2023-07-24,2025-07-13,Online,Endowment Plan
POL209102,CUST104575,Property,6200.0,258000.0,12,2021-07-19,2022-07-14,Online,Property All-Risk
POL209103,CUST104810,Motor,18900.0,1019000.0,12,2023-11-20,2024-11-14,Agent,Motor Own-Damage
POL209104,CUST101057,Motor,9500.0,386000.0,24,2024-07-11,2026-07-01,Bancassurance,Motor Comprehensive
POL209105,CUST102009,Motor,12800.0,516000.0,6,2021-02-10,2021-08-09,Agent,Motor Third-Party
POL209106,CUST103372,Motor,40700.0,1856000.0,12,2021-07-31,2022-07-26,Broker,Motor Comprehensive
POL209107,CUST102136,Health,19500.0,1144000.0,36,2022-11-24,2025-11-08,Agent,Family Floater
POL209108,CUST103948,Life,22300.0,1063000.0,12,2022-10-21,2023-10-16,Agent,Term Life
POL209109,CUST101243,Health,12400.0,295000.0,12,2021-07-07,2022-07-02,Online,Critical Illness
POL209110,CUST104066,Life,15900.0,549000.0,12,2023-07-29,2024-07-23,Direct,Endowment Plan
POL209111,CUST102792,Motor,29100.0,613000.0,12,2022-01-23,2023-01-18,Bancassurance,Motor Own-Damage
POL209112,CUST100052,Property,37000.0,610000.0,6,2024-03-29,2024-09-25,Agent,Fire & Allied Perils
POL209113,CUST103103,Health,16100.0,835000.0,24,2022-03-06,2024-02-24,Online,Family Floater
POL209114,CUST100047,Life,32900.0,1020000.0,24,2022-04-17,2024-04-06,Broker,Endowment Plan
POL209115,CUST104230,Motor,15800.0,426000.0,12,2023-09-17,2024-09-11,Bancassurance,Motor Own-Damage
POL209116,CUST104945,Property,10000.0,368000.0,24,2021-12-04,2023-11-24,Broker,Fire & Allied Perils
POL209117,CUST100771,Health,18300.0,443000.0,12,2022-02-04,2023-01-30,Broker,Individual Health
POL209118,CUST102637,Travel,9300.0,159000.0,12,2021-05-31,2022-05-26,Agent,Domestic Travel
POL209119,CUST101683,Health,19100.0,861000.0,36,2021-11-07,2024-10-22,Agent,Critical Illness
POL209120,CUST100318,Property,6900.0,172000.0,12,2021-04-27,2022-04-22,Agent,Fire & Allied Perils
POL209121,CUST103388,Health,23900.0,387000.0,36,2021-06-26,2024-06-10,Agent,Critical Illness
POL209122,CUST100134,Motor,7200.0,347000.0,12,2021-08-10,2022-08-05,Bancassurance,Motor Comprehensive
POL209123,CUST100120,Life,10000.0,576000.0,36,2023-05-04,2026-04-18,Agent,Term Life
POL209124,CUST104053,Motor,11200.0,227000.0,12,2023-09-28,2024-09-22,Online,Motor Third-Party
POL209125,CUST101410,Property,7800.0,280000.0,12,2023-02-09,2024-02-04,Bancassurance,Home Shield
POL209126,CUST104524,Health,15600.0,380000.0,12,2021-04-12,2022-04-07,Broker,Individual Health
POL209127,CUST102971,Life,2000.0,34000.0,12,2024-12-23,2025-12-18,Online,Endowment Plan
POL209128,CUST102622,Health,14400.0,470000.0,6,2023-08-06,2024-02-02,Bancassurance,Family Floater
POL209129,CUST102046,Health,2000.0,102000.0,12,2024-06-07,2025-06-02,Agent,Individual Health
POL209130,CUST101858,Life,19500.0,564000.0,12,2024-06-07,2025-06-02,Bancassurance,Endowment Plan
POL209131,CUST101124,Life,6800.0,131000.0,6,2022-06-15,2022-12-12,Bancassurance,Endowment Plan
POL209132,CUST103511,Life,20500.0,864000.0,24,2023-01-27,2025-01-16,Online,ULIP
POL209133,CUST103030,Life,32200.0,1701000.0,12,2021-04-20,2022-04-15,Agent,Endowment Plan
POL209134,CUST100111,Life,11300.0,345000.0,12,2024-10-06,2025-10-01,Agent,Term Life
POL209135,CUST101617,Property,16700.0,588000.0,24,2024-12-08,2026-11-28,Online,Property All-Risk
POL209136,CUST104494,Health,5900.0,133000.0,36,2022-11-10,2025-10-25,Bancassurance,Critical Illness
POL209137,CUST102462,Motor,20600.0,1228000.0,12,2023-10-22,2024-10-16,Bancassurance,Motor Own-Damage
POL209138,CUST101280,Life,23400.0,1368000.0,12,2022-11-18,2023-11-13,Bancassurance,Term Life
POL209139,CUST101147,Health,5300.0,271000.0,12,2021-10-25,2022-10-20,Bancassurance,Individual Health
POL209140,CUST100954,Marine,23700.0,433000.0,12,2021-08-20,2022-08-15,Bancassurance,Marine Hull
POL209141,CUST104305,Travel,47700.0,1361000.0,12,2024-08-07,2025-08-02,Broker,International Travel
POL209142,CUST101553,Property,13100.0,312000.0,12,2023-07-15,2024-07-09,Agent,Home Shield
POL209143,CUST101488,Health,11600.0,235000.0,60,2021-10-28,2026-10-02,Agent,Family Floater
POL209144,CUST100318,Life,28400.0,964000.0,12,2024-01-16,2025-01-10,Agent,ULIP
POL209145,CUST104447,Health,11000.0,372000.0,12,2024-10-05,2025-09-30,Broker,Individual Health
POL209146,CUST101947,Motor,6200.0,361000.0,12,2021-10-22,2022-10-17,Agent,Motor Comprehensive
POL209147,CUST103524,Property,14700.0,701000.0,36,2022-01-16,2024-12-31,Agent,Home Shield
POL209148,CUST103573,Property,25200.0,467000.0,24,2023-06-15,2025-06-04,Broker,Property All-Risk
POL209149,CUST101750,Motor,15200.0,263000.0,24,2021-09-10,2023-08-31,Agent,Motor Own-Damage
POL209150,CUST102491,Property,13200.0,762000.0,12,2022-08-30,2023-08-25,Online,Home Shield
POL209151,CUST100506,Marine,21400.0,1095000.0,24,2023-07-28,2025-07-17,Bancassurance,Marine Hull
POL209152,CUST103339,Health,8900.0,149000.0,60,2024-12-04,2029-11-08,Agent,Critical Illness
POL209153,CUST103369,Motor,17200.0,922000.0,12,2024-08-14,2025-08-09,Broker,Motor Third-Party
POL209154,CUST101068,Property,3600.0,134000.0,24,2021-04-19,2023-04-09,Bancassurance,Home Shield
POL209155,CUST100977,Motor,20700.0,1004000.0,36,2023-05-05,2026-04-19,Online,Motor Own-Damage
POL209156,CUST101989,Motor,29600.0,1221000.0,12,2022-07-27,2023-07-22,Agent,Motor Comprehensive
POL209157,CUST103461,Health,36000.0,1646000.0,12,2021-12-14,2022-12-09,Online,Family Floater
POL209158,CUST102597,Property,26500.0,787000.0,24,2022-08-26,2024-08-15,Agent,Home Shield
POL209159,CUST100308,Property,23100.0,887000.0,12,2024-11-28,2025-11-23,Broker,Property All-Risk
POL209160,CUST102862,Life,15100.0,361000.0,12,2022-11-14,2023-11-09,Bancassurance,Term Life
POL209161,CUST103535,Property,24000.0,788000.0,12,2023-05-21,2024-05-15,Direct,Property All-Risk
POL209162,CUST100931,Life,16300.0,313000.0,60,2022-03-18,2027-02-20,Bancassurance,Endowment Plan
POL209163,CUST102223,Life,6800.0,304000.0,24,2024-09-18,2026-09-08,Bancassurance,Term Life
POL209164,CUST104038,Motor,30400.0,538000.0,12,2022-02-18,2023-02-13,Agent,Motor Third-Party
POL209165,CUST101623,Health,3600.0,102000.0,12,2021-12-04,2022-11-29,Agent,Family Floater
POL209166,CUST100451,Health,11800.0,231000.0,24,2022-05-30,2024-05-19,Online,Individual Health
POL209167,CUST104626,Motor,9600.0,432000.0,36,2022-02-06,2025-01-21,Agent,Motor Own-Damage
POL209168,CUST100491,Health,16500.0,595000.0,12,2021-08-24,2022-08-19,Direct,Individual Health
POL209169,CUST100307,Motor,26000.0,817000.0,24,2023-10-15,2025-10-04,Direct,Motor Comprehensive
POL209170,CUST101248,Motor,22600.0,821000.0,12,2021-07-09,2022-07-04,Agent,Motor Comprehensive
POL209171,CUST103757,Health,4700.0,105000.0,24,2021-09-07,2023-08-28,Broker,Critical Illness
POL209172,CUST103271,Motor,6900.0,380000.0,24,2024-07-26,2026-07-16,Broker,Motor Own-Damage
POL209173,CUST101176,Motor,23300.0,713000.0,24,2021-06-21,2023-06-11,Agent,Motor Third-Party
POL209174,CUST100385,Property,51000.0,2305000.0,12,2023-01-08,2024-01-03,Broker,Property All-Risk
POL209175,CUST104771,Property,10900.0,627000.0,60,2024-09-19,2029-08-24,Broker,Home Shield
POL209176,CUST100038,Life,6400.0,132000.0,12,2024-02-16,2025-02-10,Bancassurance,Term Life
POL209177,CUST104622,Motor,12500.0,568000.0,36,2024-06-29,2027-06-14,Online,Motor Third-Party
POL209178,CUST102360,Life,5800.0,89000.0,12,2022-05-16,2023-05-11,Agent,ULIP
POL209179,CUST100971,Life,14200.0,819000.0,12,2024-12-08,2025-12-03,Online,ULIP
POL209180,CUST101733,Motor,16700.0,505000.0,6,2024-09-18,2025-03-17,Online,Motor Comprehensive
POL209181,CUST101552,Motor,29300.0,823000.0,12,2022-07-28,2023-07-23,Agent,Motor Third-Party
POL209182,CUST100783,Health,21500.0,620000.0,12,2024-03-31,2025-03-26,Broker,Individual Health
POL209183,CUST102159,Health,25400.0,1513000.0,24,2021-04-12,2023-04-02,Broker,Critical Illness
POL209184,CUST103279,Motor,14200.0,402000.0,24,2024-11-05,2026-10-26,Broker,Motor Own-Damage
POL209185,CUST102363,Motor,41200.0,2308000.0,12,2022-04-22,2023-04-17,Bancassurance,Motor Comprehensive
POL209186,CUST103207,Health,5800.0,322000.0,6,2024-01-30,2024-07-28,Agent,Critical Illness
POL209187,CUST104851,Health,14500.0,775000.0,24,2021-12-18,2023-12-08,Online,Family Floater
POL209188,CUST100609,Health,14200.0,314000.0,12,2023-11-13,2024-11-07,Online,Individual Health
POL209189,CUST103694,Travel,10000.0,447000.0,12,2024-02-23,2025-02-17,Broker,Domestic Travel
POL209190,CUST101149,Motor,32400.0,1040000.0,24,2023-05-16,2025-05-05,Broker,Motor Third-Party
POL209191,CUST100095,Property,2000.0,73000.0,12,2021-01-26,2022-01-21,Agent,Home Shield
POL209192,CUST101824,Health,7700.0,169000.0,12,2024-03-08,2025-03-03,Online,Individual Health
POL209193,CUST101967,Life,16700.0,985000.0,60,2024-10-06,2029-09-10,Bancassurance,ULIP
POL209194,CUST104950,Life,13000.0,350000.0,12,2022-04-05,2023-03-31,Broker,Endowment Plan
POL209195,CUST101721,Life,14800.0,794000.0,12,2024-11-27,2025-11-22,Bancassurance,ULIP
POL209196,CUST103842,Life,8200.0,145000.0,36,2021-04-10,2024-03-25,Agent,ULIP
POL209197,CUST104675,Life,11100.0,562000.0,12,2022-07-30,2023-07-25,Bancassurance,Term Life
POL209198,CUST101685,Life,28500.0,1449000.0,24,2022-06-09,2024-05-29,Agent,ULIP
POL209199,CUST100895,Motor,22500.0,602000.0,24,2023-07-15,2025-07-04,Agent,Motor Comprehensive
POL209200,CUST104827,Health,15400.0,624000.0,12,2024-02-03,2025-01-28,Broker,Family Floater
POL209201,CUST102290,Property,24700.0,701000.0,12,2024-04-21,2025-04-16,Online,Home Shield
POL209202,CUST102274,Health,27800.0,680000.0,24,2021-06-04,2023-05-25,Agent,Individual Health
POL209203,CUST103643,Motor,45400.0,1944000.0,12,2024-07-18,2025-07-13,Bancassurance,Motor Comprehensive
POL209204,CUST101901,Travel,23900.0,1139000.0,24,2024-07-25,2026-07-15,Agent,International Travel
POL209205,CUST102707,Travel,27100.0,1276000.0,36,2022-06-16,2025-05-31,Broker,International Travel
POL209206,CUST104721,Health,9400.0,496000.0,6,2023-02-23,2023-08-22,Online,Critical Illness
POL209207,CUST100243,Health,20400.0,963000.0,12,2023-05-10,2024-05-04,Agent,Critical Illness
POL209208,CUST103680,Motor,16200.0,522000.0,24,2024-03-13,2026-03-03,Agent,Motor Comprehensive
POL209209,CUST101984,Health,27600.0,1630000.0,12,2022-06-11,2023-06-06,Broker,Critical Illness
POL209210,CUST102739,Travel,26700.0,1549000.0,12,2023-01-13,2024-01-08,Broker,International Travel
POL209211,CUST104550,Motor,26200.0,926000.0,12,2023-10-08,2024-10-02,Direct,Motor Comprehensive
POL209212,CUST103003,Health,31400.0,1843000.0,60,2024-05-13,2029-04-17,Agent,Individual Health
POL209213,CUST102094,Marine,21600.0,1280000.0,24,2022-04-25,2024-04-14,Bancassurance,Marine Cargo
POL209214,CUST104864,Health,9900.0,480000.0,12,2024-12-23,2025-12-18,Agent,Family Floater
POL209215,CUST103026,Travel,22900.0,1176000.0,12,2024-05-29,2025-05-24,Broker,International Travel
POL209216,CUST100764,Health,27300.0,550000.0,6,2024-03-26,2024-09-22,Bancassurance,Family Floater
POL209217,CUST100444,Motor,27900.0,758000.0,24,2023-05-28,2025-05-17,Broker,Motor Comprehensive
POL209218,CUST101735,Travel,12000.0,246000.0,12,2024-07-04,2025-06-29,Bancassurance,International Travel
POL209219,CUST103590,Motor,3700.0,81000.0,12,2024-02-16,2025-02-10,Agent,Motor Comprehensive
POL209220,CUST102105,Life,34900.0,1744000.0,12,2024-04-16,2025-04-11,Bancassurance,ULIP
POL209221,CUST100843,Motor,11300.0,274000.0,36,2021-05-17,2024-05-01,Direct,Motor Comprehensive
POL209222,CUST104923,Life,14500.0,464000.0,12,2022-10-20,2023-10-15,Broker,Term Life
POL209223,CUST100990,Motor,12900.0,447000.0,24,2024-05-26,2026-05-16,Bancassurance,Motor Comprehensive
POL209224,CUST100420,Property,18000.0,325000.0,6,2022-06-01,2022-11-28,Agent,Home Shield
POL209225,CUST101906,Travel,13000.0,699000.0,12,2022-07-15,2023-07-10,Agent,International Travel
POL209226,CUST100558,Motor,17000.0,902000.0,24,2023-04-06,2025-03-26,Agent,Motor Comprehensive
POL209227,CUST102961,Health,9300.0,148000.0,36,2024-01-14,2026-12-29,Agent,Family Floater
POL209228,CUST102176,Life,32500.0,1354000.0,12,2021-10-27,2022-10-22,Bancassurance,Endowment Plan
POL209229,CUST104632,Travel,22100.0,927000.0,12,2023-08-06,2024-07-31,Online,Domestic Travel
POL209230,CUST100846,Health,16900.0,729000.0,24,2022-10-06,2024-09-25,Agent,Individual Health
POL209231,CUST101344,Travel,2700.0,72000.0,12,2024-10-19,2025-10-14,Direct,Domestic Travel
POL209232,CUST103424,Marine,8200.0,185000.0,12,2021-07-13,2022-07-08,Bancassurance,Marine Cargo
POL209233,CUST103489,Life,24600.0,465000.0,24,2021-03-25,2023-03-15,Online,Term Life
POL209234,CUST101803,Health,9000.0,427000.0,12,2022-03-15,2023-03-10,Bancassurance,Critical Illness
POL209235,CUST104608,Health,20900.0,777000.0,12,2024-10-19,2025-10-14,Online,Individual Health
POL209236,CUST104231,Life,13300.0,566000.0,24,2023-10-26,2025-10-15,Broker,Term Life
POL209237,CUST103058,Life,16900.0,678000.0,36,2022-09-10,2025-08-25,Broker,Endowment Plan
POL209238,CUST103743,Motor,13600.0,607000.0,24,2021-04-20,2023-04-10,Bancassurance,Motor Own-Damage
POL209239,CUST102678,Health,14300.0,668000.0,24,2023-06-02,2025-05-22,Broker,Critical Illness
POL209240,CUST102354,Property,24200.0,593000.0,12,2024-09-06,2025-09-01,Bancassurance,Property All-Risk
POL209241,CUST102728,Health,24700.0,1135000.0,36,2024-01-03,2026-12-18,Agent,Family Floater
POL209242,CUST104224,Health,17900.0,491000.0,24,2021-03-14,2023-03-04,Agent,Family Floater
POL209243,CUST100081,Health,25000.0,406000.0,36,2024-06-08,2027-05-24,Direct,Critical Illness
POL209244,CUST100504,Motor,6500.0,337000.0,36,2022-01-06,2024-12-21,Broker,Motor Own-Damage
POL209245,CUST102373,Motor,16000.0,781000.0,12,2024-03-02,2025-02-25,Broker,Motor Comprehensive
POL209246,CUST102905,Health,12200.0,596000.0,36,2024-10-30,2027-10-15,Online,Critical Illness
POL209247,CUST100898,Life,12000.0,383000.0,12,2022-05-08,2023-05-03,Online,Endowment Plan
POL209248,CUST103025,Property,11200.0,558000.0,24,2024-06-25,2026-06-15,Broker,Property All-Risk
POL209249,CUST100122,Motor,30300.0,850000.0,24,2023-06-23,2025-06-12,Bancassurance,Motor Comprehensive
POL209250,CUST101230,Health,8000.0,227000.0,36,2021-05-22,2024-05-06,Bancassurance,Individual Health
POL209251,CUST102299,Property,11200.0,352000.0,24,2022-07-12,2024-07-01,Broker,Fire & Allied Perils
POL209252,CUST100248,Motor,17900.0,851000.0,24,2024-06-27,2026-06-17,Agent,Motor Own-Damage
POL209253,CUST103168,Travel,11600.0,304000.0,60,2022-08-08,2027-07-13,Online,International Travel
POL209254,CUST102675,Life,11500.0,211000.0,36,2024-05-22,2027-05-07,Bancassurance,Endowment Plan
POL209255,CUST102826,Travel,12600.0,336000.0,24,2022-10-24,2024-10-13,Online,Domestic Travel
POL209256,CUST102568,Life,22400.0,799000.0,24,2022-12-04,2024-11-23,Direct,Term Life
POL209257,CUST103456,Travel,31300.0,919000.0,12,2024-11-24,2025-11-19,Online,Domestic Travel
POL209258,CUST103268,Life,24500.0,1161000.0,12,2024-06-23,2025-06-18,Bancassurance,ULIP
POL209259,CUST103300,Motor,43500.0,804000.0,60,2024-06-06,2029-05-11,Online,Motor Comprehensive
POL209260,CUST101064,Property,38700.0,1723000.0,12,2022-12-09,2023-12-04,Online,Property All-Risk
POL209261,CUST103436,Motor,4500.0,131000.0,36,2023-07-08,2026-06-22,Agent,Motor Comprehensive
POL209262,CUST100898,Health,30700.0,714000.0,24,2021-08-02,2023-07-23,Bancassurance,Family Floater
POL209263,CUST100107,Health,38000.0,969000.0,12,2024-07-14,2025-07-09,Agent,Critical Illness
POL209264,CUST104889,Property,21800.0,522000.0,36,2021-11-25,2024-11-09,Bancassurance,Fire & Allied Perils
POL209265,CUST100893,Life,14500.0,779000.0,12,2021-02-07,2022-02-02,Bancassurance,ULIP
POL209266,CUST100568,Property,9100.0,257000.0,12,2022-05-01,2023-04-26,Online,Property All-Risk
POL209267,CUST101515,Motor,23400.0,1207000.0,12,2022-04-29,2023-04-24,Agent,Motor Comprehensive
POL209268,CUST104997,Travel,6800.0,191000.0,12,2022-05-13,2023-05-08,Bancassurance,International Travel
POL209269,CUST104321,Property,17300.0,262000.0,24,2021-09-26,2023-09-16,Bancassurance,Home Shield
POL209270,CUST103599,Health,59300.0,908000.0,12,2023-12-17,2024-12-11,Agent,Individual Health
POL209271,CUST100940,Motor,5900.0,186000.0,60,2021-08-18,2026-07-23,Online,Motor Comprehensive
POL209272,CUST103146,Health,17600.0,941000.0,24,2021-11-10,2023-10-31,Online,Family Floater
POL209273,CUST104164,Motor,27900.0,1161000.0,12,2024-02-09,2025-02-03,Bancassurance,Motor Third-Party
POL209274,CUST101698,Life,19000.0,866000.0,36,2023-12-28,2026-12-12,Agent,Endowment Plan
POL209275,CUST101296,Motor,23600.0,794000.0,36,2024-11-20,2027-11-05,Online,Motor Own-Damage
POL209276,CUST104339,Health,6000.0,164000.0,12,2023-03-18,2024-03-12,Online,Individual Health
POL209277,CUST100657,Life,42600.0,1872000.0,60,2022-01-10,2026-12-15,Online,Endowment Plan
POL209278,CUST104550,Health,18600.0,764000.0,12,2023-05-20,2024-05-14,Broker,Critical Illness
POL209279,CUST102395,Marine,7000.0,116000.0,12,2021-05-23,2022-05-18,Broker,Marine Cargo
POL209280,CUST103609,Motor,27100.0,1081000.0,12,2023-11-04,2024-10-29,Broker,Motor Third-Party
POL209281,CUST101860,Health,42100.0,1826000.0,12,2022-09-07,2023-09-02,Online,Individual Health
POL209282,CUST103549,Marine,13600.0,429000.0,12,2024-02-26,2025-02-20,Online,Marine Hull
POL209283,CUST104624,Health,15500.0,471000.0,12,2022-02-22,2023-02-17,Online,Family Floater
POL209284,CUST102465,Health,30800.0,1553000.0,12,2022-07-16,2023-07-11,Broker,Family Floater
POL209285,CUST101060,Travel,26300.0,833000.0,12,2022-06-10,2023-06-05,Bancassurance,International Travel
POL209286,CUST100389,Health,10000.0,279000.0,24,2023-09-24,2025-09-13,Bancassurance,Critical Illness
POL209287,CUST104628,Property,3600.0,181000.0,12,2023-08-23,2024-08-17,Direct,Fire & Allied Perils
POL209288,CUST104995,Travel,42500.0,2521000.0,12,2021-03-07,2022-03-02,Direct,Domestic Travel
POL209289,CUST103255,Motor,12700.0,296000.0,12,2024-07-31,2025-07-26,Broker,Motor Comprehensive
POL209290,CUST100077,Property,7700.0,247000.0,12,2024-01-31,2025-01-25,Online,Fire & Allied Perils
POL209291,CUST104424,Life,10500.0,159000.0,12,2024-03-24,2025-03-19,Online,ULIP
POL209292,CUST102476,Travel,34800.0,1283000.0,12,2024-01-19,2025-01-13,Bancassurance,International Travel
POL209293,CUST101168,Life,2000.0,55000.0,12,2022-06-22,2023-06-17,Agent,Endowment Plan
POL209294,CUST101835,Property,30300.0,1580000.0,24,2024-11-19,2026-11-09,Agent,Property All-Risk
POL209295,CUST104709,Health,21900.0,1231000.0,12,2024-01-04,2024-12-29,Agent,Family Floater
POL209296,CUST103880,Life,14100.0,285000.0,24,2021-09-20,2023-09-10,Agent,Term Life
POL209297,CUST102984,Property,17800.0,959000.0,24,2022-02-16,2024-02-06,Bancassurance,Fire & Allied Perils
POL209298,CUST103678,Travel,25400.0,627000.0,12,2021-07-12,2022-07-07,Broker,International Travel
POL209299,CUST104238,Motor,13100.0,378000.0,12,2024-01-04,2024-12-29,Bancassurance,Motor Own-Damage
POL209300,CUST103140,Motor,10400.0,571000.0,12,2024-09-07,2025-09-02,Online,Motor Comprehensive
POL209301,CUST101568,Travel,24500.0,770000.0,12,2024-01-14,2025-01-08,Bancassurance,Domestic Travel
POL209302,CUST100373,Life,19000.0,299000.0,12,2022-05-02,2023-04-27,Agent,Term Life
POL209303,CUST100615,Motor,36100.0,626000.0,12,2024-07-11,2025-07-06,Bancassurance,Motor Own-Damage
POL209304,CUST101184,Health,34300.0,1036000.0,12,2023-06-05,2024-05-30,Bancassurance,Critical Illness
POL209305,CUST103842,Travel,14200.0,778000.0,24,2022-07-17,2024-07-06,Agent,International Travel
POL209306,CUST100470,Travel,16400.0,311000.0,24,2024-10-25,2026-10-15,Agent,Domestic Travel
POL209307,CUST100635,Health,33100.0,788000.0,12,2023-01-03,2023-12-29,Agent,Individual Health
POL209308,CUST104894,Property,28100.0,1645000.0,12,2023-09-14,2024-09-08,Online,Fire & Allied Perils
POL209309,CUST102001,Health,22400.0,751000.0,36,2023-04-27,2026-04-11,Broker,Critical Illness
POL209310,CUST100638,Health,31100.0,1688000.0,12,2022-01-22,2023-01-17,Broker,Critical Illness
POL209311,CUST104362,Life,6400.0,206000.0,12,2023-11-23,2024-11-17,Agent,ULIP
POL209312,CUST104835,Motor,22200.0,851000.0,24,2021-07-02,2023-06-22,Agent,Motor Comprehensive
POL209313,CUST102520,Health,9400.0,542000.0,60,2022-10-06,2027-09-10,Agent,Individual Health
POL209314,CUST100563,Motor,26900.0,1561000.0,24,2022-05-17,2024-05-06,Agent,Motor Own-Damage
POL209315,CUST103137,Motor,22000.0,494000.0,24,2024-06-02,2026-05-23,Online,Motor Third-Party
POL209316,CUST104311,Health,30300.0,1377000.0,36,2023-09-01,2026-08-16,Agent,Individual Health
POL209317,CUST104827,Travel,34800.0,1186000.0,12,2022-07-08,2023-07-03,Bancassurance,Domestic Travel
POL209318,CUST102873,Health,7300.0,159000.0,12,2024-10-18,2025-10-13,Bancassurance,Individual Health
POL209319,CUST104721,Life,22400.0,362000.0,12,2024-06-27,2025-06-22,Online,ULIP
POL209320,CUST104158,Motor,11900.0,450000.0,24,2021-04-04,2023-03-25,Direct,Motor Third-Party
POL209321,CUST100806,Property,25400.0,488000.0,12,2023-06-25,2024-06-19,Broker,Property All-Risk
POL209322,CUST103170,Life,11600.0,664000.0,36,2022-09-25,2025-09-09,Bancassurance,Endowment Plan
POL209323,CUST103328,Travel,12200.0,320000.0,12,2021-03-20,2022-03-15,Broker,International Travel
POL209324,CUST103844,Health,18500.0,644000.0,12,2024-03-19,2025-03-14,Agent,Critical Illness
POL209325,CUST102656,Health,7100.0,339000.0,12,2022-04-04,2023-03-30,Online,Individual Health
POL209326,CUST103654,Motor,9500.0,360000.0,12,2024-06-30,2025-06-25,Agent,Motor Own-Damage
POL209327,CUST102921,Motor,23600.0,755000.0,12,2022-09-16,2023-09-11,Bancassurance,Motor Comprehensive
POL209328,CUST101300,Life,39500.0,1712000.0,6,2024-06-04,2024-12-01,Online,Endowment Plan
POL209329,CUST102420,Property,4600.0,110000.0,24,2023-09-04,2025-08-24,Broker,Home Shield
POL209330,CUST104675,Motor,11100.0,412000.0,12,2024-02-10,2025-02-04,Broker,Motor Own-Damage
POL209331,CUST104213,Life,21100.0,1231000.0,6,2023-06-15,2023-12-12,Direct,Term Life
POL209332,CUST103218,Life,5400.0,272000.0,24,2021-09-27,2023-09-17,Broker,Endowment Plan
POL209333,CUST101609,Health,14500.0,436000.0,12,2022-12-14,2023-12-09,Agent,Critical Illness
POL209334,CUST101010,Property,19800.0,1110000.0,24,2022-05-28,2024-05-17,Broker,Property All-Risk
POL209335,CUST101427,Life,16800.0,913000.0,24,2021-10-01,2023-09-21,Online,Endowment Plan
POL209336,CUST101530,Travel,12700.0,346000.0,12,2023-05-09,2024-05-03,Bancassurance,Domestic Travel
POL209337,CUST104808,Property,6400.0,365000.0,6,2023-08-30,2024-02-26,Agent,Fire & Allied Perils
POL209338,CUST102665,Marine,53700.0,1978000.0,24,2021-07-16,2023-07-06,Online,Marine Cargo
POL209339,CUST101954,Health,10800.0,615000.0,12,2024-08-25,2025-08-20,Bancassurance,Critical Illness
POL209340,CUST104409,Property,26400.0,1049000.0,12,2022-07-26,2023-07-21,Broker,Fire & Allied Perils
POL209341,CUST101844,Travel,23900.0,463000.0,24,2022-11-27,2024-11-16,Broker,International Travel
POL209342,CUST103983,Motor,14500.0,308000.0,24,2021-11-05,2023-10-26,Broker,Motor Third-Party
POL209343,CUST103207,Health,12800.0,479000.0,24,2021-10-26,2023-10-16,Bancassurance,Individual Health
POL209344,CUST101510,Property,6800.0,110000.0,24,2022-03-09,2024-02-27,Broker,Home Shield
POL209345,CUST104804,Health,28800.0,1428000.0,12,2021-09-11,2022-09-06,Online,Family Floater
POL209346,CUST103442,Health,30200.0,871000.0,24,2024-03-05,2026-02-23,Agent,Individual Health
POL209347,CUST104948,Life,15000.0,246000.0,12,2021-11-26,2022-11-21,Agent,ULIP
POL209348,CUST100008,Property,11300.0,499000.0,12,2023-09-28,2024-09-22,Agent,Property All-Risk
POL209349,CUST101404,Motor,8900.0,376000.0,12,2021-12-09,2022-12-04,Agent,Motor Comprehensive
POL209350,CUST101663,Health,15700.0,325000.0,12,2021-01-09,2022-01-04,Broker,Family Floater
POL209351,CUST103371,Health,9900.0,229000.0,12,2022-10-18,2023-10-13,Agent,Family Floater
POL209352,CUST104197,Motor,18500.0,896000.0,24,2024-09-27,2026-09-17,Broker,Motor Third-Party
POL209353,CUST100607,Motor,20100.0,438000.0,24,2021-07-25,2023-07-15,Agent,Motor Third-Party
POL209354,CUST100756,Life,20200.0,309000.0,12,2023-02-07,2024-02-02,Direct,Term Life
POL209355,CUST103374,Property,9100.0,546000.0,12,2023-01-05,2023-12-31,Bancassurance,Home Shield
POL209356,CUST101766,Travel,9700.0,272000.0,12,2023-08-14,2024-08-08,Agent,International Travel
POL209357,CUST103493,Travel,14800.0,815000.0,12,2022-09-28,2023-09-23,Agent,Domestic Travel
POL209358,CUST100005,Travel,28400.0,955000.0,12,2023-06-25,2024-06-19,Agent,Domestic Travel
POL209359,CUST102616,Motor,20100.0,1172000.0,12,2021-08-10,2022-08-05,Agent,Motor Third-Party
POL209360,CUST100115,Health,8600.0,295000.0,12,2021-04-15,2022-04-10,Online,Critical Illness
POL209361,CUST104756,Motor,20500.0,999000.0,12,2021-10-04,2022-09-29,Agent,Motor Own-Damage
POL209362,CUST100730,Life,2000.0,117000.0,12,2024-07-21,2025-07-16,Bancassurance,Term Life
POL209363,CUST100889,Travel,24900.0,690000.0,36,2022-05-19,2025-05-03,Broker,International Travel
POL209364,CUST100509,Motor,31000.0,506000.0,24,2023-09-26,2025-09-15,Online,Motor Own-Damage
POL209365,CUST101102,Health,12300.0,433000.0,12,2024-09-14,2025-09-09,Online,Family Floater
POL209366,CUST102448,Health,17400.0,857000.0,12,2022-01-11,2023-01-06,Agent,Family Floater
POL209367,CUST103087,Motor,9500.0,384000.0,12,2021-08-11,2022-08-06,Broker,Motor Comprehensive
POL209368,CUST104500,Property,7900.0,415000.0,36,2021-05-05,2024-04-19,Online,Property All-Risk
POL209369,CUST104389,Health,27800.0,751000.0,12,2023-10-22,2024-10-16,Agent,Family Floater
POL209370,CUST100423,Health,9800.0,177000.0,60,2024-12-21,2029-11-25,Broker,Family Floater
POL209371,CUST102138,Travel,17000.0,424000.0,60,2022-12-12,2027-11-16,Online,International Travel
POL209372,CUST104349,Motor,22600.0,572000.0,12,2024-09-28,2025-09-23,Agent,Motor Comprehensive
POL209373,CUST100827,Health,18500.0,557000.0,36,2023-01-06,2025-12-21,Online,Individual Health
POL209374,CUST103340,Property,6200.0,180000.0,12,2023-11-22,2024-11-16,Direct,Property All-Risk
POL209375,CUST102133,Health,15100.0,386000.0,12,2021-12-21,2022-12-16,Online,Critical Illness
POL209376,CUST100844,Life,24500.0,502000.0,36,2023-02-20,2026-02-04,Broker,Term Life
POL209377,CUST100308,Health,15200.0,585000.0,12,2021-07-12,2022-07-07,Broker,Family Floater
POL209378,CUST101448,Motor,15600.0,733000.0,24,2023-05-15,2025-05-04,Direct,Motor Third-Party
POL209379,CUST100004,Motor,26600.0,1486000.0,12,2022-01-12,2023-01-07,Agent,Motor Comprehensive
POL209380,CUST100970,Property,23300.0,639000.0,12,2022-12-21,2023-12-16,Bancassurance,Property All-Risk
POL209381,CUST102742,Motor,12400.0,555000.0,24,2022-03-08,2024-02-26,Bancassurance,Motor Own-Damage
POL209382,CUST103946,Travel,35200.0,1364000.0,12,2024-06-11,2025-06-06,Online,Domestic Travel
POL209383,CUST102526,Motor,10100.0,553000.0,60,2024-01-30,2029-01-03,Online,Motor Third-Party
POL209384,CUST103625,Marine,12000.0,555000.0,24,2023-12-17,2025-12-06,Bancassurance,Marine Cargo
POL209385,CUST100370,Travel,16900.0,393000.0,12,2023-11-02,2024-10-27,Broker,International Travel
POL209386,CUST101522,Motor,22600.0,610000.0,24,2021-04-12,2023-04-02,Broker,Motor Own-Damage
POL209387,CUST103293,Life,32300.0,1392000.0,6,2022-06-28,2022-12-25,Agent,ULIP
POL209388,CUST100271,Property,12300.0,600000.0,24,2022-04-24,2024-04-13,Bancassurance,Fire & Allied Perils
POL209389,CUST102919,Life,17200.0,319000.0,24,2021-08-11,2023-08-01,Agent,ULIP
POL209390,CUST100843,Marine,35200.0,1552000.0,12,2023-11-25,2024-11-19,Online,Marine Hull
POL209391,CUST102097,Motor,27700.0,628000.0,12,2023-09-22,2024-09-16,Broker,Motor Comprehensive
POL209392,CUST103149,Travel,20700.0,1189000.0,24,2024-12-10,2026-11-30,Online,International Travel
POL209393,CUST104932,Health,18500.0,1080000.0,24,2024-11-05,2026-10-26,Agent,Family Floater
POL209394,CUST100451,Health,5700.0,306000.0,12,2024-01-13,2025-01-07,Broker,Critical Illness
POL209395,CUST102752,Health,22400.0,1203000.0,12,2024-05-10,2025-05-05,Broker,Family Floater
POL209396,CUST102682,Health,12900.0,751000.0,12,2022-12-26,2023-12-21,Broker,Individual Health
POL209397,CUST100317,Health,29700.0,828000.0,24,2021-10-03,2023-09-23,Online,Family Floater
POL209398,CUST103064,Motor,18000.0,693000.0,12,2024-01-28,2025-01-22,Agent,Motor Comprehensive
POL209399,CUST100377,Property,7000.0,147000.0,12,2022-08-03,2023-07-29,Online,Fire & Allied Perils
POL209400,CUST103438,Health,8700.0,309000.0,12,2023-11-24,2024-11-18,Online,Critical Illness
POL209401,CUST101038,Health,46400.0,915000.0,36,2023-11-07,2026-10-22,Broker,Family Floater
POL209402,CUST100626,Marine,23200.0,1070000.0,12,2023-11-06,2024-10-31,Broker,Marine Hull
POL209403,CUST100358,Marine,12000.0,221000.0,12,2022-04-18,2023-04-13,Agent,Marine Hull
POL209404,CUST102298,Property,18600.0,998000.0,12,2024-10-14,2025-10-09,Online,Property All-Risk
POL209405,CUST101180,Motor,14800.0,789000.0,6,2024-08-18,2025-02-14,Bancassurance,Motor Comprehensive
POL209406,CUST102316,Marine,29400.0,1719000.0,24,2023-06-20,2025-06-09,Bancassurance,Marine Hull
POL209407,CUST104478,Motor,24600.0,399000.0,12,2024-11-30,2025-11-25,Broker,Motor Third-Party
POL209408,CUST104176,Health,58800.0,3048000.0,12,2023-01-26,2024-01-21,Agent,Family Floater
POL209409,CUST103752,Marine,20100.0,566000.0,24,2024-11-22,2026-11-12,Agent,Marine Hull
POL209410,CUST102343,Motor,7900.0,188000.0,60,2023-12-21,2028-11-24,Bancassurance,Motor Comprehensive
POL209411,CUST100561,Motor,4400.0,215000.0,12,2022-08-23,2023-08-18,Bancassurance,Motor Third-Party
POL209412,CUST102033,Health,3100.0,63000.0,12,2024-07-18,2025-07-13,Broker,Family Floater
POL209413,CUST100109,Health,27900.0,1518000.0,12,2024-10-10,2025-10-05,Online,Individual Health
POL209414,CUST100617,Health,17900.0,974000.0,12,2023-07-02,2024-06-26,Online,Individual Health
POL209415,CUST101508,Property,14800.0,592000.0,12,2022-03-06,2023-03-01,Online,Property All-Risk
POL209416,CUST103472,Marine,9200.0,313000.0,12,2021-01-29,2022-01-24,Agent,Marine Cargo
POL209417,CUST103941,Travel,16100.0,886000.0,12,2021-09-29,2022-09-24,Bancassurance,International Travel
POL209418,CUST103098,Motor,24500.0,1153000.0,24,2021-04-16,2023-04-06,Online,Motor Comprehensive
POL209419,CUST101289,Life,15000.0,247000.0,12,2024-05-26,2025-05-21,Broker,Term Life
POL209420,CUST103584,Property,30600.0,1026000.0,24,2024-04-29,2026-04-19,Agent,Fire & Allied Perils
POL209421,CUST104982,Motor,40500.0,1391000.0,24,2023-01-01,2024-12-21,Agent,Motor Comprehensive
POL209422,CUST103281,Health,18600.0,996000.0,12,2023-01-08,2024-01-03,Agent,Individual Health
POL209423,CUST103808,Motor,14100.0,772000.0,12,2024-01-09,2025-01-03,Broker,Motor Comprehensive
POL209424,CUST104376,Motor,13400.0,529000.0,6,2024-12-14,2025-06-12,Bancassurance,Motor Third-Party
POL209425,CUST103577,Motor,18100.0,363000.0,24,2023-05-13,2025-05-02,Broker,Motor Comprehensive
POL209426,CUST104386,Life,18500.0,785000.0,24,2021-11-14,2023-11-04,Online,Term Life
POL209427,CUST101480,Life,20100.0,718000.0,12,2023-01-12,2024-01-07,Broker,Endowment Plan
POL209428,CUST101538,Motor,5700.0,194000.0,12,2023-10-30,2024-10-24,Broker,Motor Comprehensive
POL209429,CUST100872,Life,19700.0,1168000.0,24,2023-10-21,2025-10-10,Agent,ULIP
POL209430,CUST100912,Motor,19400.0,1160000.0,12,2022-09-03,2023-08-29,Agent,Motor Third-Party
POL209431,CUST102764,Motor,24100.0,806000.0,24,2021-08-03,2023-07-24,Online,Motor Own-Damage
POL209432,CUST104632,Marine,26200.0,1495000.0,12,2021-01-29,2022-01-24,Agent,Marine Cargo
POL209433,CUST101108,Health,31800.0,827000.0,12,2023-09-09,2024-09-03,Online,Family Floater
POL209434,CUST103565,Property,20600.0,488000.0,12,2022-06-20,2023-06-15,Agent,Fire & Allied Perils
POL209435,CUST100388,Health,26300.0,1172000.0,12,2024-11-13,2025-11-08,Broker,Family Floater
POL209436,CUST104854,Motor,20700.0,777000.0,12,2021-10-11,2022-10-06,Bancassurance,Motor Third-Party
POL209437,CUST102629,Marine,31500.0,1530000.0,36,2022-12-29,2025-12-13,Online,Marine Hull
POL209438,CUST102484,Motor,16400.0,327000.0,12,2023-03-05,2024-02-28,Online,Motor Own-Damage
POL209439,CUST101799,Health,12200.0,448000.0,12,2021-02-01,2022-01-27,Broker,Individual Health
POL209440,CUST104811,Life,17600.0,804000.0,12,2024-06-21,2025-06-16,Broker,Term Life
POL209441,CUST102097,Life,35400.0,1329000.0,12,2022-03-23,2023-03-18,Online,Endowment Plan
POL209442,CUST100613,Marine,12700.0,354000.0,12,2024-12-19,2025-12-14,Agent,Marine Cargo
POL209443,CUST102819,Travel,35100.0,1318000.0,12,2021-11-26,2022-11-21,Agent,Domestic Travel
POL209444,CUST102951,Motor,21200.0,876000.0,24,2023-03-15,2025-03-04,Bancassurance,Motor Own-Damage
POL209445,CUST103730,Motor,27800.0,1105000.0,36,2024-03-28,2027-03-13,Bancassurance,Motor Own-Damage
POL209446,CUST102483,Life,22300.0,902000.0,24,2024-09-19,2026-09-09,Broker,Term Life
POL209447,CUST101399,Motor,18400.0,643000.0,12,2021-08-04,2022-07-30,Bancassurance,Motor Third-Party
POL209448,CUST100013,Health,5500.0,164000.0,24,2024-06-27,2026-06-17,Online,Individual Health
POL209449,CUST104932,Health,12100.0,220000.0,12,2023-07-31,2024-07-25,Agent,Individual Health
POL209450,CUST100964,Marine,55800.0,954000.0,12,2021-10-14,2022-10-09,Direct,Marine Hull
POL209451,CUST101754,Marine,6500.0,254000.0,12,2022-08-16,2023-08-11,Direct,Marine Hull
POL209452,CUST100767,Motor,30100.0,1615000.0,36,2021-02-09,2024-01-25,Online,Motor Comprehensive
POL209453,CUST101177,Motor,5100.0,257000.0,12,2024-11-10,2025-11-05,Broker,Motor Comprehensive
POL209454,CUST100304,Travel,38600.0,1510000.0,36,2024-06-09,2027-05-25,Broker,International Travel
POL209455,CUST101701,Motor,24600.0,1077000.0,24,2021-12-15,2023-12-05,Agent,Motor Third-Party
POL209456,CUST104740,Motor,10000.0,589000.0,24,2023-04-18,2025-04-07,Direct,Motor Third-Party
POL209457,CUST101118,Motor,10500.0,615000.0,12,2023-06-03,2024-05-28,Agent,Motor Own-Damage
POL209458,CUST104826,Health,17600.0,1052000.0,12,2024-02-09,2025-02-03,Agent,Critical Illness
POL209459,CUST103169,Motor,4800.0,76000.0,12,2022-11-01,2023-10-27,Direct,Motor Third-Party
POL209460,CUST104458,Health,31200.0,1361000.0,24,2023-07-31,2025-07-20,Agent,Critical Illness
POL209461,CUST103102,Motor,11400.0,553000.0,12,2023-04-17,2024-04-11,Online,Motor Third-Party
POL209462,CUST104944,Property,7100.0,139000.0,12,2021-11-28,2022-11-23,Broker,Property All-Risk
POL209463,CUST102758,Motor,28400.0,890000.0,12,2024-02-05,2025-01-30,Direct,Motor Third-Party
POL209464,CUST104153,Property,4100.0,92000.0,6,2022-10-22,2023-04-20,Broker,Home Shield
POL209465,CUST100185,Life,16500.0,533000.0,24,2021-12-23,2023-12-13,Broker,Term Life
POL209466,CUST104660,Health,8800.0,307000.0,24,2022-05-28,2024-05-17,Bancassurance,Individual Health
POL209467,CUST100091,Travel,21900.0,504000.0,12,2024-03-08,2025-03-03,Direct,International Travel
POL209468,CUST100988,Health,31500.0,1176000.0,12,2023-10-12,2024-10-06,Agent,Individual Health
POL209469,CUST103692,Motor,4600.0,108000.0,24,2024-10-21,2026-10-11,Agent,Motor Own-Damage
POL209470,CUST101284,Health,31700.0,1791000.0,12,2021-03-24,2022-03-19,Agent,Individual Health
POL209471,CUST100209,Motor,15200.0,344000.0,12,2022-10-11,2023-10-06,Online,Motor Own-Damage
POL209472,CUST104310,Motor,8100.0,308000.0,12,2022-10-15,2023-10-10,Agent,Motor Own-Damage
POL209473,CUST102563,Marine,7700.0,235000.0,24,2023-03-15,2025-03-04,Agent,Marine Hull
POL209474,CUST102397,Marine,15200.0,517000.0,6,2021-12-24,2022-06-22,Bancassurance,Marine Cargo
POL209475,CUST101580,Health,4100.0,133000.0,12,2023-06-08,2024-06-02,Bancassurance,Individual Health
POL209476,CUST103584,Health,14800.0,874000.0,24,2023-10-30,2025-10-19,Agent,Individual Health
POL209477,CUST101572,Health,16000.0,718000.0,24,2021-04-06,2023-03-27,Agent,Critical Illness
POL209478,CUST102809,Motor,22900.0,394000.0,12,2022-11-10,2023-11-05,Agent,Motor Third-Party
POL209479,CUST100651,Motor,30000.0,1577000.0,12,2024-07-10,2025-07-05,Agent,Motor Comprehensive
POL209480,CUST101528,Health,24100.0,953000.0,12,2023-10-20,2024-10-14,Bancassurance,Family Floater
POL209481,CUST100140,Health,35700.0,723000.0,24,2022-10-25,2024-10-14,Bancassurance,Family Floater
POL209482,CUST101424,Motor,8900.0,322000.0,24,2024-03-04,2026-02-22,Broker,Motor Third-Party
POL209483,CUST101904,Life,21200.0,445000.0,24,2024-05-19,2026-05-09,Bancassurance,ULIP
POL209484,CUST103740,Health,22200.0,890000.0,12,2024-01-27,2025-01-21,Bancassurance,Family Floater
POL209485,CUST104111,Health,35200.0,1115000.0,24,2024-12-27,2026-12-17,Agent,Critical Illness
POL209486,CUST102660,Travel,22000.0,396000.0,12,2024-09-10,2025-09-05,Agent,International Travel
POL209487,CUST104628,Property,10600.0,471000.0,12,2021-09-21,2022-09-16,Agent,Home Shield
POL209488,CUST101796,Life,16800.0,428000.0,12,2021-05-24,2022-05-19,Broker,Term Life
POL209489,CUST102470,Motor,21300.0,1054000.0,24,2021-10-27,2023-10-17,Bancassurance,Motor Comprehensive
POL209490,CUST103085,Life,6000.0,334000.0,24,2021-05-01,2023-04-21,Broker,ULIP
POL209491,CUST100884,Life,37800.0,980000.0,24,2023-06-13,2025-06-02,Online,Term Life
POL209492,CUST102099,Life,16900.0,486000.0,12,2021-12-06,2022-12-01,Agent,Term Life
POL209493,CUST104499,Life,47000.0,804000.0,12,2023-05-26,2024-05-20,Direct,Endowment Plan
POL209494,CUST102375,Motor,6700.0,246000.0,12,2022-10-26,2023-10-21,Agent,Motor Third-Party
POL209495,CUST104655,Health,9300.0,491000.0,24,2022-01-19,2024-01-09,Broker,Individual Health
POL209496,CUST103389,Marine,22700.0,453000.0,12,2022-12-30,2023-12-25,Bancassurance,Marine Hull
POL209497,CUST100849,Motor,13500.0,304000.0,12,2023-11-21,2024-11-15,Online,Motor Third-Party
POL209498,CUST102289,Life,29300.0,1421000.0,12,2024-08-01,2025-07-27,Broker,Endowment Plan
POL209499,CUST101831,Marine,17700.0,774000.0,6,2024-03-05,2024-09-01,Agent,Marine Hull
POL209500,CUST104749,Motor,17200.0,412000.0,12,2024-12-13,2025-12-08,Agent,Motor Third-Party
POL209501,CUST101679,Travel,16800.0,381000.0,12,2022-09-12,2023-09-07,Online,International Travel
POL209502,CUST102425,Marine,7300.0,133000.0,12,2022-05-10,2023-05-05,Online,Marine Hull
POL209503,CUST103451,Life,18000.0,284000.0,12,2023-12-04,2024-11-28,Agent,Term Life
POL209504,CUST104809,Life,8900.0,303000.0,60,2024-10-19,2029-09-23,Broker,Term Life
POL209505,CUST102731,Property,48100.0,955000.0,12,2021-06-26,2022-06-21,Online,Home Shield
POL209506,CUST104238,Motor,3500.0,99000.0,12,2022-01-07,2023-01-02,Online,Motor Own-Damage
POL209507,CUST100585,Life,19400.0,1054000.0,12,2021-03-08,2022-03-03,Bancassurance,Endowment Plan
POL209508,CUST104454,Health,20900.0,360000.0,12,2021-09-26,2022-09-21,Agent,Individual Health
POL209509,CUST101037,Property,22800.0,1159000.0,12,2022-06-16,2023-06-11,Agent,Property All-Risk
POL209510,CUST103816,Health,26300.0,846000.0,24,2023-10-07,2025-09-26,Online,Critical Illness
POL209511,CUST102670,Property,5200.0,174000.0,24,2023-07-17,2025-07-06,Direct,Property All-Risk
POL209512,CUST103022,Motor,21300.0,1252000.0,24,2022-07-07,2024-06-26,Online,Motor Own-Damage
POL209513,CUST100463,Motor,16200.0,657000.0,12,2022-06-01,2023-05-27,Bancassurance,Motor Own-Damage
POL209514,CUST102663,Property,14700.0,245000.0,12,2024-03-12,2025-03-07,Broker,Fire & Allied Perils
POL209515,CUST100432,Health,28300.0,1435000.0,12,2024-04-05,2025-03-31,Bancassurance,Critical Illness
POL209516,CUST102758,Health,33300.0,1330000.0,24,2024-08-16,2026-08-06,Online,Family Floater
POL209517,CUST102032,Life,6500.0,325000.0,24,2023-03-29,2025-03-18,Agent,ULIP
POL209518,CUST101007,Motor,16900.0,368000.0,12,2023-04-13,2024-04-07,Online,Motor Third-Party
POL209519,CUST102455,Health,25500.0,684000.0,24,2021-11-18,2023-11-08,Online,Family Floater
POL209520,CUST101071,Health,17900.0,1002000.0,24,2024-06-26,2026-06-16,Broker,Individual Health
POL209521,CUST100413,Marine,31900.0,1096000.0,24,2024-09-14,2026-09-04,Bancassurance,Marine Hull
POL209522,CUST100170,Motor,10400.0,395000.0,24,2022-04-06,2024-03-26,Bancassurance,Motor Comprehensive
POL209523,CUST101706,Health,30400.0,1336000.0,24,2022-02-25,2024-02-15,Agent,Family Floater
POL209524,CUST103727,Travel,13600.0,527000.0,12,2021-04-07,2022-04-02,Online,International Travel
POL209525,CUST102882,Property,8800.0,429000.0,24,2024-01-07,2025-12-27,Direct,Property All-Risk
POL209526,CUST100624,Life,18000.0,451000.0,12,2023-03-12,2024-03-06,Direct,ULIP
POL209527,CUST102219,Health,15300.0,863000.0,12,2022-04-30,2023-04-25,Bancassurance,Critical Illness
POL209528,CUST102910,Property,6000.0,104000.0,36,2024-11-09,2027-10-25,Bancassurance,Property All-Risk
POL209529,CUST101169,Travel,17000.0,637000.0,12,2021-10-26,2022-10-21,Agent,International Travel
POL209530,CUST100689,Marine,27600.0,1653000.0,12,2023-06-22,2024-06-16,Direct,Marine Cargo
POL209531,CUST101244,Life,34400.0,1536000.0,12,2021-06-04,2022-05-30,Agent,Endowment Plan
POL209532,CUST100332,Life,25400.0,932000.0,12,2023-11-29,2024-11-23,Online,ULIP
POL209533,CUST101211,Property,9900.0,573000.0,12,2021-02-03,2022-01-29,Online,Property All-Risk
POL209534,CUST102667,Property,20600.0,381000.0,36,2024-08-23,2027-08-08,Online,Fire & Allied Perils
POL209535,CUST104007,Life,5400.0,184000.0,12,2022-11-11,2023-11-06,Online,Endowment Plan
POL209536,CUST104365,Motor,23600.0,1314000.0,12,2024-02-11,2025-02-05,Bancassurance,Motor Comprehensive
POL209537,CUST103365,Life,22400.0,1022000.0,24,2021-09-13,2023-09-03,Bancassurance,ULIP
POL209538,CUST101780,Health,9800.0,309000.0,24,2023-05-30,2025-05-19,Online,Individual Health
POL209539,CUST104669,Motor,13300.0,785000.0,12,2021-06-10,2022-06-05,Direct,Motor Comprehensive
POL209540,CUST104596,Motor,19500.0,959000.0,12,2024-04-01,2025-03-27,Bancassurance,Motor Third-Party
POL209541,CUST101789,Motor,22300.0,1315000.0,24,2021-01-29,2023-01-19,Bancassurance,Motor Comprehensive
POL209542,CUST100051,Health,28300.0,1168000.0,12,2022-05-03,2023-04-28,Agent,Individual Health
POL209543,CUST102168,Motor,5300.0,81000.0,12,2024-10-28,2025-10-23,Online,Motor Third-Party
POL209544,CUST102328,Life,5000.0,294000.0,6,2023-05-01,2023-10-28,Broker,ULIP
POL209545,CUST103384,Travel,4600.0,240000.0,36,2022-08-02,2025-07-17,Bancassurance,International Travel
POL209546,CUST100733,Motor,19800.0,787000.0,24,2024-07-16,2026-07-06,Agent,Motor Comprehensive
POL209547,CUST102723,Motor,25000.0,556000.0,12,2021-07-10,2022-07-05,Bancassurance,Motor Comprehensive
POL209548,CUST101578,Motor,14000.0,765000.0,36,2022-09-05,2025-08-20,Bancassurance,Motor Third-Party
POL209549,CUST102477,Property,13100.0,572000.0,12,2024-01-15,2025-01-09,Agent,Property All-Risk
POL209550,CUST100118,Motor,8700.0,132000.0,6,2024-04-16,2024-10-13,Online,Motor Comprehensive
POL209551,CUST102641,Motor,26100.0,971000.0,12,2023-09-11,2024-09-05,Online,Motor Own-Damage
POL209552,CUST100176,Motor,18600.0,1101000.0,24,2023-12-02,2025-11-21,Agent,Motor Comprehensive
POL209553,CUST104266,Motor,21800.0,902000.0,12,2021-07-08,2022-07-03,Bancassurance,Motor Own-Damage
POL209554,CUST103564,Life,14800.0,695000.0,12,2022-04-29,2023-04-24,Online,Endowment Plan
POL209555,CUST104603,Life,13500.0,602000.0,12,2023-12-30,2024-12-24,Broker,Term Life
POL209556,CUST103272,Health,16300.0,625000.0,24,2023-08-05,2025-07-25,Agent,Critical Illness
POL209557,CUST104894,Health,15400.0,711000.0,12,2024-10-27,2025-10-22,Broker,Individual Health
POL209558,CUST101041,Life,33000.0,786000.0,12,2022-10-07,2023-10-02,Agent,Endowment Plan
POL209559,CUST100030,Travel,8100.0,245000.0,6,2024-11-13,2025-05-12,Bancassurance,International Travel
POL209560,CUST104505,Life,26400.0,1453000.0,12,2022-05-27,2023-05-22,Broker,Endowment Plan
POL209561,CUST103298,Property,11400.0,309000.0,12,2021-09-17,2022-09-12,Broker,Fire & Allied Perils
POL209562,CUST103439,Travel,13100.0,442000.0,36,2023-10-15,2026-09-29,Online,Domestic Travel
POL209563,CUST101450,Health,19800.0,389000.0,24,2024-06-26,2026-06-16,Agent,Family Floater
POL209564,CUST101680,Motor,24600.0,1399000.0,12,2021-08-16,2022-08-11,Agent,Motor Comprehensive
POL209565,CUST103394,Life,14900.0,404000.0,12,2024-07-29,2025-07-24,Agent,Endowment Plan
POL209566,CUST102038,Motor,7600.0,313000.0,6,2023-08-20,2024-02-16,Bancassurance,Motor Comprehensive
POL209567,CUST100380,Health,39700.0,1308000.0,12,2022-11-08,2023-11-03,Bancassurance,Critical Illness
POL209568,CUST101462,Life,5700.0,174000.0,12,2021-08-13,2022-08-08,Broker,Endowment Plan
POL209569,CUST101921,Health,7900.0,178000.0,12,2021-10-29,2022-10-24,Agent,Individual Health
POL209570,CUST104152,Health,35200.0,2106000.0,12,2022-12-15,2023-12-10,Broker,Critical Illness
POL209571,CUST101719,Health,30200.0,846000.0,12,2022-06-13,2023-06-08,Bancassurance,Individual Health
POL209572,CUST102469,Motor,36900.0,1212000.0,24,2024-01-15,2026-01-04,Broker,Motor Own-Damage
POL209573,CUST102989,Motor,11400.0,270000.0,12,2022-05-02,2023-04-27,Agent,Motor Own-Damage
POL209574,CUST100676,Health,9400.0,406000.0,12,2023-08-29,2024-08-23,Bancassurance,Family Floater
POL209575,CUST102910,Motor,27800.0,525000.0,12,2022-11-23,2023-11-18,Bancassurance,Motor Comprehensive
POL209576,CUST101008,Travel,7500.0,336000.0,36,2022-07-10,2025-06-24,Online,Domestic Travel
POL209577,CUST104390,Health,9600.0,361000.0,36,2024-04-25,2027-04-10,Online,Family Floater
POL209578,CUST101482,Marine,5900.0,260000.0,12,2022-10-20,2023-10-15,Broker,Marine Hull
POL209579,CUST101522,Travel,10900.0,166000.0,12,2022-11-08,2023-11-03,Agent,International Travel
POL209580,CUST102015,Health,8600.0,390000.0,12,2021-12-25,2022-12-20,Direct,Critical Illness
POL209581,CUST101802,Health,6800.0,116000.0,36,2023-08-09,2026-07-24,Agent,Critical Illness
POL209582,CUST102963,Marine,17200.0,968000.0,12,2022-08-28,2023-08-23,Bancassurance,Marine Cargo
POL209583,CUST103614,Motor,12700.0,644000.0,12,2021-01-30,2022-01-25,Agent,Motor Own-Damage
POL209584,CUST104820,Health,21400.0,440000.0,12,2024-08-13,2025-08-08,Bancassurance,Family Floater
POL209585,CUST104440,Motor,7800.0,312000.0,12,2022-11-03,2023-10-29,Online,Motor Third-Party
POL209586,CUST101309,Life,10700.0,621000.0,12,2024-05-15,2025-05-10,Bancassurance,ULIP
POL209587,CUST103019,Property,5200.0,135000.0,12,2021-03-08,2022-03-03,Broker,Property All-Risk
POL209588,CUST101642,Life,12400.0,227000.0,12,2021-05-23,2022-05-18,Online,Term Life
POL209589,CUST104027,Health,27800.0,946000.0,12,2022-07-03,2023-06-28,Bancassurance,Individual Health
POL209590,CUST100119,Health,24800.0,526000.0,12,2021-09-24,2022-09-19,Broker,Critical Illness
POL209591,CUST104974,Health,15200.0,760000.0,60,2021-02-15,2026-01-20,Broker,Individual Health
POL209592,CUST101862,Life,46900.0,2629000.0,60,2021-02-23,2026-01-28,Direct,Endowment Plan
POL209593,CUST103722,Marine,5400.0,190000.0,12,2023-09-14,2024-09-08,Bancassurance,Marine Cargo
POL209594,CUST103375,Motor,29900.0,1791000.0,24,2022-08-31,2024-08-20,Broker,Motor Third-Party
POL209595,CUST101835,Motor,8100.0,191000.0,24,2021-08-19,2023-08-09,Agent,Motor Third-Party
POL209596,CUST104815,Motor,15800.0,890000.0,36,2024-04-24,2027-04-09,Broker,Motor Comprehensive
POL209597,CUST101335,Life,22800.0,674000.0,24,2022-08-05,2024-07-25,Bancassurance,ULIP
POL209598,CUST103700,Marine,10000.0,556000.0,12,2023-04-25,2024-04-19,Agent,Marine Hull
POL209599,CUST104643,Health,11300.0,629000.0,60,2022-02-17,2027-01-22,Broker,Family Floater
POL209600,CUST100589,Health,30000.0,921000.0,12,2021-12-11,2022-12-06,Broker,Family Floater
POL209601,CUST104585,Travel,16900.0,269000.0,12,2024-11-17,2025-11-12,Online,International Travel
POL209602,CUST104450,Motor,5900.0,169000.0,12,2022-07-29,2023-07-24,Bancassurance,Motor Third-Party
POL209603,CUST101898,Property,13000.0,450000.0,60,2024-05-07,2029-04-11,Broker,Property All-Risk
POL209604,CUST104193,Travel,10400.0,616000.0,24,2021-05-17,2023-05-07,Agent,Domestic Travel
POL209605,CUST100031,Property,4900.0,226000.0,24,2021-12-29,2023-12-19,Broker,Property All-Risk
POL209606,CUST100945,Health,6000.0,261000.0,12,2022-07-15,2023-07-10,Online,Family Floater
POL209607,CUST103762,Life,19400.0,854000.0,24,2022-07-19,2024-07-08,Online,Term Life
POL209608,CUST104671,Motor,8800.0,289000.0,12,2022-07-01,2023-06-26,Online,Motor Own-Damage
POL209609,CUST100630,Motor,49100.0,2260000.0,12,2022-10-19,2023-10-14,Agent,Motor Third-Party
POL209610,CUST103570,Motor,20200.0,557000.0,36,2022-01-26,2025-01-10,Agent,Motor Comprehensive
POL209611,CUST100514,Motor,28000.0,1368000.0,12,2023-10-16,2024-10-10,Online,Motor Own-Damage
POL209612,CUST103914,Travel,4100.0,182000.0,36,2021-11-04,2024-10-19,Bancassurance,International Travel
POL209613,CUST104481,Life,20200.0,981000.0,6,2023-12-04,2024-06-01,Agent,Term Life
POL209614,CUST102295,Health,17500.0,382000.0,24,2021-11-12,2023-11-02,Online,Critical Illness
POL209615,CUST100503,Health,22100.0,881000.0,12,2023-04-13,2024-04-07,Bancassurance,Family Floater
POL209616,CUST101003,Life,2400.0,57000.0,12,2021-07-29,2022-07-24,Agent,Endowment Plan
POL209617,CUST102535,Motor,41500.0,1205000.0,12,2023-05-27,2024-05-21,Online,Motor Comprehensive
POL209618,CUST103995,Motor,15200.0,770000.0,6,2021-07-20,2022-01-16,Agent,Motor Third-Party
POL209619,CUST102597,Health,15200.0,513000.0,60,2022-04-25,2027-03-30,Broker,Family Floater
POL209620,CUST102387,Property,16800.0,290000.0,24,2024-11-30,2026-11-20,Agent,Home Shield
POL209621,CUST103001,Motor,9600.0,529000.0,36,2021-09-09,2024-08-24,Broker,Motor Comprehensive
POL209622,CUST104837,Property,37800.0,750000.0,12,2023-08-12,2024-08-06,Bancassurance,Property All-Risk
POL209623,CUST103947,Life,3500.0,131000.0,24,2024-12-03,2026-11-23,Online,ULIP
POL209624,CUST100766,Health,12100.0,440000.0,12,2023-07-26,2024-07-20,Online,Family Floater
POL209625,CUST100982,Motor,12400.0,409000.0,12,2022-10-13,2023-10-08,Bancassurance,Motor Comprehensive
POL209626,CUST101777,Health,9700.0,148000.0,36,2022-07-29,2025-07-13,Broker,Individual Health
POL209627,CUST101355,Health,14100.0,373000.0,12,2022-06-30,2023-06-25,Agent,Individual Health
POL209628,CUST103677,Motor,12100.0,266000.0,24,2021-09-02,2023-08-23,Direct,Motor Own-Damage
POL209629,CUST104961,Property,8500.0,190000.0,36,2022-09-03,2025-08-18,Broker,Property All-Risk
POL209630,CUST102861,Health,15700.0,325000.0,6,2022-12-14,2023-06-12,Broker,Critical Illness
POL209631,CUST104451,Motor,17700.0,922000.0,36,2022-09-24,2025-09-08,Direct,Motor Comprehensive
POL209632,CUST102166,Health,53000.0,1036000.0,12,2022-07-02,2023-06-27,Agent,Family Floater
POL209633,CUST103440,Motor,8400.0,252000.0,24,2024-11-17,2026-11-07,Direct,Motor Comprehensive
POL209634,CUST103508,Travel,20100.0,826000.0,24,2021-12-21,2023-12-11,Online,Domestic Travel
POL209635,CUST101468,Motor,19800.0,333000.0,24,2024-04-21,2026-04-11,Online,Motor Own-Damage
POL209636,CUST103666,Health,26800.0,1035000.0,60,2024-01-15,2028-12-19,Agent,Critical Illness
POL209637,CUST102676,Life,24500.0,879000.0,36,2024-01-02,2026-12-17,Agent,ULIP
POL209638,CUST102886,Motor,4300.0,231000.0,12,2021-12-08,2022-12-03,Agent,Motor Own-Damage
POL209639,CUST101260,Health,13700.0,277000.0,24,2024-10-23,2026-10-13,Agent,Individual Health
POL209640,CUST101595,Life,8000.0,141000.0,12,2023-11-17,2024-11-11,Bancassurance,Endowment Plan
POL209641,CUST104289,Marine,8900.0,192000.0,12,2021-01-01,2021-12-27,Broker,Marine Cargo
POL209642,CUST103093,Life,6000.0,219000.0,12,2021-07-04,2022-06-29,Online,Term Life
POL209643,CUST100651,Motor,13600.0,268000.0,12,2023-07-29,2024-07-23,Agent,Motor Own-Damage
POL209644,CUST102726,Health,20600.0,880000.0,12,2022-12-29,2023-12-24,Broker,Individual Health
POL209645,CUST103092,Health,34900.0,1770000.0,6,2023-03-13,2023-09-09,Online,Critical Illness
POL209646,CUST103988,Health,16700.0,668000.0,12,2023-09-18,2024-09-12,Agent,Critical Illness
POL209647,CUST104264,Travel,9000.0,280000.0,60,2023-02-19,2028-01-24,Bancassurance,International Travel
POL209648,CUST103267,Motor,17900.0,628000.0,36,2023-10-02,2026-09-16,Agent,Motor Comprehensive
POL209649,CUST100062,Health,21700.0,562000.0,24,2021-08-11,2023-08-01,Bancassurance,Individual Health
POL209650,CUST102483,Health,32000.0,1707000.0,60,2024-12-01,2029-11-05,Agent,Critical Illness
POL209651,CUST101033,Motor,8100.0,239000.0,12,2022-11-14,2023-11-09,Online,Motor Comprehensive
POL209652,CUST100093,Health,5900.0,316000.0,12,2022-10-23,2023-10-18,Online,Individual Health
POL209653,CUST104617,Motor,18700.0,1093000.0,12,2024-11-07,2025-11-02,Bancassurance,Motor Third-Party
POL209654,CUST100834,Property,15600.0,413000.0,6,2022-07-06,2023-01-02,Online,Property All-Risk
POL209655,CUST101228,Motor,12900.0,692000.0,12,2023-08-11,2024-08-05,Direct,Motor Comprehensive
POL209656,CUST101682,Health,15100.0,795000.0,12,2023-12-23,2024-12-17,Online,Family Floater
POL209657,CUST102327,Life,8200.0,349000.0,12,2023-03-28,2024-03-22,Agent,Endowment Plan
POL209658,CUST103006,Health,3900.0,205000.0,12,2021-04-04,2022-03-30,Direct,Family Floater
POL209659,CUST101551,Health,24100.0,823000.0,12,2021-12-08,2022-12-03,Agent,Individual Health
POL209660,CUST103961,Health,23300.0,982000.0,24,2022-12-20,2024-12-09,Bancassurance,Family Floater
POL209661,CUST100788,Property,6400.0,213000.0,60,2023-09-19,2028-08-23,Broker,Fire & Allied Perils
POL209662,CUST104799,Health,14600.0,875000.0,24,2024-06-25,2026-06-15,Bancassurance,Critical Illness
POL209663,CUST104279,Health,22600.0,880000.0,12,2021-08-10,2022-08-05,Broker,Critical Illness
POL209664,CUST102999,Life,20900.0,537000.0,12,2022-01-22,2023-01-17,Online,ULIP
POL209665,CUST100243,Health,9800.0,443000.0,36,2023-03-22,2026-03-06,Online,Individual Health
POL209666,CUST103644,Life,17600.0,864000.0,12,2023-01-04,2023-12-30,Bancassurance,Endowment Plan
POL209667,CUST103521,Motor,7500.0,403000.0,12,2021-05-17,2022-05-12,Direct,Motor Comprehensive
POL209668,CUST103107,Health,25500.0,397000.0,12,2021-08-25,2022-08-20,Bancassurance,Critical Illness
POL209669,CUST101400,Marine,13900.0,676000.0,12,2022-11-20,2023-11-15,Bancassurance,Marine Hull
POL209670,CUST102151,Life,18000.0,700000.0,6,2024-10-11,2025-04-09,Bancassurance,Endowment Plan
POL209671,CUST102075,Health,19900.0,949000.0,12,2021-04-22,2022-04-17,Agent,Family Floater
POL209672,CUST103048,Property,14000.0,542000.0,12,2024-05-24,2025-05-19,Agent,Property All-Risk
POL209673,CUST101655,Health,19900.0,594000.0,12,2024-04-17,2025-04-12,Agent,Family Floater
POL209674,CUST102003,Health,25900.0,429000.0,24,2024-01-24,2026-01-13,Online,Family Floater
POL209675,CUST104539,Motor,8200.0,241000.0,60,2021-08-15,2026-07-20,Agent,Motor Comprehensive
POL209676,CUST102268,Motor,29400.0,1309000.0,12,2021-08-03,2022-07-29,Online,Motor Comprehensive
POL209677,CUST102972,Motor,11600.0,179000.0,24,2022-05-23,2024-05-12,Broker,Motor Own-Damage
POL209678,CUST104555,Life,20500.0,1158000.0,12,2023-01-06,2024-01-01,Agent,Endowment Plan
POL209679,CUST104724,Health,13800.0,455000.0,12,2023-09-06,2024-08-31,Agent,Family Floater
POL209680,CUST102819,Travel,18600.0,332000.0,12,2021-11-09,2022-11-04,Broker,International Travel
POL209681,CUST101325,Motor,28100.0,1537000.0,12,2024-04-30,2025-04-25,Direct,Motor Third-Party
POL209682,CUST100502,Motor,15700.0,363000.0,12,2024-09-02,2025-08-28,Broker,Motor Own-Damage
POL209683,CUST104299,Life,19700.0,347000.0,60,2024-06-24,2029-05-29,Agent,Endowment Plan
POL209684,CUST102618,Motor,32800.0,608000.0,12,2024-09-19,2025-09-14,Bancassurance,Motor Comprehensive
POL209685,CUST102831,Health,11900.0,461000.0,24,2024-11-30,2026-11-20,Agent,Critical Illness
POL209686,CUST104766,Motor,9200.0,256000.0,24,2023-12-03,2025-11-22,Bancassurance,Motor Own-Damage
POL209687,CUST101856,Motor,27000.0,1428000.0,12,2021-05-10,2022-05-05,Bancassurance,Motor Own-Damage
POL209688,CUST100500,Health,14300.0,566000.0,24,2023-08-20,2025-08-09,Broker,Critical Illness
POL209689,CUST103367,Health,13100.0,360000.0,12,2023-10-20,2024-10-14,Broker,Critical Illness
POL209690,CUST104855,Motor,29600.0,1222000.0,24,2021-12-22,2023-12-12,Agent,Motor Own-Damage
POL209691,CUST100849,Motor,9900.0,569000.0,12,2021-01-23,2022-01-18,Direct,Motor Own-Damage
POL209692,CUST104938,Motor,20600.0,1108000.0,24,2021-04-17,2023-04-07,Broker,Motor Third-Party
POL209693,CUST102705,Motor,36000.0,761000.0,12,2024-02-25,2025-02-19,Broker,Motor Own-Damage
POL209694,CUST102803,Travel,7700.0,418000.0,60,2024-05-08,2029-04-12,Direct,Domestic Travel
POL209695,CUST104798,Life,36500.0,1149000.0,12,2021-04-09,2022-04-04,Agent,Term Life
POL209696,CUST101662,Motor,12500.0,404000.0,36,2021-12-14,2024-11-28,Bancassurance,Motor Comprehensive
POL209697,CUST103726,Health,13000.0,490000.0,12,2023-05-11,2024-05-05,Direct,Individual Health
POL209698,CUST100043,Motor,5700.0,283000.0,12,2022-01-26,2023-01-21,Online,Motor Third-Party
POL209699,CUST103356,Motor,18400.0,626000.0,24,2023-03-28,2025-03-17,Agent,Motor Third-Party
POL209700,CUST100077,Travel,8200.0,367000.0,36,2022-01-11,2024-12-26,Online,Domestic Travel
POL209701,CUST100020,Motor,21100.0,478000.0,12,2023-02-23,2024-02-18,Broker,Motor Third-Party
POL209702,CUST101940,Property,14900.0,421000.0,12,2022-05-24,2023-05-19,Bancassurance,Fire & Allied Perils
POL209703,CUST101863,Property,18200.0,1049000.0,12,2021-04-05,2022-03-31,Online,Home Shield
POL209704,CUST103915,Life,22900.0,776000.0,24,2022-04-19,2024-04-08,Bancassurance,Endowment Plan
POL209705,CUST104457,Health,41600.0,1984000.0,12,2023-10-27,2024-10-21,Broker,Individual Health
POL209706,CUST104711,Motor,15800.0,294000.0,24,2022-01-09,2023-12-30,Agent,Motor Third-Party
POL209707,CUST103116,Property,21300.0,349000.0,12,2022-02-09,2023-02-04,Bancassurance,Home Shield
POL209708,CUST100773,Property,19500.0,339000.0,6,2021-07-07,2022-01-03,Bancassurance,Property All-Risk
POL209709,CUST103353,Health,18100.0,843000.0,24,2021-07-01,2023-06-21,Online,Individual Health
POL209710,CUST102438,Motor,6500.0,114000.0,12,2024-02-08,2025-02-02,Agent,Motor Third-Party
POL209711,CUST102646,Motor,9500.0,400000.0,12,2021-01-19,2022-01-14,Agent,Motor Comprehensive
POL209712,CUST102508,Motor,6800.0,179000.0,36,2024-10-09,2027-09-24,Broker,Motor Third-Party
POL209713,CUST104414,Motor,34000.0,725000.0,12,2024-12-25,2025-12-20,Agent,Motor Third-Party
POL209714,CUST101901,Health,34400.0,1588000.0,12,2021-08-10,2022-08-05,Online,Family Floater
POL209715,CUST104821,Property,23000.0,908000.0,12,2023-12-27,2024-12-21,Online,Fire & Allied Perils
POL209716,CUST102699,Life,27100.0,1493000.0,6,2023-04-22,2023-10-19,Direct,Term Life
POL209717,CUST103439,Life,6900.0,329000.0,12,2024-06-12,2025-06-07,Direct,Endowment Plan
POL209718,CUST104625,Life,21300.0,629000.0,12,2022-10-04,2023-09-29,Agent,Term Life
POL209719,CUST104072,Life,10800.0,224000.0,12,2021-04-25,2022-04-20,Agent,Endowment Plan
POL209720,CUST102192,Health,8100.0,354000.0,24,2022-10-18,2024-10-07,Agent,Family Floater
POL209721,CUST101021,Property,27100.0,830000.0,6,2021-04-02,2021-09-29,Online,Fire & Allied Perils
POL209722,CUST100688,Health,21200.0,476000.0,24,2024-01-09,2025-12-29,Online,Individual Health
POL209723,CUST101818,Marine,7400.0,302000.0,12,2022-05-08,2023-05-03,Agent,Marine Hull
POL209724,CUST103327,Motor,32200.0,1442000.0,12,2024-01-06,2024-12-31,Bancassurance,Motor Third-Party
POL209725,CUST103992,Life,15000.0,418000.0,12,2023-11-17,2024-11-11,Online,Endowment Plan
POL209726,CUST100156,Health,23700.0,1125000.0,12,2021-04-02,2022-03-28,Agent,Critical Illness
POL209727,CUST102310,Health,11700.0,211000.0,12,2023-05-07,2024-05-01,Online,Family Floater
POL209728,CUST104700,Health,18500.0,885000.0,36,2024-07-26,2027-07-11,Agent,Family Floater
POL209729,CUST104110,Motor,24600.0,486000.0,12,2023-11-25,2024-11-19,Online,Motor Third-Party
POL209730,CUST104699,Life,7800.0,359000.0,24,2021-01-20,2023-01-10,Online,Term Life
POL209731,CUST104784,Health,37200.0,1287000.0,24,2022-11-23,2024-11-12,Online,Family Floater
POL209732,CUST100460,Health,23200.0,507000.0,12,2022-10-03,2023-09-28,Agent,Critical Illness
POL209733,CUST103405,Property,19600.0,313000.0,12,2021-03-07,2022-03-02,Agent,Property All-Risk
POL209734,CUST102754,Health,3100.0,164000.0,36,2021-05-17,2024-05-01,Direct,Family Floater
POL209735,CUST102386,Property,15900.0,868000.0,6,2023-08-31,2024-02-27,Agent,Fire & Allied Perils
POL209736,CUST103986,Motor,27400.0,867000.0,12,2023-08-31,2024-08-25,Agent,Motor Third-Party
POL209737,CUST104672,Motor,3700.0,165000.0,12,2023-02-25,2024-02-20,Agent,Motor Comprehensive
POL209738,CUST102322,Motor,34200.0,1851000.0,12,2022-08-31,2023-08-26,Online,Motor Own-Damage
POL209739,CUST103243,Marine,5600.0,107000.0,12,2021-12-19,2022-12-14,Direct,Marine Hull
POL209740,CUST102393,Property,18400.0,695000.0,36,2021-07-24,2024-07-08,Broker,Fire & Allied Perils
POL209741,CUST103178,Property,38300.0,1307000.0,12,2024-01-19,2025-01-13,Online,Home Shield
POL209742,CUST104851,Health,20100.0,496000.0,24,2022-05-09,2024-04-28,Bancassurance,Family Floater
POL209743,CUST104057,Motor,25400.0,668000.0,12,2023-10-06,2024-09-30,Agent,Motor Third-Party
POL209744,CUST101152,Health,27200.0,1532000.0,12,2022-01-15,2023-01-10,Bancassurance,Family Floater
POL209745,CUST104334,Health,21900.0,1013000.0,24,2022-10-14,2024-10-03,Agent,Individual Health
POL209746,CUST102631,Motor,9200.0,397000.0,24,2023-08-13,2025-08-02,Agent,Motor Own-Damage
POL209747,CUST102921,Life,13800.0,609000.0,36,2023-11-25,2026-11-09,Bancassurance,Endowment Plan
POL209748,CUST100574,Property,9300.0,312000.0,12,2023-09-05,2024-08-30,Broker,Property All-Risk
POL209749,CUST102224,Health,36200.0,1826000.0,12,2023-08-06,2024-07-31,Bancassurance,Family Floater
POL209750,CUST101512,Life,13900.0,675000.0,24,2023-03-14,2025-03-03,Agent,ULIP
POL209751,CUST100439,Health,28600.0,990000.0,12,2024-07-09,2025-07-04,Online,Critical Illness
POL209752,CUST104254,Motor,23600.0,510000.0,12,2024-02-12,2025-02-06,Online,Motor Comprehensive
POL209753,CUST100645,Motor,17900.0,347000.0,12,2021-01-20,2022-01-15,Agent,Motor Comprehensive
POL209754,CUST103582,Health,9000.0,457000.0,12,2021-02-02,2022-01-28,Bancassurance,Individual Health
POL209755,CUST103725,Life,10400.0,485000.0,12,2024-02-21,2025-02-15,Online,Endowment Plan
POL209756,CUST103060,Health,11300.0,398000.0,12,2023-08-16,2024-08-10,Agent,Critical Illness
POL209757,CUST104201,Motor,7100.0,150000.0,12,2021-08-21,2022-08-16,Online,Motor Own-Damage
POL209758,CUST100569,Motor,43800.0,2181000.0,12,2023-08-12,2024-08-06,Agent,Motor Comprehensive
POL209759,CUST100080,Life,22700.0,707000.0,36,2021-10-29,2024-10-13,Agent,Endowment Plan
POL209760,CUST104253,Health,17900.0,894000.0,24,2022-11-06,2024-10-26,Bancassurance,Critical Illness
POL209761,CUST100916,Life,4400.0,204000.0,12,2021-06-18,2022-06-13,Bancassurance,Term Life
POL209762,CUST101490,Motor,14500.0,824000.0,24,2024-05-08,2026-04-28,Online,Motor Own-Damage
POL209763,CUST103449,Life,15300.0,276000.0,12,2021-01-03,2021-12-29,Broker,ULIP
POL209764,CUST102674,Health,17100.0,752000.0,12,2021-04-19,2022-04-14,Online,Family Floater
POL209765,CUST101004,Motor,17300.0,876000.0,24,2024-11-20,2026-11-10,Agent,Motor Comprehensive
POL209766,CUST101167,Health,4000.0,112000.0,36,2024-01-16,2026-12-31,Agent,Family Floater
POL209767,CUST104180,Life,21900.0,1055000.0,12,2022-01-29,2023-01-24,Broker,Term Life
POL209768,CUST102603,Travel,6700.0,190000.0,60,2022-04-04,2027-03-09,Online,Domestic Travel
POL209769,CUST104612,Travel,12000.0,523000.0,12,2021-06-27,2022-06-22,Broker,Domestic Travel
POL209770,CUST102810,Health,21100.0,963000.0,12,2021-02-16,2022-02-11,Bancassurance,Individual Health
POL209771,CUST103317,Life,21300.0,1177000.0,6,2021-03-26,2021-09-22,Broker,ULIP
POL209772,CUST101702,Health,18200.0,1052000.0,12,2021-02-04,2022-01-30,Online,Individual Health
POL209773,CUST100149,Health,25800.0,1544000.0,12,2024-03-20,2025-03-15,Bancassurance,Family Floater
POL209774,CUST102529,Motor,13700.0,633000.0,60,2021-12-24,2026-11-28,Direct,Motor Own-Damage
POL209775,CUST103651,Life,16000.0,657000.0,24,2022-11-08,2024-10-28,Bancassurance,Endowment Plan
POL209776,CUST102030,Travel,26000.0,1189000.0,36,2023-05-07,2026-04-21,Online,Domestic Travel
POL209777,CUST104300,Motor,7100.0,345000.0,24,2023-09-29,2025-09-18,Online,Motor Third-Party
POL209778,CUST103487,Health,36600.0,1893000.0,24,2023-06-19,2025-06-08,Online,Family Floater
POL209779,CUST102531,Motor,24300.0,683000.0,6,2022-12-17,2023-06-15,Agent,Motor Own-Damage
POL209780,CUST102719,Health,11300.0,530000.0,36,2021-06-16,2024-05-31,Agent,Family Floater
POL209781,CUST101136,Health,26600.0,629000.0,24,2022-10-23,2024-10-12,Agent,Family Floater
POL209782,CUST104390,Health,7800.0,153000.0,12,2022-02-28,2023-02-23,Bancassurance,Individual Health
POL209783,CUST100297,Health,33600.0,1703000.0,24,2022-02-12,2024-02-02,Online,Family Floater
POL209784,CUST100248,Property,4600.0,189000.0,24,2021-05-31,2023-05-21,Bancassurance,Fire & Allied Perils
POL209785,CUST103920,Motor,6600.0,240000.0,12,2021-10-29,2022-10-24,Online,Motor Third-Party
POL209786,CUST100133,Life,9700.0,319000.0,12,2024-05-06,2025-05-01,Agent,ULIP
POL209787,CUST102546,Property,10300.0,273000.0,36,2023-03-28,2026-03-12,Bancassurance,Fire & Allied Perils
POL209788,CUST100942,Life,19300.0,799000.0,12,2024-05-30,2025-05-25,Online,Term Life
POL209789,CUST103405,Health,25500.0,480000.0,12,2024-02-19,2025-02-13,Online,Individual Health
POL209790,CUST100592,Travel,5300.0,246000.0,24,2021-10-26,2023-10-16,Online,International Travel
POL209791,CUST101323,Health,34800.0,1286000.0,12,2024-12-22,2025-12-17,Bancassurance,Family Floater
POL209792,CUST102629,Motor,21300.0,924000.0,24,2024-08-05,2026-07-26,Broker,Motor Comprehensive
POL209793,CUST101888,Motor,43400.0,713000.0,12,2023-10-01,2024-09-25,Broker,Motor Comprehensive
POL209794,CUST101000,Marine,15600.0,497000.0,60,2021-05-01,2026-04-05,Direct,Marine Hull
POL209795,CUST100311,Motor,36900.0,1217000.0,24,2024-01-01,2025-12-21,Agent,Motor Comprehensive
POL209796,CUST100080,Health,45500.0,1866000.0,24,2023-02-25,2025-02-14,Agent,Family Floater
POL209797,CUST100959,Life,10300.0,573000.0,12,2024-08-11,2025-08-06,Online,Term Life
POL209798,CUST101413,Health,9500.0,449000.0,12,2023-11-14,2024-11-08,Online,Individual Health
POL209799,CUST100599,Life,13300.0,682000.0,6,2021-01-17,2021-07-16,Agent,ULIP
POL209800,CUST102546,Health,12700.0,624000.0,24,2022-08-08,2024-07-28,Agent,Individual Health
POL209801,CUST104428,Life,18900.0,450000.0,24,2021-04-10,2023-03-31,Agent,Term Life
POL209802,CUST103571,Motor,12900.0,492000.0,12,2021-05-20,2022-05-15,Online,Motor Own-Damage
POL209803,CUST101535,Motor,26500.0,1274000.0,12,2021-01-14,2022-01-09,Bancassurance,Motor Third-Party
POL209804,CUST102191,Motor,22500.0,880000.0,12,2024-01-22,2025-01-16,Online,Motor Comprehensive
POL209805,CUST103847,Health,9800.0,566000.0,24,2021-12-16,2023-12-06,Agent,Family Floater
POL209806,CUST104813,Motor,15500.0,594000.0,24,2024-02-24,2026-02-13,Agent,Motor Third-Party
POL209807,CUST102756,Health,27500.0,1090000.0,12,2023-12-13,2024-12-07,Online,Family Floater
POL209808,CUST100997,Motor,20200.0,412000.0,24,2022-04-23,2024-04-12,Agent,Motor Third-Party
POL209809,CUST104337,Health,23400.0,434000.0,12,2023-08-10,2024-08-04,Direct,Individual Health
POL209810,CUST102570,Motor,9500.0,168000.0,12,2021-02-02,2022-01-28,Agent,Motor Third-Party
POL209811,CUST100148,Health,16600.0,361000.0,24,2021-10-20,2023-10-10,Broker,Family Floater
POL209812,CUST101265,Property,7400.0,335000.0,12,2024-09-05,2025-08-31,Bancassurance,Home Shield
POL209813,CUST102663,Health,17900.0,412000.0,6,2021-02-24,2021-08-23,Broker,Family Floater
POL209814,CUST104033,Life,14900.0,296000.0,24,2021-04-29,2023-04-19,Broker,Term Life
POL209815,CUST104260,Health,18600.0,792000.0,24,2023-07-31,2025-07-20,Broker,Family Floater
POL209816,CUST100938,Motor,9000.0,483000.0,24,2022-01-17,2024-01-07,Agent,Motor Own-Damage
POL209817,CUST103614,Health,21300.0,351000.0,12,2022-02-04,2023-01-30,Agent,Individual Health
POL209818,CUST104808,Health,27900.0,1054000.0,12,2022-09-28,2023-09-23,Online,Individual Health
POL209819,CUST103994,Life,3300.0,78000.0,12,2024-10-28,2025-10-23,Agent,Term Life
POL209820,CUST103583,Motor,6200.0,348000.0,36,2022-10-13,2025-09-27,Agent,Motor Comprehensive
POL209821,CUST103979,Travel,10200.0,345000.0,24,2022-07-17,2024-07-06,Agent,Domestic Travel
POL209822,CUST102784,Life,13200.0,582000.0,12,2023-02-02,2024-01-28,Online,Term Life
POL209823,CUST103032,Health,11400.0,394000.0,12,2023-04-01,2024-03-26,Broker,Individual Health
POL209824,CUST102661,Travel,7200.0,373000.0,12,2021-11-04,2022-10-30,Agent,International Travel
POL209825,CUST104778,Motor,18700.0,695000.0,12,2021-04-22,2022-04-17,Broker,Motor Own-Damage
POL209826,CUST101812,Property,18100.0,1042000.0,24,2022-07-21,2024-07-10,Online,Property All-Risk
POL209827,CUST103883,Motor,11400.0,355000.0,12,2023-02-07,2024-02-02,Agent,Motor Comprehensive
POL209828,CUST100105,Health,20400.0,968000.0,12,2024-09-23,2025-09-18,Online,Critical Illness
POL209829,CUST102093,Motor,14500.0,275000.0,12,2022-02-21,2023-02-16,Online,Motor Comprehensive
POL209830,CUST104575,Property,37800.0,843000.0,24,2024-07-17,2026-07-07,Broker,Property All-Risk
POL209831,CUST101216,Health,5500.0,214000.0,12,2022-08-30,2023-08-25,Online,Critical Illness
POL209832,CUST103974,Life,9300.0,248000.0,24,2021-05-13,2023-05-03,Bancassurance,Endowment Plan
POL209833,CUST102512,Marine,13700.0,242000.0,12,2021-02-21,2022-02-16,Agent,Marine Hull
POL209834,CUST100674,Motor,28600.0,748000.0,12,2024-02-15,2025-02-09,Online,Motor Third-Party
POL209835,CUST100532,Travel,24400.0,663000.0,36,2023-02-11,2026-01-26,Direct,International Travel
POL209836,CUST100610,Health,21300.0,917000.0,12,2023-03-16,2024-03-10,Online,Critical Illness
POL209837,CUST102327,Property,6500.0,146000.0,6,2024-02-17,2024-08-15,Online,Property All-Risk
POL209838,CUST101540,Health,10600.0,602000.0,12,2021-02-18,2022-02-13,Broker,Family Floater
POL209839,CUST104473,Property,14600.0,408000.0,12,2021-04-29,2022-04-24,Online,Property All-Risk
POL209840,CUST103815,Marine,26500.0,1547000.0,6,2024-02-26,2024-08-24,Direct,Marine Hull
POL209841,CUST100715,Health,15200.0,518000.0,24,2022-08-24,2024-08-13,Bancassurance,Individual Health
POL209842,CUST102515,Life,22400.0,1074000.0,12,2021-08-15,2022-08-10,Online,Term Life
POL209843,CUST103828,Travel,20600.0,938000.0,60,2023-12-06,2028-11-09,Online,International Travel
POL209844,CUST103271,Life,22500.0,622000.0,24,2021-12-22,2023-12-12,Agent,Endowment Plan
POL209845,CUST100046,Travel,10000.0,350000.0,36,2023-01-19,2026-01-03,Agent,International Travel
POL209846,CUST100030,Life,24700.0,625000.0,24,2021-04-21,2023-04-11,Bancassurance,ULIP
POL209847,CUST102918,Health,21700.0,1189000.0,12,2022-02-13,2023-02-08,Agent,Individual Health
POL209848,CUST104618,Property,36300.0,1992000.0,24,2024-01-24,2026-01-13,Agent,Property All-Risk
POL209849,CUST100252,Life,12500.0,390000.0,12,2021-02-07,2022-02-02,Agent,Endowment Plan
POL209850,CUST100828,Motor,17900.0,598000.0,24,2023-10-29,2025-10-18,Bancassurance,Motor Own-Damage
POL209851,CUST100943,Motor,7100.0,203000.0,12,2021-02-24,2022-02-19,Agent,Motor Comprehensive
POL209852,CUST101594,Motor,5400.0,154000.0,12,2024-05-05,2025-04-30,Direct,Motor Own-Damage
POL209853,CUST104451,Life,39300.0,744000.0,24,2024-06-24,2026-06-14,Bancassurance,ULIP
POL209854,CUST104735,Property,20100.0,880000.0,12,2023-01-10,2024-01-05,Broker,Fire & Allied Perils
POL209855,CUST101532,Property,5100.0,253000.0,60,2024-03-30,2029-03-04,Bancassurance,Property All-Risk
POL209856,CUST103664,Motor,21400.0,649000.0,12,2022-09-22,2023-09-17,Bancassurance,Motor Third-Party
POL209857,CUST100050,Motor,12500.0,470000.0,24,2023-09-12,2025-09-01,Online,Motor Own-Damage
POL209858,CUST102555,Motor,22200.0,355000.0,24,2023-03-16,2025-03-05,Broker,Motor Third-Party
POL209859,CUST103138,Life,25400.0,1101000.0,12,2023-03-03,2024-02-26,Agent,Term Life
POL209860,CUST104314,Property,19000.0,563000.0,24,2021-01-11,2023-01-01,Agent,Home Shield
POL209861,CUST104108,Property,13500.0,292000.0,60,2023-06-02,2028-05-06,Online,Property All-Risk
POL209862,CUST100306,Motor,16300.0,253000.0,60,2024-02-10,2029-01-14,Agent,Motor Third-Party
POL209863,CUST102065,Property,22800.0,780000.0,12,2024-11-13,2025-11-08,Direct,Property All-Risk
POL209864,CUST100381,Life,24600.0,1110000.0,12,2024-04-24,2025-04-19,Online,Term Life
POL209865,CUST100047,Marine,9800.0,253000.0,12,2022-07-12,2023-07-07,Bancassurance,Marine Hull
POL209866,CUST100775,Property,6200.0,140000.0,12,2021-03-28,2022-03-23,Agent,Property All-Risk
POL209867,CUST104665,Health,7500.0,319000.0,12,2021-03-07,2022-03-02,Online,Critical Illness
POL209868,CUST101322,Property,14000.0,584000.0,12,2024-08-21,2025-08-16,Bancassurance,Property All-Risk
POL209869,CUST103697,Health,24200.0,695000.0,6,2023-10-20,2024-04-17,Online,Individual Health
POL209870,CUST103545,Property,14400.0,767000.0,12,2022-08-24,2023-08-19,Agent,Home Shield
POL209871,CUST104337,Property,6900.0,289000.0,60,2021-04-26,2026-03-31,Agent,Home Shield
POL209872,CUST102662,Property,18700.0,967000.0,24,2021-12-12,2023-12-02,Agent,Fire & Allied Perils
POL209873,CUST104875,Motor,15400.0,871000.0,12,2021-10-28,2022-10-23,Bancassurance,Motor Own-Damage
POL209874,CUST102130,Property,25100.0,1139000.0,12,2021-02-26,2022-02-21,Agent,Property All-Risk
POL209875,CUST103937,Motor,8600.0,242000.0,12,2022-01-20,2023-01-15,Agent,Motor Third-Party
POL209876,CUST103912,Property,19700.0,896000.0,12,2024-12-03,2025-11-28,Broker,Property All-Risk
POL209877,CUST102717,Marine,18400.0,625000.0,12,2024-08-25,2025-08-20,Agent,Marine Cargo
POL209878,CUST101585,Motor,21900.0,507000.0,12,2023-08-28,2024-08-22,Bancassurance,Motor Comprehensive
POL209879,CUST100794,Life,27200.0,621000.0,12,2022-02-18,2023-02-13,Bancassurance,Term Life
POL209880,CUST100427,Life,3900.0,85000.0,24,2023-06-19,2025-06-08,Agent,Endowment Plan
POL209881,CUST102496,Property,10700.0,384000.0,12,2021-11-06,2022-11-01,Bancassurance,Home Shield
POL209882,CUST101983,Motor,14700.0,614000.0,12,2021-08-03,2022-07-29,Broker,Motor Comprehensive
POL209883,CUST101045,Marine,10600.0,624000.0,12,2021-12-19,2022-12-14,Online,Marine Cargo
POL209884,CUST103832,Travel,17500.0,793000.0,12,2024-03-18,2025-03-13,Online,International Travel
POL209885,CUST100812,Life,14800.0,377000.0,12,2024-04-14,2025-04-09,Direct,Term Life
POL209886,CUST102370,Health,7000.0,368000.0,12,2023-05-11,2024-05-05,Bancassurance,Critical Illness
POL209887,CUST102143,Life,22500.0,1334000.0,24,2024-07-09,2026-06-29,Online,Term Life
POL209888,CUST104885,Motor,8200.0,275000.0,12,2022-06-04,2023-05-30,Agent,Motor Comprehensive
POL209889,CUST100521,Life,17700.0,967000.0,24,2021-02-24,2023-02-14,Agent,ULIP
POL209890,CUST104280,Motor,7600.0,369000.0,12,2023-07-03,2024-06-27,Bancassurance,Motor Comprehensive
POL209891,CUST103422,Health,17600.0,514000.0,6,2023-12-21,2024-06-18,Online,Critical Illness
POL209892,CUST103954,Motor,14700.0,225000.0,12,2021-07-22,2022-07-17,Online,Motor Comprehensive
POL209893,CUST103889,Life,16000.0,743000.0,12,2021-06-16,2022-06-11,Bancassurance,Term Life
POL209894,CUST103865,Life,18300.0,1069000.0,24,2022-09-13,2024-09-02,Broker,Endowment Plan
POL209895,CUST102175,Life,25700.0,542000.0,36,2023-07-22,2026-07-06,Bancassurance,ULIP
POL209896,CUST102905,Motor,12000.0,674000.0,12,2021-08-18,2022-08-13,Bancassurance,Motor Comprehensive
POL209897,CUST101824,Health,6600.0,160000.0,24,2023-08-23,2025-08-12,Agent,Individual Health
POL209898,CUST104505,Health,13900.0,547000.0,12,2021-06-17,2022-06-12,Broker,Critical Illness
POL209899,CUST101128,Life,26100.0,1041000.0,24,2022-04-01,2024-03-21,Agent,Term Life
POL209900,CUST102949,Motor,2500.0,62000.0,12,2024-12-22,2025-12-17,Online,Motor Third-Party
POL209901,CUST101055,Life,6600.0,106000.0,24,2021-03-18,2023-03-08,Agent,ULIP
POL209902,CUST101862,Health,14400.0,329000.0,12,2022-02-22,2023-02-17,Bancassurance,Individual Health
POL209903,CUST104816,Marine,27500.0,896000.0,12,2022-03-27,2023-03-22,Agent,Marine Hull
POL209904,CUST100979,Health,11100.0,261000.0,24,2021-01-17,2023-01-07,Bancassurance,Critical Illness
POL209905,CUST104429,Motor,14000.0,633000.0,12,2023-08-25,2024-08-19,Bancassurance,Motor Third-Party
POL209906,CUST104065,Motor,10300.0,381000.0,12,2021-11-16,2022-11-11,Broker,Motor Own-Damage
POL209907,CUST101831,Motor,12200.0,377000.0,24,2022-06-28,2024-06-17,Direct,Motor Own-Damage
POL209908,CUST101855,Motor,23100.0,589000.0,12,2022-06-19,2023-06-14,Agent,Motor Comprehensive
POL209909,CUST100027,Property,25100.0,1125000.0,24,2024-04-16,2026-04-06,Agent,Home Shield
POL209910,CUST103954,Life,24000.0,1323000.0,36,2021-01-20,2024-01-05,Broker,ULIP
POL209911,CUST103330,Motor,21900.0,970000.0,12,2022-09-19,2023-09-14,Online,Motor Comprehensive
POL209912,CUST104915,Property,7800.0,261000.0,24,2023-07-06,2025-06-25,Online,Fire & Allied Perils
POL209913,CUST101457,Motor,36600.0,595000.0,12,2024-06-14,2025-06-09,Agent,Motor Comprehensive
POL209914,CUST101993,Property,34800.0,1760000.0,12,2023-02-02,2024-01-28,Agent,Home Shield
POL209915,CUST103433,Motor,14700.0,568000.0,24,2021-08-08,2023-07-29,Broker,Motor Own-Damage
POL209916,CUST101703,Health,26900.0,483000.0,12,2022-05-13,2023-05-08,Agent,Family Floater
POL209917,CUST101593,Life,3500.0,167000.0,36,2022-02-28,2025-02-12,Agent,Endowment Plan
POL209918,CUST100850,Motor,28500.0,723000.0,12,2024-07-20,2025-07-15,Agent,Motor Own-Damage
POL209919,CUST104940,Motor,17400.0,495000.0,12,2023-09-04,2024-08-29,Online,Motor Third-Party
POL209920,CUST102376,Property,8400.0,372000.0,12,2021-12-21,2022-12-16,Online,Home Shield
POL209921,CUST103847,Life,29200.0,686000.0,24,2023-09-30,2025-09-19,Online,Endowment Plan
POL209922,CUST103270,Marine,34400.0,1014000.0,12,2021-05-14,2022-05-09,Online,Marine Cargo
POL209923,CUST102997,Life,4100.0,190000.0,12,2024-02-10,2025-02-04,Online,Endowment Plan
POL209924,CUST101563,Motor,24000.0,700000.0,24,2021-06-01,2023-05-22,Broker,Motor Third-Party
POL209925,CUST101576,Life,29000.0,555000.0,12,2021-03-18,2022-03-13,Bancassurance,Endowment Plan
POL209926,CUST102428,Property,31700.0,618000.0,24,2024-03-02,2026-02-20,Agent,Property All-Risk
POL209927,CUST100676,Motor,3400.0,134000.0,24,2023-02-28,2025-02-17,Bancassurance,Motor Own-Damage
POL209928,CUST102685,Motor,5600.0,336000.0,60,2022-05-13,2027-04-17,Agent,Motor Own-Damage
POL209929,CUST100454,Life,6000.0,231000.0,12,2021-10-26,2022-10-21,Broker,Endowment Plan
POL209930,CUST101376,Property,22700.0,1339000.0,24,2024-08-10,2026-07-31,Bancassurance,Property All-Risk
POL209931,CUST103165,Health,35800.0,1997000.0,24,2023-08-31,2025-08-20,Broker,Family Floater
POL209932,CUST100117,Life,19900.0,1084000.0,12,2021-04-28,2022-04-23,Broker,Term Life
POL209933,CUST100224,Motor,11500.0,404000.0,60,2021-12-05,2026-11-09,Bancassurance,Motor Third-Party
POL209934,CUST101078,Health,33700.0,1363000.0,24,2023-02-28,2025-02-17,Agent,Critical Illness
POL209935,CUST103779,Life,34600.0,1508000.0,12,2023-07-08,2024-07-02,Online,Endowment Plan
POL209936,CUST104015,Motor,37700.0,580000.0,60,2022-03-01,2027-02-03,Online,Motor Third-Party
POL209937,CUST100004,Health,8300.0,141000.0,12,2021-04-27,2022-04-22,Online,Critical Illness
POL209938,CUST101390,Life,6700.0,390000.0,12,2024-10-06,2025-10-01,Bancassurance,ULIP
POL209939,CUST100283,Health,5000.0,174000.0,6,2024-07-17,2025-01-13,Agent,Family Floater
POL209940,CUST100069,Property,6600.0,347000.0,12,2022-11-28,2023-11-23,Online,Fire & Allied Perils
POL209941,CUST104710,Travel,3800.0,78000.0,12,2022-02-08,2023-02-03,Broker,International Travel
POL209942,CUST102124,Life,26700.0,710000.0,36,2022-02-02,2025-01-17,Broker,Endowment Plan
POL209943,CUST103976,Property,19600.0,340000.0,36,2021-10-10,2024-09-24,Online,Property All-Risk
POL209944,CUST103412,Marine,68100.0,3358000.0,24,2021-02-16,2023-02-06,Agent,Marine Hull
POL209945,CUST102247,Life,15500.0,413000.0,12,2024-12-29,2025-12-24,Agent,Term Life
POL209946,CUST103762,Property,16700.0,845000.0,24,2022-12-15,2024-12-04,Agent,Property All-Risk
POL209947,CUST101243,Motor,2200.0,110000.0,12,2021-12-01,2022-11-26,Online,Motor Third-Party
POL209948,CUST102069,Property,29500.0,579000.0,60,2021-08-15,2026-07-20,Online,Home Shield
POL209949,CUST101893,Motor,12200.0,340000.0,6,2022-12-20,2023-06-18,Bancassurance,Motor Third-Party
POL209950,CUST102859,Motor,8500.0,332000.0,6,2021-04-20,2021-10-17,Bancassurance,Motor Comprehensive
POL209951,CUST101052,Life,19000.0,975000.0,12,2024-04-27,2025-04-22,Online,ULIP
POL209952,CUST103727,Motor,14800.0,753000.0,24,2021-08-08,2023-07-29,Agent,Motor Third-Party
POL209953,CUST104209,Motor,18500.0,726000.0,24,2024-09-28,2026-09-18,Direct,Motor Comprehensive
POL209954,CUST104446,Life,37900.0,1754000.0,12,2023-02-03,2024-01-29,Agent,Term Life
POL209955,CUST104470,Motor,9900.0,567000.0,12,2022-10-02,2023-09-27,Direct,Motor Third-Party
POL209956,CUST103199,Marine,10100.0,338000.0,12,2021-12-27,2022-12-22,Agent,Marine Cargo
POL209957,CUST103989,Travel,25200.0,527000.0,12,2023-06-09,2024-06-03,Online,Domestic Travel
POL209958,CUST103454,Life,10300.0,218000.0,6,2022-09-10,2023-03-09,Broker,Term Life
POL209959,CUST104766,Motor,61400.0,1957000.0,24,2022-03-11,2024-02-29,Agent,Motor Third-Party
POL209960,CUST100493,Health,14300.0,289000.0,24,2023-02-04,2025-01-24,Online,Individual Health
POL209961,CUST100992,Motor,19500.0,1066000.0,12,2021-03-02,2022-02-25,Agent,Motor Own-Damage
POL209962,CUST102102,Life,29700.0,1168000.0,12,2021-03-13,2022-03-08,Agent,Endowment Plan
POL209963,CUST103104,Motor,17100.0,848000.0,12,2024-12-16,2025-12-11,Agent,Motor Own-Damage
POL209964,CUST104444,Health,14800.0,884000.0,24,2023-03-24,2025-03-13,Bancassurance,Family Floater
POL209965,CUST100473,Motor,27600.0,916000.0,36,2024-06-23,2027-06-08,Agent,Motor Comprehensive
POL209966,CUST100803,Travel,9600.0,491000.0,12,2022-10-19,2023-10-14,Broker,International Travel
POL209967,CUST104303,Motor,19100.0,918000.0,24,2024-07-21,2026-07-11,Direct,Motor Own-Damage
POL209968,CUST101549,Health,8300.0,219000.0,12,2023-03-23,2024-03-17,Agent,Individual Health
POL209969,CUST100084,Motor,26300.0,531000.0,12,2023-07-11,2024-07-05,Online,Motor Own-Damage
POL209970,CUST103389,Health,14100.0,218000.0,24,2023-10-19,2025-10-08,Online,Critical Illness
POL209971,CUST104388,Marine,19400.0,1013000.0,12,2021-12-19,2022-12-14,Agent,Marine Cargo
POL209972,CUST104510,Motor,31100.0,1838000.0,6,2023-11-04,2024-05-02,Agent,Motor Comprehensive
POL209973,CUST104271,Motor,8900.0,289000.0,24,2021-04-08,2023-03-29,Online,Motor Third-Party
POL209974,CUST100295,Motor,21400.0,835000.0,12,2023-10-13,2024-10-07,Agent,Motor Own-Damage
POL209975,CUST100674,Life,26500.0,631000.0,12,2022-12-21,2023-12-16,Agent,ULIP
POL209976,CUST104352,Life,24500.0,1224000.0,12,2021-04-21,2022-04-16,Agent,ULIP
POL209977,CUST103464,Property,14000.0,223000.0,36,2021-12-15,2024-11-29,Online,Home Shield
POL209978,CUST101101,Property,6000.0,126000.0,36,2024-08-13,2027-07-29,Agent,Fire & Allied Perils
POL209979,CUST101938,Motor,31800.0,1821000.0,36,2022-11-11,2025-10-26,Agent,Motor Own-Damage
POL209980,CUST104304,Marine,6000.0,172000.0,24,2024-03-28,2026-03-18,Agent,Marine Hull
POL209981,CUST104644,Property,5200.0,204000.0,12,2023-12-22,2024-12-16,Agent,Home Shield
POL209982,CUST104446,Life,15800.0,554000.0,24,2024-07-07,2026-06-27,Online,Term Life
POL209983,CUST102302,Health,10500.0,241000.0,24,2023-12-08,2025-11-27,Online,Critical Illness
POL209984,CUST103877,Life,20200.0,945000.0,60,2021-09-08,2026-08-13,Broker,Endowment Plan
POL209985,CUST100225,Life,25300.0,1408000.0,12,2023-06-12,2024-06-06,Bancassurance,Term Life
POL209986,CUST104619,Health,13900.0,563000.0,12,2023-05-07,2024-05-01,Bancassurance,Family Floater
POL209987,CUST101109,Motor,49200.0,1325000.0,12,2024-12-25,2025-12-20,Bancassurance,Motor Comprehensive
POL209988,CUST104805,Life,9200.0,490000.0,12,2024-09-23,2025-09-18,Agent,Endowment Plan
POL209989,CUST100081,Health,4600.0,130000.0,24,2023-04-06,2025-03-26,Direct,Individual Health
POL209990,CUST104625,Motor,15600.0,807000.0,36,2024-09-23,2027-09-08,Agent,Motor Own-Damage
POL209991,CUST102633,Marine,16500.0,884000.0,12,2024-10-06,2025-10-01,Online,Marine Cargo
POL209992,CUST102565,Motor,22300.0,1188000.0,12,2022-06-27,2023-06-22,Bancassurance,Motor Comprehensive
POL209993,CUST103382,Motor,12500.0,593000.0,24,2022-05-01,2024-04-20,Broker,Motor Third-Party
POL209994,CUST102318,Health,5900.0,343000.0,12,2024-05-30,2025-05-25,Agent,Individual Health
POL209995,CUST104754,Life,17000.0,939000.0,12,2023-08-13,2024-08-07,Online,Term Life
POL209996,CUST100526,Motor,20300.0,1157000.0,12,2022-11-07,2023-11-02,Bancassurance,Motor Own-Damage
POL209997,CUST103280,Life,17700.0,607000.0,12,2024-08-27,2025-08-22,Agent,ULIP
POL209998,CUST101080,Health,20600.0,534000.0,12,2021-05-01,2022-04-26,Bancassurance,Individual Health
POL209999,CUST100186,Motor,19000.0,1138000.0,6,2023-06-10,2023-12-07,Bancassurance,Motor Own-Damage
